feature	Campylobacter	Blastocystis	Methanosphaera	Methanobrevibacter	Bilophila	Desulfovibrio	Pseudomonas	Acinetobacter	Escherichia.Shigella	Klebsiella	Succinivibrio	Haemophilus	Comamonas	Sutterella	Methylophilus	Oxalobacter	Enhydrobacter	Akkermansia	Sphingomonas	Paracoccus	Pyramidobacter	Cloacibacillus	Peptococcus	Eubacterium	Turicibacter	Staphylococcus	Granulicatella	Enterococcus	Gemella	Weissella	Leuconostoc	Ligilactobacillus	Lactobacillus	Limosilactobacillus	Phascolarctobacterium	Acidaminococcus	Mitsuokella	Megamonas	Veillonella	Megasphaera	Allisonella	Dialister	Fusobacterium	Treponema	Victivallis	Thomasclavelia	Erysipelotrichaceae_UCG.003	Catenibacterium	Holdemanella	X.Clostridium._innocuum_group	Holdemania	Solobacterium	Anaeroplasma	Asteroleplasma	UCG.004	Zag_111	Corynebacterium	Lawsonella	Rothia	Kocuria	Schaalia	Scardovia	Bifidobacterium	Actinomyces	F0332	Denitrobacterium	Raoultibacter	Eggerthella	Senegalimassilia	Adlercreutzia	Slackia	Gordonibacter	Collinsella	Parolsenella	Lancefieldella	Olsenella	Tractidigestivibacter	Parvimonas	Peptoniphilus	Family_XIII_UCG.001	Mogibacterium	Family_XIII_AD3011_group	S5.A14a	X.Eubacterium._sulci_group	Anaerococcus	Clostridium	Christensenellaceae_R.7_group	Monoglobus	Defluviitaleaceae_UCG.011	Lachnospiraceae_UCG.010	NK4A214_group	Acutalibacter	DTU089	Ruminococcus	CAG.352	Candidatus_Soleaferrea	Elusimicrobium	Papillibacter	UCG.005	UCG.002	Fournierella	Gemmiger	Ruthenibacterium	Faecalibacterium	Colidextribacter	X.Eubacterium._siraeum_group	Intestinimonas	Flavonifractor	Oscillibacter	UCG.003	UCG.009	Paludicola	Angelakisella	Anaerotruncus	Agathobaculum	UCG.008	GCA.900066575	Coprococcus	X.Eubacterium._ruminantium_group	X.Eubacterium._eligens_group	Anaerobutyricum	Lachnospira	Lachnospiraceae_ND3007_group	Anaerostipes	X.Eubacterium._xylanophilum_group	Lachnospiraceae_UCG.008	Peptostreptococcus	Romboutsia	Terrisporobacter	Intestinibacter	Lactococcus	Streptococcus	X.Eubacterium._ventriosum_group	Prevotellaceae_NK3B31_group	Hoylesella	Leyella	Prevotella	Massiliprevotella	Segatella	Prevotellaceae_UCG.003	Paraprevotella	Lachnospiraceae_NK3A20_group	Howardella	Fusicatenibacter	Lachnoclostridium	Lachnospiraceae_UCG.004	X.Ruminococcus._gnavus_group	Eisenbergiella	X.Ruminococcus._gauvreauii_group	Faecalimonas	Roseburia	Butyribacter	Agathobacter	Faecalicatena	Tyzzerella	Mediterraneibacter	Lachnospiraceae_FCS020_group	Blautia	CAG.56	Porphyromonas	Rikenellaceae_RC9_gut_group	Alistipes	Butyricimonas	Odoribacter	Bacteroides	Parabacteroides	Barnesiella	Butyrivibrio	Lachnospiraceae_NK4A136_group	Enterocloster	Hungatella	Moryella	Lachnoanaerobaculum	Dorea	Oribacterium
ERR9830889	0	0	0	0	0	0	0	0.000205205745760881	0.00637217842099579	0	0	4.32012096338697e-05	0	0	9.72027216762069e-05	0	0	0	0	0	8.64024192677395e-05	0	0	0	0	0.000108003024084674	0	0	0	0.00870504374122475	4.32012096338697e-05	0.0215790042121179	0.00443892428988012	0.00100442812398747	0	0	0	0	2.16006048169349e-05	0	0	0.00867264283399935	0	0	0	0.000162004536127012	0	0	0	0	0	0	0	0.00252727076358138	0	0	0.000129603628901609	0	0	9.72027216762069e-05	0	0	0.260913705583756	4.32012096338697e-05	0	0	0	0.000280807862620153	0	0	0	0	0.0116859272059618	0	0	5.40015120423372e-05	0	0	0	0	0	0	0	0	0	0.000734420563775786	0	0.000356409979479425	0	0	0	0.000248406955394751	0	0	0	0	0	0	0	0.000550815422831839	0	0.000248406955394751	0	0.0223350253807107	0	0	0	0	0	0	0	0	0	0	0.000831623285451993	0	0	0	0	0.0215682039097095	0.000399611189113295	0.0212657954422724	0.000302408467437088	0.0118803326493142	0	0	0	0.00219246138891889	0	0	0	0.00216006048169349	0	0	0	0	0	5.40015120423372e-05	0.550016200453613	0	0	0	0	0.000874824495085862	0.00037801058429636	0.000907225402311265	0	0	0	0	0.0033156928393995	0	0.0180797062317745	0	0	0	0	0.00577816178853008	0	0	0	0	0	0	0.00534614969219138	0	0	0	0.000648018144508046	0.000594016632465709	0	0	0	0.00166324657090399	0
ERR9830890	0	0	2.34142686553186e-05	0	3.90237810921976e-05	0	0	1.5609512436879e-05	0.000187314149242548	0.000202923661679427	0	0	0	0.000280971223863823	0	0	0	0	0	0	0	0	0.000132680855713472	0	0	0	0	0.000249752198990065	0	0.000210728417897867	0	0.0148212320588166	0	0.000296580736300702	0	0	0.000952180258649621	0.000218533174116306	4.68285373106371e-05	0.00656379997970763	0	0.00213069844763399	0	2.34142686553186e-05	0	0	0	0.00355896883560842	0.000452675860669492	0	0	0	0	0	4.68285373106371e-05	0	1.5609512436879e-05	0	0	0	0	0	0.0773139150998619	0	0	3.12190248737581e-05	0	0	0.0022711840595659	0.000405847323358855	0	0	0.0016780225869645	0	0	0.00116290867654749	0	0	0	4.68285373106371e-05	9.36570746212742e-05	0	0	0	0	0.000405847323358855	0.00016389988058723	0	0	0.000124876099495032	0.000304385492519141	0	0	0.00222435552225526	0	0	0	0	0.000390237810921976	0.00163119404965386	0	0.00476090129324811	0	0.051620657628759	0.000171704636805669	7.02428059659557e-05	8.58523184028347e-05	8.58523184028347e-05	6.24380497475161e-05	0.000507309154198569	0	0	0	0	0	0.000202923661679427	0.00031999500495602	0.00145948941284819	0	0	0.000655599522348919	0.0051355295917332	0.000663404278567359	0.00049169964176169	0	0	0	0.00194338429839144	0	0	0	0.000195118905460988	0	0.00460480616887932	0	0.01445440851655	0	0	0.717936110265596	0.00101461830839714	0.00121754197007656	0	0.000171704636805669	0.000499504397980129	0.000741451840751754	0.00106144684570777	0	0	0.000226337930334746	0	0.0116290867654749	0	0.0393749951220274	0	0	0	0.000522918666635448	0.00467504897484527	0	0	0.000624380497475161	0	0	0.000210728417897867	0.00321555956199708	0.00229459832822122	0	0	0.00333263090527367	0.000733647084533315	0	0	0	0.00296580736300702	0.0013424180695716
ERR9830891	0	0	0	0	0.00039460020768432	0	0	0	0.0390861889927311	0.0101142263759086	0.00275527864312911	8.99965385946694e-05	0	0.00294219453097958	0	0	0	0	4.84596746278989e-05	0	0	0	0	0	0	0	0	0.000179993077189339	0	0.000913811007268951	2.07684319833853e-05	0.000221529941156109	3.46140533056421e-05	0	0	0	0.000533056420906888	0	0.000429214260989962	0.000401523018345448	0.000200761509172724	0.00515057113187954	0	0	0	0	0.000609207338179301	0.0158186223606784	0.0056282450674974	0	0	0	0	0	2.76912426445137e-05	0	6.23052959501558e-05	0	5.53824852890273e-05	0	0	4.84596746278989e-05	0.0522533748701973	0.000498442367601246	0	0	0	0	0.00488058151609553	0.0021183800623053	0	0.000221529941156109	0.00830044998269297	0	4.84596746278989e-05	0	0	0	0	0	0	0.00108688127379716	0	0	0	0.000138456213222568	0.00140533056420907	0	0.000269989615784008	0.00322602976808584	0.00296988577362409	0.000332294911734164	0	0.0108826583592939	0.00838352371062651	0	0	0	0.00557286258220838	0.0265282104534441	0.000803046036690896	0.0115126341294566	0	0.267095880927657	0.000443059882312219	0.000373831775700935	0.000380754586362063	0	8.99965385946694e-05	0.000816891658013153	9.69193492557979e-05	0	0	0	0.00151609553478712	0.000463828314295604	0.000449982692973347	0.0103634475597092	0.024582900657667	0.00151609553478712	0.00415368639667705	0.00936656282450675	0.00180685358255452	0.00174454828660436	0.000899965385946694	0.000976116303219107	0	0.000179993077189339	0	6.23052959501558e-05	0	0.0621253028729664	0.0011214953271028	0.00355832467982001	2.76912426445137e-05	0.00452751817237799	1.38456213222568e-05	0.00558670820353063	0.229131187262028	0	0.000477673935617861	0	0	0.00283142956040152	0.00359986154378678	0.0025822083766009	0	0	0.00220837660089997	0.000740740740740741	0.00878504672897196	0.00198684665974386	0.0456697819314642	0	0	0.0020214607130495	0.000886119764624438	0.0276150917272413	0.00259605399792316	0	0.000290758047767394	0.000332294911734164	0.000110764970578055	0	0.00414676358601592	0.000470751124956732	0	0	0.0180962270681897	0.00249221183800623	0	0	0	0.0113880235375562	0
ERR9830892	0	0	0.000272230059148167	5.77457701223385e-05	5.77457701223385e-05	0	0	0	0	0	0.00100642627927504	0	0	0.00257381146830995	0	0	0	0	0	0	0	0	0.000107242144512914	0	0	0	0	0	0	0.000181486706098778	0	0.00538685541284101	0	0.000346474620734031	0	0	0.000321726433538743	0	0	0.00546109997442687	5.77457701223385e-05	0.013867234225093	0	0	0	0	0	0.0067150081256548	0.00367923049636614	0	0	0	0	0.00666551175126422	4.12469786588132e-05	0.000503213139637522	0	0	0	0	0	0	0.061136271768093	4.94963743905759e-05	0	0	0	0	0.00137764908720436	0.000362973412197557	0.000577457701223385	0	0.00312652098233804	0.00292028608904398	3.29975829270506e-05	0	7.42445615858638e-05	0	0	0	0.000173237310367016	0.000148489123171728	0	0	0	0.000197985497562304	0.00178186947806073	0.000494963743905759	0.000148489123171728	0	0.000602205888418673	0.00015673851890349	0	0.0135042608128955	0.0032255137311192	0	0	0	0.00219433926464886	0.00471865435856824	0.00119616238110558	0.00897534255615776	0	0.188845167091511	8.24939573176265e-05	0	0.000181486706098778	3.29975829270506e-05	0	0.00158388398049843	3.29975829270506e-05	0	0	0	0.00233457899208883	0.00177362008232897	0.000255731267684642	0.00441342671649302	0.0062942889433349	0.00122091056830087	0.00337400285429092	0.00470215556710471	0.00203760074574537	0	0.000255731267684642	0.000461966160978708	0	0.0049908844177164	0	0	0	0.000907433530493891	0.000527961326832809	0	5.77457701223385e-05	0	0	0	0.481847204692256	0	0.00116316479817853	0	0.000338225225002269	0.010946948136049	0.000602205888418673	0.00195510678842775	0	0	0.00212834409879476	0	0.00660776598114188	0.00266455482135934	0.0579685038070961	0	0	0.000296978246343455	0.00128690573415497	0.0132402801494791	0.00084143836463979	0	0	0.000544460118296335	0	4.94963743905759e-05	0.0284109189001906	0.00182311645671955	6.59951658541012e-05	0	0.00480114831588586	0.000412469786588132	0	0	0	0.00315951856526509	0
ERR9830893	0	0.000203504344817762	0.00686827163759946	0.0121695598201022	0.000142453041372433	0	0	0	0.0118337776511529	0.000172978693095098	0.000142453041372433	5.08760862044405e-05	0	0.00502655731699872	0	0	0	0.0362746494637661	0	0	0	0	0.000814017379271047	2.03504344817762e-05	0.00327641995156597	0	0	0	0	0.0004273591241173	0	0.000325606951708419	0.000407008689635524	0	0.00173996214819186	0	0	0	0.00164838519302387	0	0	0.00390728342050103	0.00244205213781314	0	0	0	0	0.00488410427562629	0.0133295345855634	0	5.08760862044405e-05	0	0	0	3.05256517226643e-05	0	0	0	0	0	0.000223854779299538	0	0.00106839781029325	0	0	0	0	9.15769551679928e-05	0.00103787215857059	0.00154663302061499	0.000661389120657726	0	0.00461954862736319	0	0	0	0	0	0	0.000162803475854209	0	0.00276765908952156	5.08760862044405e-05	4.07008689635524e-05	0	0.0462667127943182	0.0705346059138363	0.00339852255845662	0.000356132603431083	0.000274730865503978	0.013095504589023	0.000844543030993712	0	0.00529111296526181	0.0955961659781436	0.000488410427562628	0	0.000284906082744867	0.0503469749079143	0.0640021164451861	0.00259468039642646	0.0151407232544415	0.000152628258613321	0.135798449296892	0.00118032519994302	0.0404057876635666	0.00168908606198742	0.00135330389303812	0.000732615641343943	0.00215714605506828	0.000254380431022202	0.000356132603431083	0.000579987382730621	6.10513034453286e-05	0	0.00706160076517634	0.000101752172408881	0.00866928508923666	0	0.00335782168949307	0.00274730865503978	0	0.00445674515150898	0.00910681943059484	0.00167891084474654	0.00105822259305236	0.000468059993080852	0.0118134272166711	0.0102260933270925	0.00268625735159446	0	0.00408026211359612	5.08760862044405e-05	0	0	0.0101955676753699	0	0.00735668206516209	0.0715826532896477	0	0.000579987382730621	0	0.00122102606890657	0.00451779645495431	0.00127190215511101	0.00274730865503978	0	0.000122102606890657	0.00396833472394636	0.000356132603431083	0.00191294084128696	0	0.00167891084474654	0	0	0.000997171289607033	0.00112944911373858	0.0289790187020493	0	0	0	0.000488410427562628	0.000518936079285293	0.000498585644803517	0.0345855634017786	0.00898471682370419	7.12265206862166e-05	0.00570829687213822	0.0620382995176947	0.000508760862044405	0	0.000620688251694174	0	0.00809947292374692	0
ERR9830894	0	0	0	0	0.000316315556399064	0	8.69867780097425e-05	0	0.000577275890428291	0	0	0	0	0.000869867780097425	0	0	0	0.0431691655595622	0	5.53552223698361e-05	0	0	0	0	0	0	7.90788890997659e-05	0	2.37236667299298e-05	0.000466565445688619	0	0.00325805023091036	0	0	0	0.000284684000759157	0	0.00814512557727589	5.53552223698361e-05	0.00461029923451635	0	0.00328177389764029	0.000363762889858923	0	0	0.000221420889479345	0.00431770734484722	0	0	3.9539444549883e-05	0	0	0	0	0	5.53552223698361e-05	0	0	8.69867780097425e-05	0	0.000569368001518315	0	0.0939536281394319	6.32631112798127e-05	0	0	0	0	0	0.000909407224647308	0	0	0.000450749667868666	0	0	0	0	0	0	0	0	0	0	0	0	0.000134434111469602	0	0	0	0.000229328778389321	0	5.53552223698361e-05	0	0	0	0	0	0	6.32631112798127e-05	0.00211931422787373	0	0.0150012652622256	0.000118618333649649	0.217411589801986	0	0	0	0.000260960334029228	0	0.000703802112987917	0	0	0	0	0.00379578667678876	0	0.000885683557917378	0.000616815334978174	0	0	0.00173973556019485	0.0180616182703865	0.0013838805592459	0	0	0	0	0	0	0	0	0.00154994622635541	0.000403302334408806	0	6.32631112798127e-05	0	0.000260960334029228	0	0.00131270955905611	0	0.00282311634086164	0	0	0.0055750616815335	0.00723571835262858	0.010810084139938	0	0	0.00179509078256469	0.000173973556019485	0.0144398051496173	0	0.00927595369140254	0	0.000419118112228759	0.0012494464477763	0	0.0179746314923768	0	0	0	0.00923641424685266	0	0.00204814322768394	0.475675333712912	0.000774973113177706	0.00071961789080787	0	0	0.00303662934143101	0.000158157778199532	0.000427026001138736	1.58157778199532e-05	0.00365344467640919	0
ERR9830895	0	0	0	0	0	0	6.11898809419745e-05	0	0.00089599468522177	0.00189688630920121	0.0572431336212172	0.000323432227836151	0	0.00736900994772636	0	0	0	0	0	0	0	0	0	0	0	4.80777635972657e-05	0.000148603996573367	0	2.1853528907848e-05	0.00284532946380181	3.05949404709873e-05	0.00155597125823878	7.86727040682529e-05	0	0	0	0.000257871641112607	0	2.1853528907848e-05	0.000144233290791797	0	0.00197118830748789	0	0.0824621059808738	0	0	0.000305949404709873	0.0103935383485725	0.00492141471004738	0	0	0.000572562457385619	8.74141156313922e-05	6.11898809419745e-05	0.000179198937044354	0	3.05949404709873e-05	0	4.37070578156961e-05	0	0	0	0.00458049965908495	4.80777635972657e-05	0	0	0	0	0.00315564957429326	0.00106208150492141	0.00078235633490096	0	0.00287155369849123	0.00107519362226612	0	0.00168709243168587	0	0	0	0	0.000209793877515341	9.61555271945314e-05	0	0	0	0.00492578541582895	6.11898809419745e-05	9.17848214129618e-05	7.86727040682529e-05	0	0.000319061522054581	0	0	0.00134617738072344	0.00159530761027291	0	0	0	0.000550708928477771	0.00205423171733772	0.000319061522054581	0.000747390688648403	0	0.0333921921711918	9.61555271945314e-05	6.55605867235441e-05	9.61555271945314e-05	0	0	0.000340915050962429	2.62242346894176e-05	0	0	0	0.000607528103638175	0.000340915050962429	0	0.00451056836657984	0.000520113988006783	0.007535096767426	0.000546338222696201	0.0264602528016224	0.000371509991433417	0.000380251402996556	0	0.000126750467665519	0	0.0117528278466407	0.000275354464238885	0.000957184566163744	0.000585674574730327	0.00278413958285984	0.000493889753317366	0.000756132100211542	0	0.00854472980296858	0	0.00123253903040263	0.592099512229235	0.000843546215842934	0	0.000240388817986328	0.00010926764453924	0.000253500935331037	0.00022290599486005	0.000498260459098935	0	0	0.000284095875802024	0	0.00809017640168534	0.00010926764453924	0.0782880819594748	0	0	0.00111452997430025	8.74141156313922e-05	0.00289340722739908	7.43019982866833e-05	0	0.00278851028864141	0	0	0	0.000410846343467543	3.49656462525569e-05	0	0.000965925977726883	0.00203674889421144	6.11898809419745e-05	0	0	0	0.0035664959177608	0.000498260459098935
ERR9830896	0	0	0	3.24171625720703e-05	0	0	5.09412554703962e-05	3.70481857966518e-05	0.00031490957927154	0.0010003010165096	0	0.000263968323801144	0	0.00288512746891426	0	0	0	0	0	0	0	0	0	0	0.00295922384050756	0	0	0	4.63102322458147e-05	0.00121795910806493	0	0.00619167805126543	0.000250075254127399	0	1.38930696737444e-05	0	0.000555722786949777	0	5.55722786949777e-05	0.00123185217773867	0	0.00451987866719152	0	0.000671498367564313	7.40963715933035e-05	0	0	0.018334220946118	0.00412624169310209	0	1.85240928983259e-05	0	0	0.00675666288466437	9.26204644916294e-05	3.70481857966518e-05	6.94653483687221e-05	0	5.55722786949777e-05	8.33584180424665e-05	0.000615926088869336	0	0.114094519184014	7.8727394817885e-05	0	0	0	0	0.00548776252112904	0.00150971357121356	0.000852108273322991	0	0.00596938893648552	0.00531178363859495	0	0	0.000861370319772154	0	0	0	0.000129668650288281	4.63102322458147e-05	0	4.16792090212332e-05	0	0.000935466691365457	0.000527936647602288	0	0	0	0.000162085812860352	0	0	0.000291754463148633	0.000606664042420173	0	0.00174126473244263	0	6.02033019195591e-05	0.00107902841132748	0	0.00270451756315558	0	0.0223261629657073	0	0	0	9.26204644916294e-06	0	0	0	0	0	0	6.02033019195591e-05	0	0	0.000717808599810128	0.000240813207678237	0.00209322249751083	0.000217658091555329	0.00677055595433811	0.000134299673512863	0	0	0.000166716836084933	0	0.0574293190080348	0	0.00031490957927154	0	0.00220436705490078	5.55722786949777e-05	0	2.77861393474888e-05	0.00118554194549286	0	0	0.693078935790863	0	2.77861393474888e-05	0	0.000361219811517355	0	0.000648343251441406	0.000361219811517355	0	0	0.000129668650288281	0	0.00118091092226828	0	0.00540440410308658	0	1.85240928983259e-05	0.000486257438581054	0	0.00167643040729849	0	0	0.00202838817236668	6.94653483687221e-05	0	3.70481857966518e-05	0.00059740199597101	0	0	0	0.000402899020538588	0.000421423113436914	0	0	0	0.00303332021210086	0.00102808715585709
ERR9830897	6.71225405881613e-05	0.000134245081176323	0.00278558543440869	0.00922095901329865	0.000813860804631455	0.00176196669043923	1.67806351470403e-05	0	0.00980828124344506	0.0101271133112388	0.0767462348449889	0.000444686831396568	0.00930486218903386	0.0107899483995469	0	0	2.51709527205605e-05	0	0	0	5.03419054411209e-05	0	0.000922934933087217	2.51709527205605e-05	0.00497545832109745	0	0	0.00307085623190838	0	0.000411125561102488	0	0.000654444770734572	8.39031757352016e-05	0.000369173973234887	7.55128581616814e-05	0	0.00203045685279188	0	0.000872593027646096	0.00319671099551118	0.000260099844779125	0.004371355455804	0.000813860804631455	0.000209757939338004	0.00131727985904266	0	0	0.00651927675462516	0.011436002852708	0	0	0.000125854763602802	0	0.0123505474682217	0	0.0200864202710073	0	0	0	0.000335612702940806	0	0	0.0172672735663045	0.000620883500440492	0	0	0	0	0.0032890044888199	0	0.000327222385367286	0	0.0101019423585183	0	2.51709527205605e-05	0.00778621470822671	0	0.00145991525779251	1.67806351470403e-05	0.000276880479926165	0.000419515878676008	0.00585644166631707	0	5.87322230146411e-05	0	0.027906196249528	0.0240969920711499	0.00213953098124764	0.000385954608381927	0.00183747954860091	0.00704786676175693	0.000604102865293451	0	0.0121072282585896	0.0102697487099887	0	0	0	0.0311532491504803	0.0392079540210597	0.000595712547719931	0.00338968829970214	0.000117464446029282	0.0601082350966984	0.000939715568234258	0.00983345219616562	0.000646054453161052	0.000780299534337375	0.000595712547719931	0.00274363384654109	0.00181230859588035	0	0	3.35612702940806e-05	0.000738347946469774	0.000318832067793766	0.000595712547719931	0.00255904685992365	0	0.000948105885807778	0.000671225405881613	0.00232411796786508	0.00128371858874858	0.00489994546293577	0.000285270797499685	0.00053698032470529	0.000763518899190334	0.0100851617233712	0.000813860804631455	0.00209757939338004	0.000478248101690649	0.00676259596425725	0	0	0.000293661115073206	0.0096153039392541	0.00194655367705668	0.0170323446742459	0.284012249863657	0	0.000562151277425851	0	0	0.00228216637999748	0.00109913160213114	0.00327222385367286	0	0	0.000495028736837689	0.000151025716323363	0.0232160087259303	0.000469857784117129	0.00391827830683391	0	0	0.000503419054411209	0.000310441750220246	0.0101438939463859	0.000142635398749843	0	0.000788689851910895	0.000864202710072576	6.71225405881613e-05	0.000243319209632085	0.017904937701892	0.00149347652808659	0.00318832067793766	0.0488400385954608	0.0285522507026891	0.000578931912572891	9.22934933087217e-05	0.000176196669043923	0	0.00911188488484289	0
ERR9830898	0	0	0	0	0	0	0	3.83972968303031e-05	0.000550361254567678	0	0.000147189637849495	5.11963957737375e-05	2.55981978868688e-05	0.000275180627283839	0	0	0	0.0032381720326889	0	0	0	0	2.55981978868688e-05	0	0	3.1997747358586e-05	0.000115191890490909	0	0	0.000236783330453536	0	0	0.00244462789819597	0	0	0	0	0.00561880443616769	0.000294379275698991	0	0	0.000601557650341416	0	0	0	0	0.0293163361299365	0.00821702152168487	0.0331880635603254	0	0.000102392791547475	3.1997747358586e-05	0	0	5.75959452454547e-05	0	0	0	0	0	8.95936926040407e-05	0	0.128598946634157	1.91986484151516e-05	0	0	2.55981978868688e-05	2.55981978868688e-05	0.00114551935543738	0	0.000563160353511113	0	0.00618836433915052	0	5.11963957737375e-05	0	0	0	0	5.11963957737375e-05	0	9.59932420757579e-05	0	0	1.91986484151516e-05	8.31941431323235e-05	0.0004095711661899	0.000607957199813133	0	0.000678352244002022	5.11963957737375e-05	0.000134390538906061	0	0.000211185132566667	0.0117495728300728	0	0	0	0.00153589187321213	0.00229743826034647	0.000505564408265658	0.00473566660907072	6.39954947171719e-05	0.296439930628884	0.000499164858793941	0	0	8.95936926040407e-05	0	0.000684751793473739	0	0	0	0	0.00171507925842021	0.00108792341019192	9.59932420757579e-05	0.00599637785499901	0	0.00246382654661112	0.00354535040733132	0.00103032746494647	0.00229103871087475	0.00618196478967881	0	0.000697550892417174	0	7.67945936606063e-05	0	0.000607957199813133	0	0.0311402077293759	8.31941431323235e-05	0	0	0	0	0	0.18749400042237	0	0.000652754046115154	0	0.000351975220944445	0.00579799182137578	0.00117751710279596	0.0048380594006182	0	0	0.00169588061000506	0.00024958242939697	0.0744843563013164	0	0.00276460537178183	0	0	0.00870338728153538	0.000550361254567678	0.0367654117150153	0.00330216752740607	0	0	0.00188146754468485	6.39954947171719e-05	0.000115191890490909	0.0499228854288658	0.00130550809223031	0.0016766819615899	0	0.00280940221808385	0.0008191423323798	0	0.000140790088377778	0	0.0131638732633223	0
ERR9830899	0	0	0.000136598337142909	0	0	0	0	0	5.46393348571637e-05	0.0033056797588584	0.000154811448761964	0.00115653258780996	0	0.00208540128038175	0	0	0	0	0	0	0	0	0	0	0	0	0	0	0	0.00233127828723898	0.000418901567238255	0.00988971960914663	0	0	0.0002003442278096	0.000154811448761964	0.00696651519428837	0	0.000719417908952655	0.0107730555226708	0	0.0146069155184818	0	0	0	0	0	0.0152808006483868	0.00342406498438226	0	0	4.55327790476364e-05	0	0	5.46393348571637e-05	0	0	0	0	0.0001001721139048	0.000382475344000146	0	0.103942228009944	0	0	0	0	0	0.00557321215543069	0	0.00112921292038138	0	0.00353334365409658	0	0	0.00135687681561956	0	0	0	7.28524464762182e-05	0	0	0	0	0	0.000646565462476437	0.000236770451047709	0	2.73196674285818e-05	2.73196674285818e-05	0.000282303230095346	0.000127491781333382	0	0.00152079482019106	0	0	0	0	0.000346049120762037	0.000874229357714619	0	0.00539108103924015	0	0.0766863064720292	0.000118385225523855	0	0	0	0	0.000783163799619346	0	0	0	0	0.00106546702971469	0.000136598337142909	0.000318729453333455	0.00244966351276284	0	0.00496307291619237	0.00107457358552422	0.0125670470171476	0.00101993425066706	0.00122027847847666	0	0	0	0.0176576117146734	0	0	0.000327836009142982	0.00823232645181266	0	0	0	0.00968937538133702	0	0	0.543579422826493	0	0	0	0.000355155676571564	0.00155722104342916	0.0019032701641912	0.00244055695695331	0	0	0.00111099980876233	0.0003005163417144	0.00399777800038248	0.00109278669714327	0.0829880430922221	0	0	0.00101993425066706	0	0.0131316534773383	0	0	6.37458906666909e-05	0	0	0	0.000163918004571491	0	0	0	0.00279571263352487	0.00119295881104807	0	0.000163918004571491	0	0.00650208084800248	0
ERR9830900	0	0	4.85828385980936e-05	0	0	0.000417812411943605	0	4.85828385980936e-05	0.000174898218953137	0.00887122632801189	0.000106882244915806	0.000621860334055598	0	0	0	0	0	0.000310930167027799	0	0	0	0	0	1.94331354392374e-05	0.00888094289573151	0.000126315380355043	0	0.000524694656859411	0.000223481057551231	0.0015060679965409	0	0.00263318985201667	7.77325417569498e-05	0	0	0	7.77325417569498e-05	0	0.000359513005625893	0.00183643129900794	0	0.00206962892427879	0	0	3.88662708784749e-05	0.000204047922111993	0.00121457096495234	0	0	0	0	2.91497031588562e-05	0.00595625601212628	0.065062137450567	0.00030121359930818	0	0	0	0.00037894614106513	0.000194331354392374	0.00083562482388721	0	0.16310230574152	0.000174898218953137	0	9.71656771961872e-05	0	0.000340079870186655	0.00381861111381016	0.00299270285764257	0	0	0.00831738196799363	0	0	0	0	0	0	0	0	0	0	0	0.000116598812635425	0.000359513005625893	0.0278865493553057	0.00148663486110166	0	0.00037894614106513	0.000126315380355043	0.000514978089139792	0	0.0305780386136401	0.00406152530680063	0	0	0	0.00045667868282208	0.00298298628992295	0	0.0433456085972191	0	0.204290836304984	0.000204047922111993	0.000641293469494836	0	0.000340079870186655	0	0.000223481057551231	0	0	0	0	0.00130202007442891	0	0	0.00360484662397855	0	0.0149732308559325	0.00106882244915806	0.0577455619576941	0.00733600862831213	0.0033716489987077	0	0.00045667868282208	0	0.0295772321385194	0	0.000728742578971404	0.000825908256167591	0.00543156135526687	0.00136031948074662	0	0	0	3.88662708784749e-05	0	0.00230282654954964	0	0	0	0	0.00289553718044638	0.00143805202250357	0.00105910588143844	0	0	0.00202104608568069	0	0.0196566164967887	0.0033230661601096	0.0402654566301	0	0	0.000689876308092929	0	0.00645180096582683	0	0	0	0.00202104608568069	0	0	0.186509517378081	0.000417812411943605	0	0	0.00131173664214853	0.000748175714410642	0	0	0	0.00107853901687768	0
ERR9830901	0	0	0	0	0.000180005850190131	0	0	0	0.000135004387642598	0.000486015795513354	0.0738924015030488	0	0	0.00274958936165425	0	0	0	2.25007312737664e-05	0	1.35004387642598e-05	0	0	0.00024750804401143	0	2.25007312737664e-05	0	0	0	0	0.000265508629030443	0	0.000175505703935378	2.70008775285197e-05	0	0	0	0	0	0	0	4.05013162927795e-05	0.00391512724163535	6.75021938212992e-05	0	9.45030713498189e-05	0	0	0.0190806201201539	0.0063767072429854	0	0	0.00256508336520937	1.80005850190131e-05	0.00643520914429719	0.000139504533897352	0.00211956888598879	0	0	0	3.60011700380262e-05	0	0	0.159372679612087	0	0	0	0	0	0.00197106405958194	0.000346511261616003	0.000643520914429719	0	0.00517966833922102	0.00125554080507616	0	0	0.000670521791958239	0	0	3.60011700380262e-05	0	0.00082352676461985	0	0	0	0.0113898701707806	0.00657921382444929	0.00142654636275679	0.000112503656368832	0.00259208424273789	0.00104403393110276	0.000207006727718651	0	0.00355961568750984	0.0367301937312963	0	0	0	0.00349211349368854	0.0148279819094121	0	0.0325000562518282	0	0.22206871723331	0.000306009945323223	0.000868528227167383	0.000652521206939226	0.000162005265171118	0.000144004680152105	0.00213756947100781	0.000112503656368832	3.60011700380262e-05	0	0	0.00224557298112189	0.00243007897756677	0.000333010822851743	0.0079562585784038	0.0129784217987085	0.000445514479220575	0.00198906464460095	0.00675471952838467	0.00271808833787098	0.00207456742344126	0.000333010822851743	0.000373512139144522	2.25007312737664e-05	0.00105303422361227	0	0	0	0	0.000310510091577976	0	0	0.000472515356749094	0	0.00681322142969647	0.137735976419234	0	0.000220507166482911	0	0	0.00230407488243368	0.00145804738654006	0.00164255338298495	0	0	0.00160655221294692	0.000585019013117926	0.00147154782530432	0.00331660778975317	0.0602299574736179	0	0	0.000873028373422136	0.00154805031163513	0.032869068244718	0.000324010530342236	0	0.000945030713498189	0.00102603334608375	0.000225007312737664	0	0.0162410278334046	0.00285309272551358	9.00029250950656e-06	9.45030713498189e-05	0.0371532074792431	0.000225007312737664	0	0.000252008190266184	0	0.0151339918547353	0
ERR9830902	0	0	0	0	0	0	0	5.55821114532499e-05	0	0.000611403225985749	0.000800382404926798	3.33492668719499e-05	0	0.0010671765399024	4.44656891625999e-05	0	0	0	0	0	0	0	0	0	0	0	0	0	0	6.66985337438999e-05	4.44656891625999e-05	0.00690329824249364	0	0	0	0.00021121202352235	0.0019120246339918	0	3.33492668719499e-05	0.00335715953177629	0	0.001111642229065	0	0	0	0.0001556299120691	0	0	0	0	0	0	0	0	0	0	0.00016674633435975	0	5.55821114532499e-05	0	0.0001111642229065	0	0.116900296808475	0	0	0	0	0.0002445612903943	0	0	0	0	0.00253454428226819	0	4.44656891625999e-05	0	0	0	0	0	0	0	0	0	0	0	0	0	0	0	0	7.78149560345498e-05	0	0	0.00982691730493458	0	0	0	0	0	0	0.0019120246339918	0	0.164045043743122	0	0	0	0	0	0	0	0	0	0	0.00018897917894105	0	0	0.000844848094089398	0	0	0.0012672721411341	0.0740798381448915	0	0.00132285425258735	0	0	0	0	0	0	0	0.00016674633435975	0	0	0	0	0	0	0.000889313783251998	0	0	0	0	0.00225663372500195	0.000411307624754049	0.0014673677423658	0	0	0	0	0.0387073824160432	0	0.0332714519159154	0	0	0	0	0.00720344164434119	0	0	0	2.22328445813e-05	0	0	0.51839212067988	0.00276798915037184	0	0	0	0.0011561079182276	0	0	0	0.00325711173116044	0
ERR9830903	0	0	0.000190921240442574	0.000163646777522206	1.81829752802451e-05	0.000627312647168456	0	2.72744629203677e-05	0.00133644868309802	0.00128189975725728	0.000618221159528334	0.00042729991908576	0	0.00297291645832007	1.81829752802451e-05	0.000136372314601838	0	0	0	0	0	0	0.000636404134808579	0	0.0016546507505023	0	0	0.000145463802241961	0.000109097851681471	0.00078186793705054	2.72744629203677e-05	0.00838235160419299	0	0	0	0.000418208431445637	0.00442755448073968	0	0.000300019092124044	0.0050003182020674	0.000318202067404289	0.0123189657523661	3.63659505604902e-05	0	0.000300019092124044	0	0	0.0106461320265835	0.00984608111425272	0	0	0.00227287191003064	0	0.00322747811224351	0.00140008909657887	0	0.000100006364041348	0	0	0	0.000645495622448701	7.27319011209804e-05	0.0210195194239633	7.27319011209804e-05	0	0	0	0	0.00654587110088824	0.000418208431445637	0.00219104852126954	0	0.00740047093905976	0.02077404925768	0	0	0	0	0	8.1823388761103e-05	2.72744629203677e-05	0.00050003182020674	0	0	0	0.0100188193794151	0.0041911758020965	0.0045548353077014	0	0.000309110579764167	0.00457301828298164	0.00039093396852527	0	0.0067731582918913	0.0174556562690353	6.36404134808579e-05	0	0	0.0124098806287673	0.0217741128980935	0.000263653141563554	0.00691862209413326	0	0.126389861172984	0.00050003182020674	0	0.000845508350531397	0.000190921240442574	0	0.0012091678561363	0	0.00176374860218378	0	0	0.00106370405389434	0	0.000209104215722819	0.0298837198730828	0	0.0091914940041639	0.00299109943360032	0.00903693871428182	0.00250925058867382	0.00100006364041348	0	0	0	0.0147736674151991	0	0.00104552107861409	1.81829752802451e-05	0.000600038184248088	1.81829752802451e-05	0.00121825934377642	0	0.0137917867500659	0	0.00479121398634459	0.419453965252334	0	0	0	0.00046366586964625	0.00105461256625422	0.000654587110088824	0.00142736355949924	0	0	0.00122735083141654	0.000345476530324657	0.0181829752802451	0.00292745902011946	0.0665769639886175	0	0	0.000672770085369069	0.000209104215722819	0.0166283308937842	0	0	0.00290018455719909	0	0.000100006364041348	0	0.00081823388761103	0	0	0	0.00849144945587446	0.000636404134808579	0	0	0	0.00880056003563863	0.00577309465147782
ERR9830904	0	0	0	0	0	0	2.43672633938724e-05	0	0.00330582540043536	0.000560447058059066	0.000105591474706781	8.12242113129082e-05	0	0.00205497254621658	0	0	0	0	0	0	0	0	0	0	0.000259917476201306	0	0	0	0	0.000105591474706781	0	0.00122648559082491	0	0	0	0	0	0	0	0	0	0.00379317066831281	0	0	0	0	0	0	0	0	4.87345267877449e-05	2.43672633938724e-05	0	0.000308652002989051	0	6.49793690503265e-05	0	0	0	0	0	0	0.0217193541050716	0	0	0	0	0	3.24896845251633e-05	0	0	0	0.00691218038272848	0	0	0	0	0	0	1.62448422625816e-05	0.000129958738100653	0	0	0	0	0.00145391338250106	0.000138081159231944	0	0	6.49793690503265e-05	0.000771630007472627	0.000105591474706781	0	0.001591994541733	0	0	0	0	4.87345267877449e-05	0.00111277169498684	0	0.00410994509243315	0	0.122940966243218	0.000146203580363235	0	0	3.24896845251633e-05	0	0.000251795055070015	0	0	0	0	0.000674160953897138	0.000170570843757107	0.000170570843757107	0	0	0.00090158874557328	0.00105591474706781	0.00200623801942883	0.000454855583352286	0.00272913350011371	0	0	0	0.00817115565807856	0.00050359011014003	0.000454855583352286	0	0.000536079794665194	0	0	0	0	0	0.0143198284544657	0.726347509665681	0	0	0	0	0.0017706878066214	0.00378504824718152	0.00119399590629975	0.000129958738100653	0	0	0	0.00277786802690146	0	0.0407745540790799	0	0	0	0.000251795055070015	0.0120130608531791	0	0	0	0.00019493810715098	0	0	0.000812242113129082	0	0	0	0.00203872770395399	0.000446733162220995	0	0	5.68569479190357e-05	0.00171383085870236	0
ERR9830905	0	0	0	0	0	0	0	0	0.0022868554127613	0.00442071697748575	0	0.00016104615582826	0	0.00506490160079879	0	0	0	0	0	0	4.02615389570651e-05	0	0	0	0	0	0	0	9.66276934969562e-05	0.00527426160337553	0.000402615389570651	0.0270477018713563	0.00107095693625793	0	0	0.00155409540374271	0.00658678777337585	0	8.85753857055432e-05	0.0454391728669437	0.000314040003865108	0.00367990466067575	0	0	0	0	0	4.02615389570651e-05	0	0	0	0	0	0	0	0	2.41569233742391e-05	0	0	0	0	0	0.143725641768931	0	0	0.00262505234000064	0	6.44184623313041e-05	0	0.000370406158404999	0	0.000169098463619673	0.00491190775276194	0	0	0.0133265693947885	0	0	0	0	0	0	0	0	0	0.000362353850613586	0	0.000571713853190324	0	0	0.000571713853190324	0.000249621541533804	0	0.00283441234257738	0.0344075111927078	0	0	0	0.000595870776564563	0.00115953232196347	0	0.0146632524881631	0	0.1240619061423	0	0	0	0.000112732309079782	4.83138467484781e-05	0.000257673849325217	0	0	0	0	0.00153799078815989	0	0.000845492318098367	0.00311624311527684	0	0.014582729410249	0.00239958772184108	0.0617934099913035	0.00291493542049151	0.00375237543079847	0.000249621541533804	0.000370406158404999	0	0.00157020001932554	0	0	0.00145746771024576	0.000394563081779238	0.00107095693625793	0	0	0	0	0	0.000869649241472606	0	0	0	0	0.00450124005539988	0.00121589847650337	0.00109511385963217	0	0	0.00159435694269978	0	0.00589428930331433	0	0.102980964344381	0	0	0.00214191387251586	0.000861596933681193	0.0173768802138693	0.000958224627178149	0	0	0.00119979386092054	0	0	0.301252939092344	0.000370406158404999	0.00077302154797565	0	0.000966276934969562	0.00102264308950945	0	0	0	0.0101861693561375	0
ERR9830906	7.17477758189496e-05	0	0.00122996187118199	0.00664179410438276	0.000799475216268296	0.00478660161534992	0	0	0.00616005903816982	0.0120946250666229	0.000399737608134148	0	0.000532983477512197	0.000594481571071297	0	0.000143495551637899	0	0.0227850436636464	0	0	0	0.000532983477512197	0.00191669058259194	0.00236767660202534	0.00263416834078144	0	0	0.000174244598417449	0.000748226804969046	0.00146570456315854	0	0	0.00116846377762289	0	0.00391537862326268	0	0	0	0.000122996187118199	0	0	0	0.00192694026485179	0	0.000430486654913698	0.000594481571071297	0	0.00867123119183305	0.000553482842031897	6.14980935590997e-05	0.000133245869378049	0.000543233159772047	0	0	0	2.04993645196999e-05	0	0	0	0	0.000696978393669796	0	0.124564388503956	0	0	0	0	9.22471403386495e-05	0	0.000696978393669796	0.000645729982370547	7.17477758189496e-05	0.00519658890574392	0	6.14980935590997e-05	0.00742076995613136	0	0.000266491738756099	0	0	0.000225493009716699	0.00376163338936493	0	5.12484112992497e-05	0	0.00116846377762289	0.100170144725514	0.00245992374236399	0	0.00156820138575704	0.0423209380509204	0.00274691484563979	0.000871222992087245	0.00883522610799065	0.0289963511131155	0.000481735066212947	0	7.17477758189496e-05	0.00388462957648313	0.0145545488089869	0.000102496822598499	0.000450986019433398	0.00406912385716043	0.00572957238325612	0.00817924644336026	0.00102496822598499	0.00873272928539215	0.00233692755524579	0.00188594153581239	0	0	0.000204993645196999	5.12484112992497e-05	0	0.00525808699930302	0.00159895043253659	0.00504284367184617	0.000327989832315198	0	0.0290783485711943	0.000450986019433398	0.00689803616087901	0.000307490467795498	0.0479070148825386	0.00158870075027674	4.09987290393998e-05	0.000317740150055348	0.00453035955885368	0.000379238243614448	0.000317740150055348	0	0.00145545488089869	0.000358738879094748	0	0	0.0269361649788857	0.00118896314214259	0.018172686646714	0.00597556475749252	0	0.00544258127998032	0.000235742691976549	0	0.000297240785535648	0.00215243327456849	0.00146570456315854	0	0.00227542946168669	0	0.000348489196834898	0.00170144725513509	0.00463285638145217	0.000491984748472797	0.000912221721126645	0	0.018510926161289	0.000163994916157599	0.0155487679881924	0	0	0.000358738879094748	0.101707597064491	0.00375138370710508	0.00331064736993153	0.111690787585585	0.057715960805215	0.015917756549547	0.0132425894797261	0.00334139641671108	0.00389487925874298	0.00139395678733959	0	0	0.00186544217129269	0.000625230617850847
ERR9830907	3.55457607237117e-05	1.77728803618558e-05	7.99779616283513e-05	1.77728803618558e-05	0.000106637282171135	4.44322009046396e-05	0	0	0.00296807102042993	0.0666660742373213	0.000231047444704126	0.00140405754858661	0.000106637282171135	0.00194613039962321	0	0	0	0.000142183042894847	0	0	0	0	0	0	0.00164399143347167	0	0	0.000195501683980414	0	0.000177728803618558	0	0.000479867769770108	2.66593205427838e-05	0	0	0	0.00109303214225413	0	0.00345682523038096	0.000595391492122171	0	0.00303916254187735	0	0	0	0	0	0.000977508419902071	0.00340350658929539	0	0	0.00072868809483609	3.55457607237117e-05	0.0122899467702233	8.88644018092792e-05	0	0	0	0	0	0	0	0.0064604420115346	0	0	0	0	0	0.000462094889408252	0	9.77508419902071e-05	0	0.00140405754858661	1.77728803618558e-05	0	0.00147514907003404	0.000559845731398459	0	0	0	0	4.44322009046396e-05	0	0	0	0.00294141169988714	0.000462094889408252	0	0	0	0.00142183042894847	0	0	0.0021327456434227	0.00371453199562787	0	0	0	0.00359012183309488	0.00454097093245417	0.000195501683980414	0.00598946068194542	0	0.109249895584328	6.22050812664955e-05	0	0	0	0	0.000559845731398459	0	0.000159955923256703	0	0	0.000648710133207738	0.000488754209951036	0	0.010361589250962	0.000462094889408252	0.00634491828918254	0.000657596573388666	0.012076672205881	0.00089753045827372	0	0.00129742026641548	0.000319911846513405	0	0.00264815917391652	0.000622050812664955	0.00145737618967218	0	0.0698207605015507	0.000337684726875261	0	0	0	0	0	0.51895922012601	0	0.00116412366370156	0	0	0.000693142334112378	0.00239045240866961	0.00123521518514898	0	0	0.000328798286694333	0	0.0551759070833815	0.00382116927779901	0.0315024304413895	0	0	0.00319023202495312	0.000106637282171135	0.00572286747651758	0.000488754209951036	0	0	0.000702028774293306	2.66593205427838e-05	0	0.00368787267508509	0.000710915214474234	0.000604277932303099	0.00470092685571087	0.00592725560067892	0.000559845731398459	0	0	0	0.00231936088722219	0
ERR9830908	0	0	0	2.68639074448842e-05	0.000707416229381951	0	2.68639074448842e-05	0.000277593710263804	0.000608915235417376	0.00259684438633881	0.000331321525153572	0	0	0.0043161344628114	2.68639074448842e-05	0.000250729802818919	0	0.000107455629779537	0	0	0	0	0.000179092716299228	0	0.000564142056342569	0	0	0	0	0.000313412253523649	0	0.00992173648297724	0	0	0	0	0.00469222916703978	0.000608915235417376	3.58185432598456e-05	0.00515787022941777	0	0.00654583878073679	0	0	9.85009939645755e-05	0	0	0.0044773179074807	0.0196554256138403	0	0	0	0	0.0035728996901696	0.000743234772641797	0.00501459605637839	0	0	0	0	0	0	0.0799201246485305	0	0	0	0	0	0.00139692318713398	0.000152228808854344	0.000555187420527607	0.000170138080484267	0.00217597650303562	0	0	0	0	0	0	0	0	0.000761144044271719	0	0	0	0.00240879703422462	0.00404749538836256	0.0299890753443057	0.000179092716299228	0.00112828411268514	0.00513100632197289	0.000743234772641797	0	0.00144169636620879	0.0228164120565217	0	0	8.05917223346527e-05	0.0184107312355607	0.0220552680122499	0	0.00899045435822125	0.000107455629779537	0.311809373712771	0.000707416229381951	0.0005104142414528	0.000331321525153572	0.000241775167003958	0.000205956623744112	0.00389526657950821	5.37278148897684e-05	0.000268639074448842	3.58185432598456e-05	0	0.000107455629779537	0.000259684438633881	0.00337589770224045	0.00262370829378369	0	0.0030624854487168	0.00220284041048051	0.0105037878109497	0.00279384637426796	0.000913372853126063	0.000662643050307144	0.00211329405233089	0	0.000250729802818919	0	0	0	0.000286548346078765	0	0	0	0	0	0	0.018786825939789	0	0.00595483281694933	0	0	0.00700252520729982	0.0032953059799058	0.00411913247488225	0	0	0.00191629206440174	0.000662643050307144	0.0240700610706163	0.00646524705840214	0.0967279760732131	0	0.00044773179074807	0.00122678510664971	0.000313412253523649	0.0169869441409818	0.00202374769418128	1.79092716299228e-05	0	0.00727116428174866	0.00100291921127568	8.95463581496141e-05	0.130504862367248	0.00775471461575658	0.00763830435016208	0	0.0277683256621953	0.00190733742858678	0	0.000161183444669305	0	0.00514891559360281	0
ERR9830909	1.76422850287569e-05	0	0	0	0.000352845700575138	0.00022934970537384	0	0	0.00117321195441234	0	0.000194065135316326	4.41057125718923e-05	0.000608658833492114	0.0177569598814438	0	0	0	0	0	0	0	0	0	0	0.000388130270632652	0	5.29268550862708e-05	0	0	0	0	0.025078508168378	0	0.000599837690977735	0	0	0	0	0	0	0	0.0195476518118627	0.000317561130517625	0	0	0	0.000952683391552874	0	0.0027433753219717	0	1.76422850287569e-05	0.00228467591122402	0	0.00591898662714795	0.00188772449807699	0	1.76422850287569e-05	0	0	0	0	0	0.103075050280512	0	0	0	0	0	0.000846829681380332	0	0.000202886277830705	0	0.00367841642849582	0.000485162838290815	0	0	0	0.000158780565258812	0	0	7.05691401150277e-05	0.000220528562859462	2.64634275431354e-05	0	0	0.000511626265833951	0.0020465050633358	0	0	0.000299918845488868	0.000838008538865954	0	0	0.00377544899615398	0	0	0	0	0.00562788892417346	0.0351522529197982	0	0.00468402667513496	0	0.136066123284288	0.000449878268233302	0.000246991990402597	0.000149959422744434	0	0.000105853710172542	0.00170248050527504	0.000123495995201298	7.93902826294062e-05	0	0	0.000838008538865954	0.000555731978405843	0.000158780565258812	0.00145548851487245	0	0.000255813132916975	0.00107617938675417	0.00207296849087894	0.00121731766698423	0.00224939134116651	0	0.000167601707773191	0.00011467485268692	0.00500158780565259	0.000538089693377086	0.000141138280230055	0	0.000123495995201298	0.000361666843089517	0	0	0.0292244451501358	0.00155252108253061	0	0.480178892770192	0	0	0	0.00145548851487245	0.000317561130517625	0.00195829363819202	0.00313150559260435	0	0	0	0.000291097702974489	0.000273455417945732	0	0.0449348999682439	0	0	0.00132317137715677	8.82114251437846e-05	0.0072509791468191	0	0.000361666843089517	0	0.00352845700575139	0.000282276560460111	0.00116439081189796	0.0103383790268516	0.0034402455806076	0.000273455417945732	0	0.00727744257436223	0.00178187078790445	0	8.82114251437846e-05	0	0.00234642390882467	0
ERR9830910	0	0	0	9.56525897938687e-05	0.000247102523634161	0	2.39131474484672e-05	8.76815406443796e-05	0.000302899867680584	0.0005101471455673	0.000263044621933139	0.000390581408324964	0	0.00662394184322541	3.18841965979562e-05	0	3.18841965979562e-05	0	0	0	0	0	7.97104914948906e-05	0	0	0	0	0.00188116759927942	0	0.000916670652191241	0	0.014897890860395	0.00093261275049022	0.00532466083185869	0.000733336521752993	0	0	0.0111754109075837	0.00737322046327738	0.00392175618154862	0.000191305179587737	0.000430436654072409	0	0	0.000103623638943358	0.000119565737242336	0	0	5.57973440464234e-05	0	0.000127536786391825	0	0	3.98552457474453e-05	3.98552457474453e-05	0.00357900106812059	0	0	4.78262948969343e-05	0	0.000175363081288759	0	0.0659684027611714	0	0	0	0	6.37683931959125e-05	0	0	0	0	0.00292537503786248	0	2.39131474484672e-05	0	0	0	0	0	0.000278986720232117	0.000111594688092847	0	0	0	0	0.00559567650294132	0.000948554848789198	7.17394423454015e-05	0.000119565737242336	0.000398552457474453	0.000103623638943358	0	0.00239131474484672	0.00242319894144467	0	0	5.57973440464234e-05	0.00182537025523299	0.00818626747652526	0	0.0102507692062429	0	0.137205669010155	0.000271015671082628	0.00548408181484847	0.000127536786391825	0	8.76815406443796e-05	0.000749278620051971	0.000103623638943358	0	0	2.39131474484672e-05	0.00158623878074832	0	0	0.00278986720232117	0.0428523602276532	0.0132478836864508	0.00259856202273343	0.00801887544438599	0.00238334369569723	0.00526089243866278	0.00370653785451241	0.0005101471455673	0	0.000199276228737226	0	0	0	0.0203182042820476	0.00336378274108438	0	0	0.0183413840929743	0	0	0.472021617485293	0	0	0	0	0.00117174422497489	0.0018971096975784	0.00485436893203883	0.000135507835541314	0	0	0	0.0102587402553924	0.00217609641781051	0.022916766304781	0	0	0.000860873308144818	0.000350726162577518	0.0088877198016803	0	0	0	0.000294928818531095	0	0.000231160425335183	0.0218885009644969	0.00433625073732205	0	0.00286957769381606	0.00182537025523299	0.00135507835541314	0	0.000119565737242336	3.98552457474453e-05	0.00974062206067563	3.98552457474453e-05
ERR9830911	0	0	0.00268847317127815	0.0043407639744595	7.00123221687017e-05	0	0	0	0.000588103506217094	0	0.00040607146857847	4.2007393301221e-05	0	0.000546096112915873	0	0	0	0	0	0	0	0	0	0	0	0	0	0	0	0.00263246331354318	0	0.0208216646129719	0.00263246331354318	0	0	0.00389268511257981	0.000994174974795564	0	0	0.0162148538142713	0	0.0075333258653523	0	0	0.000532093648482133	0	0	0.036294387812255	0.00669317799932788	0	0	0.000196034502072365	0	0	0	0.000462081326313431	0	0	8.4014786602442e-05	0	0	0	0.385963929651619	0	0	0	0	0	0.000924162652626862	0	0.000364064075277249	0	0.00443878122549569	0	0	0.0371765430715806	0.000574101041783354	0	0	0	0.000952167581494343	0.000770135543855719	0	0	0	0.00813543183600314	0.0118600873753781	0	0.00273048056457937	0	0.00289851013778425	0.00162428587431388	0	0.00303853478212165	0.097499159852134	0	0	0	0.0201355438557186	0.00799540719166573	0	0.0263386355998656	0	0.0516550912960681	0.000714125686120757	0.0248963817631903	0.000952167581494343	0	0	0.000462081326313431	0.000112019715469923	0	0.000168029573204884	0	0.00106418729696427	0	0	0.00884955752212389	0.0024644337403383	0.00449479108323065	0.00665117060602666	0.00113419961913297	0.00324857174862776	0.00337459392853142	0	0.000532093648482133	0	0.000770135543855719	0	0	0	0.00247843620477204	0.000210036966506105	0	0	0	0	0	0.0358323064859415	0	0.000644113363952056	0	0.000700123221687017	0.00457880586983309	0.000476083790747171	0	0	0	0.0150666517307046	0.000560098577349614	0.0135543855718606	0.000518091184048393	0.0434916545311975	0	0	0.00697322728800269	0.000868152794891901	0.0197014674582727	0.000238041895373586	0	0	0.00254844852694074	0	0.000126022179903663	0.00219838691609723	0.000630110899518315	0.00140024644337403	0	0.00194634255628991	0.00043407639744595	0	0	0	0.0121961465217878	0
ERR9830912	2.11495484571404e-05	0	0	0	0.00097287922902846	0	0	0	0.000225595183542831	8.45981938285618e-05	0.000267894280457112	0	0	0.00248154701897115	0	0.000197395785599977	0	0.0110330144451416	0	0	0	0	0.000204445635085691	0	0	0	0	0.000112797591771416	0	0.000549888259885651	0	0.033338738217939	0	0	0	0.000211495484571404	0.000881231185714185	0	0	0.00786763202605624	0	0.00117027501462844	0.00014099698971427	0	0.000422990969142809	0	0.000585137507314219	0.00434975713268522	0	0	7.75483443428483e-05	0	0	0	0	0.00016214653817141	0	0	0	0	0	0	0.241845086607401	0	0	0	0	4.93489463999944e-05	0.00224185213645689	0.000112797591771416	0	0.000246744731999972	0.00353902444182817	0	0	0	0.000387741721714241	0.000281993979428539	0	2.11495484571404e-05	0	0.00139587019817127	0	0	0	0.00427220878834237	0.027755257425254	0.000359542323771387	0.000232645033028545	0.00218545334057118	0.00430745803577094	0.000253794581485685	0	0.0110189147461702	0.0310334374361107	0	0	0	0.0128800750103985	0.0229684096244545	0	0.0379916388785099	0.000112797591771416	0.133665146249128	0.0014099698971427	0	0.000867131486742758	0.000394791571199955	0.00118437471359986	0.00276354099839968	0	0	0	1.4099698971427e-05	0.000662685851657067	0	0.000979929078514174	0.019020493912455	0.000260844430971399	0	0.00368707128102815	0.0096230445479989	0.00731774376617059	0.000451190367085663	0.00252384611588543	0.00046529006605709	0.000317243226857107	0.0143605434023984	0	0.000380691872228528	0	0.000345442624799961	0.000768433593942769	0	0	0	0	0	0.00202330680239977	0	0	0	0	0.0105677243790845	0.00230530078182831	0.00517458952251369	0	0.000126897290742843	0.00129012245588557	4.93489463999944e-05	0.0171381840997695	0.00588662432057076	0.036588718830853	0.000105747742285702	0.00112092606822844	0.000747284045485629	0.00161441553222839	0.0161864544191982	0.000563987958857078	0	0	0.0196549803661692	0.000958779530057033	0.000817782540342764	0.182957693853236	0.00382806827074242	0.00896035869634183	0	0.00312308332217107	0.00164261493017124	0	5.63987958857078e-05	0	0.00419466044399952	0
ERR9830913	0	0	0	0	0.000114071539150982	0	0	0	0.000863684510714577	0.00389472826529781	0	0.000733317037399169	0	0.00237920638800619	4.88878024932779e-05	0	0	0	0	0	0	0	0	0	0.000391102419946223	0	0	0.000260734946630816	0	0.00195551209973112	0	0.0193758657215025	0.00032591868328852	0	0	0	0.00304733968874766	0	0	0.00378065672614683	0.000146663407479834	0.00391102419946223	0	0	0	0	0.00379695266031125	0	0	0	0	0	0	0.000211847144137538	0.00016295934164426	0	9.77756049865559e-05	0	0	0	0.000423694288275075	0	0.145261957141693	0	0	0.000146663407479834	0	0	0.00687688421738776	0	0	0.000277030880795242	0.00498655585431435	0	0	0.00663244520492137	0	0	0	0	0	0	0	0	0	0.000668133300741465	0.000879980444879003	0.00161329748227817	0	0	0.000635541432412613	6.51837366577039e-05	0	0.00604579157500204	0.000179255275808686	0	0	0	0.00120589912816752	0.00361769738450257	0	0.0088486922512833	0	0.0499959260164589	0	0	0	0.000130367473315408	0	0.000179255275808686	0	0	0	0	0.00166218528477145	0	0.000146663407479834	0.0123360221624705	0	0.00498655585431435	0.00123849099649637	0.0210706428746028	0.00262364540047258	0.00293326814959668	0	0	0	0.00166218528477145	0	0.000521469893261631	0	0.00822944675303512	0.000537765827426057	0	0	0	0	0	0.519074390939461	0	0.000700725169070317	0	0	0.000814796708221299	0.00112441945734539	0.00156440967978489	0	0	0	0.000342214617452946	0.0143730139330237	0.00175996088975801	0.0682636682147804	0	0	0.0013199706673185	0.0011896031940031	0.0172573942801271	0.000293326814959668	0	0	0.000423694288275075	0	8.14796708221299e-05	0.00604579157500204	0.000733317037399169	0.000391102419946223	0	0.00518210706428746	0.00101034791819441	0	0	0	0.0159374236128086	0
ERR9830914	0	0	0	0	0.00111135807957324	0	0	0	0.0237172046463	0.0266725939097577	0.000222271615914648	4.11614103545644e-05	0	0.00514517629432055	1.64645641418258e-05	0.000362220411120167	0	4.11614103545644e-05	0	0	0	0	0	0.00315296403315963	0	0	0	0.000444543231829295	0.00011525194899278	0.000592724309105727	0.000189342487630996	0.0294386406855845	0.000477472360112947	0	0	0.00761486091559441	0.00475002675491673	0	0	0.0188601582244614	0	0.00797708132671458	0	0	0.000642118001531204	0.000288129872481951	0.00754900265902711	0	0.0418529220485211	5.76259744963901e-05	0.000633885719460292	0.00139948795205519	0	0	0	0	0	0	4.11614103545644e-05	6.5858256567303e-05	0	0	0.355898018489706	0.00011525194899278	4.11614103545644e-05	0	0	0.000362220411120167	0	0.00156413359347345	0	0.000650350283602117	0.0399594971722111	0	0	0.00900611658557869	0.00637178632288657	0	4.93936924254773e-05	0	0	0.0159870917817128	0	0	0	0.00100433841265137	0	0	0	0	0	0.00157236587554436	0.00158059815761527	0.00777950655701267	0.0284754636832876	0	0	0	0	0.000164645641418258	0.000913783309871329	0	0.0103479785631375	0	0.000559795180822076	0	0	0.0033258419566488	0.000765602232594898	0	0	0	0	0.0017287792348917	0.00350695216220889	0	0.000263433026269212	0.00437957406172565	0.00931071102220246	0.00218155474879191	0.00705506573477234	0.00284013731446494	0	0.00117721633614054	0	0.00054333061668025	4.11614103545644e-05	0.000321059000765602	0	0.000872621899516765	9.87873848509545e-05	0.00598486906555366	0.0026178656985503	0	0	0	0.00247791690334478	0	0.00065858256567303	0	0	0	0	0.0035151844442798	0.000551562898751163	0	0.00186049574802631	0.000246968462127386	0.00150650761897706	0	0.00179463749145901	0	0.0936257439924922	0.00158059815761527	0	0.015122702164267	0	0.0875420875420875	0	0	0	0.00337523564907428	0	4.93936924254773e-05	0.0515505503280564	0.000699743976027595	0	0	0.0017287792348917	0.00944242753533707	0.000798531360878549	0	0	0.00898141973936595	0
ERR9830915	0	0	0	0	0	0	0	0	0.00238025127601099	0.183451118963486	0	0.000384439209527549	0	0.00444967936134014	4.08977882476116e-05	0	0	0	0	0	0	0	0	0	0	0	0.000638005496662741	0	8.17955764952231e-05	0	0	0	0	0	0	0	0	0	0.0171443528333988	0	0	0	0.0124574663002225	0	0	0.00217576233477294	0	0	0	0	0	8.99751341447454e-05	0	0	0	2.45386729485669e-05	0.000114513807093312	0	0	0	0.000351720978929459	0	0.148606203376521	0	0	0	0	0.000122693364742835	0	0	0.000294464075382803	0	0.0203098416437639	0	1.63591152990446e-05	0	0	0	0	0	0	0	0	0	0	0.001832220913493	0	0	0	0.00346813244339746	0	0.000130872922392357	0	0	0	0	0	0	0	0	0	0.00124329276272739	0	0.152082515377568	0.00140688391571784	0	0	0.00103062426383981	0	0	0	0	0	0	0.00198763250883392	0	0	0	0	0.00209396675827771	0.00151321816516163	0.000580748593116084	0.00100608559089124	0.00754155215285957	0	0	0.00042533699777516	0.000220848056537102	0	0.000269925402434236	0	0.145956026698076	0.00042533699777516	0	0	0	0	0	0.000417157440125638	0	0	0	0	0.0141833529642717	0.00181586179819395	0.0041061379400602	0.0228536840727653	0	0	0.00548848318282947	0.0294055097500327	0	0.00808140295772805	0	0	0.00651910744666928	0	0.0155002617458448	0.00864579243554509	0	0	0	0	0	0.152532391048292	0.000261745844784714	0	0	0.00258474021724905	0.00724708807747677	0	0	0.000392618767177071	0.00361536448108886	0
ERR9830916	0	0	0	0.000303882685699592	0	0	0	0	0.187254069300836	0.0354841474532293	0.000218172184604836	0.000140253547245966	3.1167454943548e-05	0.0026336499427298	1.5583727471774e-05	0	0	0	0	0	0	0	0.000109086092302418	0	0.000498679279096767	0	0	0	0.000218172184604836	0.000202588457133062	0.00064672469007862	0	0	0.00132461683510079	0	0.0013168249713649	0	0.00200250898012296	3.89593186794349e-05	0.000942815512042325	0.000303882685699592	0.0117111711950381	9.35023648306438e-05	0	0.000272715230756045	0.000218172184604836	0.00419981455364309	0	0	0	0	0.000124669819774192	0	0.0037712620481693	0	8.57105010947569e-05	0	0	0	0	0	0	0.0490653659448804	0	0	0	0	0.000101294228566531	0.00101294228566531	0.000475303687889106	0.000810353828532247	0	0.00900739447868536	0	0	0.000436344369209671	0.000942815512042325	0.000327258276907253	0	4.67511824153219e-05	0.000109086092302418	0.000366217595586688	3.1167454943548e-05	0	0	0.000132461683510079	0.00135578429004434	0.00098177483072176	0.000272715230756045	0	0.000576597916455637	0.000171421002189514	0	0.00226743234714311	0.00153499715596974	2.3375591207661e-05	0	0	0.00302324312952415	0.00808016269411481	0	0.00973982966985873	0	0.238703745548898	0.000397385050530236	0.00147266224608264	0	4.67511824153219e-05	0.00023375591207661	0.000748018918645151	2.3375591207661e-05	9.35023648306438e-05	0.00015583727471774	0	0.00137136801751611	0.00337387699763907	0.000397385050530236	0.0108306905928829	0	0.00543092902391323	0.00271156858008867	0.00409072846134067	0.00109086092302418	0.00307778617567536	0	0.000116877956038305	0.000522054870304428	0.0202822213045138	0	0	0	0.00359984104597979	0	0	0	0.0062880340348608	0.000327258276907253	0.00522834056678017	0.206788271686705	0	0.00254014757789916	0	0.000171421002189514	0.00498679279096767	0.00268819298888101	0.00153499715596974	0.000202588457133062	0	0.00418423082617131	0.00033505014064314	0.00546988834259266	0	0.0465563858219247	0	0	0.000210380320868949	0.000311674549435479	0.0301077614754673	0.00236093471197376	0	0.000545430461512089	0.000257131503284271	0.000358425731850801	7.01267736229829e-05	0.0182563367331832	0.000109086092302418	0	0	0.00389593186794349	0.000942815512042325	0.00015583727471774	0	0	0.0112592430983567	3.1167454943548e-05
ERR9830917	0	0	0	0	0.000105002911444363	0	0	0	0	0.000362737330444162	0	0.00265370994377571	0	0.00422875361544116	0	0	0	2.86371576666444e-05	0	0	0	0	0.000200460103666511	0	2.86371576666444e-05	0	0	0.000286371576666444	0.000181368665222081	0.000687291783999465	0	0.0491413625559618	0	0.00106912055288806	0	0.000162277226777652	0	0.000181368665222081	0	0.00069683750322168	0	0.00138412928722115	0.000353191611221947	0	0.000381828768888592	3.81828768888592e-05	0	0.0212487709886501	0.00210960394810947	0	2.86371576666444e-05	0.000124094349888792	0	0	0	0	0	0	0	2.86371576666444e-05	0.00023864298055537	0	0.260846323466242	0	0	0	0	0.000295917295888659	0	0	0.000353191611221947	0	0.00872478736910432	0.00260598134766464	0	0	0.000143185788333222	0	0	0	0	2.86371576666444e-05	0	0	0	0	0.00242461268244256	0.00021955154211094	0	0.000400920207333021	0.000181368665222081	0	0	0.0010309376759992	0.0041905707385523	0	0	0	0.000925934764554835	0.00408556782710793	0	0.00758884678166076	0	0.245029066715032	0.000563197434110673	0.0016800465831098	0	0.000133640069111007	0.000210005822888726	0.000496377399555169	0	0	0	0	0.00126958065655457	0	0	0.0049637739955517	0	0	0.00252006987466471	0.00228142689410934	0.001288672094999	0.00434330224610773	0	0.000391374488110807	0	0.00243415840166477	0	0	0	0.00152731507555437	0.000133640069111007	0	0	0.0107866627211027	0	0	0.273637587224009	0	0	0	0.000152731507555437	0.0019377810021096	0.000582288872555103	0.00277780429366451	0	0	0.00330281885088632	0.000429557364999666	0.00095457192222148	0	0.0146431332868775	0	0	0.00152731507555437	0.000353191611221947	0.0204564762932063	0	0	0	0	0	7.63657537777184e-05	0.00886797315743755	0.000945026202999265	0	0	0.00415238786166344	0.000553651714888458	0	0	0	0.00460103666510753	0
ERR9830918	0	0.000630757739231472	0.00122001825877666	0.00431571084737323	0.00137770769358453	0.00675574736492655	0	9.95933272470744e-05	0.00183417711013362	0.012374470910449	0	0.000506266080172628	0.0198937671176031	0.00365175533239273	0	9.95933272470744e-05	0	0.006349074612001	0	0	0	0	3.31977757490248e-05	0.000190887210556893	0	0	0	0	0	0.00017428832268238	0	0.000448169972611835	0.000398373308988298	0.000141090546933355	0.000431571084737323	0	0	0	0.000190887210556893	0	0	0.0079591667358287	0.046808863806125	0	0.00363515644451822	6.63955514980496e-05	0.000348576645364761	0	0.0094364677566603	0	0	9.12938833098182e-05	0	0.0292389409909536	0.000116192215121587	0.00116192215121587	0	0	0	0	0	0	0.012407668686198	0.000157689434807868	0	0	0	0.000207486098431405	0.000763548842227571	0.000107892771184331	0.000323678313552992	0	0.00579301186820483	0	0	0	0.000207486098431405	0.00363515644451822	4.97966636235372e-05	0.000381774421113785	0.00197526765706698	0.0150136940824965	0	0	2.48983318117686e-05	0.000282181093866711	0.0413727280272222	0.00196696821312972	4.1497219686281e-05	0.00312889036434559	0.00635737405593825	0.000331977757490248	0	0.00242343762967881	0.0205328243007719	0	0	0	0.020798406506764	0.109660552742966	0.00123661714665117	0.00562702298945971	7.46949954353058e-05	0.0865051041580214	0.000248983318117686	0.000224084986305917	0.00219935264337289	0.00272221761142003	0.000149389990870612	0.012988629761806	0.00136110880571002	0	0	5.80961075607934e-05	0.000182587766619636	0.000456469416549091	0.000381774421113785	0.00921238277035439	0	0.0104489999170056	0.0019337704373807	0.00125321603452569	0.00096273549672172	0.000838243837662877	0	4.97966636235372e-05	0.0035438625612084	0.000680554402855009	0	0	0	0.000497966636235372	0	0.000979334384596232	0	0.235579716159017	0	0.0433894929039754	0.0380114532326334	0.00379284587932609	0	0	8.2994439372562e-05	0.00127811436633746	0.00136940824964727	0.00181757822225911	9.12938833098182e-05	0	0.000630757739231472	0	0.00439870528674579	0.000215785542368661	0.00216615486762387	0	0	0.000705452734666777	0.000572661631670678	0.0122167814756411	9.95933272470744e-05	0.0404846875259358	0.0125819570088804	0.00112042493152959	0.00199186654494149	0.00204996265250228	0.0223338036351564	0.00383434309901237	0	0.00312059092040833	0.00306249481284754	0.000348576645364761	0.000713752178604033	0.00681384347248734	0	0.00238194040999253	0
ERR9830919	0.000185846738389741	0	0.000282211713851089	0.00432265747069472	0.000901700841816893	0.00247795651186322	0	0	0.132026899594579	0	0.013725125790709	0	0	0.00132846001886	0	0.000137664250659068	1.37664250659068e-05	0.125487847688273	0	0	0	0	0.00119079576820093	0.000364810264246529	0.0015349563948486	0	0	0	6.88321253295338e-05	0.000984299392212333	0.000158313888257928	0.0025399054246598	0	0	0	0	0.000323510989048809	0	0	0.000110131400527254	3.44160626647669e-05	0.00299419745183472	0.00914778945629504	0.000220262801054508	3.44160626647669e-05	0	0.000117014613060207	0.0043708399584254	0.00202366448468829	0	0.00048870808983969	0.00167262064550767	0	0.00675243149482727	0	0.000357927051713576	0	2.06496375988601e-05	0	0	0.000199613163455648	0	0.0231413605357893	0	0	0	0	0	0.00307679600223016	0.00044740881464197	0.000454292027174923	6.19489127965804e-05	0.00150742354471679	0	0	0.0374859754544641	0	0.0225769371080871	8.94817629283939e-05	0.000199613163455648	0.00368940191766301	0.024951645431956	0	0.00152807318231565	5.5065700263627e-05	0.00261562076252228	0.0606135695651875	8.94817629283939e-05	5.5065700263627e-05	0.00828050467714292	0.00851453390326333	1.37664250659068e-05	7.57153378624872e-05	0.00219574479801213	0.000192729950922695	0	0	0	0.0379196178440402	0.0597394015735024	6.88321253295338e-05	0.00342783984141078	0.000213379588521555	0.00479759913546851	0.00114949649300321	0.00130781038126114	0.00116326291806912	0.000757153378624872	0.00115637970553617	0.00192041629669399	0.000598839490366944	0	4.81824877306737e-05	0	0.000337277414114716	0.000302861351449949	0.000172080313323835	0.00712412497160675	0.0022301608606769	0.0042675917704311	0.00210626303508373	0.00185158417136446	0.000192729950922695	0.00311121206489493	0.000227146013587462	0.000351043839180622	0.00410927788217317	0.000144547463192021	0.000571306640235131	0.00373070119286073	0.000151430675724974	0.0109098918647311	0.000722737315960105	0	0	0.128592176540635	0.00923038800669048	0	0.00228522656094052	0	0	0.00136287608152477	0.000323510989048809	0.00053000736503741	0.00374446761792664	0.00200301484708943	0	0.000261562076252228	0.00362056979233348	0.000247795651186322	0.00914778945629504	0.000894817629283939	0.0015349563948486	0	0	0.000894817629283939	0.000757153378624872	0.0147920237333168	0.00128716074366228	0.0102559866741005	0	0.00824608861447815	0.00108066436767368	0.00127339431859638	0.0890550037513508	0.00269133610038477	0.00476318307280374	0.00329017559075172	0.00890687701764167	0.00377200046805845	0.00140417535672249	0.000144547463192021	0	0.00821167255181338	0
ERR9830920	3.78992448575462e-05	4.73740560719328e-05	0	0.000729560463507765	0	0.00138332243730044	0	1.89496224287731e-05	0.00136437281487166	0	0.000255819902788437	0.000416891693433008	0	0.00827151019015946	0	0.00027476952521721	0	0	0	0	0	0	0.000113697734572639	0	1.89496224287731e-05	0	0.000814833764437244	0	0.00100432998872497	0	0	0.00523009579034138	0	0	0.00214130733445136	0	0	0	9.47481121438655e-05	0	0	0.000104222923358252	0.00475635522962205	0	9.47481121438655e-05	0	0.00155386903915939	0	0	0	0	0	2.84244336431597e-05	0.0534000360042826	0.00106117885601129	0	0	0	0	0	9.47481121438655e-05	0	0.0891011246600912	0	0	0	0	0	0.00187601262044854	0.000198971035502118	0.000236870280359664	0	0.00502164994362487	0	0	0	0	0.00110855291208323	9.47481121438655e-05	8.5273300929479e-05	8.5273300929479e-05	0.000786409330794084	2.84244336431597e-05	0	1.89496224287731e-05	0.0019044370540917	0.00139279724851482	0.00232132874752471	0.000151596979430185	0.00234027836995348	0.00207498365595066	0.000388467259789849	0	0.00377097486332585	0.00952218527045849	0	0	0	0.00788304293036961	0.0390077977696294	0.000625337540149512	0.0119003628852695	0	0.0727949745601319	0.00101380479993936	0.0119666865637702	0.000473740560719328	0.000341093203717916	0.000596913106506353	0.00518272173426945	0	0.000426366504647395	0	0	0.00149702017187308	0.000881157442937949	0.000511639805576874	0.00453843457169116	0.00647129605942602	0.00052111461679126	0.00312668770074756	0.00432998872497465	0.00466160711747818	0.00582700889684773	0	0.000530589428005647	0.000341093203717916	0.000644287162578286	0	0.000255819902788437	0	0.000132647357001412	0	0.0176136740475446	0.000113697734572639	0.0985948854969065	0.000217920657930891	0.0718190690050501	0.231479112778678	0	0.00411206806704376	0	0	0.00924741574524128	0.000938006310224269	0.00337303279232161	0	0	0.00198023554380679	0.000170546601858958	0.0120235354310565	0.00395099627639919	0.0518177425314801	0	0	0.000975905555081815	0.00057796348407758	0.0110665794984035	0.00057796348407758	0.000928531499009882	0	0.0120519598646997	0	0.000378992448575462	0.0528410221426338	0.00269084638488578	0.000720085652293378	0.00144017130458676	0.0106781122386136	0.000568488672863193	0	0.000236870280359664	0	0.004510010138048	0
ERR9830921	0	0	0	0	0	0	0	0	0.000234744179875279	8.16501495218363e-05	0	5.10313434511477e-05	0	0.00700150032149746	0	0	0	4.08250747609182e-05	0	0	0	0	0	0	0	0	0	0	0	0.000112268955592525	0	0.0287612651690668	0	0	0	0	0.00202084120066545	0	0	0.03601792220782	0	0.00292919911409588	0	0	0.000275569254636198	0	0.000765470151767215	0.00261280478469876	0.00548076628665326	0	0	0	0	0.0616560691576766	0.000244950448565509	0	0	0	0	0	5.10313434511477e-05	0	0.181232713132406	0	0	0	0	0	0.00136764000449076	0.000469488359750559	0.000367425672848263	0	0.00658304330519805	0	0	0.00225558538054073	0	0	0	0.000163300299043673	0	0.000142887761663214	0	0	0	0.00619520509496933	0.00498065912083201	0.00111248328723502	0	0.000204125373804591	0.000153094030353443	0.000204125373804591	0	0.0253931965012911	0.00679737494769287	0	0	0	0.00356198777289011	0.00554200389879464	0	0.0208514069341389	0	0.201257412302636	0.000928770450810888	0	0	0	5.10313434511477e-05	0.00251074209779647	0	0	0	0	4.08250747609182e-05	0.000612376121413772	0.000745057614386756	0.0179732391634942	0	0.0066340746486492	0.00191877851376315	0.00823645883301524	0.00237806060482348	0.00255156717255738	0.00043886955367987	0.000898151644740199	0	0.00156155910960512	0.000336806866777575	0.0053889098684412	0	0.000377631941538493	0	0	0	0	0	0	0.000765470151767215	0	0.0120433970544709	0	0.000295981792016657	0.00313332448790047	0.00201063493197522	0.00504189673297339	0	0	0.000265362985945968	0.000336806866777575	0.0228518355974239	0.0062870615131814	0.0642280488676145	0	0	0.000867532838669511	0.00190857224507292	0.0135130997458639	0.000244950448565509	0	0	0.00696067524673655	0	0.000387838210228723	0.172924810418559	0.00351095642943896	0.000908357913430429	0	0.00408250747609182	0.00102062686902295	0	0.000204125373804591	0	0.00545014748058257	0
ERR9830922	0	0	0	0	6.18347246146372e-05	0	0	0	0.00302990150611722	0	0.000212004770107327	0.000220838302195133	0	0.000309173623073186	0	0	0	0	1.76670641756106e-05	0	0	0	0.00084801908042931	0	0.000609513714058566	2.65005962634159e-05	0	0	0	0	0	0.0635925975001104	7.06682567024425e-05	0	0	0	0.000247338898458549	0.000106002385053664	0.000680181970761009	0.000141336513404885	0	0.0046641049423612	0	0	0	1.76670641756106e-05	0.00086568614460492	0.00529128572059538	7.95017887902478e-05	0	0	0	0	0	0.000256172430546354	0.00128086215273177	0	0	7.95017887902478e-05	0	0	0	0.304677355240493	0	0	0	0	1.76670641756106e-05	0.000424009540214655	0	0.00101585619009761	0.000203171238019522	0.00436376485137582	0	0	0	0	1.76670641756106e-05	0	3.53341283512212e-05	0	0	0	0	0	0	0.00484077558411731	0.00135153040943421	5.30011925268319e-05	7.95017887902478e-05	0.000459343668565876	0.00147519985866349	0	0.00103352325427322	0.00180204054591228	0	0	0	0.0046641049423612	0.0139393136345568	0.00345391104633188	0.0282054679563624	6.18347246146372e-05	0.0160240272072788	0	0	0.000229671834282938	0.000185504173843911	0	0.00171370522503423	0	0	0	0	0.00709332626650766	0.00015017004549269	0.000167837109668301	0.0086568614460492	0	0.00817985071330772	0.00148403339075129	0.0034980787067709	0.00173137228920984	0.0280641314429575	0	0.000477010732741487	0	0.000318007155160991	0.000291506558897575	0	0	0.00375425113731726	0.000141336513404885	0	0	0.00119252683185372	0	0	0.192606333642507	0	7.95017887902478e-05	0	0	0.00460227021774657	0.0011571927035025	0.00264122609425379	0	0	0.00380725232984409	0.000477010732741487	0.00598030122344419	0.000291506558897575	0.207914844750674	0	0	0.00211121416898547	0.000547678989443929	0.0219336601740206	0	2.65005962634159e-05	0	5.30011925268319e-05	0	0.000106002385053664	0.000318007155160991	0.000123669449229274	0	0	0.00788834415441014	0.000750850227463451	0	0.000159003577580496	0	0.00818868424539552	0
ERR9830923	0	0	0	0	0	0	0	0	0	0	0.000243266724587315	0	0	0.00772661453808283	0	0	4.63365189690125e-05	0	0	3.47523892267593e-05	0	0	0	0	0	0	0	0	0	0	0	8.10889081957718e-05	0	0	0	0	0	0.00828265276571098	0	0	0	0	0.00502751230813785	0	0	0	0.00727483347813495	0.000196930205618303	0	0	0	0	0	0	0	0	4.63365189690125e-05	0	5.79206487112656e-05	0	0	0	0.072632493483927	0	0	0	0	0	0.000347523892267593	0	0.00018534607587605	0	0	0.000208514335360556	0	0	0	0	0	0	0	0	0	0	0	0.000973066898349261	0	0.00239791485664639	0	0	0	0	0	0.000127425427164784	0.000208514335360556	0	0	0	0	0	0	0.00315088328989285	0	0.220527077903273	0.000509701708659137	0	0	0.00104257167680278	0	0	0	0	0	0	0.00223573704025485	0.000173761946133797	0	0.00221256878077034	0	0.0134028381117869	0.00211989574283232	0.132974225311323	0.00562988705473501	0.011028091514625	0	0	0	0.00280335939762525	0	0	0	0.00052128583840139	0.00156385751520417	0	0	0.000139009556907037	0.000810889081957718	0	0.000556038227628149	0	0	0	0	0.00663770634231103	0.00512018534607588	0.00683463654792934	0.000625543006081668	0	0.00415870257746887	0.00018534607587605	0.0548045178105995	0.0294468578048074	0.0629365768896612	0	0	0.00544454097885896	0	0.0103562119895743	0	0	0	0	0	0	0.301048363741674	0	0	0	0	0.00108890819577179	0	0	0	0.00381117868520127	0
ERR9830924	0	0	0	0	0	0	0	0	0.00110270951480781	0	0.000275677378701953	0.000472589792060492	0	0.00682301512287335	1.96912413358538e-05	0	2.95368620037807e-05	0	0	0	0	0	0	0	0	0	0	0	0	0.000561200378071834	0	0.000265831758034026	0	0	0	0	0.00327859168241966	0	0.000275677378701953	0.0046471329552615	0	0.0055627756773787	0.000994407687460618	0	0	0.00223495589161941	0	0	0	0.000187066792690611	0	0	0	0.00333766540642722	0	0	0	0	4.92281033396345e-05	0	0.000748267170762445	0	0.106539461247637	0.000118147448015123	0	0	0	0.000246140516698173	0.00284538437303088	0	0	0	0.0100917611846251	0	0	0	0.00106332703213611	0	0	0	0	5.90737240075614e-05	0	0	0	0.00181159420289855	4.92281033396345e-05	0.00225464713295526	0	0.000216603654694392	0	0	0	0.0219655797101449	0.0348633427851292	0	0	0	0.00222511027095148	0	0	0.00977670132325142	0	0.188297495274102	0.000718730308758664	0.000748267170762445	0	0.0034755040957782	0	0.000600582860743541	0	0	0	0	0.00266816320100819	0	0	0.00082703213610586	0	0.00418438878386893	0.00499172967863894	0.00795526149968494	0.00676394139886578	0.00485389098928796	0	0	7.87649653434153e-05	0.00319982671707624	0.00186082230623819	0.00872321991178324	0	0.00548401071203529	0.00116178323881538	0	0	0	0	0	0.000571045998739761	0	0	0	0	0.00187066792690611	0.00113224637681159	0.00811279143037177	0.00412531505986137	0	0.00028552299936988	0.0011716288594833	0.0622833963453056	0	0.0179288752362949	0.00028552299936988	0.00624212350346566	0	0.000364287964713296	0.0490607277882798	0	0	0	6.89193446754883e-05	0	0	0.341071991178324	0.0202721329552615	0	0	0.00744328922495274	0.00304229678638941	0	9.84562066792691e-05	0	0.00298322306238185	0
ERR9830925	0	0	0	0	0.000264777082913052	0	0	0	0.000832156546298164	0	0.000264777082913052	3.78252975590075e-05	0	0.000126084325196692	0	0.000340427678031067	0	0	0	0	0	0	0.000264777082913052	0	0.000390861408109744	0	0	0	0	0	0	0.0179670163405285	0.000113475892677022	0	0	0	0	0	0	0.00146257817228162	0	0.00249646963889449	0	0	0	0	0.0028621141819649	5.04337300786766e-05	0.0146636070203752	0	8.82590276376841e-05	0	0	7.56505951180149e-05	0	0.00163909622755699	0	0	0	0	7.56505951180149e-05	0	0.232676013717975	0	0	0	0	0	0.00153822876739964	6.30421625983458e-05	0.000579987895904781	6.30421625983458e-05	0.00585031268912649	0.00369427072826306	0	0	0.000769114383699818	0	0	0	0	0.000365644543070405	0	0	0	0.0011851926568489	0.00849808351825701	0.00243342747629615	0.000126084325196692	8.82590276376841e-05	0.005068589872907	0.0010212830340932	0	0.0112593302400646	0.00602683074440186	0	0	0	0.0107549929392778	0.0281294129513819	0	0.0263894492636675	0	0.269946540246117	0.000214343352834376	0	0	0	0.000315210812991729	0.000630421625983458	0	0	0.000390861408109744	0	0.00074389751866048	0	0.000239560217873714	0.012041053056284	0.00144996973976195	0.00208039136574541	0.00238299374621747	0.00637986685495259	0.00228212628606012	0.00469033689731693	0	0.000554771030865443	0	0.00969588460762558	0	8.82590276376841e-05	0	0.000491728868267097	0.000226951785354045	0	0	0	0	0	0.054039741779302	0	0	0	0	0.000983457736534194	0.00428686705668751	0.0010212830340932	0	0	0.00228212628606012	0.000491728868267097	0.00810722211014727	0.00185343958039137	0.164893080492233	0	0	0.00511902360298568	0.000239560217873714	0.0128353843050232	0.00100867460157353	0	0	0.00044129513818842	0	0	0.0022064756909421	0.000378252975590075	0.000920415573935848	0.0191522089973774	0.00345471051038935	0.0018786564454307	0	0.000554771030865443	0	0.00840982449061933	0
ERR9830926	0	0	0	0	0	0	0.000650925562649356	5.35007311766594e-05	0.000472589792060492	0.00185469201412419	0.114250811427756	0.000811427756179334	6.24175197061027e-05	0.000695509505296572	0	0	7.13343082355459e-05	0	8.91678852944324e-05	5.35007311766594e-05	0	0	0	0	0.0218728822627243	0	0	0	0	0.0550879195349003	0.000151585405000535	0.00914862503120876	5.35007311766594e-05	0	0	0	0	0	0.000160502193529978	0.00212219567000749	0	0.00703534614973071	0	0	0	0	0.000374505118236616	0.026313442950387	0.00516282055854763	0	0	0.000205086136177194	0	0.000543924100296037	0	0.0147751185932874	0.000321004387059956	3.56671541177729e-05	0	0	0.000695509505296572	0	0.0441737703748618	0.000115918250882762	0	0	0	0	0.00230053144059635	0	0.000740093447943789	0	0.005733495024432	0.00251453436530299	0	0	0.000918429218532653	0	0	0	0	0	0	0	0	0.0106555622926847	0.000240753290294967	0	5.35007311766594e-05	0	0	0	0	0	0.00326354460177622	0	0	0	0.000392338695295502	0.0003299211755894	0.000124835039412205	0.00234511538324357	0	0.0336519599101188	0	0.000133751827941649	0	0	0	9.80846738238756e-05	0	0	0	0	0.000410172272354389	0.000214002924706638	0	0.000704426293826016	0	0.000472589792060492	0	0.0290687306059849	0.00167635624353533	0.000419089060883832	0	0	0	0.189642258444199	0.00107001462353319	0.000151585405000535	7.13343082355459e-05	0.0087652031244427	0	0	0	0.00799835931091058	0	0.00139993579912259	0.359738916431858	0	0	0	0.000731176659414345	0.0013196847023576	0.000998680315297642	0.000490423369119378	0	0	0.0012572671826515	0	0.000811427756179334	0	0.0116542426079823	0	0	0.000740093447943789	0.000249670078824411	0.00625066875913971	0	0	0.000401255483824946	0	0	0	0.000838178121767664	9.80846738238756e-05	0	0	0.00030317081000107	0	0	0	2.67503655883297e-05	0.0011145985661804	0
ERR9830927	0	0	0.00148528048950783	0.00347834918055679	0.00024119939573204	0.000685514072080535	0.000215809985654983	8.8862935269699e-05	0.00976222817462836	0.000330062331001739	0.0541683063994008	3.80841151155853e-05	0	0.000660124662003478	0	0	0	0.0588145684435022	0	0	0	0	0.00024119939573204	0	0.00299595038909271	0	0	0.000533177611618194	0.000101557640308227	6.34735251926421e-05	0	0.00088862935269699	0.00158683812981605	0	2.53894100770569e-05	0	0	0	0	0.000126947050385284	0.000190420575577926	0.00437967323829231	0	0.00700747718126769	0.000380841151155853	0	0	0.0086197047211608	0.0123519480024882	0	0	0.00709634011653739	0	0.000634735251926421	2.53894100770569e-05	0.00189151105074074	3.80841151155853e-05	0	0	0	0.000914018762774047	0	0.0260241453289833	0	0	0	0	0	0.00830233709519759	0.000266588805809097	0.00119330227362167	0	0.0108793622180189	0.0011171340433905	0	0	0	0.000114252345346756	0	7.61682302311706e-05	0.00384649562667411	0.00119330227362167	6.34735251926421e-05	0	0	0.0270905005522197	0.0429334924403032	0.00432889441813819	0	0.000990186993005217	0.00448123087860054	0.000114252345346756	0	0.00481129320960228	0.0175694717733233	0.000660124662003478	0.000609345841849365	0	0.0219745344216927	0.048455689132063	0	0.00459548322394729	0.00440506264836937	0.0409912025694083	0.000431619971309967	0.000190420575577926	0.000837850532542876	0.00114252345346756	0.000571261726733779	0.00104096581315933	0.000710903482157592	0	0	0	0.00024119939573204	0	0	0.0161476648090082	0.000304672920924682	0.00696939306615211	0.00112982874842903	0.0114506239447526	0.00126947050385284	0.00048239879146408	0	0.000266588805809097	0	0.070125550632831	0.000914018762774047	0.00168839577012428	0	0.0041511685475988	0.00153605930966194	0.000139641755423813	0	0.0422733677782997	0	0.0877077171111929	0.0065631625049192	0	0	0.00648699427468803	0	0.000774377007350234	0.00327523389994033	0.00182803752554809	0	0	0.000875934647658462	0.00153605930966194	0.0119203280311782	0.000634735251926421	0.134132253437091	0.000126947050385284	0	0.00550950198672134	0.000418925266271438	0.0210605156589187	0	0	0.00464626204410141	0	0.000583956431772308	0.000215809985654983	0.0526449417947774	0.0011171340433905	7.61682302311706e-05	0.000139641755423813	0.00109174463331345	0.00171378518020134	0	0	0	0.00515405024564254	0.0286011704518046
ERR9830928	0	0	0	0	4.78560490045942e-05	0	0	0	0.0159839203675345	0.000172281776416539	0.1093797856049	0.000172281776416539	0.000181852986217458	0.00156967840735069	0	0	0	6.69984686064319e-05	0	0	0	0	0	0	0.000133996937212864	0	0	0	0	0	0	0.00888208269525268	0	0	0	6.69984686064319e-05	0.000794410413476263	0	0	0.00402947932618683	0	0.00253637059724349	0	0	0	0	0.00185681470137825	0	0	0	0	0	0	0	0	0	0	0	0	0	0	0	0.065218223583461	0	0	0	0	0	0.000545558958652374	0	0.000229709035222052	0	0.00255551301684533	0	0	0.00318721286370597	0.00016271056661562	0	0	0	0	5.7427258805513e-05	0	0	0	0	0.00339777947932619	0.000258422664624809	0	0	0.000401990811638591	0	0	0.00240237366003063	0.000765696784073507	0	0	0	0.00103369065849923	0.00252679938744257	0	0.00368491577335375	0	0.270396248085758	0	0.000966692189892802	0	0	0	0.00107197549770291	0	0	0	0	0.00024885145482389	0	0	0.00979134762633997	0	0.00379019908116386	0	0.0238705972434916	0.00131125574272588	0	0.000488131699846861	0.00041156202143951	0	0.000440275650842266	0	0	0	0.000918836140888208	0.000516845329249617	0	0	0	0.13135528330781	0	0.000784839203675345	0	0	0	0	0.00317764165390505	0.00125382848392037	0.00153139356814701	0	0	0.0006604134762634	0	0.0394046707503828	0.0050823124042879	0.0709609494640123	0	8.61408882082695e-05	0.00124425727411945	0.000612557427258805	0.00891079632465544	0.000545558958652374	0	0	0.00159839203675345	0	0.000172281776416539	0.177297090352221	0.000775267993874426	0	0	0.00499617151607963	0.0006604134762634	0	0	0	0.00236408882082695	0
ERR9830929	8.26050322985676e-06	0	0	0.000338680632424127	2.89117613044987e-05	0.000206512580746419	2.89117613044987e-05	0	0.00134646202646665	0.0218449007913562	0.16754365675957	3.71722645343554e-05	3.71722645343554e-05	0.001614928381437	0	0	0	0	0	0	0	0	0.00089213434882453	0	0.000499760445406334	0	4.54327677642122e-05	0	0	0.000508020948636191	0	0.00759553271985329	0	0	0	6.19537742239257e-05	0	0	0	0	0	0.00501412546052305	0	0	0.00073931503907218	0	0	0.0201762791389251	0.00483652464108113	0	0	0	0	0	0.000161079812982207	1.65210064597135e-05	8.6735283913496e-05	0	0	0	8.26050322985676e-05	0	0.0737456425845462	0	0	0	0	0	0.00373374745989526	0.00126798724578301	8.6735283913496e-05	0	0.00503064646698277	0.0021972938591419	0	0.0222537957012341	0	0	0	0.00010325629037321	0.00103669315534702	0.0003056386195047	0	0	0	0.00267640304647359	0.00294486940144394	0.000194121825901634	0	0.000450197426027194	0.00324637776933371	0.000367592393728626	5.3693270994069e-05	0.00560062118984289	0.000115647045217995	0	0	0	0.00445654149250772	0.0110029903021692	0	0.0083968015331494	0.000512151200251119	0.126815245584761	0.000223033587206133	2.47815096895703e-05	0	6.60840258388541e-05	0	0.000644319251928827	5.78235226089973e-05	0	0	3.71722645343554e-05	0.00140841580069058	0.00255249549802574	0.000388243651803268	0.00877678468172281	0	0.000446067174412265	0.00305225594343207	0.0243271820119282	0.00118538221348445	0.00262270977547952	0.000301508367889772	0.000318029374349485	0	0.0378785375605082	5.78235226089973e-05	0.000784747806836392	0	0.000379983148573411	0.00227989889144047	0	0	0.00822746121693734	0	0	0.264195674800509	0	0.000549323464785475	0	0.000768226800376679	0.00185861322671777	0.00104908391019181	0.000264336103355416	0	0	0.00154058385236829	0.000268466354970345	0.0108212592311124	0.000987130135967883	0.0625072279403261	0	0	0.00284987361430058	0.000574104974475045	0.0114242759668919	0.000148689058137422	0	0	0.00240793669150325	0	0.000107386541988138	0.0208949429199227	0.000557583968015331	0.00110690743280081	0	0.00230881065274497	0	0.00015281930975235	0.000107386541988138	0	0.00616233540947315	0
ERR9830930	3.7075142044138e-05	0	0	0	0	0	0	0	0.00411534076689931	0.00643253714465794	0	0.00201132645589448	0	0.000333676278397242	0	0	0	0	0	0	0	0	0.000194644495731724	0	0.000111225426132414	0	0	0.0121235714484331	1.8537571022069e-05	0.000769309197415863	0.000111225426132414	0.0270185097646655	0	0.000166838139198621	0	0	0.00120494211643448	0	0.00676621342305518	0.00270648536922207	0.000157569353687586	0.00408753441036621	0	0	0	0	0	0.0424232312840049	0.00872192716588345	0	0	0	0	0	0.000222450852264828	0	0	0	4.63439275551724e-05	0	0	0	0.0796188675397863	1.8537571022069e-05	0	0	0	0	0.000528320774128966	0.000222450852264828	0.000806384339460001	0	0.0112615743959069	0	0	0	0.000296601136353104	0	0	0	0	0.000287332350842069	0	0	0	0.00790627404091242	0.000324407492886207	0	7.41502840882759e-05	0.000120494211643448	0.000157569353687586	0.000157569353687586	0	0.000797115553948966	0	0	0	0	0.00183521953118483	0.00358701999277035	0.000407826562485518	0.0154696030179166	5.56127130662069e-05	0.111355189129568	0.000203913281242759	0	0.000380020205952414	0.00026879477982	6.48814985772414e-05	0.00099176004968069	0	8.34190695993104e-05	0	0	0.000704427698838621	0	0	0.0196869004254373	0	0.000583933487195173	0.0047826933236938	0.000815653124971035	0.000481976846573793	0.00100102883519172	0	1.8537571022069e-05	0	0.00166838139198621	0.000287332350842069	0.000556127130662069	0	0.0105200715550241	0.000231719637775862	0	0	0.013439738991	2.78063565331035e-05	0	0.434085031838278	0	0	0.00108444790479104	0.000148300568176552	0.00099176004968069	0.000704427698838621	0.000769309197415863	0	0	0.00099176004968069	0.000324407492886207	0.00591348515604	0	0.111883509903697	0	0	0.00726672784065104	0.00018537571022069	0.00836971331646414	0	0	0.000899072194570345	0	0	0	0.00113079183234621	0.000352213849419311	0	0	0.000797115553948966	0.000250257208797931	0	9.26878551103449e-05	0	0.0118918518106572	0
ERR9830931	0.000228511735709855	0	0	0	0.000122417001273137	0.000163222668364182	0	0.00361538210426664	0.00139555381451376	0.000350928736982992	0.000971174876766885	0.000122417001273137	0.000106094734436719	0.00244017889204453	0	0	2.44834002546274e-05	0	0	0	0	0	8.16113341820912e-05	0	0	0	0	0	0	0.000661051806874939	0	0.0162896223027454	0.00119968661247674	6.5289067345673e-05	0	0.000791629941566285	0.00400711650834068	0	0	0.00562302092514608	0.00018770606861881	0.00910782489472138	0	0	0	0	0	0.0123151503280776	0.00386021610681291	0	0	0.00319916429993798	0	0.00074266314105703	0	5.71279339274638e-05	2.44834002546274e-05	0	0	0	8.16113341820912e-05	0	0.0353050631671727	8.97724676003003e-05	0	0	0	0	0.000889563542584794	0	0.000236672869128064	0	0.0032236477001926	0.00184441615251526	0	0.00163222668364182	0	0	0	6.5289067345673e-05	0.000293800803055528	0	0	0	0	0	0.000685535207129566	0	8.97724676003003e-05	6.5289067345673e-05	0.00177912708516959	0	0	0.00282375216270036	0	8.16113341820912e-05	0	0	0.00298697483106454	0.00568830999249176	0	0.00616165573074789	7.34502007638821e-05	0.0558629582476414	0.000155061534945973	0	0.000114255867854928	0	0	0.000791629941566285	0	0	0	0	0.000408056670910456	0	0.000204028335455228	0.0100953220383247	0	0.00106094734436719	0.00108543074462181	0.00335422583488395	0.000301961936473737	0.000163222668364182	0	0.000318284203310156	0.000171383801782392	0	0	0	0	0.00100381941043972	0	0.000685535207129566	0	0.0174974700486404	0	0.00545163712336369	0.705676884405706	0	0	0.00327261450070186	0.000195867202037019	0.000669212940293148	0.000326445336728365	0.000807952208402703	0	0	0.000530473672183593	0.000301961936473737	0.0051007083863807	0	0.0244589168543727	0	0	0.000244834002546274	0.000399895537492247	0.0119234159240035	0	0	0.000644729540038521	0	0	0	0.00123233114614958	0	0	0	0.00230960075735318	0.000171383801782392	0	0.000163222668364182	0	0.00763882087944374	0.00335422583488395
ERR9830932	0	0	0.000101700948361343	4.23753951505598e-05	0	0	0	0	0.00211876975752799	0.00710211622723382	0	0.00190689278177519	5.93255532107837e-05	0.00477994457298314	0	0	0	0	0	0	0	0	0	0	0	0	0	0.000135601264481791	3.39003161204478e-05	0.000500029662776605	0.000144076343511903	0.00167806564796217	0	0	0	0.00188994262371497	0.0119329112743976	0	0.00128821201257702	0.0131872229708542	0.000711906638529404	0.041409236141127	0	0	0	0	0.000118651106421567	0.00792419889315468	0.000881408219131643	0	0	0	0	0	8.47507903011196e-05	0	0	0	0	0	0	0	0.010822675921453	0	0	0	0	0	0.000144076343511903	0	5.93255532107837e-05	0	0.000847507903011196	0.000237302212843135	0	0.00305950352987042	0	0	0	0.000101700948361343	0	0.000313577924114142	0	0	0	0.00422906443602587	0.000508504741806717	8.47507903011196e-05	5.93255532107837e-05	0.000152551422542015	0.00038985363538515	0.000135601264481791	0	0.00154246438348038	0.000262727449933471	0	0	0	0.000796657428830524	0.00180519183341385	0.000322053003144254	0.00344935716525557	0	0.0654530353495546	0.00043222903053571	0.000194926817692575	0.000406803793445374	0	0	0.00073733187561974	0	0	0	0	0.00184756722856441	0.000991584246523099	0.000398328714415262	0.00327985558465333	0	0.00142381327705881	0.00122888645936623	0.0119329112743976	0.000364428398294814	0.000593255532107837	0	0.000296627766053918	0	0.00339850669107489	0.000186451738662463	0.000762757112710076	7.62757112710076e-05	0.00245777291873247	0	0	0	0.0302899324536201	0	0.000923783614282203	0.62301153458256	0	0.000135601264481791	0	0	0.00069495648046918	0.0026950751315756	0.00420363919893553	0	0	0.000500029662776605	0.000144076343511903	0.0236624206520726	0.00272050036866594	0.0694786978888578	0	0	0.000644106006288509	0.000237302212843135	0.00783944810285356	0	0	0.00122888645936623	0	0	0	0.00105938487876399	0	0	0	0.00174586628020306	0.000601730611137949	0	0	0	0.00436466570050766	0
ERR9830933	0	0	0	0	0	0.000116482990247785	1.94138317079642e-05	0	0.00223259064641588	0.00158546292281708	0.000181195762607666	0	3.88276634159284e-05	0.00264675238951912	0	0	0	0	0	0	0	0	0	0	0	0	0	0	0	0	0	0.00452342278795566	0	0.000614771337418866	0	0.000220023426023594	0	0	0	0.000465931960991141	0.000116482990247785	0.00637420807744825	0	0	0	0	0	0.00208375126998816	0.00132661183337755	0	0	0.000563001119530962	0	0	0	0	0	0	0	0	0	0	0.027121122896026	0	0	0	0	0	0.000465931960991141	7.76553268318568e-05	0.0004335755748112	0	0.00297678752855451	0.00097069158539821	0	0.00110658840735396	0	0	0	0	3.23563861799403e-05	0	0	0	0	0.00546175798717393	0.000381805356923296	0	0	0	0.000297678752855451	0	0	0.0132855321654835	0.000847737317914437	0	0	0	0	0.000239437257731558	0	0.00201256722039229	0	0.081894013421429	0	0	0	2.58851089439523e-05	0	0.000834794763442461	0	0	0	0	0.000517702178879045	0.000498288347171081	7.76553268318568e-05	0.00485345792699105	0	0.000841266040678449	0.000608300060182878	0.003255052449702	0.000660070278070783	0.000524173456115033	0	8.41266040678449e-05	0	0.000660070278070783	0	0.000226494703259582	0	0	0	0	0	0.0457389875039637	0	0	0.654699117964913	0	0	0	0	0.000821852208970485	0.00269205133017104	0.00152722142769318	0	0	0.000342977693507368	0.000116482990247785	0.00700839324657508	0.000129425544719761	0.096512628697526	0	0	0.000459460683755153	0.000116482990247785	0.00438105468876392	8.41266040678449e-05	0	0	8.41266040678449e-05	7.11840495958687e-05	0	0.00297031625131852	0.000271793643911499	0	0	0.00429692808469608	0.00100304797157815	0	0	0	0.00229083214153978	0
ERR9830934	0	0	0	0	0.000200232269432542	0	0	0	0.00451952836719166	0.00647036276366299	0.000114418439675738	0	6.2930141821656e-05	0.00645319999771163	0	0	0	0	0	0	0.000102976595708164	0	0	0	0	0	0	0.000291767021173132	0	0.000366139006962362	0	0.00374148297739664	0	0	0	0.000411906382832657	0.00447948191330515	0.00016590673752982	3.43255319027214e-05	0.00917063794001041	0	0.00785482588373942	0	0	1.71627659513607e-05	0	4.00464538865084e-05	0.0159041631149276	0.00245427553104458	0	0	0.000429069148784018	0	0.000337534397043427	6.86510638054429e-05	0.000143023049594673	0	0	0	0	6.86510638054429e-05	0	0.121941452084418	0	1.71627659513607e-05	0	0	0	0.000543487588459756	0.000125860283643312	0.000177348581497394	0	0.00153892801363868	0.00142450957396294	0	0	0	0	0	3.43255319027214e-05	0	0.000234557801335263	0	0	0	0	0.000635022340200347	0	4.57673758702953e-05	0.000137302127610886	0.00101832411311407	0.000120139361659525	0	0.00108125425493573	0	0	0	0	0.00229408971549855	0.00688226914649565	0	0.00574952659370584	5.14882978540822e-05	0.0419915673609959	0.000125860283643312	0	8.58138297568036e-05	5.14882978540822e-05	0	0.00110985886485466	0	0	0	0	0.00109841702088709	0	0.000474836524654313	0.00072083616995715	0	0.00094395212732484	0.00121283546056282	0.0027517634742015	0.00161329999942791	0.00108125425493573	0	0	0	0	0	0	0	0.000326092553075854	0	0	0	0.0120825872297579	0	0	0.606555032409023	0	0.000549208510443543	0.00040618546084887	0	0.000669347872103068	0.000966835815259987	0.00167623014124956	0	0	0.000783766311778806	9.72556737243774e-05	0.0105493801381031	0	0.00760882623843659	0	0	0.000371859928946149	0.000577813120362478	0.0114933322654279	0	0	0.00986286950004863	0.000463394680686739	5.72092198378691e-05	3.43255319027214e-05	0.00320943723290445	0.000514882978540822	0	0	0.0636738616795483	0.00137874219809264	0	7.43719857892298e-05	0	0.00479985354439722	0
ERR9830935	1.67172363064938e-05	0	0.00379481264157409	0.00830846644432742	0.00045972399842858	0.000994675560236382	0	8.35861815324691e-05	0.000735558397485728	0.000743917015638975	0.0556098865735517	0	0.0050068122737949	0.00502352951010139	0	0	0	0	0	0.000225682690137666	0	0.000200606835677926	0.00196427526601302	0	0.000317627489823382	0	0.000234041308290913	0	0.00651972215953259	0.000484799852888321	0.00035106196243637	0.0162407950717587	0	0.000317627489823382	0.000660330834106506	0	0	0	0	0.000225682690137666	0	0.00254101991858706	0.0167757466335665	4.17930907662345e-05	0.000284193017210395	0.000225682690137666	0.000167172363064938	0.0209801315646497	0.00756454942868845	0	0.000342703344283123	0.000234041308290913	0.00035106196243637	0.00114513068699483	2.50758544597407e-05	0	5.01517089194814e-05	0	0	0	0	0	0.086494980649799	0.000175530981218185	0	0	5.85103270727283e-05	0	0.0043130469670754	0.000443006762122086	0.000668689452259752	0	0.0144687680232704	0	0	0.000117020654145457	0.00198099250231952	0.0045972399842858	1.67172363064938e-05	0	4.17930907662345e-05	0.00455544689351956	2.50758544597407e-05	0.000158813744911691	2.50758544597407e-05	0.015638974564725	0.0464404824594398	0.00120364101406755	6.68689452259752e-05	0.00407064704063124	0.00603492230664427	0.000576744652574036	0	0.00132066166821301	0.0354238237334604	0	0	0	0.0356745822780578	0.0731546260772169	0.000927806615010407	0.00487307438334295	0.000476441234735074	0.0535285906533932	0.000409572289509098	0.00168844086695587	0.0014794754131247	0.00290879911732992	0	0.00155470297650392	0.000208965453831173	0.000275834399057148	0	0	0.000367779198742864	0.004062288422478	0	0.00555848107190919	0	0.00427961249446242	0.000718841161179234	0.00228190275583641	0.0022986199921429	0.00179710290294808	0.00113677206884158	3.34344726129876e-05	0.00407064704063124	0.0163745329622107	0.004739336492891	0.00261624748196628	0.000284193017210395	0.000284193017210395	0.00035106196243637	0	0	0.015638974564725	0.000309268871670136	0	0.000718841161179234	0.00764813561022092	0.000518234325501308	0	0	0.00193919941155328	0.002031144211239	0.00123707548668054	0	0	0.00682063241304947	0	0.0368447888195124	0.000167172363064938	0.0138251544254704	0.000175530981218185	0	0.000468082616581827	0.00150455126758444	0.0341616723923201	0	0.0835778229143158	0	0.0120447687588288	0.00235713031921563	0.000936165233163653	0.104758561314643	0.0026914750453455	0	0.0110918862893586	0.0334093967585279	0.000560027416267543	0	0.0017636684303351	0.00010866203599221	0.00611014987002349	0
ERR9830936	0	0	0	0	0	0	0.000176890964409538	0.000129720040566995	0.00969362484964268	0.0094695629613906	0.0479846222788273	0.00150946956296139	0	0.00110851671029977	0	0	0	0.0040449067194981	2.35854619212717e-05	0.000117927309606359	0	0	0	0.000577843817071157	0.000448123776504163	0	0	0	0	0.000719356588598788	0	0.0210971956885776	0	0.000153305502488266	0.000188683695370174	0	3.53781928819076e-05	0	0.00068397839571688	0.00687516215005071	0	0.00800726432227175	0	0	0	0.00142692044623694	0	0	7.07563857638152e-05	0.000978796669732777	0	7.07563857638152e-05	0	0	0	0	0	0.000117927309606359	0.000129720040566995	0	0.000459916507464799	0	0.159638199014128	0.000259440081133989	7.07563857638152e-05	0	0	0.000613222009953065	0	0.00189862968466237	0	0.000742942050520059	0	0	0	0	0	0	0	0	0	0	0	9.43418476850869e-05	0	0.0237859383476025	0	0.00385622302412793	0	0	0	0.00088445482204769	0	0	0	0	0	0	0	0	0	0	0	0.212941342956202	0	0	0	0.000943418476850869	0	0	0	0	0	0	0	0	0	0	0	0.272588976155098	0	0	0	0.0141394844218024	0	0	0	0.00661572206891672	0.000778320243401967	0.000259440081133989	0	0.00566051086110521	0.000306611004976532	0	0	0	0	0	0.00188683695370174	0	0	0	0	0.00134437132951249	0.00761810420057077	0.000837283898205146	0.0164154814972051	0	0.00458737234368735	0	0.0184202457605132	0	0.00199297153234746	0	0.0030896955116866	0.0037500884454822	0	0.0397532960683035	0	0	0	0	0	0	0.0731149319559424	0.000389160121700984	0	0	0	0.000601429278992429	0	0	0	0.00382084483124602	0
ERR9830937	0	0	0	0	0	0	0	0	0.00165740337111305	0.00932686718977042	0.00025882737576286	0.000372348154606219	9.5357454228422e-05	0.00341016419645452	0	0	0	1.81633246149375e-05	3.6326649229875e-05	0	0	0	0	0	0.000517654751525719	0	0	0	0	0.0011488302818948	0	0.0596756030223772	0	0	0.0018753632664923	0	0	0.00469521941296135	5.44899738448126e-05	0	0.000249745713455391	0	0	0	0	0	0.00133500435919791	6.35716361522813e-05	0.00457261697181052	0	0	1.36224934612031e-05	0	0.00176638331880267	0.000108979947689625	0.000136224934612031	0	0	9.08166230746876e-05	0	0	0	0.173373474280732	0	0	0	0	0	0.00405950305143854	0.000349643998837547	0.00103985033420517	0	0.00728803400174368	0.00375526736413833	0	0	0	0	0	0	7.71941296134844e-05	0.000136224934612031	0	0	1.81633246149375e-05	0.000154388259226969	0.000154388259226969	0	0	0	0.000118061609997094	4.54083115373438e-05	0	0.000744696309212438	0	0	0	0	0.000504032258064516	0.00161653589072944	0	0.00212056814879396	0	0.0298514240046498	0.000204337401918047	2.72449869224063e-05	0	0	9.08166230746876e-06	0.000812808776518454	0	0	0	0	0.000590308049985469	0	0	0.00290613193839	0	0.000195255739610578	0.00103530950305144	0.00412761551874455	0.00118515693112467	0.000785563789596048	0	0.000349643998837547	0	0.00151209677419355	5.90308049985469e-05	0.000140765765765766	0.000286072362685266	0.00120332025573961	4.99491426910782e-05	0	0	0.0190215417029933	0	0	0.610065206335368	0	0	0	0.000190714908456844	0.000276990700377797	0.000690206335367626	0.00123056524266202	0	0	0.000172551583841906	0.000295154024992735	0.00569874309793665	0	0.0172733217088056	0	0	0.000572144725370532	0	0.00228403807032839	0	0	0	1.36224934612031e-05	0	0	0.00274266201685557	0.000136224934612031	0	0	0.00103530950305144	0.00215689479802383	0	0	0	0.003777971519907	0
ERR9830938	0	0	0	0	7.28908511568819e-05	0.00124955744840369	0.00028115042589083	0.000385280213257805	0.00547722681550284	0.00108294978861653	0.000291563404627528	0.0012183185121936	0	0.00480038319761751	0.000197846595997251	0	7.28908511568819e-05	0.000135368723577066	2.08259574733948e-05	0.000135368723577066	0	0	0	0	0.000437345106941292	0.000260324468417435	0.00137451319324406	0	0.000760147447778912	0.0135889372513901	0	0.00489410000624779	0.00708082554095425	0	0.000270737447154133	5.20648936834871e-05	0	0	0.000260324468417435	0.000104129787366974	0	0.00276985234396151	0.000208259574733948	0	0.000416519149467897	0	0.0146718870400067	0	0.00468584043151384	0	0	3.12389362100923e-05	0.0052273153258221	0.00757023554157902	8.33038298935794e-05	6.24778724201845e-05	0.000260324468417435	0.000104129787366974	0.00111418872482662	0	0	7.28908511568819e-05	0.269592019493096	8.33038298935794e-05	0.000104129787366974	0	0	0	0.019409792365204	0.00113501468230002	0	0	0.00561259553907991	0	0.000104129787366974	0	0	0	0	0.000114542766103672	0	0	0	0	0	0.000177020638523856	0.00130162234208718	0.00113501468230002	0.000208259574733948	0.000760147447778912	0	0.000812212341462399	0	0.0572401441156257	0.00677884915759002	0	0.00622696128454506	0	0.00159318574671471	0.00661224149780286	0	0.00641439490180561	0	0.0390174313264052	0.000583126809255056	0.000822625320199096	0.000614365745465148	7.28908511568819e-05	0.000416519149467897	0.000510235958098174	5.20648936834871e-05	0	0	0	0.0019992919174459	0	0.000385280213257805	0.0209300872607618	0.000947581065039465	0.000916342128829373	0.00188474915134223	0.0427973426078264	0.00359247766416061	0.0151196451256847	0.0048420351125643	0.000343628298311015	0	0.00559176958160651	0	0	0.000135368723577066	0.0172022408730241	0.000760147447778912	0.000853864256409188	0	7.28908511568819e-05	0	0.00105171085240644	0.0040298227711019	0	0	0	0	0.00611241851844138	0.00130162234208718	0.00398817085615511	0.00064560468167524	0	0.00212424766228627	0.000801799362725701	0.00980902596996897	0.00782014703125976	0.102432471832893	0	0.000510235958098174	0.00192640106628902	0.000343628298311015	0.0229397921569444	0	0	0	0.00594581085865423	0.00101005893745965	0.000739321490305517	0.161692733823438	0.00339463106816336	0.00728908511568819	0	0.0107461940562717	0.000718495532832122	0	0.000249911489680738	0	0.0147135389549535	0
ERR9830939	0	0	0	0	0	0	7.6240577141169e-05	8.57706492838151e-05	0.000781465915696982	0.000581334400701413	0.000209661587138215	0.00285902164279384	2.85902164279384e-05	0.00124843945068664	4.76503607132306e-05	0	0	0	0	5.71804328558767e-05	0	0	0	0	0.000371672813563199	0.000162011226424984	0.000219191659280861	0	4.76503607132306e-05	0.000619454689271998	0.000181071370710276	0.00390732957848491	0.000133421009997046	0	0	0	0.00126749959497193	0.000838646348552859	0.000133421009997046	0.00129608981139987	0	0.00261123976708504	0	0	0	0	8.57706492838151e-05	0.003554716909207	0.00383108900134374	2.85902164279384e-05	0	0.000819586204267566	0	0.000181071370710276	4.76503607132306e-05	0	4.76503607132306e-05	0.000152481154282338	4.76503607132306e-05	0	0.000800526059982274	0	0.0909073581687013	0.000257311947851445	0	0	0	0	0.00177259341853218	0.000266842019994091	0.000676635122127875	0	0.00251593904565858	0.00292573214779236	0.000162011226424984	0	0	0	0	0	0	0	0	0	0	0.000190601442852922	0.000571804328558767	0.000390732957848491	0	0	0.000200131514995569	0.000104830793569107	0	0.00046697353498966	0	0	0	0	0.00169635284139101	0.00206802565495421	0	0.000848176420695505	0	0.0410841410069474	0	3.81202885705845e-05	0	0	0	0.000924416997836674	0	0	0	0	0.000447913390704368	0	0	0.00210614594352479	0	0.000657574977842582	0.000314492380707322	0.011607627869743	0.00117219887354547	0	0	0	0	0.00790995987839628	0	0	0	0.00211567601566744	0.000152481154282338	0.00573710342987296	0	0.0358330712563494	0	0.000285902164279384	0.696400491751723	0	0.000562274256416121	0	0	0.000714755410698459	0.000724285482841105	0.00124843945068664	0.000247781875708799	0	0	0.000152481154282338	0.0093394706997932	0	0.0335458539421143	0	0	0.000914886925694027	3.81202885705845e-05	0.00383108900134374	0	0	0.000162011226424984	0	0	0	0.00112454851283224	9.53007214264612e-05	0	0	0.00210614594352479	0.00162964233639249	0	0	0	0.00339270568278202	0
ERR9830940	0	0	0	0.00336859710158647	0.00141212852736295	0	0	5.52229033046963e-05	0.000899344425247911	0.000599562950165274	0.00019722465465963	0	0	0.00100190124567092	0	0.000102556820423007	0	0.0173242136653019	0	3.94449309319259e-05	0	0	0.000260336544150711	0	0.00638218982478562	0	0	0	0	0	0	0	3.15559447455407e-05	0	0.000134112765168548	0	0	0	0	0	0	0.00276114516523482	9.46678342366223e-05	0	0.000110445806609393	0	0.000118334792795778	0.00293470286133529	9.46678342366223e-05	0	9.46678342366223e-05	0.000181446682286859	0	0.000149890737541319	5.52229033046963e-05	0.00829921346807722	7.88898618638519e-05	0	0	0	0	0	0.00797576503443542	0	0	0	0	0	0.000804676591011289	0.000102556820423007	0	0	0.00205902539464653	0.000433894240251185	0	0	0	0	0	7.10008756774667e-05	0	0.00109656907990754	0	0	0	0.00308459359887661	0.0194542399356259	0.00669774927224102	0.000102556820423007	0	0.00118334792795778	7.88898618638519e-05	0	0.00728153425003353	0.0118650352243233	0	0	0	0.020337806388501	0.0236590695729692	0	0.00972711996781294	0	0.0210320371729029	0.000583784977792504	0.0173715475824202	0	0.000102556820423007	0.000449672212623956	0.00372360147997381	0.000402338295505645	0	0	4.73339171183111e-05	0.00113601401083947	0.000126223778982163	0.000702119770588282	0.0118413682657642	0.000875677466688756	0.000859899494315985	0.00062322990872443	0.000355004378387333	0.000355004378387333	0.00380249134183766	0	0	0	0.00726575627766076	0.00273747820667566	0.00863843987409178	0	0.000173557696100474	0	0	0	0.0224599436726386	0	0	0.625257378174331	0	3.94449309319259e-05	0	0	0.00236669585591556	0.00297414779226722	0.00182235580905498	0	0	0	0.000568007005419733	0.00232725092498363	0.000244558571777941	0.00616918719775322	0	0	4.73339171183111e-05	0.000205113640846015	0.00930900369993452	0	0	0.0143421768868483	0.00119912590033055	0.000244558571777941	0.000134112765168548	0.0324395111984159	0.00627174401817622	0	0.000844121521943215	0.0158489732484478	0.000473339171183111	0	5.52229033046963e-05	0	0.00835443637138191	0
ERR9830941	4.59597545749106e-05	0	0	0	0.00130219304628913	0	6.89396318623659e-05	1.53199181916369e-05	0.018475821339114	0.000214478854682916	0.000176179059203824	0.000199158936491279	0	0	0	0	0	0	0	0.00101877455974385	0	0	0	0	0.00160093145102605	0	0.0106167033068043	0.010042206374618	0.00834935541444209	4.59597545749106e-05	0	0.00516281243058162	0	0	0.00930685030141939	0	0	0	0.000543857095803108	0	0	0	0.00551517054898927	0	0	0	0	0	0	0.00230564768784135	0	0	0	0	0	0	5.3619713670729e-05	0	0.000490237382132379	0	0.0015396517782595	0	0.186251905414825	0.00024511869106619	0	0	0.000857915418731664	0.0177940849795862	0	0	0	9.19195091498211e-05	0.0309692146243939	0	0	0	0	0.00395253889344231	1.53199181916369e-05	0	0	0.0012868731280975	0	0	2.29798772874553e-05	0.00068173635952784	0	0	6.12796727665474e-05	0.000130219304628913	0	0.000582156891282201	0	0.0116967575393147	0.0312066733563643	0.00014553922282055	0	0	0.000689396318623659	0.0274609533585091	0	0.0201150525856192	0.0012868731280975	0.0706478027407334	0.000934515009689848	0	0	0.0103562646975465	0.00389891917977158	0	0	0	0	0	0.00276524523359045	0	9.95794682456396e-05	0.00345464155221411	0	0.00801997717332189	0.0127997916491126	0.0111452404844158	0.00135581275995986	0.00785911803230971	0	3.82997954790921e-05	0.00155497169645114	0.00287248466093191	0.000566836973090564	0.000283418486545282	0	0.0104788240430796	0.00104941439612712	0	0	0	0	0	0.000689396318623659	0	0	0	0	0.0031176033519981	0.0109920413024994	0.00150135198278041	0.00289546453821937	0	0.000995794682456396	0	0.0250327463251346	0.000199158936491279	0.0260898206803576	0.000107239427341458	0	0.0411416403036408	0.000130219304628913	0.0710231407364285	0	0	0	0.00206818895587098	0.000674076400432022	0	0.206841875464385	0.00836467533263372	0	0	0.00596710813564256	0.0231713762648507	0.000252778650162008	0	0	0.00592880834016346	0
ERR9830942	0	3.21522731657128e-05	2.14348487771419e-05	9.64568194971384e-05	0	0	5.35871219428547e-05	0.000300087882879986	0.0258182753520674	0.00777013268171393	0.000160761365828564	7.50219707199966e-05	0.000192913638994277	0.00751291449638823	0.000139326517051422	0	0	0	0	0	0	0	0	0	0.00887402739373674	0	0	0	0.000171478790217135	0.0025078773069256	7.50219707199966e-05	0.00326881443851414	0	0	0	0	0.000889546224251388	0	6.43045463314256e-05	0.00011789166827428	8.57393951085675e-05	0.00314020534585129	0	0	0.00152187426317707	0	8.57393951085675e-05	0.0114033395494395	0.00312948792146271	0	0	0	0	0	0.000900263648639959	0	0	0.00011789166827428	0	9.64568194971384e-05	0.000621610614537114	0	0.00451203566758836	0.000235783336548561	0	0	0	0	0.00355818489700555	0	0.00314020534585129	0	0.00308661822390843	0	0	0.000632328038925685	0	0.000182196214605706	0	0.00011789166827428	0.000385827277988554	0.000417979551154267	0	0	0	0.00113604698518852	0.00198272351188562	0.00131824319979423	0	0.00100743789252567	0.00148972199001136	0.000278653034102844	0	0.00365464171650269	0.000600175765759973	0.000182196214605706	0	7.50219707199966e-05	0.00683771675990826	0.0503718946262834	0.00143613486806851	0.00128609092662851	0.00011789166827428	0.0616359076586715	0.000996720468137097	0.00518723340406833	0.00022506591215999	0.000171478790217135	0.000321522731657128	0.00118963410713137	0.000407262126765696	4.28696975542838e-05	0	0	0.000396544702377125	0.000267935609714273	0.000267935609714273	0.0052729727991769	0.00351531519945127	0.00587314856493687	0.00120035153151995	0.0118213191005937	0.00079308940475425	0	0	0.00068591516086854	0	0.00363320686772555	0.000514436370651405	0.00157546138511993	0	0.000718067434034253	7.50219707199966e-05	0	0	0.0313163140634043	0	0	0.560081881122329	0	0	0	0.000139326517051422	0.000471566673097121	0.00136111289734851	0.00105030759007995	0	0	0.000632328038925685	0.000471566673097121	0.0173407926607078	0	0.0368143527747412	0	0	0	0.000364392429211412	0.00563736522838831	0	0.000128609092662851	0.0127430175980108	0	0	0.000246500760937132	0.000975285619359955	0.000493001521874263	0	0.0322808822583757	0.0176515979679763	0.000332240156045699	0	0.000300087882879986	0	0.0050907765845712	0
ERR9830943	0.000299760191846523	0	0.000874300559552358	0.000649480415667466	0	0	0	0	0	0	0	0.000124900079936051	0	0	4.99600319744205e-05	0	0	0	0	0	0	0	0.000174860111910472	0	4.99600319744205e-05	0	0	0	0	0	0	0.00402178257394085	0	0	0	0	0.00152378097521982	0	0	0.00919264588329336	0	0.00532074340527578	0	0	0	0	0	0.0286270983213429	0.0217575939248601	0	0	0	0	0.00287270183852918	0.000249800159872102	0.00334732214228617	0	0	0	0	0	0	0.0114408473221423	0	0	0	0	0	0.000899280575539568	0	0.000224820143884892	0	0.00107414068745004	0.000349720223820943	0	0.0165867306155076	0	0	0	0	0.000274780175859313	0.00164868105515588	0	0	0	0.00519584332533973	0.00534572342126299	0.000324740207833733	0.000199840127897682	0.000249800159872102	0.0075689448441247	0.000474620303756994	0	0.0140387689848122	0.0360211830535572	0	0	0	0.0075689448441247	0.00931754596322942	0.00497102318145484	0.0111161071143086	0	0.216476818545164	0.000274780175859313	0	0.000974220623501199	0	0	0.000374700239808153	0	0	0	0	0.00274780175859313	9.99200639488409e-05	0	0.00779376498800959	0	0.00192346123101519	0.00247302158273381	0.00177358113509193	0.00522082334132694	0.00189848121502798	0	0	0	0.00119904076738609	0	0	0	0	0	0	0	0.00986710631494804	0.000124900079936051	0	0.453761990407674	0	0	0	0	0.000974220623501199	0.00327238209432454	0.00104916067146283	0	0	0.00569544364508393	0.000199840127897682	0.00337230215827338	0.00127398081534772	0.0122651878497202	0	0	0.00104916067146283	0.000824340527577938	0.0319994004796163	0	0	0.000224820143884892	0.000149880095923261	0	0	0.000799360511590727	0.000774380495603517	0	0	0.00204836131095124	0.000499600319744205	0	0	0	0.0125149880095923	0
ERR9830944	2.28440890919475e-05	0	0	0.000342661336379212	0.000883304778221968	0.00172092137826004	4.56881781838949e-05	0	0.00371597182562345	0.00103559870550162	0	0.000670093280030459	0.00577193984389872	0.0064801066057491	0	0.000205596801827527	0	0.000312202550923282	4.56881781838949e-05	0	0.000616790405482581	0	0	0	0.00276413478012564	0	9.13763563677898e-05	0	0.00135541595278888	0.000129449838187702	0.000175138016371597	0.0466247858366648	0.00018275271273558	0.00140871882733676	3.04587854559299e-05	0	0	0	8.37616600038073e-05	0	0.000373120121835142	0.01130020940415	0.00178945364553588	0	0.000784313725490196	0.00027412906910337	7.61469636398249e-05	0.0283190557776509	0.00474395583476109	0	4.56881781838949e-05	0.00281743765467352	0	0.0134551684751571	2.28440890919475e-05	0.0107214924804873	0.000418808300019037	0	6.09175709118599e-05	0	0.00229963830192271	7.61469636398249e-05	0.0890538739767752	0.000555872834570721	6.09175709118599e-05	0	0	0	0.00731772320578717	0.000662478583666476	0.000639634494574529	0	0.0163639824861984	0.00265752903102989	0	0.000129449838187702	0	0.00592423377117837	0	0.000144679230915667	0.004782029316581	0.00423377117837426	0.00455358842566153	0	0	0.00124881020369313	0.0280677707976394	0.00296973158195317	0.000129449838187702	0.0104854368932039	0.00909194745859509	0.000411193603655054	0	0.0141633352370074	0.00801066057490958	0	0	0	0.0394441271654293	0.103483723586522	0.000487340567294879	0.00974681134589758	7.61469636398249e-05	0.0341671425851894	0.00108128688368551	0.0014772510946126	0.00375404530744337	0.000738625547306301	0.000822387207310108	0.00878735960403579	0.000525414049114792	0	5.33028745478774e-05	2.28440890919475e-05	0.000548258138206739	0.000388349514563107	0.000205596801827527	0.0113839710641538	0	0.000654863887302494	0.00664762992575671	0.000845231296402056	0.000365505425471159	0.00390633923472302	0.00012183514182372	0	0.00298496097468113	0.00327431943651247	0.0029545021892252	0.000989910527317723	0	0.00306110793832096	0	0.00169046259280411	0	0.0533714068151532	0.000319817247287264	0.0630725299828669	0.111151722825052	0.00781267846944603	0	0	0.000167523320007615	0.00114220445459737	0.000555872834570721	0.00202550923281934	0	0	0.000228440890919475	0.000479725870930897	0.00395964210927089	0.000304587854559299	0.0112621359223301	0	0	0.00527698458023986	0.000434037692747002	0.0143993908242909	3.04587854559299e-05	0.0131810394060537	0.0344184275652008	0.000175138016371597	0.000647249190938511	0.00121073672187322	0.0292099752522368	0	0	0.0106834189986674	0.00542166381115553	0.000647249190938511	0.000479725870930897	0.0105006662859318	0	0.00708928231486769	0.00169807728916809
ERR9830945	0.000148251863443561	0	0	0.000140015648807808	0.000131779434172055	0.00204258122966684	6.58897170860273e-05	4.1181073178767e-05	0.000593007453774245	0.00134250298562781	0.138376642095293	0.00199316394185232	0	0.00599596425482848	0	6.58897170860273e-05	0	0.00305563562986451	0.000214141580529589	1.64724292715068e-05	0	0	0	0	0	0	0.000164724292715068	0	0.000271795082979862	0.00347568257628794	0	0.00140015648807808	0.000568298809866985	0.00198492772721657	4.1181073178767e-05	0	0.000848330107482601	0	0.00220730552238191	0.000790676605032327	5.76535024502739e-05	0.00406869003006218	0.020475229584483	0	0.000238850224436849	0	5.76535024502739e-05	0.0418564427788988	0.00603714532800725	0	9.05983609932875e-05	0.000156488078079315	0	4.94172878145204e-05	0	0.00564180702549108	4.1181073178767e-05	0	0.000148251863443561	0	0.000551826380595478	0.000156488078079315	0.0361158011777787	0	0	0	0	6.58897170860273e-05	0.00346744636165218	0.000527117736688218	0.00621010583535807	5.76535024502739e-05	0.00223201416628917	0	7.41259317217807e-05	0	0	0.00111188897582671	0	0.000214141580529589	0	0.000477700448873698	0	0	0	0.00837623028456122	0.0262076349709673	0.000494172878145204	0.000271795082979862	0.000601243668409999	0.00700901865502615	0.000955400897747395	0	0.0065230819915167	0.00593831075237821	0	0	0	0.0318164971379154	0.0694148169501297	0	0.00209199851748137	0	0.00988345756290409	0.000617716097681506	0.000757731746489313	0.000428283161059177	0.000205905365893835	0.000485936663509451	0.00238026602973273	0.000181196721986575	0.00041181073178767	7.41259317217807e-05	4.94172878145204e-05	0.00077420417576082	0	0.000280031297615616	0.00847506486019026	0	0.00136721162953507	0.000271795082979862	0.0159782563933616	0.00140015648807808	0.0115801177778693	0.00328624963966561	0.00102952682946918	0.000148251863443561	0.00263558868344109	0	0	0	0.0118683852901207	0.00168842400032945	0	0	0.0122719598072726	0	0	0.237557138739036	0.00148251863443561	8.23621463575341e-05	0	4.94172878145204e-05	0	0.0107647325289297	0.000938928468475889	0.00156488078079315	0	0.00240497467364	0	0.0104435201581353	0.000222377795165342	0.0055512086644978	0	0	4.1181073178767e-05	0.000222377795165342	0.00688547543548985	0	0	0.00257793518099082	9.05983609932875e-05	0.000123543219536301	0.000485936663509451	0.0102046699336985	0.000428283161059177	9.05983609932875e-05	0.0916361240373924	0.0523164353663056	0.0061524523329078	0	0.000107070790264794	9.05983609932875e-05	0.0129967466952189	9.88345756290409e-05
ERR9830946	0.00370213090299328	7.62203421204499e-05	0.00781802937749758	0.0619780267642287	0.00156796132362068	0.00406145537298969	0	0	0.00358235607966115	0.00140463201907686	0.0144927536231884	0.00261326887270114	0.00423567329783643	0.00163329304543821	0	0.000163329304543821	0	0.0152767342849987	0	0	0	0.00109975065059506	0.000555319635448992	0.00666383562538791	0.0033536950532998	0	0.00361502194056991	0	0.00233016474482518	0.000195995165452585	0	0.00150262960180316	0.000119774823332136	0	0.000620651357266521	0	0.000250438266967193	0	0.000337547229390564	0.00105619616938338	0	0.00173129062816451	0.00344080401572317	0	0.00348435849693485	0	7.62203421204499e-05	0.0143838674201592	0.00102353030847461	0	0.000130663443635057	0.00120863685362428	0.000315769988784721	0.000555319635448992	0	0.000195995165452585	0	0	0	0	0.00194906303422293	0	0.0350178028941953	7.62203421204499e-05	0	0	0	4.35544812116857e-05	0.000511765154237307	0.000272215507573035	0.000108886203029214	0	0.0211021461470617	0.000174217924846743	0	0.0723113274317011	0.00185106545149664	0.00131752305665349	3.26658609087643e-05	0	0.00162240442513529	0.0041158984745043	0.00132841167695641	0	0.000533542394843149	0.00803580178355601	0.0976709241172051	0.00155707270331776	0	0.00199261751543462	0.00525920360631104	0.000250438266967193	0.0001524406842409	0.00738248456538072	0.0275046548851795	0	0	0.000141552063937978	0.0137741046831956	0.0603229564781846	0.00226483302300765	0.0084386807347641	0.00779625213689173	0.00143729787998563	0.00533542394843149	0.0035605788390553	0.00108886203029214	0.000337547229390564	0.000435544812116857	0	8.71089624233713e-05	0.00022866102636135	0	5.44431015146071e-05	8.71089624233713e-05	0.00175306786877035	0.000370213090299328	0.00454055466631823	0.000315769988784721	0.00321214298936182	0	0	0.000620651357266521	0.00105619616938338	0.00207972647785799	0.000435544812116857	0	0.00446433432419778	0.00219950130119013	0.000413767571511014	0	0.00223216716209889	0	0	0	0.0921830594845327	0.000195995165452585	0.00393079192935463	0.00394168054965755	0	0.00142640925968271	0.00924443863718028	0.000718648939992814	0.00219950130119013	0.000163329304543821	0.000598874116660678	0	0.000272215507573035	0	0	0.00156796132362068	0	0.00577096876054835	0.000261326887270114	0	0.00822090832870567	0.000337547229390564	0.0108886203029214	0	0	0.000805757902416185	0.0220712333540217	0.00267860059451867	0.00204706061694923	0.19851043674256	0.0108559544420127	0.0102788575659578	0.000609762736963599	0.000108886203029214	0.000794869282113263	0.000969087206960006	0	0	0.0137087729613781	0.00252615991027777
ERR9830947	0	0	0	0	0.000123691401198682	0	0	0	7.87127098537068e-05	6.7468037017463e-05	0	0.000112446728362438	0	0.00447537978882504	0	0	0	0.00149554148722043	0	0	0	0	0	0	0.000224893456724877	0	0	0	0	0.00248507269680989	0	0.0395025356737246	0.00600465529455421	0.000179914765379901	0	0	0.00532997492437957	0.00014618074687117	0	0.0223319202527802	0	0.0102776309723269	0	0	0.000652191024502142	0	0	0.0090294722875038	0.00481271997391236	0	0	0	0	0.00113571195646063	4.49786913449753e-05	0.00268747680786228	0	0	0	0	0	0	0.0966254736818432	0.000123691401198682	0	0	0	0	0.00209150914754135	0.00116944597496936	0.00175416896245404	0	0.00648817622651269	0.00699418650414366	0	0.0171706154209443	0.00105699924660692	0	0	0.000303606166578583	5.62233641812191e-05	0.000832105789882043	0	0	0	0.00076463775286458	0.00802869640507809	0.00355331661625305	0.000134936074034926	4.49786913449753e-05	0.00473400726405865	0	0	0.01134587489177	0	0	0	0	0.0115033003114774	0.0197906241917891	0	0.00489143268376607	0	0.109286975295454	0.000112446728362438	0.00566731510946689	0.00038231887643229	0	0.000753393080028337	0.000607212333157167	5.62233641812191e-05	0.000191159438216145	0	0	0	0	0.000359829530759803	0.0109410666696652	0	0.00526250688736211	0.00113571195646063	0.0119643318977634	0.00201279643768765	0.000550988968975948	0	0.00104575457377068	0	0.0101426948982919	0	0.000449786913449753	0	0.000371074203596046	0.00121442466631433	0	0	0.00214773251172257	0.000247382802397364	0	0.361808593178981	0	0	0.00129313737616804	0.00170919027110906	0.00158549886991038	0.0014618074687117	0.0021814665302313	0	0	0.00158549886991038	0.000461031586285997	0.00387941212850412	0	0.0560097153973305	0	0	0.00107948859227941	0.000753393080028337	0.0218259099751493	0.000438542240613509	0	0	0.00237262596844745	0	0.000123691401198682	0.0238724404313456	0.000573478314648435	0.00332842315952817	0	0.0267060979860791	0.00183288167230774	0	0	0	0.00955797191080725	0
ERR9830948	0.000239365603934862	0.000138986479704113	0	0	0.000579110332100472	0	0	6.17717687573837e-05	0.00291871607378638	0.00130492861499973	0.000154429421893459	0	8.49361820414025e-05	0.00365225582778031	0	0.000200758248461497	0	0.00799944405408118	0	0	0	0	0.000532781505532434	0.000177593835177478	0.00120454949076898	0	0.00137442185485179	0	0.000432402381301686	0	0	0.00880247704792717	3.08858843786918e-05	0	0.0044552888216263	0	0	0	0	3.86073554733648e-05	0	0.000602274745384491	0.0135434603000564	0	0.00143619362360917	0.000146707950798786	0.00232416279949656	0	0	0	7.72147109467296e-05	3.86073554733648e-05	0	0	7.72147109467296e-05	0	0	3.86073554733648e-05	0	0	0	0	0.116354847925627	0	0	0	0.000115822066420094	0.000370630612544302	0.00600730451165556	0.000648603571952528	0	0.000764425638372623	0.0047409832521292	0	0	5.40502976627107e-05	0	0.0023704916260646	6.94932398520566e-05	0.000223922661745516	0	0.00143619362360917	0	0	0	0.00409237968017667	0.0203537978055579	0.00299593078473311	0.000347466199260283	0.000540502976627107	0.00119682801967431	0.0027411222386089	0	0.0482669158128007	0.0136438394242871	9.26576531360755e-05	0	0.000270251488313553	0.0403678508829502	0.0307855052544611	0	0.0175817896825703	0.000177593835177478	0.164953786995498	0.000949740944644774	0.00760564902825286	0.000455566794585704	0.0016832806986387	0.00096518388683412	0.00136670038375711	0.000138986479704113	6.94932398520566e-05	0	0	0.000779868580561969	0.000316580314881591	0.000409237968017667	0.00559806654363789	0.00418503733331274	0.0317352461991059	0.00118138507748496	0.0161764819433398	0.00572161008115266	0.0171339443590793	0.000154429421893459	0.000525060034437761	0.00500351326934808	0.00582198920538341	0.00254808546124208	0.00194581071585759	0.000378352083638975	0.000301137372692245	0.00200758248461497	0	0.00860171879946567	0.00906500706514605	0.00312719579334255	0	0.00075670416727795	0	0	0	0	0.00152885127674525	0.00321213197538395	0.00163695187207067	0	0.000185315306272151	0.00170644511192272	0.000146707950798786	0.00874070527916979	0	0.106100734311901	0	0.000123543537514767	0.0047409832521292	0.00223922661745516	0.0456725015249905	0.000478731207869723	0.00448617470600499	0	0.00948968797535306	0.00132037155718908	0.000401516496922994	0.112192975005598	0.00241682045263264	0.0109413245411516	0	0.00298048784254376	0.00104239859778085	0.00107328448215954	0	0	0.00620034128902238	0
ERR9830949	0	0	3.41800880479068e-05	2.73440704383254e-05	0	0	0	0	0.00196193705394985	0.0239260616335348	7.5196193705395e-05	0.00205764130048399	0	0.00426567498837877	0	0	0	0	0	2.73440704383254e-05	0	1.36720352191627e-05	7.5196193705395e-05	0	0.000205080528287441	0	0	0.0023857701457439	0	0.000211916545897022	0	0.00633698832408192	0	0	0	0	0.000984386535779716	0	0.000492193267889858	0.00280276721992836	0	0.00181838068414864	0	0	0	0	0.00117579502884799	0	0	0	0	0	0	0.00444341144622789	0	0	0	0	4.78521232670695e-05	0	0	0	0.0523980749774411	5.46881408766509e-05	1.36720352191627e-05	0	0	0	0.0015039238741079	0	0	0	0.00315824013562659	0	0	0.00391020207268054	0	0	0	3.41800880479068e-05	0	7.5196193705395e-05	0	0	2.73440704383254e-05	0.00275491509666129	0.00101173060621804	0.000786142025101857	0	8.88682289245577e-05	0.00025293265155451	3.41800880479068e-05	0	0.00129200732821088	0.00775887998687485	0	0	0	0.000998058570998879	0.000799814060321019	0.000116212299362883	0.0138976238002789	0	0.128715375570807	0.000170900440239534	0	0.000314456810040743	0	0	0.000266604686773673	0	0	0	0	0.00181838068414864	0	0	0.00326078039977031	0.0004033250389653	0.00386918596702305	0.00149025183888874	0.0160167892592491	0.00274124306144213	0.0016884963495666	0	1.36720352191627e-05	0	0.00382816986136556	0	0.000164064422629953	0	0.00288479943124333	0	0	0	0	0	0	0.55438052008422	8.20322113149763e-05	0.000458013179841951	0	0	0.00194142900112111	0.00244729430423013	0.00240627819857264	0	0	0.00122364715211506	0.000191408493068278	0.0566569139482103	0.00203713324765525	0.0409614175166115	0	0	0.000464849197451533	4.10161056574882e-05	0.00545514205244593	0.000375980968526975	0	0	0.000246096633944929	0	0	0.00855185802958628	0.000362308933307812	6.15241584862323e-05	0	0.00366410543873561	0.00118263104645758	0	0.000123048316972465	1.36720352191627e-05	0.00468950808017281	0
ERR9830950	0	0	0.00554048265029273	0.00391260888190775	0	0.00225617592460374	0	0	0.0412394687990861	0.0122518920462659	0.00414108239326003	0	0.000542624589461659	0.000314151078109382	0	0	0	0.021419391689276	0	0	0.000199914322433243	0.000142795944595173	0.00171355133514208	0.000342710267028416	0.00048550621162359	0	0	0.000456947022704555	0.000199914322433243	0.00474082536055976	0	0.0868199343138655	0.0175067828073683	0.000142795944595173	0	0	0	0	0	0.000799657289732972	0	0.00134228187919463	0.000542624589461659	0.00459802941596459	0.000371269455947451	0	0	0.0117949450235613	0.00579751535056404	0	0	0.00102813080108525	0	0	0	0.000171355133514208	0.00259888619163216	0	5.71183778380694e-05	0.000285591889190347	0.00154219620162787	0	0.0918177923746966	0.000942453234328145	0	0.000114236755676139	0	0	0.00462658860488362	0.000199914322433243	0.000771098100813937	0	0.00368413537055548	0	0	0.0400399828644867	0.00539768670569756	0	0	0	0.00462658860488362	0.00217049835784664	0	0	0	0.00237041268027988	0.0703412823075825	0.000742538911894902	0	0.00142795944595173	0.0182207625303441	0.000285591889190347	5.71183778380694e-05	0.00602598886191632	0.140311295159217	0.000599742967299729	0.00048550621162359	0.000314151078109382	0.0430101385120663	0.0689704412394688	0	0.000742538911894902	0.00194202484649436	0.0126517206911324	0.000828216478652006	0.0214765100671141	0.00165643295730401	0.00219905754676567	0	0	0	0	0.000171355133514208	0	0	0.000171355133514208	0	0.00922461802084821	0	0.0035413394259603	0.0180494073968299	0.0013137226902756	0.00137084106811367	0.00108524917892332	0.00254176781379409	8.56775667571041e-05	0	0.00708267885192061	0.00134228187919463	0	0.00751106668570613	0.00231329430244181	0.00294159645866057	0	0	0.00785377695273454	0	0.000713979722975867	0.00157075539054691	0	0	0	0.0027988005140654	0.00228473511352278	0.000342710267028416	0	0	0	0.000799657289732972	0.00134228187919463	0.00257032700271312	0.000771098100813937	0.00268456375838926	0	0	0.0136512923032986	0.000942453234328145	0.032129087533914	0.00125660431243753	0.000428387833785521	0.00554048265029273	0.000771098100813937	0	0	0.0161645009281736	0.00048550621162359	0.0013137226902756	0.00574039697272597	0.00225617592460374	0	0.00402684563758389	0	0	0.0322718834785092	0.0161930601170927
ERR9830951	0	0	0	0	9.55221346013012e-05	0	0	0.000159203557668835	0.00046699710249525	0.000233498551247625	0	8.49085640900455e-05	0	0	5.30678525562785e-05	0	0	0	0	0	0	0	0.000360861397382694	0	0.00117810632674938	0.000265339262781392	0	0	0	0	0	0.00169817128180091	5.30678525562785e-05	0	0	0	0.00141160487799701	0	0	0	0	0.0020590326791836	0	0	0.000127362846135068	0	0	0.041053290737537	0.01166431399187	0	0	0	0	0.102420955433617	0.00262155191628016	0.00262155191628016	0	3.18407115337671e-05	0	0	0	0.00022288498073637	0.0990246128700156	0	2.12271410225114e-05	0	0	0	0.0121100839533427	0.000849085640900455	0.00542353453125166	0	0.00495653742875641	0.0234029229773188	9.55221346013012e-05	0	0	0	0	0	3.18407115337671e-05	0.000137976416646324	0	0	5.30678525562785e-05	0.000955221346013012	0.00118871989726064	0.00076417707681041	0.000159203557668835	0.000180430698691347	0.00141160487799701	0	0	7.42949935787898e-05	0.00515819526847027	0	0	0	0.00560396522994301	0.014360160901729	0.000658041371697853	0.00170878485231217	0	0.0432715269743895	0.000307793544826415	0.00212271410225114	0.000180430698691347	6.36814230675341e-05	0.00014858998715758	0.000350247826871438	0	0	0	0	0.00046699710249525	0	0.000106135705112557	0.00528555811460533	0.000636814230675342	0.00225007694838621	0.0015814220061771	0.00431972319808107	0.0010295163395918	0.00627262017215211	0	0.000275952833292648	0	0.0248463685668496	0	0.000774790647321665	0	0.000700495653742876	0.000392702108916461	0	0	0.00697311582589499	5.30678525562785e-05	0	0.509737950944077	0	0.000604973519141574	0	7.42949935787898e-05	0.000392702108916461	0.000339634256360182	0.000849085640900455	0	0	0.000180430698691347	0	0.0010295163395918	0.000413929249938972	0.0183084091319161	0	0	0	0	0.00182553412793598	0	0	0.0096052813126864	2.12271410225114e-05	0	0	0.00101890276908055	0	0	0	0.00330082042900052	0.000212271410225114	0	0	6.36814230675341e-05	0.00239866693554379	0
ERR9830952	0	0.000105271681917564	0	4.04891084298324e-05	0.00041298890598429	0	7.28803951736983e-05	0.000105271681917564	0.000591140983075553	0.000186249898777229	0	3.23912867438659e-05	0	0.0028504332334602	0	0	4.85869301157989e-05	0	0	2.42934650578994e-05	0	0	0.000485869301157989	0	0.000898858207142279	0.00016195643371933	0	0	0	0	0	0	0	0	0	0	0	0	0	6.47825734877318e-05	0	0.0110130374929144	0	0	0	0	0.000453478014414123	0.0113207547169811	0.00518260587901854	0	0	2.42934650578994e-05	0	0	0.000882662563770346	0.000105271681917564	4.04891084298324e-05	6.47825734877318e-05	0.000170054255405296	0	0.000380597619240424	0	0.0822252813993036	0	0	0	0	0	0.0284557454044862	0.0015709774070775	0.00400032391286744	0	0.00300429184549356	0	0	0	0	0	0	0.000680217021621184	0	0.00208114017329338	0	0	0	0.000915053850514212	0.0378654142035792	0.000113369503603531	0.00013766296866143	0	0.00595189893918536	0.000251032472264961	0	0.00115798850109321	0.0412341080249413	0	0	0	0.0233217264555834	0.0572273058547251	0.00215402056846708	0.0112559721434934	6.47825734877318e-05	0.0713499068750506	0.00133614057818447	0.064482954085351	0.000583043161389586	0.000485869301157989	0.0012794558263827	0.00214592274678112	0.000736901773422949	0	0.00016195643371933	5.66847518017653e-05	0.00167624908899506	0.00252652036602154	0.000623532269819419	0.0132237428131833	0.00112559721434934	0.0114098307555268	0.00253461818770751	0.00659162685237671	0.00157907522876346	0.0205117823305531	0.00246983561421977	0.00098793424568791	0	0.0305935703295813	0.00116608632277917	0.00288282452020407	0	0	0.000340108510810592	0	0	0.0257429751396874	0	0	0.182055227143898	0	0.00121467325289497	0	0.0014009231516722	0.000793586525224715	0.0014009231516722	0.00485059518989392	0	0	2.42934650578994e-05	0.000242934650578994	0.0551461656814317	0	0.00682646368126974	0	0	0.00183010770102842	0.000801684346910681	0.0116932545145356	0.000761195238480849	0	0.0153858612033363	0.00227548789375658	0	0.000583043161389586	0.0151510243744433	0.00166815126730909	0	0.0644181715118633	0.0114584176856426	0.000631630091505385	0	0.00016195643371933	0	0.0111749939266337	5.66847518017653e-05
ERR9830953	0	0	0	0	0.000240302781504696	0.00040050463584116	6.0075695376174e-05	0	0	0.0108636882471915	0.0145583435128262	0.000250315397400725	0.00127160221879568	0.00287362076216032	0	0.00020025231792058	0	0.0060776578488896	0	0	8.0100927168232e-05	0	0	0	0	0	0	0.000130164006648377	7.0088311272203e-05	0	0	0.000841059735266436	0	0.000110138774856319	0	0.000170214470232493	0.00204257364278992	0.0110038648697359	0.000290365860984841	0.00302381000060076	0	0.00427538698760438	0.000120151390752348	0	0.00010012615896029	0	0	0.0444159641147846	0.00787992871017482	3.0037847688087e-05	0	3.0037847688087e-05	0	0	0	0.0289564851713159	0	0	0	0	0	0	0.0678955483909726	0	0	0	0	0	0.002072611490478	0	0.00104131205318702	0.000190239702024551	0.00782986563069468	0.000280353245088812	0	0.00575725414021667	0	0.000180227086128522	0	4.0050463584116e-05	0.00989246450527665	0.00101127420549893	0	0	0	0.00142179145723612	0.000891122814746581	0.00050063079480145	0	0.00274345675551195	0.0050063079480145	0.000160201854336464	0	0.00246310351042313	0.00744938622664557	0	0	0	0.00116146344393936	0.013116526823798	0	0.0440154594789435	0	0.0808218355127461	0.000831047119370407	0.00298375953701664	0.00010012615896029	0	9.0113543064261e-05	0.00203256102689389	0	0	0	0	0.00141177884134009	0.000330416324568957	0.000851072351162465	0.0140477001021287	0.00755952500150189	0.00344433986823397	0.00442557622604482	0.00346436510002603	0.00232292688787873	0.000360454172257044	0.00328413801389751	0.000650820033241885	0.000280353245088812	0	0	0	0	0.00726915914051705	0.00316398662314516	0	0	0.0123755932474918	0.00348439033181809	0	0.271842521577187	0	0.000440555099425276	0	0	0.0103830826841821	0.00294370907343252	0.00297374692112061	0	0	0.00315397400724913	0	0.078398782465907	0.00101127420549893	0.0396299337164828	0	0	0.00050063079480145	0.000680857880929972	0.0574523900114144	0.00797004225323908	0	0	0.00155195546388449	0.000620782185553798	0.000780984039890262	0.01449826781745	0.00110138774856319	0	0.000210264933816609	0.0244808458657909	0.00185233394076536	0	0.000180227086128522	0	0.00626789755091415	0
ERR9830954	0	0.000130837249364894	0	0.00563690482680419	0.00264945429963911	0.00186443080344974	0	9.81279370236706e-05	0.000119934145251153	0.00186443080344974	0.136114351755945	0.000152643457592377	0	0.0022242332392032	0	0.000425221060435906	0	0.0363618522193268	0	0	0	0.000447027268663388	0.000174449665819859	0.000785023496189365	0	0.000109031041137412	0	0.000109031041137412	0.000196255874047341	0.00317280329709868	0	0.000675992455051953	0.0001853527699336	0	0	0	0.00117753524428405	0.00027257760284353	0.000119934145251153	0	0	0.0064328314271073	0	0	0.00147191905535506	0	0.000119934145251153	0.078480543410709	0.0202470643392174	5.45155205687059e-05	0.000141740353478635	6.54186246824471e-05	0	0	0	0.0525965742446875	9.81279370236706e-05	0	0	0	0	0.000109031041137412	0.079450919676832	0.000327093123412235	5.45155205687059e-05	0	9.81279370236706e-05	0.000174449665819859	0.00918041366377008	0.000850442120871812	0.00184262459522226	0	0.00448117579074763	0	0	0	0	0	0	0	0	0.00246410152970551	0	0	0	0.00565871103503167	0.0352933480161802	0.00306377225596127	0	0.00273667913254904	0.0119170927963191	0.000348899331639718	0	0.00521168376636828	0.0256222946672918	0.000119934145251153	0	0.000130837249364894	0.0368088794879902	0.0522040624965928	0	0.0137706204956551	0	0.0420641756708135	0.000337996227525977	0.0116663214017031	0.000316190019298494	0.000109031041137412	0.00227874875977191	0.000719604871506918	0.0012974693895352	0	9.81279370236706e-05	0	0.00114482593194282	0	0.000130837249364894	0.0077848163372112	0.00189714011579097	0.00432853233315525	0.00594219174198894	0.0061166414078088	0.00459020683188504	0.0106632358232389	0.000785023496189365	0.000566961413914541	0	0.00848261500049064	0	0.000109031041137412	2.18062082274824e-05	0.00783933185777991	0.00248590773793299	0.000468833476890871	0	0.0166272337734553	0	0	0.075111484239563	0.00293293500659638	0.00330364054646358	0	0	0.00396872989740179	0.00433943543726899	0.00210429909395205	0	0	0.00244229532147802	0	0.00206068667749708	0.00342357469171473	0.00991092163939073	0.000207158978161082	0	0.000414317956322165	0.000708701767393177	0.0247064339217375	0	0	0	0.00322731881766739	0.000196255874047341	0.000697798663279436	0.0341485220842374	0.00379428023158193	0	0.000621476934483247	0.00840629327169445	0.00257313257084292	0.000196255874047341	0.000163546561706118	0	0.02477185254642	0
ERR9830955	0	0	0.0014235612325452	0.00860607472402324	0.00126826364354027	0.00147532709554684	0	0	0.00880019671027941	0.00208357598581615	0.042266827140842	7.76487945024653e-05	0.00870960645002653	0.000672956219021366	0	0.000194121986256163	0	0.000647073287520545	0	0	0	0.00467186913589833	0	0	0.00014235612325452	0	0	0.00353302014986217	6.47073287520545e-05	0.00110002458878493	0	0.00846371860076872	0	0	0.000944726999779995	0	0.000375302506761916	0	0	0.00117767338328739	0	0.00254946875283095	0.000698839150522188	0	0.000595307424518901	0	0	0.0103790555318295	0.00120355631478821	0.00014235612325452	0	0.00121649778053862	0	9.05902602528762e-05	0.00014235612325452	0.000349419575261094	0.00086707820527753	0	0	0	0.000815312342275886	0	0.342651188673629	0.000207063452006574	0	0	0	0	0.0101202262168213	0	0.000634131821770134	0	0.0384749776759716	0	0	0.0421244710175874	0	9.05902602528762e-05	0	2.58829315008218e-05	0	0.00751899160098873	0	0	0	0.015905061407255	0.0169792030645391	0	0.000245887849257807	0.00192827839681122	0.0085543088610216	0	0.000168239054755342	0.00265300047883423	0.00280829806783916	0	0.00419303490313313	0	0.0165391932290251	0.036158455306648	0	0.0023812296980756	0.000815312342275886	0.0151932807909824	0.00276947367058793	0.00210945891731698	0.00166944908180301	0.000970609931280817	0.000103531726003287	0.000970609931280817	0.000168239054755342	0	0.000103531726003287	0.000207063452006574	0.000155297589004931	0	0	0.00671662072446325	0.000452951301264381	0.0160215345990087	0.000569424493018079	0.00232946383507396	0.000660014753270955	0.00376596653336957	0.000491775698515614	0	0	0.00647073287520545	0.000349419575261094	0.00028471224650904	0	0.00139767830104438	0.00254946875283095	0	0	0.00604366450544189	0	0.0134979487776786	0.0152579881197344	0	0.000905902602528762	0	0.000983551397031228	0.00106120019153369	0.000996492862781639	0.000789429410775064	0.00138473683529397	0	0	0.000245887849257807	0.0022518150405715	0.00125532217778986	0.00495658138240737	0	0	0.0103402311345783	0.000375302506761916	0.025637043651564	0	0	0	0.0142226708597016	0.0021353418488178	0.00310595178009861	0.0908879139651357	0.0123849827231432	0.0331948596498039	0	0.00375302506761916	0	0.00468481060164874	0.000660014753270955	0	0.0114143727918624	0.00416715197163231
ERR9830956	0	0	0	0.0113365155131265	0.000526463568721044	0.000210585427488418	0	0	0.0016612850390753	0.000479666807056952	0.000152089475408302	0	0.000397772474144789	0.00184847208573167	3.50975712480696e-05	0.000175487856240348	0	0.0324067574523843	0	0	0	0	0	0	0.00948804342739482	0	0	0	0.000163788665824325	0.000187187046656371	0	0.0176891759090271	0	4.67967616640928e-05	0.000152089475408302	0	0.000561561139969114	8.18943329121625e-05	0	0.00094763442369788	0	0.00164958584865927	0	0	8.18943329121625e-05	0.000257382189152511	0.00150919556366699	0	0	0	5.84959520801161e-05	0	0	0.0433922972530301	0.00134540689784267	0	0.000163788665824325	0	0.000116991904160232	0	0.000128691094576255	0	0.204279563854181	0	0	0.000608357901633207	0	0	0.00270251298610136	0.000128691094576255	0	0	0.00314708222191024	0	0	0.000596658711217184	0.00212925265571622	0.000725349805793439	0	0	0	0.00263231784360522	0	0	0	0.0424446628293322	0.0372619214750339	0.00101782956619402	0.000561561139969114	0.00369694417146333	0.00497215592680986	0.00094763442369788	8.18943329121625e-05	0.0135593616921709	0.0139688333567317	0	0.00437549721559268	0	0.0295755533717067	0.0239014460199354	0	0.0178880621460995	0.000304178950816604	0.0770859656511769	0.000713650615377416	0.00341616360147878	0.000269081379568534	0.000924236042865834	0.000198886237072395	0.00238663484486874	0.000222284617904441	0	9.35935233281857e-05	0	0.000222284617904441	0	0.000386073283728766	0.00287800084234171	0.000842341709953671	0.00429360288268052	0.000877439281201741	0.0517572184004867	0.00319387898357434	0.00149749637325097	0.000386073283728766	0.000760447377041509	0.000526463568721044	0.0233983808320464	0.00739388834292667	0.00618887173007628	0	0.000386073283728766	0.00032757733164865	0.000596658711217184	0	0	0.000339276522064673	0	0.00116991904160232	0	0.000666853853713323	0	0	0.00212925265571622	0.00142730123075483	0.00238663484486874	0	0	0.000854040900369694	0.000737048996209462	0.00513594459263419	0.00136880527867472	0.0299031307033553	0.000233983808320464	7.01951424961393e-05	0.00407131826477608	0.00104122794702607	0.0167532406757452	0.00029247976040058	0	0	0.0109855398006458	0.000643455472881277	0.00467967616640928	0.128386915625439	0.00507744864055407	0.006551546632973	0.0157939070616313	0.025200056156114	0.000386073283728766	0.00091253685244981	0	0	0.00281950489026159	0
ERR9830957	0	0	0	0	4.10805836729328e-05	0.000879124490600762	2.46483502037597e-05	3.28644669383463e-05	0	0.00777244643091889	0.100450243197055	0.000829827790193243	0	0.00248948337057973	0	0	2.46483502037597e-05	0	0	0	0	0	0.000345076902852636	0	0.000706586039174445	0	0	0.00254699618772184	4.10805836729328e-05	0.00999901406599185	0	0.00234980938609176	0	0	0	0	0.000246483502037597	0.0011009596424346	0.00142960431181806	4.10805836729328e-05	0.000123241751018798	0.00202938083344288	0.000994150124884974	0.000295780202445116	8.21611673458657e-05	0	0.00171716839752859	0.00687688970684895	0.0106645195214934	0	0	9.03772840804522e-05	0.0022019192848692	4.10805836729328e-05	0.00023826738530301	0.00714802155909031	0	0	0.000213619035099251	0	0.000936637307742868	0	0.0467086236361246	0.000131457867753385	0	0	0	0	0.00927599579334823	0.000164322334691731	0.00257164453792559	0	0.0100400946496648	0.000427238070198501	0.000205402918364664	5.7512817142106e-05	0	0.000312212435914289	0	0	0.000402589719994742	0.00028756408571053	0	4.92967004075194e-05	0	0.00179111344813987	0.00300709872485868	0	0	0.00026291573550677	0.00155284606283686	0.000402589719994742	0	0.016990929407125	0.0198994347311687	0	0.0012817142105955	8.21611673458657e-05	0.0123570395688182	0.0217891415801236	0.00136387537794137	0.00482286052320231	0	0.129642105955041	0.000402589719994742	0.00314677270934665	0	0	0.000180754568160904	0.00246483502037597	4.10805836729328e-05	0	0	0	0.00186505849875115	0	0.000205402918364664	0.00706586039174445	0.000591560404890233	0.0019554357828316	0.00174181674773235	0.0323550677008019	0.00174181674773235	0.00313855659261207	0.000205402918364664	0.000821611673458657	0.00100236624161956	0.00476534770606021	0.00300709872485868	0.00281812803996319	0	0.0232598264756146	0.00851189693703168	0	0.000476534770606021	0.00352471407913764	0.00230051268568424	0	0.269611870645458	0.00244018667017221	0.000123241751018798	0	8.21611673458657e-05	0.00167608781385566	0.00216083870119627	0.00131457867753385	0	0	0.00176646509793611	0	0.00621138425134744	0.00401768108321283	0.0580797291967924	0	0	0.000583344288155646	0.000320428552648876	0.0119298014986197	0	0.00103523070855791	0.0136469698961483	0.000271131852241357	0	0.000723018272643618	0.00500361509136322	0.000361509136321809	0	0.0472755356908111	0.00493788615748653	0.000747666622847377	0	0	0	0.00714802155909031	5.7512817142106e-05
ERR9830958	0	0	0.00413635188536396	0.0124706085115288	0.00206817594268198	0.00425945759623789	0	0	0.0955300316381677	0.000381627703709175	0.00331154362250865	0.000504733414583102	0	0.000332385419359604	0	6.15528554369637e-05	0	0.0185643411997883	0	0	0.000529354556757888	0	0.00160037424136106	8.61739976117492e-05	0	0	0.00276987849466337	0.000196969137398284	0.00700471494872647	0.00027083256392264	0	0.00281912077901294	0.00232669793551723	0.000147726853048713	0.00151420024374931	0	0.000332385419359604	0	0.00201893365833241	0	0	0.00400093560340264	0.0311211237089289	0	0.00290529477662469	0	0.000480112272408317	0.0147603747337839	0.00376703475274218	0	0.000209279708485677	0.00638918639435683	0	0.00120643596656449	4.9242284349571e-05	9.8484568699142e-05	0	0	0	0	0.00166192709679802	0	0.0519629205598848	4.9242284349571e-05	0	0	0.000147726853048713	0	0.00294222648988687	0.000406248845883961	0.000504733414583102	0.000750944836330957	0.012975341926112	0.00168654823897281	0	0.000172347995223498	0	0.0067831246691534	0	9.8484568699142e-05	0	0.00416097302753875	4.9242284349571e-05	0	0	0.00129260996417624	0.100552744641824	0.000123105710873927	0.000369317132621782	0.00773103864288264	0.00413635188536396	0.000480112272408317	2.46211421747855e-05	0.0015265108148367	0.00988538858317637	0	0.000812497691767921	0	0.0234885696347454	0.0261845847028844	0.000640149696544423	0.00257290935726508	0.000517043985670495	0.0182073346382539	0.000455491130233532	0.00076325540741835	0.00258521992835248	0.000209279708485677	0.000701702551981386	0.00140340510396277	0	0	0	8.61739976117492e-05	0.00035700656153439	0	0.00013541628196132	0.00663539781610469	0	0.0127291305043641	0.00789107606701875	0.00208048651376937	0	0.00157575309918627	0	2.46211421747855e-05	0.00464108529994706	0.000209279708485677	0	0.000184658566310891	0	0.112506309167682	0	0	0	0.0721645677142963	0	0	0.00302840048749861	0	0.000295453706097426	0	0.000332385419359604	0.000283143135010033	0.00124336767982667	0.000147726853048713	0	0.000221590279573069	0.000467801701320924	0.000714013123068779	0.00656153438958033	0	0.00221590279573069	0.000332385419359604	0	0.00870357375878667	0.000147726853048713	0.00651229210523076	0	0.050497962600485	0	0.0373133409658874	0.00232669793551723	0.000935603402641849	0.0741219485171917	0.0470879344092772	0.00717706294394997	0.000541665127845281	0.00448104787581096	0.000209279708485677	0.000295453706097426	0.00285605249227512	0	0.00248673535965333	0
ERR9830959	0	0	0	0	0	0	0	0	0.00878706907880328	0.00138420430154628	0	0	0	0.00519514652415787	0	0	0	0	0	0	0	0	0	0	0	7.8847080467826e-05	0.000166454947654299	0.00065705900389855	0	0.000438039335932367	0	0.000166454947654299	0	0.000140172587498357	0	0.000770949231240965	0.00182224363747865	0	0.000227780454684831	0.0259582110473521	0	0.0031276008585571	0.000122651014061063	0	0	0.000420517762495072	0.0139909763896798	0	0	0.000648298217179903	0	3.50431468745893e-05	0	5.2564720311884e-05	0	0	0	0	0	0	0.000245302028122125	0	0.217574138157607	0	0	0	0	0.000613255070305313	0	0	0	0	0	0	0	0.00219019667966183	0	0	0	0	0	0	0	0	0	0.000183976521091594	0	0.00194489465153971	0	0	0	5.2564720311884e-05	0	0	0.0119935170178282	0	0	0	0	0	0	0.00694730386788734	0	0.129939988610977	0	0	0	0.00110385912654956	0	0	0	0	0	0	0.0123439484865741	0	0	0.000122651014061063	0	0	0.0100486223662885	0.0245126812387752	0	0.000227780454684831	0	0	4.38039335932367e-05	0.000797231591396907	0	0	0	0.0127469446756319	0	0	0	0	0	0	0.000735906084366376	0	0	0	0	0.0145341451662359	0.00261947522887555	0	0.00228656533356695	0	0	0.00135792194139034	0.0163388672302773	0	0.0772964212186254	0	0	0.000770949231240965	0	0.0248893950676771	0	0	0	0	0	0	0.352507775198213	0.00153313767576328	0	0	0	0.000613255070305313	0	0	0	0.00666695869289062	2.6282360155942e-05
ERR9830960	0	0	0	0	0.000130962047198722	0	0	0	0	0	0	0	0	0.00627308206081877	0	0	0	0	0	0	0	0	0.000288116503837188	0	0	0	0	0	0	0	0	0.000956022944550669	0	0	2.61924094397444e-05	0	0.00161083318054428	0.000798868487912203	0	0.00145367872390581	0.000183346866078211	0.00459676785667514	0	0	0	0	0.000130962047198722	0.015676157049687	0.00654810235993609	0	0	0	0	0.000405982346316038	0.000235731684957699	0.0984310746745593	0	0	0	0	9.16734330391053e-05	0	0.0325178763194426	0	0	0	0	0	0.00161083318054428	0.000275020299117316	0.00108698499174939	0	0.00726839361952906	0	0	0	0	0	0	3.92886141596165e-05	0	0.00030121270855706	0	0	0	0.00707195054873098	0.00119175462950837	0	0.000157154456638466	0	0.00120485083422824	0.000144058251918594	0	0.00136200529086671	0.000392886141596165	0	0	0	0.00515990465962964	0.0140784200738626	0.00108698499174939	0.00666596820241494	0	0.276893056392258	0.000851253306791692	0	0.000484559574635271	0.000144058251918594	0.000170250661358338	0.00167631420414364	6.54810235993609e-05	0	0	0	0.00209539275517955	0.000144058251918594	0.00041907855103591	0.00671835302129443	0.000759579873752586	0.00102150396815003	0.00478011472275335	0.00233112444013725	0.00125723565310773	0.00125723565310773	0	0.000523848188794887	0	0.00416459310091935	0	0	0	0.000445270960475654	0	0	0	0.00902328505199193	0	0.00440032478587705	0.336978443647031	0	0.00083815710207182	0	0.000445270960475654	0.00115246601534875	0.0024489902826161	0.00157154456638466	0	0	0.00272401058173341	0.000445270960475654	0.0117080070195657	0.00030121270855706	0.071819586683779	0	0	0.00312999292804945	0.000288116503837188	0.00690169988737264	0	0	0	0.00168941040886351	5.23848188794887e-05	0	0.00233112444013725	0.000288116503837188	0.000235731684957699	0	0.00610283139946044	0.00172869902302313	0	0.000157154456638466	0	0.00758270253280599	0
ERR9830961	0	0	3.64097553871267e-05	0	9.70926810323379e-05	0.000424780479516478	2.42731702580845e-05	6.67512182097323e-05	0.000491531697726211	0	0.138138611938759	0.000115297558725901	0	0.000837424373903915	6.67512182097323e-05	4.8546340516169e-05	2.42731702580845e-05	0	0	5.46146330806901e-05	0	0	0	0	0	6.67512182097323e-05	0	4.8546340516169e-05	0	0.00064930730440376	0	0.000455121942339084	0	0	1.21365851290422e-05	0	0.000279141457967972	0.00092238046980721	0	0.00236663410016324	0.000121365851290422	0.00135929753445273	0	0	0.000503668282855253	0	8.49560959032957e-05	0.0931907689133508	0.00180228289166277	0	0	0	6.06829256452112e-05	0.000339824383613183	0.00160202923703358	0.000709990230048971	0	0	0.000169912191806591	6.06829256452112e-05	0.000358029261306746	0	0.0405422626235656	0.000127434143854944	0	0	0	0	0.0266519409433768	0.00185082923217894	0.00486677063674594	0	0.00322226335176072	0.00456335600851988	0	0	0.000242731702580845	0	0	0.000194185362064676	0	0.00105588290622668	0	0	0	0.00135929753445273	0.00371986334205145	0.0163783216316425	9.10243884678168e-05	0.00122579509803327	0.00516411697240747	0	0	0.00225740483400186	0.00653555109198925	0	0	0	0.0161355899290617	0.0275621848280549	0.000521873160548816	0.00214817556784048	0	0.0460522722721508	0.000315551213355098	0.00342858529895443	0	9.70926810323379e-05	0.000103160973596859	0.0012075902203397	0.00100126827314598	0	0	0	0.00205108288680814	0.000351960968742225	0	0.00436917064645521	0.0060622242719566	0.00103160973596859	0.00190544386525963	0.0030462828673896	0.00169305362550139	0.00222099507861473	0.000200253654629197	0.000819219496210351	0	0.00944833152295938	8.49560959032957e-05	0.000479395112597169	0	0.00021845853232276	0.00081315120364583	0.000491531697726211	0	0.00663264377302158	1.21365851290422e-05	0	0.454666820396745	0	0.000139570728983986	0	0.000254868287709887	0.000600760963887591	0.000952721932629816	0.000782809740823225	0	0	0.000928448762371732	0.000127434143854944	0.00702708278971546	0.00110442924674284	0.00523086819061721	0	0	0.000479395112597169	0.000236663410016324	0.00514591209471391	0.000321619505919619	0	0.00433276089106808	3.64097553871267e-05	0.000224526824887281	0	0.00288850726071205	0.000139570728983986	0	0	0.00431455601337452	0.000449053649774563	0	0.000139570728983986	0	0.0033314926179221	0
ERR9830962	0	0	0	0	5.98035453535137e-05	0	0	1.99345151178379e-05	0.000114623461927568	0.000129574348265946	0.108269335233757	0.000144525234604325	0	0.00404670656892109	0	0	0	0	0	0	0	0	0	0	0	0	0	0	0	0.000174427007281082	0	0.00619465057286813	0	9.96725755891895e-06	0	8.97053180302706e-05	0.000328919499444325	0	0	0.0174227662129903	0	0.00545208988472867	0	0	0	0	6.97708029124327e-05	0.0244596500495871	0.0160024320108444	0	0	0	0	0	3.98690302356758e-05	0	1.99345151178379e-05	0	0	0	0	0	0.0626691319017029	6.47871741329732e-05	0	2.99017726767569e-05	0	0	0.00363306538022596	0	0.00109141470270163	0	0.00682258779908002	0.000403673931136218	0	0.0170589613120898	0	0	0	9.468894680973e-05	0	0.000174427007281082	0	0	0	0.00283070114673298	0.00185390990595893	0.0013156779977773	8.47216892508111e-05	7.47544316918921e-05	0.000109639833148108	0.000119607090707027	0	0.00907020437861625	0.00340381845637082	0	0	0	0.00262637236677514	0.00235227278390487	0.00028406684042919	0.0077595100096184	3.48854014562163e-05	0.0928549714188889	6.47871741329732e-05	0	0.000508330135504867	0	7.47544316918921e-05	0.000249181438972974	0	0	0	0	0.00147515411872	5.48199165740542e-05	0.000114623461927568	0.0108593271104422	0	0.00111134921781946	0.00390716496309623	0.00956856725656219	0.00100170938467135	0.000897053180302706	0	0.000328919499444325	1.49508863383784e-05	0.00371778706947677	0.000543215536961083	0.000443542961371893	0	0.0087562357655103	0.000279083211649731	0	0	0.00134557977045406	0	0.00503346506725407	0.423797824147675	0	0.00047344473404865	0	0.000254165067752433	0.0019436152239892	0.00251673253362704	0.00146020323238163	0	0	0.00161469572454487	0.000368788529680001	0.00995230667258057	0.000627937226211894	0.0776399527551992	0	0	0.00116118550561406	0.000199345151178379	0.0117165112605092	0	0	0	9.468894680973e-05	7.47544316918921e-05	0	0.00439556058348326	0.000588068195976218	0	0	0.0016844665274573	0.000513313764284326	0	5.98035453535137e-05	0	0.00864659593236219	0
ERR9830963	0	0	0	0	0	0	0	0	0	0	0	0	0	0.00208815395902703	0	0.00079011230882104	0	0	0	0	0	0	0.00146735143066764	0	0.00115695016648795	0	0	0.000253964670692477	0.000169309780461651	0.00190473503019358	0	0.00139680568880862	4.23274451154128e-05	0	0	0	0	0	0	0	0	0.0298690671031097	0	0	0	0	0	0.0378689542299227	0.00718155652124838	0	0	0	0	0	0	0	0.00114284101811615	0	0.000141091483718043	0	0.000253964670692477	0	0.0218268525311812	0.000380947006038716	0	0	0	0	0.0123596139737005	0	0.0016366612111293	0	0	0	0	0	0	0	0	0.000380947006038716	0	0.0010017495343981	0	0	0	0.000352728709295107	0.0763728201365765	0.00365426942829731	0	0.00059258423161578	0.0181161465093967	0	0	0.00728032055985101	0	0	0	0	0.0749477961510243	0.101261357864439	0.000874767199051865	0.0143066764490095	0.00162255206275749	0.146481178396072	0.00138269654043682	0	0	0.00101585868276991	0.000705457418590214	0.00389412495061798	0	0.000366837857666911	0	0	0.00191884417856538	0.00155200632089847	0.000987640386026299	0.00729442970822281	0	0	0.00530503978779841	0.0252694847339015	0.00182008013996275	0.00433150855014391	0	0.00205993566228342	0	0.000437383599525933	0.000465601896269541	0.000465601896269541	0	0.00292059371296349	0.000719566566962018	0.00079011230882104	0	0.013192053727637	0	0.00129804165020599	0.122114679157966	0	0	0	0.00049382019301315	0.00585529657429878	0.00283593882273266	0.0110615723234946	0	0	0.000479711044641345	0.000620802528359388	0.0148992606806253	0	0.031138890456572	0	0	0	0.00301935775156612	0.0144759862294712	0.000211637225577064	0	0	0	0	0	0.0785174106890908	0.00222924544274508	0	0	0.048803544218071	0.00214459055251425	0	0.000112873186974434	0	0.0136153281787911	0
ERR9830964	1.61484364276429e-05	0	0	0	0	0.000823570257809788	0	0	0.001130390549935	0.000379488256049608	0.032466431437776	0.000662085893533359	0	0.00309242557589361	0	0	0	0	0	0	0	0	0.000452156219974001	0	6.45937457105716e-05	0	0	0	0	0.00324583572195622	0	0.00217196469951797	0	8.88164003520359e-05	2.42226546414643e-05	0	0.000928535094589466	0	0	0.00443274579938797	0	0.00918038610911498	0	0.0207426665913073	0	0	0	0.00163906629740575	0.00416629659833187	0	0	0.00171980847954397	0	0.000258374982842286	9.68906185658574e-05	0	0	0	7.2667963924393e-05	0	0.0001130390549935	0	0.00180055066168218	0	0	0	0	0	0	0.000121113273207322	0.000121113273207322	0	0.00151795302419843	0.000177632800704072	0	0	0	0	0	0	0.000258374982842286	0	0	0	0	0.000855867130665073	0.00072667963924393	0.000129187491421143	6.45937457105716e-05	0.00016955858249025	0.00129187491421143	0	0	0.00230115219093911	0.000904312439948002	0	0.149195404154993	0	0.0111181984804321	0.017771354288621	0.000524824183898394	0.00748480028421248	0	0.101073063600617	0.000363339819621965	0	0.000250300764628465	0	0	0.00157447255169518	8.07421821382145e-05	0	0	0	0.000581343711395144	0.00254337873735376	0.000242226546414643	0.0243679905693131	0	0.00213159360844886	0.00104157414958297	0.00129994913242525	0.000831644476023609	0.000226078109987001	0	0	0	0.000492527311043108	0	0.000347191383194322	0	0.0166974832661828	0.00117076164100411	0.000694382766388644	0	0.00573269493181323	0	0.00533705823933598	0.468990964949819	0	0.000161484364276429	0	0	0.000452156219974001	0.00100120305851386	0.00125150382314232	0	0	0.000928535094589466	0	0.00725064795601166	0	0.0281547989115954	0	0	0.00168751160668868	5.65195274967501e-05	0.0124988897949956	0	0	0.00910771814519059	0	0	0	0.00188936706203422	0.000121113273207322	0	0	0.010900194588659	0.000524824183898394	0	0	0	0.00343961695908794	0
ERR9830965	0	0	3.80930613488753e-05	0	0	3.80930613488753e-05	0	2.85697960116565e-05	0.000495209797535379	0	0.000104755918709407	4.76163266860941e-05	0	0	0	0	0	0	0	0	0	0	0	0	0.000142848980058282	0	0	0	2.85697960116565e-05	0.00295221225453784	0	0.0104755918709407	0	0	0	0.000914233472373007	0	0.00333314286802659	0	0.00796144982191494	0.000104755918709407	0.00144753633125726	0	0	0	0	7.61861226977506e-05	0.00555206369159858	0	0	0	0	0	0.167266632382911	0	0	0	0	0	0	0	0	0.0982610517494238	0	0	0	0	0	0.00319981715330553	0	0.000923756737710226	0	0	0	0	0.00180942041407158	0	0	0	9.52326533721883e-05	0	4.76163266860941e-05	0	0	0	0	7.61861226977506e-05	0.000390453878825972	0	7.61861226977506e-05	0.000314267756128221	0.000523779593547035	6.66628573605318e-05	0.00858998533417138	0.0141610955564444	0	0	0	0.000514256328209817	0.00517113307810982	0	0.0268746547816315	0	0.135058949012437	0.000152372245395501	0	0	6.66628573605318e-05	2.85697960116565e-05	0.0018189436794088	0	0	0	4.76163266860941e-05	0.00117136163647792	0.000466640001523722	0.000580919185570348	0.00243795592632802	0	0	0.00152372245395501	0.0273698645791669	0.00121897796316401	0.00232367674228139	0	0.000561872654895911	0	0.00582823838637792	0	0	0	0.000942803268384664	0	0	0	0	0	0	0.000638058777593661	0	0	0	0	0.0036950269508409	0.00226653715025808	0.00469496981124888	0	0	0	0.000190465306744377	0.00360931756280594	0.00048568653219816	0.0728720263603985	0	0	0.000238081633430471	0.000771384492314725	0.00710435594156524	0.000247604898767689	0	0	0.00388549225758528	0	0.000657105308268099	0.344047006837705	0.000533302858884254	0.00368550368550369	0	0.000523779593547035	0.00263794449840961	0	0.000257128164104908	0	0.00325695674532884	0
ERR9830966	0	0	0	0	0	0	2.69302237901597e-05	0	0	0	0	0.000713650930439232	0	0.00354805698435354	0	0	0	0.000222174346268817	0	0	0	0	0	0	0	0	0.000336627797376996	0	0.000296232461691757	0.00157541809172434	0	0.000397220800904856	0	0	0	0	0.0048407077262812	0	4.03953356852395e-05	0.00241025502921929	0	0.00762125333261519	0	0	0	0	0.000942557832655589	0	0	0	0	2.01976678426198e-05	0	0	0	4.03953356852395e-05	5.38604475803194e-05	0	0.000148116230845878	0	0	0	0.012482158726739	5.38604475803194e-05	0	0	0	0	0.00231599924595373	7.40581154229392e-05	0	0	0.00229580157811111	0	0	0	0	0	0	0	0	4.71278916327795e-05	0	0	0	0.00482724261438613	0	0.000962755500498209	0	0	3.36627797376996e-05	0.000309697573586837	0	2.69302237901597e-05	0	0	0	0	0.000451081248485175	0.00149462742035386	0	0.001770662214203	0	0.0491274607491988	0.000329895241429456	0	6.73255594753992e-05	0	0	0.000754046266124471	0	0	0	0	0.000276034793849137	0	0.000754046266124471	0.00089542994102281	0	0.00208035978778984	0.000679988150701532	0.0334877332830636	0.00569574233161878	0.00206689467589476	0	3.36627797376996e-05	0	0.00168987154283252	0	0	0	0.00309024317992083	0.000195244122478658	0	8.07906713704791e-05	0	0.000262569681954057	0.00275361538254383	0.76431341394447	0	0.00123205773839981	0	0	0.000390488244957316	0.000323162685481916	0.0015013599763014	0	0	0.00086849971723265	0	0.0184068079605742	5.38604475803194e-05	0.00566881210782862	0	0	0.0013330460776129	0.000228906902216357	0.00536584709018932	0.000525139363908114	2.01976678426198e-05	0	0.000538604475803194	0	8.7523227318019e-05	0.0417081840950098	0.000619395147173673	0	0	0.000498209140117954	0.000565534699593354	0	0	2.69302237901597e-05	0.00102334850402607	0
ERR9830967	2.01812274222518e-05	0	0.000484349458134044	0.000504530685556296	0.000554983754111925	0.00182640108171379	0.0002724465702004	0.000242174729067022	0.000544893140400799	0.00100906137111259	0	6.05436822667555e-05	0	0.000544893140400799	3.02718411333777e-05	0	0.00066598050493431	0	0.00017154043308914	0.000191721660511392	0	0	8.07249096890073e-05	7.06342959778814e-05	0.00017154043308914	0	0.000454077617000666	0.1437508829287	0.000787067869467821	0.00110996750822385	0	0.041028435349438	0.0185465480010494	0.000544893140400799	0.000726524187201066	0.000252265342778148	0.00384452382393897	0	8.07249096890073e-05	0.00101915198482372	7.06342959778814e-05	0	0.000262355956489274	0	0.000232084115355896	0	0.00465177292082905	0	0.0111299469233719	0	0.000121087364533511	0	0	0	0	0	0.000433896389578414	0	0.000544893140400799	0	0.00168513248975803	0.000524711912978547	0.0610784847934451	0.0017154043308914	0.000332990252467155	0	0	0.000100906137111259	0.0133700631672418	0.00500494440071845	0.00236120360840346	0.000141268591955763	0.00899073681661319	0	0.000141268591955763	0.000332990252467155	0.00373352707311659	0.00155395451151339	0	0	7.06342959778814e-05	0.00257310649633711	0	0	0	7.06342959778814e-05	0.0139855906036205	0	5.04530685556296e-05	0.000817339710601199	0.00971726100381425	0.000454077617000666	0	0.00201812274222518	0.0511997739702529	3.02718411333777e-05	0	0.000312809025044903	0.0230974147847672	0.0489495671126718	0.000282537183911526	0.00614518375007568	0.000121087364533511	0.0456701176565559	0.000181631046800266	0.0071643357348994	0.000787067869467821	0.000615527436378681	9.08155234001332e-05	0.00093842707513471	0	0	0	0	0.000595346208956429	0.00470222598938467	0.000423805775867288	0.031977154850558	0	0.102581178987306	0.00294645920364877	0.0193537970979395	0.00176585739944703	0.00295654981735989	0	0.000373352707311659	0	0.00100906137111259	0.000332990252467155	0.00149341082924663	0	0.0146818429496882	0.0033097212972493	0.000454077617000666	0	0.00715424512118827	0	0	0.0827632136586547	0	0.00361243970858308	0	0.000797158483178947	0.00112005812193498	0.00301709349962665	0.00160440758006902	0	0	0.00118060180420173	0.000726524187201066	0.0033097212972493	0	0.0818146959698089	0	0	0.00745696353252205	0.000676071118645436	0.0166495126233578	0.000948517688845836	0	0	0.00175576678573591	0.000252265342778148	0.000534802526689673	0.0158422635264677	0.00390506750620573	0.00370325523198321	0	0.0100098888014369	0.000625618050089806	0	0	0	0.00768904764787794	0.00044398700328954
ERR9830968	1.74294976818768e-05	0	0	0	0.000357304702478475	6.10032418865688e-05	0	7.84327395684456e-05	0.0743803813574093	0.0222400390420748	0.0110241572837871	0.000496740683933489	0.00651863213302193	0.00908076829225782	0	0	0	0.00480182661135706	0	0	0	0	6.97179907275072e-05	0	0	0	0	0.0791822079687663	0.000427022693205982	0.0199044863527033	0.000191724474500645	0.149562519608185	0.00505455432774427	0.0113291734932199	0	0.00185624150311988	0.00264928364764527	0	0.00118520584236762	0.0212116986788441	0.000235298218705337	0.00872346358977934	0.000357304702478475	0	0.000270157214069091	0	0	0.00626590441663471	0.0100306759159201	0	3.48589953637536e-05	4.3573744204692e-05	0	0	0	0.00143793355875484	0	0	0	0	0.000409593195524105	0	0.113448600411336	0	6.97179907275072e-05	0	5.22884930456304e-05	0	0.000845330637571025	0.000610032418865688	0.000261442465228152	0	0.00334646355492035	0	0	0.0270505804022728	0	0.000296301460591906	0	0.000104576986091261	0	0.000549029176979119	0	0	0	0	0.00815700491511835	0.000775612646843518	0	0.000566458674660996	0.00123749433541325	1.74294976818768e-05	0	0.0117039076933803	0.000313730958273783	0	0	0	0.00535085578833618	0.0193728866734061	0	0.0162878655837139	0	0.136734409314324	0.000244012967546275	0	0.000688465158434134	0.000104576986091261	0	0.000845330637571025	0.000496740683933489	0	5.22884930456304e-05	0	0	7.84327395684456e-05	0.000261442465228152	0.0068759368355004	0	0	0.00225711994980305	0.00729424477986544	0.000575173423501935	0.000122006483773138	0.000688465158434134	0.000461881688569735	0	0.000278871962910029	0	0.000226583469864399	0	0.0447938090424234	0	0	0	0.00418307944365043	0.000339875204796598	0	0.0505455432774427	0	0.000549029176979119	0	4.3573744204692e-05	0.00208282497298428	0.00143793355875484	0.000549029176979119	0	0	0.00440094816467389	0	0.00121135008889044	0	0.00682364834245477	0	0	0.000949907623662286	0.000932478125980409	0.02108097744623	0.000305016209432844	0	0	0.0135688639453411	0.00081918639104821	0.000366019451319413	0.00828772614773242	0.00202182173109771	0	0	0.00400878446683167	0.000810471642207272	0	0.000235298218705337	0	0.0113901767351065	6.97179907275072e-05
ERR9830969	0	0	0	0	0	0	4.41544965835458e-05	0	0.00153436875627822	0.00141294389067347	0	0.000518815334856664	0	0	0	0	0	0	0.000132463489750637	0	0	0	0	0	0.00337781898864126	6.62317448753187e-05	0.000761665066066165	0	4.41544965835458e-05	0	0.00120321003190162	0.00727445331213917	0	0	0	0	0	0	4.41544965835458e-05	0.0112262807563665	0	0.00604916603194578	0	0	0	0	0	0.0355333311256085	0.00113697828702631	0	0	0	0	0	0.000220772482917729	0.00916205804108576	0.000176617986334183	0	4.41544965835458e-05	0	0	7.72703690212052e-05	0.053471095362674	8.83089931670917e-05	4.41544965835458e-05	0	0	0	0.007583534788224	0.00071751056948262	0.00282588778134693	0	0.00410636818226976	0	0	5.51931207294323e-05	0	3.31158724376594e-05	0	7.72703690212052e-05	0	0	0	0	0	0.00119217140775574	8.83089931670917e-05	9.93476173129781e-05	0	6.62317448753187e-05	6.62317448753187e-05	0	0	5.51931207294323e-05	0.000485699462419004	0	0	0	9.93476173129781e-05	0.00087205130752503	0	0.00227395657405261	0	0.0242408186243667	0.00015454073804241	0	0	0	0	0.000485699462419004	0	0	0	0	0.000320120100230707	0	0.000176617986334183	0.000938283052400349	0	0.000706471945336733	0.000419467717543685	0.00536477133490082	0.000574008455586096	0.00787053901601704	0	0	0	0.0286452296585754	0.000750626441920279	0.000176617986334183	0.000463622214127231	0.00691017871532492	0	0	0	0.0124626066607058	0	0.00155644600456999	0.712167875396011	0	0.000949321676546235	0	0.000441544965835458	0.000220772482917729	0.000408429093397799	0.00140190526652758	0	0	0.000507776710710777	0.000231811107063616	0.00248369043282445	0	0.0205208022872029	0	0	0	0	0.00433817928933338	0	0	0	8.83089931670917e-05	0	0	0.00226291794990672	0	0	0	0.000993476173129781	0.0027706946606175	0	0	0	0.00365378459228842	0
ERR9830970	0	4.09420771962866e-05	0	0	0	5.11775964953582e-05	0	9.21196736916448e-05	0.000655073235140585	0.00074719290883223	0	0.000481069407056367	8.18841543925731e-05	0.00549647386360147	4.09420771962866e-05	0	5.11775964953582e-05	0	0	0	0	0	0.000112590712289788	0	0.00186286451243104	0	0	0	0	0.00119755575799138	0	0.00127943991238395	0.000593660119346155	0	0	0	0.000859783621122018	0	0	0.00103378744920624	0	0.003428898965189	0	0	0.00056295356144894	0	0.00018423934738329	0.0422010460700724	0.00372572902486208	0	0	0	0	0.00271241261425398	0.0292326431181486	0	0	0	0	0	0	0	0.040716895771707	0.000153532789486075	6.14131157944298e-05	0	0	0	0.0089151373094914	0.000818841543925731	0.00252817326687069	0	0.00485163614775996	0	0	0.0046571612810776	0	0	0	0	0	0.000307065578972149	0	0	3.07065578972149e-05	0.00146367925976724	0.000675544273738728	0	0	4.09420771962866e-05	0.000348007656168436	0	0	0.00566024217238662	0	0	0	0	0.000890490179019233	0.0109827122079039	0.000348007656168436	0.00306042027042242	0	0.0662852229807879	9.21196736916448e-05	0.000296830059673078	0.000143297270187003	0	4.09420771962866e-05	0.00131014647028117	0	0	0	0	0	0.000870019140421089	0.000388949733364722	0.00732863181813529	0.00326513065640385	0.0135211209940736	0.00236440495808555	0.0426718799578297	0.00139203062467374	0.00403279460383423	0.000491304926355439	0	0	0.0318119939815147	0.000706250831635943	0.00185262899313197	0	0.00223134320719762	0.000839312582523874	0	0	0	0	0	0.529319645032191	0	0.000655073235140585	0	0	0.00170933172294496	0.000491304926355439	0.00148415029836539	0	0	0.000266123501775863	0.000174003828084218	0.00831124167084617	0.00074719290883223	0.0541970746885843	0	0	0.0006857797930378	0	0.00454457056878781	0.000153532789486075	0	0	0.00109520056500067	0.000542482522850797	9.21196736916448e-05	0.00681685585318171	0.000276359021074934	0.00213922353350597	0.00876160452000532	0.00587518807766712	0.00100308089130902	0	0	0	0.0054862383443024	0
ERR9830971	0	0	0	0	0.000121560393413637	0	0.000187866062548348	0	0.00857553320808929	0.0069289424245773	0	0	0	0.000430986849375622	0	0	0	0	0	0	0.000486241573654547	6.6305669134711e-05	0	0	0.000762515195049177	0	0	0.000243120786827274	0	0.00034257929052934	0	0.0546358713670019	0.000176815117692563	0.00211073046745497	0	0.00137031716211736	0.00455298928058349	0	0.000254171731683059	0.0245441485246989	0.00232069841971489	0.00576859321471986	8.84075588462814e-05	0	0	0	0.00623273289866284	0	0	0	0	4.42037794231407e-05	0	0	0	0	0	0	0	0	0.000121560393413637	0	0.268670571333849	0	0	0.000574649132500829	0	0	0.00196706818432976	0	0	0	0.0191070836556526	0	0	0.000430986849375622	0.00124875676870372	0	0	0	0	0	0	0	0	0.000884075588462814	0	0.00145872472096364	0	0.000165764172836778	0	0	0	0.000652005746491325	0.0017902530666372	0	0	0	0	0.000652005746491325	0	0.0331638855122113	0	0.267300254171732	0.000143662283125207	0	0	0.000110509448557852	0	0.000364681180240911	0	0	0	0	0.00247541164769588	0	0.000165764172836778	0.000596751022212399	0	0.00264117582053266	0.00291744944192728	0.0195049176704608	0.00413305337606365	0.00129296054812686	0	0.0002983755111062	0	0.00622168195380705	0	0.00153608133495414	3.31528345673555e-05	0.00143662283125207	0.000696209525914466	0	0	0	0.033694330865289	0	0	0	0	0	0	0.00816664824842524	0.00354735329870704	0.00878550116034921	0.000165764172836778	0	0.00143662283125207	0.000276273621394629	0.0156591888606476	0.00471875345342027	0.0271963752900873	0	0.000154713227980992	0.00121560393413637	0.000497292518510333	0.0256934467897005	0.000442037794231407	0	0	0.000375732125096696	0	0	0.0924522046634987	0	0	0	0.000353630235385125	0.00200022101889712	0	0	0	0.0101668692673224	0
ERR9830972	0	0	0	0	0.000205732213807203	0	0	0	0.000308598320710805	0	0	0	0	0.00064291316814751	2.57165267259004e-05	0	0	0	0	0	0	0	0	0	0	0	0	0	0	0.000102866106903602	0	0	0	0	0.00061719664142161	0	0	0.000848645381954713	0	0	0	0	0	0	0	0	0	0.000990086278947165	0.000977228015584215	0	0	0.000360031374162606	0	0	9.00078435406514e-05	0	0	0	0	0	0	0	0.0143498219130524	0	0	0	0	0	0.000540047061243908	0	0	0	0.00177444034408713	0	2.57165267259004e-05	0	0	0	0	0	0	0.000360031374162606	0	0	0	0	0.000257165267259004	0	0	0.000462897481066207	0.000501472271155058	0	0	0.0033045736842782	0.00210875519152383	0	0	0	0.00162014118373173	0.0109552403852336	0.00066862969487341	0.00270023530621954	0	0.0954854637332682	0.000372889637525556	0	0.000115724370266552	0	7.71495801777012e-05	0.00124725154620617	0.000102866106903602	0	0	0	0.000398606164251456	0	0.000180015687081303	0.00105437759576192	0	0.00183873166090188	0.000218590477170153	0.000295740057347855	0.000424322690977357	0.000167157423718353	0	0	0	0.00066862969487341	0	0.000308598320710805	0	0.000334314847436705	0	0	0	0.0200203160561135	0	0	0.738295765773875	0	0	0	2.57165267259004e-05	0.000475755744429157	0.00234020393205694	0.000990086278947165	0.000308598320710805	0	0.000501472271155058	0	0.00500186444818763	0	0.0497743374779802	0	0	0.00122153501948027	0	0.00470612439083977	0	0	0	0.00061719664142161	0.000192873950444253	0.000167157423718353	0.0034074397911818	0.000321456584073755	0	0	0.0214990163428527	0	0	9.00078435406514e-05	0	0.00190302297771663	5.14330534518008e-05
ERR9830973	0	0	0	0	0	0	0	8.63267120745172e-05	0.00194235102167664	0.0290748366266974	0.000129490068111776	0.000284878149845907	0	0.00422137622044389	0	0	3.45306848298069e-05	1.72653424149034e-05	0	0	0	0	0	0	0.000940961161612238	6.90613696596138e-05	0.000189918766563938	0.0007510423950483	0	0.00247757663653864	5.17960272447103e-05	0.00320272101796459	0.00216680047307038	0.0119994129783579	0	0	0	0	0.00208047376099587	0.0316905360025553	0	0	0	0	0	0.000483429587617296	0	0	0	0.000492062258824748	0	0.000189918766563938	0	0	0	0	2.58980136223552e-05	0	3.45306848298069e-05	0	0.0005006949300322	0	0.34326953789311	6.90613696596138e-05	0	0	0	0.00060428698452162	0	0	0	7.76940408670655e-05	0.0122842911282038	0	6.90613696596138e-05	0	0.000138122739319228	0	0	0	7.76940408670655e-05	0	0	2.58980136223552e-05	0	0.00147618677647424	0	0	0	0	0	0	0	0	0	0	0	0	0	7.76940408670655e-05	0	0	0	0.000146755410526679	0	0	0	0.00179559561114996	0	0	0	0	0	0	0.000457531573994941	0	0	0	0	0	0.000319408834675714	0.0251642365697218	0	0	0	0	7.76940408670655e-05	0.000397102875542779	0	0.00138122739319228	0.000241714793808648	0.311915676067646	0	0	0	0	0.000103592054489421	0	0.000587021642106717	0	0	0	0.000112224725696872	0	0.000431633560372586	0.00655219744645586	0.00536952149103497	0	0	0.00278835280000691	0	0	0.000155388081734131	0	0.00164884020062328	0.00140712540681463	0	0.0147705004359499	0	0	0	0	0	0	0.147506452921728	0	0	0	0.0194321428879738	0.000828736435915365	0.0002503474650161	0	0	0.00485156121858787	0
ERR9830974	0	0	0	0	1.82436253732342e-05	0	0.00010338054378166	0.000407440966668896	0.000620283262689962	0.00168449474279529	0.000820963141795538	0.000480415468161833	0.000395278549753407	0.0012648913592109	0.000152030211443618	0	0	0	0.00134394706916158	0.0050169969776394	0	0	0	0	0.000370953715922428	0.000164192628359108	0.00011554296069715	0	4.25684592042131e-05	8.51369184084261e-05	0.000188517462190086	0.00156287057364039	2.43248338309789e-05	0	0	0	0.00155678936518265	0	0.000200679879105576	0.00237167129852044	7.29745014929367e-05	0.00214666658558389	0	0	0	0	0	0.00781435286820197	0.000814881933337793	0	0	0	0	0.00440279492340718	0.00114934839851375	0.0231937290578384	3.64872507464683e-05	0	0	0.00010338054378166	0	0	0.0193260804787127	0.000261491963683023	0	0.000407440966668896	7.29745014929367e-05	0	0.00820355020949763	0	0.00264532567911895	0	0.00105813027164758	0	1.82436253732342e-05	0.00305276664578785	0.000316222839802726	0	0	0	1.21624169154894e-05	4.86496676619578e-05	0	0	6.68932930351919e-05	0.00207369208409095	0.000231085921394299	0.00011554296069715	0	0	0.000352710090549194	8.51369184084261e-05	0	0.000431765800499875	0.000225004712936555	0	0	0	0.000456090634330854	0.00171490078508401	0.000194598670647831	0.000833125558711027	0	0.0449097244604448	4.86496676619578e-05	0	3.64872507464683e-05	0	3.64872507464683e-05	0.000212842296021065	0	0	0	0	0.000109461752239405	0	7.90557099506814e-05	0.000857450392542006	0	0.00446968821644237	0.000431765800499875	0.0317743141917162	0.000705420181098388	0.000608120845774472	5.47308761197025e-05	0	0	0.158616160203356	0.00021892350447881	0	9.72993353239156e-05	0.00741907431844856	0.000255410755225278	0	0	0	3.04060422887236e-05	0	0.628961147159164	0	0.00122840410846443	0	0	0.00021892350447881	0	0.000170273836816852	0	0	0.000267573172140768	0	0.00356358815623841	0	0.00477982984778735	0	0	0.000139867794528129	0	0.00174530682737274	0	0	0	0.000644608096520941	0	0.00010338054378166	0.00192774308110508	0.000164192628359108	0.000814881933337793	0	0.00159935782438686	0.000310141631344981	0	4.25684592042131e-05	3.64872507464683e-05	0.00135610948607707	2.43248338309789e-05
ERR9830975	0	0	0	0	0.000228465681598803	0	0	0	0	0.000177060903239072	0.0922887120818364	0	0	0.00713955254996259	0	0	0	0	0	0	0	0	0.000234177323638773	0	0	0	0	0	0	0.000154214335079192	0	0	0.000268447175878593	0	1.71349261199102e-05	0	0.00125084960675345	0	5.14047783597306e-05	0	6.28280624396708e-05	0.0196023554811773	0	0	0.000194195829358982	0	0.000279870459958533	0.148348478704143	0.0126284405503738	0	0	0	0.000531182709717217	0.000925286010475152	0.000131367766919312	0.00472923960909522	4.56931363197606e-05	0	9.13862726395211e-05	0	0	0	0.0178146115226667	0	0	0	4.56931363197606e-05	0	0.0103723419445856	0.000919574368435181	0.00126227289083339	0	0.00596295428972875	0.00116517497615389	0	0	0	0	0	0.00103380720923458	0	0.00372970225210046	0	0	0	0.00442652258097681	0.00843038365099582	0.00708243612956289	0.000171349261199102	0.00117659826023383	0.00249027592942695	0.000445508079117666	0	0.0036840091157807	0.0848407308617154	0.00117659826023383	0.00208474934458908	0.000182772545279042	0.0146503618325232	0.0252740160268676	0.00107378870351437	0.00408953570061857	0	0.0813966107116135	0.00110234691371422	0.00143933379407246	0.00079962988559581	0	0.000588299130116917	0.00209046098662905	7.9962988559581e-05	2.85582101998504e-05	0.000131367766919312	0	0.00473495125113519	0.00261593205430629	0.000588299130116917	0.00740228808380121	0.000297005386078444	0.00154214335079192	0.00439225272873698	0.00243315950902725	0.00479206767153489	0.0168264974497518	0.00310713326974372	0.0014507570781524	0	0.000554029277877097	0.000125656124879342	0.000479777931357486	0	0.000936709294555092	0.000696820328876349	0.00279870459958533	0	0.0512220058144516	0	0.0016221063393515	0.153443263403796	0	0.00103380720923458	0	0.000182772545279042	0.00550602292653115	0.00178203231647066	0.00144504543611243	0	0	0.00627709460192711	0.000228465681598803	0.0133252608792502	0	0.014119179122806	0	0	0.00336415716154237	0.00128511945899327	0.0301803165392019	0	0	0.00206761441846917	0.000576875846036977	0.00101667228311467	0.000279870459958533	0.0109834876428624	0.00137079408959282	0	0.0140106579240466	0.0294206681478858	0.00113661676595404	0	0.000388391658717965	0	0.0173348335913092	0
ERR9830976	2.30372281607077e-05	0.000107507064749969	0	8.44698365892616e-05	0	0	0	0	0.036544722938936	0.00914577957980096	5.37535323749846e-05	0.000391632878732031	0	0.00315610025801696	0	0.000245730433714216	0	0	0	0	0	0	3.07163042142769e-05	0	0.000222693205553508	0	0	0.0002994839660892	0	0.000422349182946308	0	0.0105664086497113	0.0002994839660892	0	0	0.00175082934021379	0.00221925297948151	0	0	0.0688352377441946	0.000115186140803539	0.0155117336282099	0	0	7.67907605356923e-05	7.67907605356923e-05	8.44698365892616e-05	0.0103821108244256	0.00308698857353483	0	3.07163042142769e-05	0	0	0.0202957980095835	0.000176618749232092	0	0	0	0	0.000122865216857108	0	0	0.119632325838555	0	0	9.21489126428308e-05	0	0	0.000921489126428308	0	0.0003993119547856	0	0.0120638284801573	0	0	0.0432715935618626	0.00112114510382111	0	0	0.000115186140803539	0.000583609780071262	0.00182762010074948	0	0	0	0.00725672687062293	0.0132924806487283	0.00317913748617766	0.000284125813982062	0.000153581521071385	0.00560572551910554	0.000261088585821354	0	0.0132310480402998	0.0166866322644059	3.07163042142769e-05	0	0	0.0307930949748126	0.0402921120530778	0.000161260597124954	0.00944526354589016	0.000506819019535569	0.160400540606954	0.000552893475856985	8.44698365892616e-05	0.000575930704017693	0.000645042388499816	0.000760228529303354	0.00120561494041037	0.000145902445017815	0.000268767661874923	0	0	0.000813982061678339	0.000552893475856985	0	0.00498372035876643	0.00181994102469591	0.00060664700823197	0.0025955277061064	0.00172779211205308	0.00141294999385674	0.0002994839660892	0.000307163042142769	0.000468423639267723	0	0.00233443912028505	0.000130544292910677	0.000829340213785477	8.44698365892616e-05	0.00152045705860671	0.0002994839660892	0	3.07163042142769e-05	0	0.000145902445017815	0	0.0862974566900111	0	0.00406991030839169	0	0.000391632878732031	0.00274910922717779	0.00070647499692837	0.00090613097432117	0	0	0.0006987959208748	0.000391632878732031	0.00365524020149896	0.000844698365892616	0.0535231600933776	0	0	0.000668079616660523	0.00117489863619609	0.0173316746529058	0.00123633124462465	0	0	0.00320217471433837	0.000107507064749969	0.000153581521071385	0.111354281852807	0.0037934635704632	0.00165100135151739	0	0.00478406438137363	0.000929168202481877	0	0.000406991030839169	0	0.00777890404226563	2.30372281607077e-05
ERR9830977	0	0	0.000314415972331394	0.000980678389890778	0.00217096742800249	0	0	8.23470403725081e-05	0.0158031456569422	0.0989362259602788	8.23470403725081e-05	0.000157207986165697	0	0.00251532777865116	0	0.000494082242235048	0	8.9833134951827e-05	0	2.24582837379567e-05	3.74304728965946e-05	5.98887566345513e-05	0.000127263607848422	8.9833134951827e-05	0.000164694080745016	0	0.000591401471766194	0.00114537247063579	0	0.00119028903811171	0	0.0354766022113923	0	0.00258270262986503	0	0	0	0	0.000321902066910713	0.00178917660445722	0.000232068931958886	0.00829459279388536	0	0	0	0.000112291418689784	0	0.0254078050022084	0.000247041121117524	5.24026620552324e-05	0.00041173520186254	0.00620597240625538	0	0.0182211542060622	0.000157207986165697	0	0	0	3.74304728965946e-05	0	0.00034436035064867	0	0.247512745076021	0.00020961064822093	0	0	0.000149721891586378	0.000269499404855481	0.00232068931958886	0	0.000456651769338454	0	0.000306929877752076	0	0	0.0374229868020153	0.00434942095058429	4.49165674759135e-05	0	5.98887566345513e-05	3.74304728965946e-05	0.00115285856521511	0	0	0	0.000658776322980064	0.0130931794192288	0.000801012119987124	0.000591401471766194	0.0008309564983044	0.00423712953189451	0.000426707391021178	6.73748512138702e-05	0.0210583840516241	0.00830207888846468	5.98887566345513e-05	0	0	0.0244645570852142	0.0593272995411024	0	0.00793526025407805	0.00191644021230564	0.0351996167119575	0.000254527215696843	0	0.000748609457931892	0.000329388161490032	0.00571189016402033	0.000359332539807308	0	0.000202124553641611	0	6.73748512138702e-05	0.000464137863917773	0	0.000681234606718021	0.021806993509556	0	0.0173752255185992	0.00339868693901079	0.00100313667362873	0.00128012217306353	9.73192295311459e-05	0	0.000471623958497092	0	0.00225331446837499	0	0.000441679580179816	0.000441679580179816	0.0212006198486312	0	0	0	0.0100687972091839	0	0	0.00527769667841984	0	0.00363824196554899	0	0.000718665079614616	0.001384927497174	0.00616854193335879	0.00041173520186254	0.000815984309145762	0.000157207986165697	0	0.00185655145567109	0.00401254669451494	0.000321902066910713	0.0444524296119957	0	0.000149721891586378	0.0012651499839049	0	0.0183858482868073	0.00089833134951827	3.74304728965946e-05	0.00118280294353239	0.00310672925041735	0.00235811979248546	0.00143733015922923	0.0735808236201256	0.0209011760654584	0	0	0.00449914284217067	0.00513546088141278	0.000456651769338454	0.000351846445227989	0	0.0101661164387151	0
