feature	Campylobacter	Blastocystis	Methanosphaera	Methanobrevibacter	Bilophila	Desulfovibrio	Pseudomonas	Acinetobacter	Escherichia.Shigella	Klebsiella	Succinivibrio	Haemophilus	Comamonas	Sutterella	Methylophilus	Oxalobacter	Enhydrobacter	Akkermansia	Sphingomonas	Paracoccus	Pyramidobacter	Cloacibacillus	Peptococcus	Eubacterium	Turicibacter	Staphylococcus	Granulicatella	Enterococcus	Gemella	Weissella	Leuconostoc	Ligilactobacillus	Lactobacillus	Limosilactobacillus	Phascolarctobacterium	Acidaminococcus	Mitsuokella	Megamonas	Veillonella	Megasphaera	Allisonella	Dialister	Fusobacterium	Treponema	Victivallis	Thomasclavelia	Erysipelotrichaceae_UCG.003	Catenibacterium	Holdemanella	X.Clostridium._innocuum_group	Holdemania	Solobacterium	Anaeroplasma	Asteroleplasma	UCG.004	Zag_111	Corynebacterium	Lawsonella	Rothia	Kocuria	Schaalia	Scardovia	Bifidobacterium	Actinomyces	F0332	Denitrobacterium	Raoultibacter	Eggerthella	Senegalimassilia	Adlercreutzia	Slackia	Gordonibacter	Collinsella	Parolsenella	Lancefieldella	Olsenella	Tractidigestivibacter	Parvimonas	Peptoniphilus	Family_XIII_UCG.001	Mogibacterium	Family_XIII_AD3011_group	S5.A14a	X.Eubacterium._sulci_group	Anaerococcus	Clostridium	Christensenellaceae_R.7_group	Monoglobus	Defluviitaleaceae_UCG.011	Lachnospiraceae_UCG.010	NK4A214_group	Acutalibacter	DTU089	Ruminococcus	CAG.352	Candidatus_Soleaferrea	Elusimicrobium	Papillibacter	UCG.005	UCG.002	Fournierella	Gemmiger	Ruthenibacterium	Faecalibacterium	Colidextribacter	X.Eubacterium._siraeum_group	Intestinimonas	Flavonifractor	Oscillibacter	UCG.003	UCG.009	Paludicola	Angelakisella	Anaerotruncus	Agathobaculum	UCG.008	GCA.900066575	Coprococcus	X.Eubacterium._ruminantium_group	X.Eubacterium._eligens_group	Anaerobutyricum	Lachnospira	Lachnospiraceae_ND3007_group	Anaerostipes	X.Eubacterium._xylanophilum_group	Lachnospiraceae_UCG.008	Peptostreptococcus	Romboutsia	Terrisporobacter	Intestinibacter	Lactococcus	Streptococcus	X.Eubacterium._ventriosum_group	Prevotellaceae_NK3B31_group	Hoylesella	Leyella	Prevotella	Massiliprevotella	Segatella	Prevotellaceae_UCG.003	Paraprevotella	Lachnospiraceae_NK3A20_group	Howardella	Fusicatenibacter	Lachnoclostridium	Lachnospiraceae_UCG.004	X.Ruminococcus._gnavus_group	Eisenbergiella	X.Ruminococcus._gauvreauii_group	Faecalimonas	Roseburia	Butyribacter	Agathobacter	Faecalicatena	Tyzzerella	Mediterraneibacter	Lachnospiraceae_FCS020_group	Blautia	CAG.56	Porphyromonas	Rikenellaceae_RC9_gut_group	Alistipes	Butyricimonas	Odoribacter	Bacteroides	Parabacteroides	Barnesiella	Butyrivibrio	Lachnospiraceae_NK4A136_group	Enterocloster	Hungatella	Moryella	Lachnoanaerobaculum	Dorea	Oribacterium
ERR9830889	-17.8853388960204	-16.7799629637501	-16.5096822354595	-16.7799629637501	-16.7470521873992	-15.6801122396895	-16.8628431516183	-12.2506412525778	-7.29399762177217	-14.8554362872015	-15.1832809109454	-14.4985687660214	-16.2535982263675	-13.953323448583	-13.3286437645791	-15.3302779268492	-17.148486512589	-16.8217615277124	-16.7885781544785	-17.1766341788099	-13.4985687660214	-17.1584124559229	-16.2535982263675	-16.6511217831019	-16.6874713714528	-13.176640671134	-15.4259072773831	-15.3302779268492	-16.7191882544209	-6.84393273749341	-14.4985687660214	-5.53422789822896	-7.81557418233969	-9.95940995491334	-17.3302779268492	-15.2293295545294	-15.7867801173891	-14.5758768536132	-15.4985687660214	-15.6607647384976	-15.8265584177017	-6.84931258850406	-15.7470521873992	-16.3822524982757	-16.8303583981293	-12.5916781704129	-15.6079659767929	-15.6002381555483	-15.1294440230319	-16.094118933225	-16.7906030435777	-17.1636496760158	-16.7615966795311	-8.62820404643797	-16.4178195582083	-16.8853388960204	-12.9136062653002	-16.5635240118679	-15.8217615277124	-13.3286437645791	-15.2582568518248	-15.3328557562817	-1.93835536514986	-14.4985687660214	-17.1584124559229	-16.0294094597071	-16.2535982263675	-11.7981290478803	-15.9096587392703	-14.953323448583	-15.0409868258236	-15.0822322201737	-6.41908398219456	-16.7799629637501	-16.8995457449954	-14.176640671134	-14.7173551220649	-16.7885781544785	-16.9942318811449	-16.9096587392703	-17.3272105248073	-16.0917521670207	-16.2833416129283	-16.2367990269912	-16.748612176737	-10.411105924771	-15.3101583179478	-11.4541746466629	-16.1597005531095	-16.1597005531095	-15.8584861608643	-11.9750068099644	-16.3097427844391	-16.1804142557516	-14.0779839739628	-16.384637620813	-12.0082226257768	-15.1294440230319	-15.3246962385491	-10.8261434240499	-14.8265584177017	-11.9750068099644	-15.8070170383707	-5.48454829570644	-15.3272105248073	-16.3003763952992	-15.7422480240861	-17.7202375771488	-17.748612176737	-14.3156127480399	-16.384637620813	-16.0957349088202	-15.7689338103271	-17.1139761130231	-10.2317822253265	-15.154940341791	-14.6525555835613	-13.9931532176081	-13.0197978590077	-5.5349501485774	-11.2891154003924	-5.55532137011982	-11.6912138439638	-6.39528095760935	-15.1572855233649	-17.1584124559229	-17.0294094597071	-8.8332328488362	-15.0779839739628	-14.970285676897	-16.7470521873992	-8.85471257624665	-16.7470521873992	-13.8059819814439	-16.1402106783393	-14.7439027273591	-17.3302779268492	-14.176640671134	-0.862453981759385	-14.5734499552018	-16.1352750764276	-13.0504993315021	-16.2469446690061	-10.1587187631368	-11.3692857490764	-10.1062513432426	-14.4191222715571	-13.9996183773562	-16.3290721933837	-15.3066211909655	-8.2364739206512	-15.1804142557516	-5.78948495347103	-14.2070855174145	-16.7202375771488	-15.567659047344	-15.6790814339462	-7.43517368473287	-16.0027820589294	-16.7689338103271	-14.9373081317731	-17.1636496760158	-16.195000463029	-15.8303583981293	-7.5472840510544	-15.8037023043914	-17.7615966795311	-14.3692792567523	-10.5916781704129	-10.7172090524967	-14.403411532981	-15.5198556027497	-17.1584124559229	-9.23178222532647	-16.4056733322819
ERR9830890	-17.8853388960204	-16.7799629637501	-15.3822524982757	-16.7799629637501	-14.6452869041095	-15.6801122396895	-16.8628431516183	-15.9672149989968	-12.3822524982757	-12.2667752808558	-15.1832809109454	-15.9140346941048	-16.2535982263675	-11.7972899975545	-16.9696001215342	-15.3302779268492	-17.148486512589	-16.8217615277124	-16.7885781544785	-17.1766341788099	-15.7054271990746	-17.1584124559229	-12.8797521577465	-16.6511217831019	-16.6874713714528	-16.2036156537574	-15.4259072773831	-11.9672149989968	-16.7191882544209	-12.2123274968334	-16.5552481776182	-6.07619080884734	-16.3272105248073	-11.7192874855533	-17.3302779268492	-15.2293295545294	-10.036477661434	-12.1598600769392	-14.3822524982757	-7.2512530087417	-15.8265584177017	-8.87445785807699	-15.7470521873992	-15.3822524982757	-16.8303583981293	-16.7885781544785	-15.6079659767929	-8.1343249848321	-11.1092340038693	-16.094118933225	-16.7906030435777	-17.1636496760158	-16.7615966795311	-15.6148708502022	-14.3822524982757	-16.8853388960204	-15.9672149989968	-16.5635240118679	-15.8217615277124	-16.0917521670207	-15.2582568518248	-15.3328557562817	-3.69312809336243	-16.7191882544209	-17.1584124559229	-14.9672149989968	-16.2535982263675	-16.7885781544785	-8.78233965608856	-11.2667752808558	-15.0409868258236	-15.0822322201737	-9.21902214940738	-16.7799629637501	-16.8995457449954	-9.74804647853468	-14.7173551220649	-16.7885781544785	-16.9942318811449	-14.3822524982757	-13.3822524982757	-16.0917521670207	-16.2833416129283	-16.2367990269912	-16.748612176737	-11.2667752808558	-12.5748975762181	-14.5264136529938	-16.1597005531095	-12.9672149989968	-11.6818127801346	-17.148486512589	-16.3097427844391	-8.81239688994474	-14.0779839739628	-16.384637620813	-12.0082226257768	-15.1294440230319	-11.3233588092221	-9.25985586691596	-14.8265584177017	-7.71454956654659	-15.8070170383707	-4.27590766880573	-12.5077833803595	-13.7972899975545	-13.5077833803595	-13.5077833803595	-13.9672149989968	-10.9448471859684	-16.384637620813	-16.0957349088202	-15.7689338103271	-17.1139761130231	-15.5801849467121	-12.2667752808558	-11.6096629943788	-9.42032053910921	-13.0197978590077	-13.3223474220349	-10.5748975762181	-7.6052712252616	-10.5578240628591	-10.9899350754969	-15.1572855233649	-17.1584124559229	-17.0294094597071	-9.00721306692876	-15.0779839739628	-14.970285676897	-16.7470521873992	-12.3233588092221	-16.7470521873992	-7.76264385474764	-16.1402106783393	-6.11234661573661	-17.3302779268492	-15.176640671134	-0.478072631764051	-9.94484718596839	-9.68181278013459	-13.0504993315021	-12.5077833803595	-10.9672149989968	-10.3973593906659	-9.8797521577465	-14.4191222715571	-13.9996183773562	-12.1092340038693	-15.3066211909655	-6.42611838364732	-15.1804142557516	-4.66657644500312	-14.2070855174145	-16.7202375771488	-15.567659047344	-10.9011258085391	-7.74080280620806	-16.0027820589294	-16.7689338103271	-10.6452869041095	-17.1636496760158	-16.195000463029	-12.2123274968334	-8.28071447181362	-8.76754265416048	-17.7615966795311	-14.3692792567523	-8.22912273937635	-10.4126261473192	-14.403411532981	-15.5198556027497	-17.1584124559229	-8.39735939066589	-9.54095024429474
ERR9830891	-17.8853388960204	-16.7799629637501	-16.5096822354595	-16.7799629637501	-11.3073206641746	-15.6801122396895	-16.8628431516183	-16.9942318811449	-4.67719726488965	-6.62747021553584	-8.50358605779569	-13.4397709601982	-16.2535982263675	-8.40889164731428	-16.9696001215342	-15.3302779268492	-17.148486512589	-16.8217615277124	-14.3328557562817	-17.1766341788099	-15.7054271990746	-17.1584124559229	-16.2535982263675	-16.6511217831019	-16.6874713714528	-16.2036156537574	-15.4259072773831	-12.4397709601982	-16.7191882544209	-10.0958165589809	-15.5552481776182	-12.1402106783393	-14.818282583452	-17.6143719604283	-17.3302779268492	-15.2293295545294	-10.8734241376444	-14.5758768536132	-11.1860143679525	-11.2822296832118	-12.2822296832118	-7.60105186723131	-15.7470521873992	-16.3822524982757	-16.8303583981293	-16.7885781544785	-10.680779059702	-5.98223222839391	-7.47309913626431	-16.094118933225	-16.7906030435777	-17.1636496760158	-16.7615966795311	-15.6148708502022	-15.1402106783393	-16.8853388960204	-13.970285676897	-16.5635240118679	-14.1402106783393	-16.0917521670207	-15.2582568518248	-14.3328557562817	-4.25833197073889	-10.970285676897	-17.1584124559229	-16.0294094597071	-16.2535982263675	-16.7885781544785	-7.67873123105318	-8.88282283564669	-15.0409868258236	-12.1402106783393	-6.91259473492512	-16.7799629637501	-14.3328557562817	-15.176640671134	-14.7173551220649	-16.7885781544785	-16.9942318811449	-16.9096587392703	-17.3272105248073	-9.84558992944771	-16.2833416129283	-16.2367990269912	-16.748612176737	-12.818282583452	-9.47487476115416	-14.5264136529938	-11.8548084594771	-8.27602453368506	-8.39537684083979	-11.5552481776182	-16.3097427844391	-6.52182517608073	-6.89822752864501	-16.384637620813	-12.0082226257768	-15.1294440230319	-7.48736570533736	-5.23632883260316	-10.2822296832118	-6.44063822505207	-15.8070170383707	-1.9045703675518	-11.1402106783393	-11.3853231761759	-11.3588509648147	-17.7202375771488	-13.4397709601982	-10.2575676289775	-13.3328557562817	-16.0957349088202	-15.7689338103271	-17.1139761130231	-9.36542361873817	-11.0741214878816	-11.1178428653109	-6.59235217228092	-5.34620103331837	-9.36542361873817	-7.91139198784346	-6.7382645543628	-9.11230468176946	-9.16293075483942	-10.1178428653109	-10.0006593259405	-17.0294094597071	-12.4397709601982	-15.0779839739628	-13.970285676897	-16.7470521873992	-4.00867520966299	-9.80036067545472	-8.13458612914546	-15.1402106783393	-7.78706385284126	-16.1402106783393	-7.48378581506156	-2.12575425629689	-14.5734499552018	-11.0316862215612	-13.0504993315021	-16.2469446690061	-8.46425364539759	-8.11784286531089	-8.5971788580841	-14.4191222715571	-13.9996183773562	-8.82279806457447	-10.3987436919382	-6.83073432449823	-8.97530375166365	-4.45261628876322	-14.2070855174145	-16.7202375771488	-8.95038611945932	-10.1402106783393	-5.17839927025218	-8.5894638929561	-16.7689338103271	-11.7478932555606	-11.5552481776182	-13.1402106783393	-15.8303583981293	-7.91379848555055	-11.052747837089	-17.7615966795311	-14.3692792567523	-5.78816725254391	-8.64835758200967	-14.403411532981	-15.5198556027497	-17.1584124559229	-6.45633880971674	-16.4056733322819
ERR9830892	-17.8853388960204	-16.7799629637501	-11.8428860041488	-14.0799252014496	-14.0799252014496	-15.6801122396895	-16.8628431516183	-16.9942318811449	-15.1597005531095	-14.8554362872015	-9.95654278594433	-15.9140346941048	-16.2535982263675	-8.60187790464497	-16.9696001215342	-15.3302779268492	-17.148486512589	-16.8217615277124	-16.7885781544785	-17.1766341788099	-15.7054271990746	-17.1584124559229	-13.1868404053661	-16.6511217831019	-16.6874713714528	-16.2036156537574	-15.4259072773831	-15.3302779268492	-16.7191882544209	-12.4278485048699	-16.5552481776182	-7.53634094196079	-16.3272105248073	-11.4949627007285	-17.3302779268492	-15.2293295545294	-11.601877904645	-14.5758768536132	-16.4985687660214	-7.5165927167	-14.0799252014496	-6.17217611427105	-15.7470521873992	-16.3822524982757	-16.8303583981293	-16.7885781544785	-15.6079659767929	-7.21839513924097	-8.08638022358691	-16.094118933225	-16.7906030435777	-17.1636496760158	-16.7615966795311	-7.22906864075542	-14.5653520286199	-10.9565427859443	-16.9672149989968	-16.5635240118679	-15.8217615277124	-16.0917521670207	-15.2582568518248	-15.3328557562817	-4.03182761376317	-14.3023176227861	-17.1584124559229	-16.0294094597071	-16.2535982263675	-16.7885781544785	-9.50357583103317	-11.4278485048699	-10.7579971065623	-15.0822322201737	-8.32122608533613	-8.41967457342422	-14.8872801235072	-15.176640671134	-13.7173551220649	-16.7885781544785	-16.9942318811449	-16.9096587392703	-12.4949627007285	-12.7173551220649	-16.2833416129283	-16.2367990269912	-16.748612176737	-12.3023176227861	-9.13239262134375	-10.9803895278987	-12.7173551220649	-16.1597005531095	-10.6974555646272	-12.6393526100636	-16.3097427844391	-6.21044151703307	-8.27625532619987	-16.384637620813	-12.0082226257768	-15.1294440230319	-8.83199768800603	-7.72740878672883	-9.70737103349228	-6.79981728225688	-15.8070170383707	-2.40472423195825	-13.5653520286199	-16.3003763952992	-12.4278485048699	-14.8872801235072	-17.748612176737	-9.30231762278606	-14.8872801235072	-16.0957349088202	-15.7689338103271	-17.1139761130231	-8.74262188067534	-9.13908727391776	-11.9330838131203	-7.82388504221871	-7.31174087667269	-9.67782675787827	-8.21132309056547	-7.73246201445512	-8.93891289192254	-14.3269155758209	-11.9330838131203	-11.0799252014496	-17.0294094597071	-7.64648879134526	-15.0779839739628	-14.970285676897	-16.7470521873992	-10.1059204099826	-10.8872801235072	-13.8059819814439	-14.0799252014496	-14.7439027273591	-17.3302779268492	-15.176640671134	-1.05335235917841	-14.5734499552018	-9.74772877110843	-13.0504993315021	-11.5297281188891	-6.51332746813703	-10.6974555646272	-8.99853687460896	-14.4191222715571	-13.9996183773562	-8.87605286808397	-15.3066211909655	-7.24162169109851	-8.55188976881329	-4.10858694028338	-14.2070855174145	-16.7202375771488	-11.7173551220649	-9.60187790464497	-6.23892254149755	-10.2148547815357	-16.7689338103271	-14.9373081317731	-10.8428860041488	-16.195000463029	-14.3023176227861	-5.13741069611038	-9.09937756411579	-13.8872801235072	-14.3692792567523	-7.70240478059894	-11.2434239337325	-14.403411532981	-15.5198556027497	-17.1584124559229	-8.30607954158226	-16.4056733322819
ERR9830893	-17.8853388960204	-12.26265278319	-7.18583718613916	-6.36057920387925	-12.7772259560198	-15.6801122396895	-16.8628431516183	-16.9942318811449	-6.40094549660414	-12.497118036827	-12.7772259560198	-14.26265278319	-16.2535982263675	-7.63621364649268	-16.9696001215342	-15.3302779268492	-17.148486512589	-4.7848945167461	-16.7885781544785	-17.1766341788099	-15.7054271990746	-17.1584124559229	-10.26265278319	-15.5845808780774	-8.25366399996274	-16.2036156537574	-15.4259072773831	-15.3302779268492	-16.7191882544209	-11.1922634552986	-16.5552481776182	-11.5845808780774	-11.26265278319	-17.6143719604283	-9.16672836319146	-15.2293295545294	-15.7867801173891	-14.5758768536132	-9.24473087519273	-15.6607647384976	-15.8265584177017	-7.9996183773562	-8.67769028246884	-16.3822524982757	-16.8303583981293	-16.7885781544785	-15.6079659767929	-7.67769028246884	-6.22922978165254	-16.094118933225	-14.26265278319	-17.1636496760158	-16.7615966795311	-15.6148708502022	-14.9996183773562	-16.8853388960204	-16.9672149989968	-16.5635240118679	-15.8217615277124	-16.0917521670207	-12.1251492594401	-15.3328557562817	-9.87033536041123	-16.7191882544209	-17.1584124559229	-16.0294094597071	-16.2535982263675	-13.414655876635	-9.91215553610586	-9.33665336463377	-10.5622130650489	-15.0822322201737	-7.75803239078644	-16.7799629637501	-16.8995457449954	-15.176640671134	-14.7173551220649	-16.7885781544785	-16.9942318811449	-12.5845808780774	-17.3272105248073	-8.49711803682702	-14.26265278319	-14.5845808780774	-16.748612176737	-4.43388158933282	-3.82552493891719	-8.2008765856033	-11.4552978611324	-11.8296933759139	-6.25478453985665	-10.2095414467304	-16.3097427844391	-7.5622130650489	-3.38690343176994	-10.9996183773562	-12.0082226257768	-11.7772259560198	-4.31195109310099	-3.9657365763107	-8.5902274412185	-6.04542206696932	-12.6776902824688	-2.88046108956434	-9.72659988294978	-4.62929423255289	-9.20954144673043	-9.52929844257617	-10.414655876635	-8.85666042351416	-11.9407246883026	-11.4552978611324	-10.7516908639126	-13.9996183773562	-15.5801849467121	-7.14578902549909	-13.26265278319	-6.84987125785152	-13.0197978590077	-8.21825866383154	-8.50776528102652	-12.7233827129491	-7.80979381847618	-6.77883700592574	-9.21825866383154	-9.88414115993626	-11.0610189220203	-6.40342862121179	-6.61160109201106	-8.5401867587189	-16.7470521873992	-7.93712245162244	-14.26265278319	-13.8059819814439	-16.1402106783393	-6.61591408488215	-17.3302779268492	-7.08672904112624	-3.80424616995346	-14.5734499552018	-10.7516908639126	-13.0504993315021	-9.67769028246884	-7.79016501172725	-9.61879659341527	-8.50776528102652	-14.4191222715571	-12.9996183773562	-7.97725056432774	-11.4552978611324	-9.02999202639972	-15.1804142557516	-9.21825866383154	-14.2070855174145	-16.7202375771488	-9.96987103396215	-9.79016501172725	-5.10884744711096	-16.0027820589294	-16.7689338103271	-14.9373081317731	-10.9996183773562	-10.9121555361059	-10.9698710339621	-4.85368623153568	-6.79831125042889	-13.7772259560198	-7.45272391746856	-4.01069704742089	-10.9407246883026	-14.403411532981	-10.6538435405145	-17.1584124559229	-6.94795625753371	-16.4056733322819
ERR9830894	-17.8853388960204	-16.7799629637501	-16.5096822354595	-16.7799629637501	-11.6263478702073	-15.6801122396895	-13.4888443464573	-16.9942318811449	-10.7584514062146	-14.8554362872015	-15.1832809109454	-15.9140346941048	-16.2535982263675	-10.16691625157	-16.9696001215342	-15.3302779268492	-17.148486512589	-4.53385498334822	-16.7885781544785	-14.140921043037	-15.7054271990746	-17.1584124559229	-16.2535982263675	-16.6511217831019	-16.6874713714528	-16.2036156537574	-13.6263478702073	-15.3302779268492	-15.3633134643735	-11.0656329157328	-16.5552481776182	-8.26177543791142	-16.3272105248073	-17.6143719604283	-17.3302779268492	-11.7783509636523	-15.7867801173891	-6.93984734302405	-14.140921043037	-7.76092389189414	-15.8265584177017	-8.25130843886035	-11.4247140090376	-16.3822524982757	-16.8303583981293	-12.140921043037	-7.85551882417478	-15.6002381555483	-15.1294440230319	-14.6263478702073	-16.7906030435777	-17.1636496760158	-16.7615966795311	-15.6148708502022	-16.4178195582083	-14.140921043037	-16.9672149989968	-16.5635240118679	-13.4888443464573	-16.0917521670207	-10.7783509636523	-15.3328557562817	-3.41190731554078	-13.9482759650946	-17.1584124559229	-16.0294094597071	-16.2535982263675	-16.7885781544785	-15.9096587392703	-10.1027859141503	-15.0409868258236	-15.0822322201737	-11.1153859509299	-16.7799629637501	-16.8995457449954	-15.176640671134	-14.7173551220649	-16.7885781544785	-16.9942318811449	-16.9096587392703	-17.3272105248073	-16.0917521670207	-16.2833416129283	-16.2367990269912	-16.748612176737	-12.8608131238443	-15.3101583179478	-14.5264136529938	-16.1597005531095	-12.0902949699671	-15.8584861608643	-14.140921043037	-16.3097427844391	-16.1804142557516	-14.0779839739628	-16.384637620813	-12.0082226257768	-15.1294440230319	-13.9482759650946	-8.88218677463686	-14.8265584177017	-6.05877200168316	-13.0413853694861	-2.20149924511932	-15.3272105248073	-16.3003763952992	-15.7422480240861	-11.9038818457362	-17.748612176737	-10.4725425341282	-16.384637620813	-16.0957349088202	-15.7689338103271	-17.1139761130231	-8.04138536948611	-15.154940341791	-10.140921043037	-10.6628737462324	-13.0197978590077	-13.3223474220349	-9.16691625156997	-5.79092902973179	-9.49706485326231	-14.3269155758209	-15.1572855233649	-17.1584124559229	-17.0294094597071	-14.6686357256463	-15.0779839739628	-14.970285676897	-16.7470521873992	-9.33356612097942	-11.2758506231231	-13.8059819814439	-13.9482759650946	-14.7439027273591	-11.9038818457362	-15.176640671134	-9.57323653374771	-14.5734499552018	-8.46849570106553	-13.0504993315021	-16.2469446690061	-7.48679651780848	-7.11064803192323	-6.53147843748857	-14.4191222715571	-13.9996183773562	-9.12172747780372	-12.4888443464573	-6.11380491511041	-15.1804142557516	-6.75228866706613	-14.2070855174145	-11.2203555105314	-9.64449521691753	-15.6790814339462	-5.79789399627679	-16.0027820589294	-16.7689338103271	-14.9373081317731	-6.75845140621462	-16.195000463029	-8.93146767740808	-1.0719508790314	-10.3335661209794	-10.4404813248959	-14.3692792567523	-14.1648912178027	-8.36331346437348	-12.6263478702073	-11.1933884629312	-15.9482759650946	-8.09652692367858	-16.4056733322819
ERR9830895	-17.8853388960204	-16.7799629637501	-16.5096822354595	-16.7799629637501	-16.7470521873992	-15.6801122396895	-13.9963473823338	-16.9942318811449	-10.1242222048859	-9.04215107194689	-4.12675353909298	-11.5942489387624	-16.2535982263675	-7.08431348344928	-16.9696001215342	-15.3302779268492	-17.148486512589	-16.8217615277124	-16.7885781544785	-17.1766341788099	-15.7054271990746	-17.1584124559229	-16.2535982263675	-16.6511217831019	-16.6874713714528	-14.3442706857541	-12.716239463141	-15.3302779268492	-15.481774209504	-8.45718857122573	-14.9963473823338	-9.32796887342497	-13.6337773029491	-17.6143719604283	-17.3302779268492	-15.2293295545294	-11.9210592550295	-14.5758768536132	-15.481774209504	-12.7593081850329	-15.8265584177017	-8.98671868113598	-15.7470521873992	-3.60012488341941	-16.8303583981293	-16.7885781544785	-11.6744192874464	-6.58816930464571	-7.66671119231114	-16.094118933225	-16.7906030435777	-10.7702793028539	-13.481774209504	-13.9963473823338	-12.4461502997733	-16.8853388960204	-14.9963473823338	-16.5635240118679	-14.481774209504	-16.0917521670207	-15.2582568518248	-15.3328557562817	-7.77027930285392	-14.3442706857541	-17.1584124559229	-16.0294094597071	-16.2535982263675	-16.7885781544785	-8.30784727750419	-9.87888980078558	-10.3198865271271	-15.0822322201737	-8.44395274406904	-9.86118779905213	-16.8995457449954	-9.21124526712329	-14.7173551220649	-16.7885781544785	-16.9942318811449	-16.9096587392703	-12.2187398036702	-13.3442706857541	-16.2833416129283	-16.2367990269912	-16.748612176737	-7.66543050421914	-13.9963473823338	-13.4113848816126	-13.6337773029491	-16.1597005531095	-11.6138777455113	-17.148486512589	-16.3097427844391	-9.53691576369646	-9.29194965062399	-16.384637620813	-12.0082226257768	-15.1294440230319	-10.8264223808914	-8.92718535782637	-11.6138777455113	-10.3858497895055	-15.8070170383707	-4.90434538146825	-13.3442706857541	-13.8968117087828	-13.3442706857541	-17.7202375771488	-17.748612176737	-11.5183000855291	-15.2187398036702	-16.0957349088202	-15.7689338103271	-17.1139761130231	-10.6847612316679	-11.5183000855291	-14.6525555835613	-7.79247504896811	-10.9088845410834	-7.05215824530227	-10.8379180197293	-5.24002934456385	-11.3943113682537	-11.3607588085426	-15.1572855233649	-12.9457213092638	-17.0294094597071	-6.41084826451849	-11.8264223808914	-10.0289152447902	-10.7376131139336	-8.48855274213506	-10.9835233419762	-10.3690740767546	-16.1402106783393	-6.87074941219665	-17.3302779268492	-9.66415095199257	-0.75608842961653	-10.2112452671233	-16.1352750764276	-12.0223425908667	-13.1598461146166	-11.9457213092638	-12.1312769624199	-10.9708122902266	-14.4191222715571	-13.9996183773562	-11.7813344913629	-15.3066211909655	-6.94961312452079	-13.1598461146166	-3.67506349153877	-14.2070855174145	-16.7202375771488	-9.80934886753251	-13.481774209504	-8.43301489758415	-13.716239463141	-16.7689338103271	-8.4862896906265	-17.1636496760158	-16.195000463029	-15.8303583981293	-11.2491134527137	-14.8037023043914	-17.7615966795311	-10.0157997449999	-8.93951615973709	-13.9963473823338	-14.403411532981	-15.5198556027497	-17.1584124559229	-8.13127696241987	-10.9708122902266
ERR9830896	-17.8853388960204	-16.7799629637501	-16.5096822354595	-14.9128826550912	-16.7470521873992	-15.6801122396895	-14.2608059585115	-14.7202375771488	-11.6327747358985	-9.96535007498533	-15.1832809109454	-11.8873475629841	-16.2535982263675	-8.43714922412479	-16.9696001215342	-15.3302779268492	-17.148486512589	-16.8217615277124	-16.7885781544785	-17.1766341788099	-15.7054271990746	-17.1584124559229	-16.2535982263675	-16.6511217831019	-8.4005654562018	-16.2036156537574	-15.4259072773831	-15.3302779268492	-14.3983094822614	-9.68131858785649	-16.5552481776182	-7.33545382705544	-11.9653500749853	-17.6143719604283	-16.1352750764276	-15.2293295545294	-10.8133469815403	-14.5758768536132	-14.1352750764276	-9.66495514164761	-15.8265584177017	-7.78950023958591	-15.7470521873992	-10.5403284871339	-13.7202375771488	-16.7885781544785	-15.6079659767929	-5.7693172251187	-7.92095595562687	-16.094118933225	-15.7202375771488	-17.1636496760158	-16.7615966795311	-7.2094734092309	-13.3983094822614	-14.7202375771488	-13.8133469815403	-16.5635240118679	-14.1352750764276	-13.5503125757065	-10.6649551416476	-15.3328557562817	-3.13169860506585	-13.6327747358985	-17.1584124559229	-16.0294094597071	-16.2535982263675	-16.7885781544785	-7.50956623336317	-9.37150942291772	-10.1966756210918	-15.0822322201737	-7.38820102878714	-7.55658790113297	-16.8995457449954	-15.176640671134	-10.1810787660408	-16.7885781544785	-16.9942318811449	-16.9096587392703	-12.9128826550912	-14.3983094822614	-16.2833416129283	-14.5503125757065	-16.748612176737	-10.062026094397	-10.8873475629841	-14.5264136529938	-16.1597005531095	-16.1597005531095	-12.5909545602038	-17.148486512589	-16.3097427844391	-11.7429576536489	-10.6868145756113	-16.384637620813	-9.16564872547116	-15.1294440230319	-14.0197978590077	-9.85605143249452	-14.8265584177017	-8.53041301826878	-15.8070170383707	-5.48512086275255	-15.3272105248073	-16.3003763952992	-15.7422480240861	-16.7202375771488	-17.748612176737	-14.3156127480399	-16.384637620813	-16.0957349088202	-15.7689338103271	-17.1139761130231	-14.0197978590077	-15.154940341791	-14.6525555835613	-10.4441131718746	-12.0197978590077	-8.90005861473361	-12.1656487254712	-7.20650998119636	-12.8622565820212	-14.3269155758209	-15.1572855233649	-12.5503125757065	-17.0294094597071	-4.12206873530406	-15.0779839739628	-11.6327747358985	-16.7470521873992	-8.82541981384085	-14.1352750764276	-13.8059819814439	-15.1352750764276	-9.7202375771488	-17.3302779268492	-15.176640671134	-0.528908422483339	-14.5734499552018	-15.1352750764276	-13.0504993315021	-11.4348353582865	-13.1572855233649	-10.5909545602038	-11.4348353582865	-14.4191222715571	-13.9996183773562	-12.9128826550912	-15.3066211909655	-9.72588414028994	-15.1804142557516	-7.53164873144145	-14.2070855174145	-15.7202375771488	-11.0059920594827	-15.6790814339462	-9.22039169006559	-16.0027820589294	-16.7689338103271	-8.94545051754762	-13.8133469815403	-16.195000463029	-14.7202375771488	-10.7090103217255	-15.8037023043914	-17.7615966795311	-14.3692792567523	-11.2772940813001	-11.2124429369501	-14.403411532981	-15.5198556027497	-17.1584124559229	-8.36488648072398	-9.92582171079869
ERR9830897	-13.8628431516183	-12.8628431516183	-8.48780372027141	-6.7608674806691	-10.2629303094312	-9.14859763395221	-15.8628431516183	-16.9942318811449	-6.67178393708668	-6.62563319086331	-3.70376021588743	-11.1349226970551	-6.74779950145662	-6.53416822429039	-16.9696001215342	-15.3302779268492	-15.2778806508972	-16.8217615277124	-16.7885781544785	-17.1766341788099	-14.2778806508972	-17.1584124559229	-10.0814834380937	-15.2778806508972	-7.65095485707233	-16.2036156537574	-15.4259072773831	-8.34714331333429	-16.7191882544209	-11.2481333075031	-16.5552481776182	-10.5774409327561	-13.540915056731	-11.403411532981	-13.692918150176	-15.2293295545294	-8.94397991434374	-14.5758768536132	-10.1624034334772	-8.28919596412501	-11.9086468412315	-7.83770358933982	-10.2629303094312	-12.2189869618436	-9.56822240272671	-16.7885781544785	-15.6079659767929	-7.26107236321062	-6.45027330481312	-16.094118933225	-16.7906030435777	-12.9559525560098	-16.7615966795311	-6.33928119556132	-16.4178195582083	-5.63763571467483	-16.9672149989968	-16.5635240118679	-15.8217615277124	-11.540915056731	-15.2582568518248	-15.3328557562817	-5.85581588472436	-10.6533897859894	-17.1584124559229	-16.0294094597071	-16.2535982263675	-16.7885781544785	-8.24813330750312	-14.953323448583	-11.5774409327561	-15.0822322201737	-6.62922347485863	-16.7799629637501	-15.2778806508972	-7.00486215649076	-14.7173551220649	-9.4198996557696	-15.8628431516183	-11.8184490322599	-11.2189869618436	-7.41575992540868	-16.2833416129283	-14.0554882295607	-16.748612176737	-5.16327069833106	-5.37500311779528	-8.86848971475948	-11.3392811955613	-9.08805609201716	-7.14859763395221	-10.692918150176	-16.3097427844391	-6.36798756712713	-6.60545530892568	-16.384637620813	-12.0082226257768	-15.1294440230319	-5.00447355176359	-4.67270982975353	-10.7130960321137	-8.20463166886654	-13.0554882295607	-4.05629352963237	-10.0554882295607	-6.66808629719609	-10.5960566109234	-10.3236843405103	-10.7130960321137	-8.50969632612025	-9.10795564945487	-16.0957349088202	-15.7689338103271	-14.8628431516183	-10.403411532981	-11.6149156381747	-10.7130960321137	-8.61017771916809	-13.0197978590077	-10.0426641892031	-10.540915056731	-8.74910098556914	-9.60545530892568	-7.67301859273832	-11.775380310368	-10.8628431516183	-10.3550485114196	-6.63162197090715	-10.2629303094312	-8.89705886695625	-11.0299531374536	-7.20820712309037	-16.7470521873992	-13.8059819814439	-11.7335601346734	-6.70045182286143	-9.00486215649076	-5.87557913954579	-1.81597493826861	-14.5734499552018	-10.7967539611606	-13.0504993315021	-16.2469446690061	-8.77538031036799	-9.82942015008088	-8.25551283786872	-14.4191222715571	-13.9996183773562	-10.9802001022565	-12.692918150176	-5.42873622300838	-11.0554882295607	-7.99556441190867	-14.2070855174145	-16.7202375771488	-10.9559525560098	-11.6533897859894	-6.62324462236921	-12.775380310368	-16.7689338103271	-10.3082542999407	-10.1763426244351	-13.8628431516183	-12.0048621564908	-5.80349869079391	-9.38710972065194	-8.29298754328738	-4.35579184937042	-5.13025171565332	-10.7543186948402	-13.403411532981	-12.4705257288396	-17.1584124559229	-6.77803476381397	-16.4056733322819
ERR9830898	-17.8853388960204	-16.7799629637501	-16.5096822354595	-16.7799629637501	-16.7470521873992	-15.6801122396895	-16.8628431516183	-14.6686357256463	-10.8273334716654	-14.8554362872015	-12.7300362703105	-14.2535982263675	-15.2535982263675	-11.8273334716654	-16.9696001215342	-15.3302779268492	-17.148486512589	-8.27060465167316	-16.7885781544785	-17.1766341788099	-15.7054271990746	-17.1584124559229	-15.2535982263675	-16.6511217831019	-16.6874713714528	-14.9316701314801	-13.0836732249252	-15.3302779268492	-16.7191882544209	-12.0441448607385	-16.5552481776182	-14.5901358865705	-8.67616939833172	-17.6143719604283	-17.3302779268492	-15.2293295545294	-15.7867801173891	-7.47552109683211	-11.7300362703105	-15.6607647384976	-15.8265584177017	-10.6990093746898	-15.7470521873992	-16.3822524982757	-16.8303583981293	-16.7885781544785	-5.09215137884946	-6.92716873924517	-4.91319173551417	-16.094118933225	-13.2535982263675	-14.9316701314801	-16.7615966795311	-15.6148708502022	-14.0836732249252	-16.8853388960204	-16.9672149989968	-16.5635240118679	-15.8217615277124	-16.0917521670207	-13.4462433043099	-15.3328557562817	-2.95904926942136	-15.6686357256463	-17.1584124559229	-16.0294094597071	-15.2535982263675	-15.2535982263675	-9.76978244910321	-14.953323448583	-10.7941666077302	-15.0822322201737	-7.33622614689063	-16.7799629637501	-14.2535982263675	-15.176640671134	-14.7173551220649	-16.7885781544785	-16.9942318811449	-14.2535982263675	-17.3272105248073	-13.346707630759	-16.2833416129283	-16.2367990269912	-15.6686357256463	-13.5531585082264	-11.2535982263675	-10.6837426180365	-16.1597005531095	-10.5256777718043	-14.2535982263675	-12.8612808035887	-16.3097427844391	-12.209204107009	-6.41124788295366	-16.384637620813	-12.0082226257768	-15.1294440230319	-9.34670763075895	-8.76575819254442	-10.9498174781904	-7.72221676585116	-13.9316701314801	-1.75418830230367	-10.9681960075052	-16.3003763952992	-15.7422480240861	-13.4462433043099	-17.748612176737	-10.5121312399663	-16.384637620813	-16.0957349088202	-15.7689338103271	-17.1139761130231	-9.1875090359097	-9.84420729022977	-13.346707630759	-7.38169298870828	-13.0197978590077	-8.66488359078521	-8.13985606031828	-9.92268134825285	-8.76978244910321	-7.3377188475317	-15.1572855233649	-10.4854139015905	-17.0294094597071	-13.6686357256463	-15.0779839739628	-10.6837426180365	-16.7470521873992	-5.00507762142904	-13.5531585082264	-13.8059819814439	-16.1402106783393	-14.7439027273591	-17.3302779268492	-15.176640671134	-2.41508366300885	-14.5734499552018	-10.581172884396	-13.0504993315021	-11.4722385128428	-7.43023098632123	-9.73003627031046	-7.6913558021464	-14.4191222715571	-13.9996183773562	-9.20374967691691	-11.9681960075052	-3.74691873676906	-15.1804142557516	-8.498710724204	-14.2070855174145	-16.7202375771488	-6.84420729022977	-10.8273334716654	-4.76550704883399	-8.24237097094422	-16.7689338103271	-14.9373081317731	-9.05392588153111	-13.9316701314801	-13.0836732249252	-4.32415486868327	-9.58117288439597	-9.22017522483002	-14.3692792567523	-8.47552109683211	-10.2535982263675	-14.403411532981	-12.7941666077302	-17.1584124559229	-6.24727214784254	-16.4056733322819
ERR9830899	-17.8853388960204	-16.7799629637501	-12.8377724582222	-16.7799629637501	-16.7470521873992	-15.6801122396895	-16.8628431516183	-16.9942318811449	-14.1597005531095	-8.24083731583495	-12.6572002125804	-9.75597836705853	-16.2535982263675	-8.90545926573376	-16.9696001215342	-15.3302779268492	-17.148486512589	-16.8217615277124	-16.7885781544785	-17.1766341788099	-15.7054271990746	-17.1584124559229	-16.2535982263675	-16.6511217831019	-16.6874713714528	-16.2036156537574	-15.4259072773831	-15.3302779268492	-16.7191882544209	-8.7446630538307	-11.2211010977737	-6.65985466602634	-16.3272105248073	-17.6143719604283	-12.2852314351934	-12.6572002125804	-7.16534711625069	-14.5758768536132	-10.4408823056536	-6.53642869549091	-15.8265584177017	-6.09720462737578	-15.7470521873992	-16.3822524982757	-16.8303583981293	-16.7885781544785	-15.6079659767929	-6.03213605339088	-8.19007420215306	-16.094118933225	-16.7906030435777	-14.4227349589433	-16.7615966795311	-15.6148708502022	-14.1597005531095	-16.8853388960204	-16.9672149989968	-16.5635240118679	-15.8217615277124	-13.2852314351934	-11.3523456310519	-15.3328557562817	-3.26614620615425	-16.7191882544209	-17.1584124559229	-16.0294094597071	-16.2535982263675	-16.7885781544785	-7.48727521113805	-14.953323448583	-9.79046674344382	-15.0822322201737	-8.14475021164357	-16.7799629637501	-16.8995457449954	-9.52549453336854	-14.7173551220649	-16.7885781544785	-16.9942318811449	-13.7446630538307	-17.3272105248073	-16.0917521670207	-16.2833416129283	-16.2367990269912	-16.748612176737	-10.594915934326	-12.0442233356896	-14.5264136529938	-15.1597005531095	-15.1597005531095	-11.7904667434438	-12.9373081317731	-16.3097427844391	-9.36095876135665	-14.0779839739628	-16.384637620813	-12.0082226257768	-15.1294440230319	-11.4967355403871	-10.1597005531095	-14.8265584177017	-7.53520968820175	-15.8070170383707	-3.70488720459702	-13.0442233356896	-16.3003763952992	-15.7422480240861	-17.7202375771488	-17.748612176737	-10.3183982991286	-16.384637620813	-16.0957349088202	-15.7689338103271	-17.1139761130231	-9.8742983342473	-12.8377724582222	-11.6153800368857	-8.67320069127408	-13.0197978590077	-7.65455063416641	-9.86202000446886	-6.31421050216517	-9.9373081317731	-9.67857386337293	-15.1572855233649	-17.1584124559229	-17.0294094597071	-5.82356596572391	-15.0779839739628	-14.970285676897	-11.5747380523884	-6.92448409141551	-16.7470521873992	-13.8059819814439	-16.1402106783393	-6.68938061832951	-17.3302779268492	-15.176640671134	-0.879437250901373	-14.5734499552018	-16.1352750764276	-13.0504993315021	-11.4592608349685	-9.3268105389448	-9.03730392174982	-8.67857386337293	-14.4191222715571	-13.9996183773562	-9.81392571626781	-11.7002689344722	-7.96658592429534	-9.83777245822218	-3.59095270167898	-14.2070855174145	-16.7202375771488	-9.9373081317731	-15.6790814339462	-6.25080760458988	-16.0027820589294	-16.7689338103271	-13.9373081317731	-17.1636496760158	-16.195000463029	-15.8303583981293	-12.5747380523884	-15.8037023043914	-17.7615966795311	-14.3692792567523	-8.48256820846052	-9.71124005229325	-14.403411532981	-12.5747380523884	-17.1584124559229	-7.2648827898016	-16.4056733322819
ERR9830900	-17.8853388960204	-16.7799629637501	-14.3291936882145	-16.7799629637501	-16.7470521873992	-11.2248570283998	-16.8628431516183	-14.3291936882145	-12.4811967816596	-6.81665073311767	-13.1916901644646	-10.6511217831019	-16.2535982263675	-13.953323448583	-16.9696001215342	-15.3302779268492	-17.148486512589	-11.6511217831019	-16.7885781544785	-17.1766341788099	-15.7054271990746	-17.1584124559229	-16.2535982263675	-15.6511217831019	-6.81507142804382	-12.9506820649608	-15.4259072773831	-10.8962342809384	-12.1275598270449	-9.37499737782765	-16.5552481776182	-8.56897274174802	-13.6511217831019	-17.6143719604283	-17.3302779268492	-15.2293295545294	-13.6511217831019	-14.5758768536132	-11.4416684174729	-9.08887935888082	-15.8265584177017	-8.91641216287606	-15.7470521873992	-16.3822524982757	-14.6511217831019	-12.2588043603231	-9.68533749843981	-15.6002381555483	-15.1294440230319	-16.094118933225	-16.7906030435777	-15.0661592823807	-7.39137851941111	-3.94203797055155	-11.696925472715	-16.8853388960204	-16.9672149989968	-16.5635240118679	-11.3657195642396	-12.3291936882145	-10.2248570283998	-15.3328557562817	-2.61615091763006	-12.4811967816596	-17.1584124559229	-13.3291936882145	-16.2535982263675	-11.5218387661569	-8.03273628084329	-8.38433524240699	-15.0409868258236	-15.0822322201737	-6.90965479670075	-16.7799629637501	-16.8995457449954	-15.176640671134	-14.7173551220649	-16.7885781544785	-16.9942318811449	-16.9096587392703	-17.3272105248073	-16.0917521670207	-16.2833416129283	-16.2367990269912	-13.0661592823807	-11.4416684174729	-5.16428676153884	-9.39373394040924	-16.1597005531095	-11.3657195642396	-12.9506820649608	-10.9232013285387	-16.3097427844391	-5.03136031980347	-7.94376265102101	-16.384637620813	-12.0082226257768	-15.1294440230319	-11.0965329314243	-8.38902693773171	-14.8265584177017	-4.52797035032832	-15.8070170383707	-2.29130360307202	-12.2588043603231	-10.6067276637434	-15.7422480240861	-11.5218387661569	-17.748612176737	-12.1275598270449	-16.384637620813	-16.0957349088202	-15.7689338103271	-17.1139761130231	-9.58503259264412	-15.154940341791	-14.6525555835613	-8.11584640648109	-13.0197978590077	-6.06147063658711	-9.86976206957723	-4.11414611749125	-7.09078894888945	-8.21232993052363	-15.1572855233649	-11.0965329314243	-17.0294094597071	-5.07936913959835	-15.0779839739628	-10.422303092606	-10.2417308469642	-7.5244173102587	-9.52183876615693	-13.8059819814439	-16.1402106783393	-14.7439027273591	-14.6511217831019	-15.176640671134	-8.76237853420363	-14.5734499552018	-16.1352750764276	-13.0504993315021	-16.2469446690061	-8.43195326263973	-9.44166841747294	-9.88293745832497	-14.4191222715571	-13.9996183773562	-8.9506820649608	-15.3066211909655	-5.66884117854361	-8.233269268216	-4.63431349541534	-14.2070855174145	-16.7202375771488	-10.5013746635972	-15.6790814339462	-7.27608235175497	-16.0027820589294	-16.7689338103271	-14.9373081317731	-8.9506820649608	-16.195000463029	-15.8303583981293	-2.42267884336758	-11.2248570283998	-17.7615966795311	-14.3692792567523	-9.57430618605106	-10.384335242407	-14.403411532981	-15.5198556027497	-17.1584124559229	-9.85670591675179	-16.4056733322819
ERR9830901	-17.8853388960204	-16.7799629637501	-16.5096822354595	-16.7799629637501	-12.4396685846437	-15.6801122396895	-16.8628431516183	-16.9942318811449	-12.8547060839226	-11.0067091773676	-3.75843017286593	-15.9140346941048	-16.2535982263675	-8.50656810971236	-16.9696001215342	-15.3302779268492	-17.148486512589	-15.4396685846437	-16.7885781544785	-16.1766341788099	-15.7054271990746	-17.1584124559229	-11.9802369660064	-16.6511217831019	-15.4396685846437	-16.2036156537574	-15.4259072773831	-15.3302779268492	-16.7191882544209	-11.8789536301693	-16.5552481776182	-12.4761944606688	-15.1766341788099	-17.6143719604283	-17.3302779268492	-15.2293295545294	-15.7867801173891	-14.5758768536132	-16.4985687660214	-15.6607647384976	-14.5916716780888	-7.996725088795	-13.8547060839226	-16.3822524982757	-13.3692792567523	-16.7885781544785	-15.6079659767929	-5.71174813008053	-7.29297263661307	-16.094118933225	-16.7906030435777	-8.60677857047899	-15.7615966795311	-7.27979724786534	-12.8074003691442	-8.88201342991831	-16.9672149989968	-16.5635240118679	-15.8217615277124	-14.7615966795311	-15.2582568518248	-15.3328557562817	-2.64952375769393	-16.7191882544209	-17.1584124559229	-16.0294094597071	-16.2535982263675	-16.7885781544785	-8.98680961992992	-11.4948101388362	-10.6017253427527	-15.0822322201737	-7.59292456139886	-9.6374753677019	-16.8995457449954	-15.176640671134	-10.5424281590689	-16.7885781544785	-16.9942318811449	-14.7615966795311	-17.3272105248073	-10.2458968412471	-16.2833416129283	-16.2367990269912	-16.748612176737	-6.45610488742041	-7.24786908357866	-9.45325764939169	-13.1177404897564	-8.59167167808878	-9.90361568440352	-12.2380347234741	-16.3097427844391	-8.1340627950583	-4.76688968427299	-16.384637620813	-12.0082226257768	-15.1294440230319	-8.16168383734396	-6.07553392963568	-14.8265584177017	-4.94341397458245	-15.8070170383707	-2.17092191979198	-11.6741338382808	-10.169139642263	-10.5816875895162	-12.5916716780888	-12.7615966795311	-8.86981297631278	-13.1177404897564	-14.7615966795311	-15.7689338103271	-17.1139761130231	-8.79870067419383	-8.68478108248026	-11.5521433139021	-6.97369412013966	-6.26774123029027	-11.1322400594515	-8.97369412013966	-7.2098884179104	-8.52319194020602	-8.91297373910175	-11.5521433139021	-11.3865572481842	-15.4396685846437	-9.89123195994769	-15.0779839739628	-14.970285676897	-16.7470521873992	-13.9832481215201	-11.6530722227529	-13.8059819814439	-16.1402106783393	-11.047351161865	-17.3302779268492	-7.19744718954536	-2.86002265652897	-14.5734499552018	-12.1468868354159	-13.0504993315021	-16.2469446690061	-8.76159667953109	-9.42174667664647	-9.24984402576371	-14.4191222715571	-13.9996183773562	-9.28181641550199	-10.7392288665026	-9.40844985403301	-8.23607587043602	-4.05337494949274	-14.2070855174145	-16.7202375771488	-10.161683837344	-9.335331924829	-4.92712562954687	-11.5916716780888	-16.7689338103271	-10.047351161865	-9.92870666536635	-12.1177404897564	-15.8303583981293	-5.94421325163386	-8.45325764939169	-16.7615966795311	-13.3692792567523	-4.75036942410784	-12.1177404897564	-14.403411532981	-11.9542417574735	-17.1584124559229	-6.04606361600451	-16.4056733322819
ERR9830902	-17.8853388960204	-16.7799629637501	-16.5096822354595	-16.7799629637501	-16.7470521873992	-15.6801122396895	-16.8628431516183	-14.1350198337581	-15.1597005531095	-10.6755882151208	-10.2870229272032	-14.8719854279243	-16.2535982263675	-9.87198542792433	-14.4569479286455	-15.3302779268492	-17.148486512589	-16.8217615277124	-16.7885781544785	-17.1766341788099	-15.7054271990746	-17.1584124559229	-16.2535982263675	-16.6511217831019	-16.6874713714528	-16.2036156537574	-15.4259072773831	-15.3302779268492	-16.7191882544209	-13.8719854279243	-14.4569479286455	-7.17849847042501	-16.3272105248073	-17.6143719604283	-17.3302779268492	-12.2090204152019	-9.03068317394339	-14.5758768536132	-14.8719854279243	-8.21854318932041	-15.8265584177017	-9.81309173887077	-15.7470521873992	-16.3822524982757	-16.8303583981293	-12.6495930065879	-15.6079659767929	-15.6002381555483	-15.1294440230319	-16.094118933225	-16.7906030435777	-17.1636496760158	-16.7615966795311	-15.6148708502022	-16.4178195582083	-16.8853388960204	-12.550057333037	-16.5635240118679	-14.1350198337581	-16.0917521670207	-13.1350198337581	-15.3328557562817	-3.09664950202745	-16.7191882544209	-17.1584124559229	-16.0294094597071	-16.2535982263675	-11.9975163100082	-15.9096587392703	-14.953323448583	-15.0409868258236	-15.0822322201737	-8.62405791448075	-16.7799629637501	-14.4569479286455	-15.176640671134	-14.7173551220649	-16.7885781544785	-16.9942318811449	-16.9096587392703	-17.3272105248073	-16.0917521670207	-16.2833416129283	-16.2367990269912	-16.748612176737	-14.7892716305541	-15.3101583179478	-14.5264136529938	-16.1597005531095	-16.1597005531095	-15.8584861608643	-13.6495930065879	-16.3097427844391	-16.1804142557516	-6.66904536925406	-16.384637620813	-12.0082226257768	-15.1294440230319	-15.3246962385491	-14.6518365262701	-14.8265584177017	-9.03068317394339	-15.8070170383707	-2.60783608820101	-15.3272105248073	-16.3003763952992	-15.7422480240861	-17.7202375771488	-17.748612176737	-14.3156127480399	-16.384637620813	-16.0957349088202	-15.7689338103271	-17.1139761130231	-12.3694850873952	-15.154940341791	-14.6525555835613	-10.2090204152019	-13.0197978590077	-13.3223474220349	-9.62405791448075	-3.75477524327994	-13.8622565820212	-9.56213016533755	-15.1572855233649	-17.1584124559229	-17.0294094597071	-14.6686357256463	-15.0779839739628	-14.970285676897	-16.7470521873992	-12.550057333037	-16.7470521873992	-13.8059819814439	-16.1402106783393	-14.7439027273591	-17.3302779268492	-15.176640671134	-10.1350198337581	-14.5734499552018	-16.1352750764276	-13.0504993315021	-16.2469446690061	-8.79161201146032	-11.2474945630165	-9.41255380928704	-14.4191222715571	-13.9996183773562	-16.3290721933837	-15.3066211909655	-4.69124744099439	-15.1804142557516	-4.90957136514739	-14.2070855174145	-16.7202375771488	-15.567659047344	-15.6790814339462	-7.11709792576087	-16.0027820589294	-16.7689338103271	-14.9373081317731	-15.4569479286455	-16.195000463029	-15.8303583981293	-0.947884304794554	-8.49694599657741	-17.7615966795311	-14.3692792567523	-14.1648912178027	-9.7565082105044	-14.403411532981	-15.5198556027497	-17.1584124559229	-8.26219107422324	-16.4056733322819
ERR9830903	-17.8853388960204	-16.7799629637501	-12.3547347646205	-12.5771271859569	-15.7470521873992	-10.6385277306211	-16.8628431516183	-15.1620896866781	-9.54737984256286	-9.60750083500043	-10.6595893461489	-11.1924633357216	-16.2535982263675	-8.39390536190114	-15.7470521873992	-12.8401615917907	-17.148486512589	-16.8217615277124	-16.7885781544785	-17.1766341788099	-15.7054271990746	-17.1584124559229	-10.6177691704543	-16.6511217831019	-9.23925754720053	-16.2036156537574	-15.4259072773831	-12.7470521873992	-13.1620896866781	-10.3207874326971	-15.1620896866781	-6.89842924696989	-16.3272105248073	-17.6143719604283	-17.3302779268492	-11.2234902313422	-7.81927422531688	-14.5758768536132	-11.7026580680408	-7.6437643789872	-11.6177691704543	-6.34297505115799	-14.7470521873992	-16.3822524982757	-11.7026580680408	-16.7885781544785	-15.6079659767929	-6.55352682689801	-6.6662346597909	-16.094118933225	-16.7906030435777	-8.78126790273714	-16.7615966795311	-8.27537697300718	-9.48026564670432	-16.8853388960204	-13.2876205687619	-16.5635240118679	-15.8217615277124	-16.0917521670207	-10.5973050678945	-13.7470521873992	-5.57212650489855	-13.7470521873992	-17.1584124559229	-16.0294094597071	-16.2535982263675	-16.7885781544785	-7.25519909106955	-11.2234902313422	-8.83416285116926	-15.0822322201737	-7.07816720313298	-5.58907373745379	-16.8995457449954	-15.176640671134	-14.7173551220649	-16.7885781544785	-16.9942318811449	-13.5771271859569	-15.1620896866781	-10.9656924738746	-16.2833416129283	-16.2367990269912	-16.748612176737	-6.64114367882807	-7.89842924696989	-7.77838539420402	-16.1597005531095	-11.6595893461489	-7.7726375975937	-11.3207874326971	-16.3097427844391	-7.2059555720497	-5.84016159179071	-13.9396972653416	-12.0082226257768	-15.1294440230319	-6.33236695159201	-5.52124224677568	-11.8890711922717	-7.17529954389568	-15.8070170383707	-2.98404735781325	-10.9656924738746	-16.3003763952992	-10.2078933762912	-12.3547347646205	-17.748612176737	-9.69176975189804	-16.384637620813	-9.1471393452121	-15.7689338103271	-17.1139761130231	-9.87668746781582	-15.154940341791	-12.2234902313422	-5.06449644631892	-13.0197978590077	-6.76548490549621	-8.38510841366398	-6.78995014583694	-8.63852773062106	-9.96569247387457	-15.1572855233649	-17.1584124559229	-17.0294094597071	-6.08082818459605	-15.0779839739628	-9.90156213645485	-15.7470521873992	-10.7026580680408	-15.7470521873992	-9.68096299694145	-16.1402106783393	-6.18004681715219	-17.3302779268492	-7.70539303576201	-1.25341561019719	-14.5734499552018	-16.1352750764276	-13.0504993315021	-11.0746268454277	-9.88907119227165	-10.5771271859569	-9.4524314385076	-14.4191222715571	-13.9996183773562	-9.67023659034839	-11.4991246739556	-5.78126790273714	-8.41613530928461	-3.90883310689691	-14.2070855174145	-16.7202375771488	-10.5375988217703	-12.2234902313422	-5.91021282765051	-16.0027820589294	-16.7689338103271	-8.42963957363436	-17.1636496760158	-13.2876205687619	-15.8303583981293	-10.2551990910695	-15.8037023043914	-17.7615966795311	-14.3692792567523	-6.87977344768956	-10.6177691704543	-14.403411532981	-15.5198556027497	-17.1584124559229	-6.82818895012463	-7.4364394057397
ERR9830904	-17.8853388960204	-16.7799629637501	-16.5096822354595	-16.7799629637501	-16.7470521873992	-15.6801122396895	-15.3246962385491	-16.9942318811449	-8.240773755004	-10.8011342824921	-13.2092190211292	-13.5877306443829	-16.2535982263675	-8.92666516457594	-16.9696001215342	-15.3302779268492	-17.148486512589	-16.8217615277124	-16.7885781544785	-17.1766341788099	-15.7054271990746	-17.1584124559229	-16.2535982263675	-16.6511217831019	-11.9096587392703	-16.2036156537574	-15.4259072773831	-15.3302779268492	-16.7191882544209	-13.2092190211292	-16.5552481776182	-9.67125399994517	-16.3272105248073	-17.6143719604283	-17.3302779268492	-15.2293295545294	-15.7867801173891	-14.5758768536132	-16.4985687660214	-15.6607647384976	-15.8265584177017	-8.04237999956059	-15.7470521873992	-16.3822524982757	-16.8303583981293	-16.7885781544785	-15.6079659767929	-15.6002381555483	-15.1294440230319	-16.094118933225	-14.3246962385491	-15.3246962385491	-16.7615966795311	-11.6617312258267	-16.4178195582083	-13.9096587392703	-16.9672149989968	-16.5635240118679	-15.8217615277124	-16.0917521670207	-15.2582568518248	-15.3328557562817	-5.5248749891769	-16.7191882544209	-17.1584124559229	-16.0294094597071	-16.2535982263675	-16.7885781544785	-14.9096587392703	-14.953323448583	-15.0409868258236	-15.0822322201737	-7.17664341758429	-16.7799629637501	-16.8995457449954	-15.176640671134	-14.7173551220649	-16.7885781544785	-16.9942318811449	-15.9096587392703	-12.9096587392703	-16.0917521670207	-16.2833416129283	-16.2367990269912	-16.748612176737	-9.42584296200599	-12.8221958980199	-14.5264136529938	-16.1597005531095	-13.9096587392703	-10.3398031309393	-13.2092190211292	-16.3097427844391	-9.29494889515504	-14.0779839739628	-16.384637620813	-12.0082226257768	-15.1294440230319	-14.3246962385491	-9.81162665630973	-14.8265584177017	-7.92666516457594	-15.8070170383707	-3.02396236593086	-12.7397337378279	-16.3003763952992	-15.7422480240861	-14.9096587392703	-17.748612176737	-11.9554624288834	-16.384637620813	-16.0957349088202	-15.7689338103271	-17.1139761130231	-10.5346193079233	-12.5173413164915	-12.5173413164915	-13.9931532176081	-13.0197978590077	-10.1152428729201	-9.8872909262418	-8.96129150768557	-11.1023038172126	-8.51734131649149	-15.1572855233649	-17.1584124559229	-17.0294094597071	-6.93524414946472	-10.9554624288834	-11.1023038172126	-16.7470521873992	-10.8652646199118	-16.7470521873992	-13.8059819814439	-16.1402106783393	-14.7439027273591	-17.3302779268492	-6.12584197995007	-0.461268146500301	-14.5734499552018	-16.1352750764276	-13.0504993315021	-16.2469446690061	-9.14147441449333	-8.04547259461597	-9.70998639443389	-12.9096587392703	-13.9996183773562	-16.3290721933837	-15.3066211909655	-8.49180622438435	-15.1804142557516	-4.61618709043212	-14.2070855174145	-16.7202375771488	-15.567659047344	-11.9554624288834	-6.37925240217118	-16.0027820589294	-16.7689338103271	-14.9373081317731	-12.3246962385491	-16.195000463029	-15.8303583981293	-10.2658025494955	-15.8037023043914	-17.7615966795311	-14.3692792567523	-8.93811518531948	-11.1282990257456	-14.403411532981	-15.5198556027497	-14.1023038172126	-9.18855955056307	-16.4056733322819
ERR9830905	-17.8853388960204	-16.7799629637501	-16.5096822354595	-16.7799629637501	-16.7470521873992	-15.6801122396895	-16.8628431516183	-16.9942318811449	-8.77241913093103	-7.82150391143051	-15.1832809109454	-12.6002381555483	-16.2535982263675	-7.62525004355642	-16.9696001215342	-15.3302779268492	-17.148486512589	-16.8217615277124	-16.7885781544785	-17.1766341788099	-14.6002381555483	-17.1584124559229	-16.2535982263675	-16.6511217831019	-16.6874713714528	-16.2036156537574	-15.4259072773831	-15.3302779268492	-13.3372037497146	-7.5668151540109	-11.278310060661	-5.20835017020121	-9.86688381493452	-17.6143719604283	-17.3302779268492	-9.32970921316763	-7.24620921749396	-14.5758768536132	-13.4627346317984	-4.45991961619136	-11.6367640315735	-8.08611589537764	-15.7470521873992	-16.3822524982757	-16.8303583981293	-16.7885781544785	-15.6079659767929	-14.6002381555483	-15.1294440230319	-16.094118933225	-16.7906030435777	-17.1636496760158	-16.7615966795311	-15.6148708502022	-16.4178195582083	-16.8853388960204	-15.3372037497146	-16.5635240118679	-15.8217615277124	-16.0917521670207	-15.2582568518248	-15.3328557562817	-2.79861062214752	-16.7191882544209	-17.1584124559229	-8.57343809620463	-16.2535982263675	-13.9221662504357	-15.9096587392703	-11.3986042943787	-15.0409868258236	-12.5298488276569	-7.66950081798546	-16.7799629637501	-16.8995457449954	-6.22955074874113	-14.7173551220649	-16.7885781544785	-16.9942318811449	-16.9096587392703	-17.3272105248073	-16.0917521670207	-16.2833416129283	-16.2367990269912	-16.748612176737	-11.430313154106	-15.3101583179478	-10.772419130931	-16.1597005531095	-16.1597005531095	-10.772419130931	-11.9679699400488	-16.3097427844391	-8.46273463179841	-4.8611326487546	-16.384637620813	-12.0082226257768	-15.1294440230319	-10.7127128848068	-9.7522412489934	-14.8265584177017	-6.09165104345887	-15.8070170383707	-3.01086789848655	-15.3272105248073	-16.3003763952992	-15.7422480240861	-13.1148113283781	-14.3372037497146	-11.9221662504357	-16.384637620813	-16.0957349088202	-15.7689338103271	-17.1139761130231	-9.34473742239996	-15.154940341791	-10.2079207327696	-8.3259764942913	-13.0197978590077	-6.09959541948554	-8.70299772997355	-4.01640320083292	-8.4223203633525	-8.05798010578143	-11.9679699400488	-11.3986042943787	-17.0294094597071	-9.3148359366861	-15.0779839739628	-14.970285676897	-9.4223203633525	-11.3074564063205	-9.86688381493452	-13.8059819814439	-16.1402106783393	-14.7439027273591	-17.3302779268492	-15.176640671134	-10.1672787482722	-14.5734499552018	-16.1352750764276	-13.0504993315021	-16.2469446690061	-7.79546177759252	-9.68376151111063	-9.83470340918537	-14.4191222715571	-13.9996183773562	-9.2928096303561	-15.3066211909655	-7.40646641215167	-15.1804142557516	-3.27955040975062	-14.2070855174145	-16.7202375771488	-8.86688381493452	-10.1806992640346	-5.84668710094769	-10.0273484871278	-16.7689338103271	-14.9373081317731	-9.70299772997355	-16.195000463029	-15.8303583981293	-1.73095277821442	-11.3986042943787	-10.3372037497146	-14.3692792567523	-10.0152756548272	-9.93348156366354	-14.403411532981	-15.5198556027497	-17.1584124559229	-6.61724458085404	-16.4056733322819
ERR9830906	-13.7667063655016	-16.7799629637501	-9.66717069195064	-7.23421128467453	-10.2886590686969	-7.7067825478495	-16.8628431516183	-16.9942318811449	-7.34284010684797	-6.36949014330995	-11.2886590686969	-15.9140346941048	-10.8736215694181	-10.7160802924316	-16.9696001215342	-12.7667063655016	-17.148486512589	-5.45576905453217	-16.7885781544785	-17.1766341788099	-15.7054271990746	-10.8736215694181	-9.02716682767152	-8.7223122461431	-8.56843673836528	-16.2036156537574	-15.4259072773831	-12.4865984463088	-10.3842367286791	-9.41418995078077	-16.5552481776182	-14.5901358865705	-9.74117127339442	-17.6143719604283	-7.99663245952341	-15.2293295545294	-15.7867801173891	-14.5758768536132	-12.989098786838	-15.6607647384976	-15.8265584177017	-14.2280397528155	-9.01947243588152	-16.3822524982757	-11.1817438647804	-10.7160802924316	-15.6079659767929	-6.84954743443921	-10.8191737853957	-13.989098786838	-12.8736215694181	-10.846140832996	-16.7615966795311	-15.6148708502022	-16.4178195582083	-15.5740612875592	-16.9672149989968	-16.5635240118679	-15.8217615277124	-16.0917521670207	-10.4865984463088	-15.3328557562817	-3.00503641715156	-16.7191882544209	-17.1584124559229	-16.0294094597071	-16.2535982263675	-13.4041362861168	-15.9096587392703	-10.4865984463088	-10.5967813640592	-13.7667063655016	-7.58821935055582	-16.7799629637501	-13.989098786838	-7.07421540047595	-14.7173551220649	-11.8736215694181	-16.9942318811449	-16.9096587392703	-12.1146296689219	-8.05442503471594	-16.2833416129283	-14.2521331926718	-16.748612176737	-9.74117127339442	-3.31947551124973	-8.66717069195064	-16.1597005531095	-9.31667344486651	-4.56248458438298	-8.50797209710139	-10.1646703514215	-6.82251722847006	-5.1079848261629	-11.0194724358815	-12.0082226257768	-13.7667063655016	-8.00800724938806	-6.10238607316711	-13.2521331926718	-11.1146296689219	-7.9410660904162	-7.44735681471597	-6.93381635133681	-9.93020509778443	-6.83935166733332	-8.74117127339442	-9.05049933150215	-14.3156127480399	-16.384637620813	-12.2521331926718	-14.2521331926718	-17.1139761130231	-7.5712462719521	-9.28865906869691	-7.63154678221992	-11.5740612875592	-13.0197978590077	-5.1039108522848	-11.1146296689219	-7.17959859294884	-11.6671706919506	-4.38361926877633	-9.29793688228492	-14.5740612875592	-11.6198649771723	-7.78615872816773	-11.3646079219302	-11.6198649771723	-16.7470521873992	-9.42431416805448	-11.4447782706142	-13.8059819814439	-16.1402106783393	-5.21431172723683	-9.71608029243158	-5.78208446666047	-7.38670921435866	-14.5734499552018	-7.521493236755	-12.0504993315021	-16.2469446690061	-11.7160802924316	-8.85981576989303	-9.41418995078077	-14.4191222715571	-8.77964542120905	-16.3290721933837	-11.4865984463088	-9.19902185621223	-7.75388232514397	-10.989098786838	-10.0983278565928	-16.7202375771488	-5.7554791100783	-12.5740612875592	-6.00705591731212	-16.0027820589294	-16.7689338103271	-11.4447782706142	-3.29750064934074	-8.05836144927511	-8.23867093286523	-3.16241789969008	-4.11488585200713	-5.97321917317186	-6.23867093286523	-8.22533313332808	-8.00420567922821	-9.48659844630882	-15.5198556027497	-17.1584124559229	-9.06626664736046	-10.6433239499963
ERR9830907	-14.7799629637501	-15.7799629637501	-13.6100379623078	-15.7799629637501	-13.195000463029	-14.4580348688628	-16.8628431516183	-16.9942318811449	-8.39625867127608	-3.90690341608866	-12.079523245609	-9.47618221557303	-13.195000463029	-9.00517590414896	-16.9696001215342	-15.3302779268492	-17.148486512589	-12.7799629637501	-16.7885781544785	-17.1766341788099	-15.7054271990746	-17.1584124559229	-16.2535982263675	-16.6511217831019	-9.24858150323382	-16.2036156537574	-15.4259072773831	-12.3205313451128	-16.7191882544209	-12.4580348688628	-16.5552481776182	-11.0250754615867	-15.195000463029	-17.6143719604283	-17.3302779268492	-15.2293295545294	-9.83744845841089	-14.5758768536132	-8.17633661876394	-10.7138737732924	-15.8265584177017	-8.36211044886423	-15.7470521873992	-16.3822524982757	-16.8303583981293	-16.7885781544785	-15.6079659767929	-9.99860325022547	-8.19876238182518	-16.094118933225	-16.7906030435777	-10.422410959132	-14.7799629637501	-6.34637752259964	-13.4580348688628	-16.8853388960204	-16.9672149989968	-16.5635240118679	-15.8217615277124	-16.0917521670207	-15.2582568518248	-15.3328557562817	-7.27415140983054	-16.7191882544209	-17.1584124559229	-16.0294094597071	-16.2535982263675	-16.7885781544785	-11.079523245609	-14.953323448583	-13.3205313451128	-15.0822322201737	-9.47618221557303	-15.7799629637501	-16.8995457449954	-9.40492353240321	-10.8026830402502	-16.7885781544785	-16.9942318811449	-16.9096587392703	-17.3272105248073	-14.4580348688628	-16.2833416129283	-16.2367990269912	-16.748612176737	-8.40927555694292	-11.079523245609	-14.5264136529938	-16.1597005531095	-16.1597005531095	-9.45803486886277	-17.148486512589	-16.3097427844391	-8.87307236814161	-8.07260383166925	-16.384637620813	-12.0082226257768	-15.1294440230319	-8.12175148099834	-7.78278348281251	-12.3205313451128	-7.38335818256827	-15.8070170383707	-3.19429619401773	-13.9726080416925	-16.3003763952992	-15.7422480240861	-17.7202375771488	-17.748612176737	-10.8026830402502	-16.384637620813	-12.6100379623078	-15.7689338103271	-17.1139761130231	-10.5901384048701	-10.9986032502255	-14.6525555835613	-6.59261089054964	-11.079523245609	-7.30018269972103	-10.5705095981212	-6.37163322298274	-10.1217514809983	-14.3269155758209	-9.59013840487012	-11.6100379623078	-17.0294094597071	-8.56079444328797	-10.6506799468052	-9.42241095913205	-16.7470521873992	-3.84020011867838	-11.5320354503065	-13.8059819814439	-16.1402106783393	-14.7439027273591	-17.3302779268492	-15.176640671134	-0.946306918989104	-14.5734499552018	-9.74653996221268	-13.0504993315021	-16.2469446690061	-10.4945607448879	-8.70850060119351	-9.66102189102662	-14.4191222715571	-13.9996183773562	-11.5705095981212	-15.3066211909655	-4.17981774739147	-8.03177011416067	-4.98839305162325	-14.2070855174145	-16.7202375771488	-8.29212292992708	-13.195000463029	-7.44904608563552	-10.9986032502255	-16.7689338103271	-14.9373081317731	-10.476182215573	-15.195000463029	-15.8303583981293	-8.08299543751585	-10.4580348688628	-10.6925001224998	-7.73283905163611	-7.39842001256555	-10.8026830402502	-14.403411532981	-15.5198556027497	-17.1584124559229	-8.75205696718025	-16.4056733322819
ERR9830908	-17.8853388960204	-16.7799629637501	-16.5096822354595	-15.183971309606	-10.46515306215	-15.6801122396895	-15.183971309606	-11.8147374999403	-10.6814709690768	-8.5890247203122	-11.5594804446982	-15.9140346941048	-16.2535982263675	-7.85604447409718	-15.183971309606	-11.9615788882695	-17.148486512589	-13.183971309606	-16.7885781544785	-17.1766341788099	-15.7054271990746	-17.1584124559229	-12.4470057154398	-16.6511217831019	-10.7916538868272	-16.2036156537574	-15.4259072773831	-15.3302779268492	-16.7191882544209	-11.6396507933822	-16.5552481776182	-6.65519164427795	-16.3272105248073	-17.6143719604283	-17.3302779268492	-15.2293295545294	-7.73551080878969	-10.6814709690768	-14.7689338103271	-7.59900880888483	-15.8265584177017	-7.2552062143747	-15.7470521873992	-16.3822524982757	-13.3095021916898	-16.7885781544785	-15.6079659767929	-7.80314952566505	-5.66892858590442	-16.094118933225	-16.7906030435777	-17.1636496760158	-16.7615966795311	-8.12868887410479	-10.3938943789802	-7.63965079338217	-16.9672149989968	-16.5635240118679	-15.8217615277124	-16.0917521670207	-15.2582568518248	-15.3328557562817	-3.64529735652331	-16.7191882544209	-17.1584124559229	-16.0294094597071	-16.2535982263675	-16.7885781544785	-9.48353159146489	-12.6814709690768	-10.8147374999403	-12.5210062968836	-8.84412130672136	-16.7799629637501	-16.8995457449954	-15.176640671134	-14.7173551220649	-16.7885781544785	-16.9942318811449	-16.9096587392703	-17.3272105248073	-10.3595428741894	-16.2833416129283	-16.2367990269912	-16.748612176737	-8.69747144777051	-7.94875484791195	-5.05941914962042	-12.4470057154398	-9.79165388682722	-7.60654248157023	-10.3938943789802	-16.3097427844391	-9.43801693221252	-5.45378424807084	-16.384637620813	-12.0082226257768	-13.5990088088848	-5.76330926113326	-5.50273289782818	-14.8265584177017	-6.79739025637637	-13.183971309606	-1.68126379544161	-10.46515306215	-10.9360437961624	-11.5594804446982	-12.0140463081637	-12.2453718542701	-8.00406221959105	-14.183971309606	-11.8620432147186	-14.7689338103271	-17.1139761130231	-13.183971309606	-11.9109528151996	-8.21051309705847	-8.57417695590489	-13.0197978590077	-8.35108129544124	-8.8264193049879	-6.57294651229863	-8.48353159146489	-10.0965084683556	-10.5594804446982	-8.8862907609653	-17.0294094597071	-11.9615788882695	-15.0779839739628	-14.970285676897	-16.7470521873992	-11.7689338103271	-16.7470521873992	-13.8059819814439	-16.1402106783393	-14.7439027273591	-17.3302779268492	-15.176640671134	-5.73413484774987	-14.5734499552018	-7.39172327993859	-13.0504993315021	-16.2469446690061	-7.15790901301979	-8.24537185427013	-7.92344375938276	-14.4191222715571	-13.9996183773562	-9.02746682392599	-10.5594804446982	-5.37661638754838	-7.27307878343997	-3.36992297737515	-14.2070855174145	-11.1250776205524	-9.67090172736661	-11.6396507933822	-5.87942984691566	-8.94875484791195	-15.7689338103271	-14.9373081317731	-7.10359789314196	-9.96157888826954	-13.4470057154398	-2.93782453497012	-7.01071059560041	-7.03253187900885	-14.3692792567523	-5.17041599971452	-9.0342241901013	-14.403411532981	-12.5990088088848	-17.1584124559229	-7.6015156644954	-16.4056733322819
ERR9830909	-15.7906030435777	-16.7799629637501	-16.5096822354595	-16.7799629637501	-11.4686749486904	-12.0901633254366	-16.8628431516183	-16.9942318811449	-9.73532060807653	-14.8554362872015	-12.3311714249404	-14.4686749486904	-10.6820785867996	-5.81547158665638	-16.9696001215342	-15.3302779268492	-17.148486512589	-16.8217615277124	-16.7885781544785	-17.1766341788099	-15.7054271990746	-17.1584124559229	-16.2535982263675	-16.6511217831019	-11.3311714249404	-16.2036156537574	-14.2056405428566	-15.3302779268492	-16.7191882544209	-15.4092693804237	-16.5552481776182	-5.31740465990019	-16.3272105248073	-10.7031402023274	-17.3302779268492	-15.2293295545294	-15.7867801173891	-14.5758768536132	-16.4985687660214	-15.6607647384976	-15.8265584177017	-5.67686087752853	-11.6206780421354	-16.3822524982757	-16.8303583981293	-16.7885781544785	-10.0357155414143	-15.6002381555483	-8.50983227344712	-16.094118933225	-15.7906030435777	-8.77379475589117	-16.7615966795311	-7.40043408737754	-9.04913605717658	-16.8853388960204	-15.7906030435777	-16.5635240118679	-15.8217615277124	-16.0917521670207	-15.2582568518248	-15.3328557562817	-3.27823292990753	-16.7191882544209	-17.1584124559229	-16.0294094597071	-16.2535982263675	-16.7885781544785	-10.2056405428566	-14.953323448583	-12.2670410875207	-15.0822322201737	-8.08669947013306	-11.0092433300531	-16.8995457449954	-15.176640671134	-14.7173551220649	-12.6206780421354	-16.9942318811449	-16.9096587392703	-13.7906030435777	-12.146746853803	-15.2056405428566	-16.2367990269912	-16.748612176737	-10.9326220484502	-8.93262204845015	-14.5264136529938	-16.1597005531095	-11.7031402023274	-10.2207474352468	-17.148486512589	-16.3097427844391	-8.04913605717658	-14.0779839739628	-16.384637620813	-12.0082226257768	-15.1294440230319	-7.47319042981285	-4.83023903469989	-14.8265584177017	-7.73803499277357	-15.8070170383707	-2.87762017465358	-11.1181777016062	-11.9832481215201	-12.7031402023274	-17.7202375771488	-13.2056405428566	-9.19814600630964	-12.9832481215201	-13.6206780421354	-15.7689338103271	-17.1139761130231	-10.2207474352468	-10.8133231200778	-12.6206780421354	-9.42428082933191	-13.0197978590077	-11.9326220484502	-9.85986570601484	-8.91408609701272	-9.68207858679955	-8.79624960671886	-15.1572855233649	-12.5426755301341	-13.0901633254366	-7.64339811863549	-10.8598657060148	-12.7906030435777	-16.7470521873992	-12.9832481215201	-11.4330510389596	-13.8059819814439	-16.1402106783393	-5.09668055549671	-9.33117142494043	-15.176640671134	-1.05835610648987	-14.5734499552018	-16.1352750764276	-13.0504993315021	-9.42428082933191	-11.6206780421354	-8.99618717722762	-8.31892782918568	-14.4191222715571	-13.9996183773562	-16.3290721933837	-11.7462089242193	-11.8364067331908	-15.1804142557516	-4.47601979930353	-14.2070855174145	-16.7202375771488	-9.56178435308184	-13.4686749486904	-7.10760845989604	-16.0027820589294	-11.4330510389596	-14.9373081317731	-8.146746853803	-11.7906030435777	-9.74620892421927	-6.59584618915547	-8.18327272982811	-11.8364067331908	-14.3692792567523	-7.10235273444454	-9.13239156082593	-14.403411532981	-13.4686749486904	-17.1584124559229	-8.73532060807653	-16.4056733322819
ERR9830910	-17.8853388960204	-16.7799629637501	-16.5096822354595	-13.3518364443684	-11.9826026347027	-15.6801122396895	-15.3518364443684	-13.4773673264523	-11.688871431646	-10.9367989450896	-11.8924048257311	-11.3220891009743	-16.2535982263675	-7.23809427831921	-14.9367989450896	-15.3302779268492	-14.9367989450896	-16.8217615277124	-16.7885781544785	-17.1766341788099	-15.7054271990746	-17.1584124559229	-13.6148708502022	-16.6511217831019	-16.6874713714528	-16.2036156537574	-15.4259072773831	-9.05415589572771	-16.7191882544209	-10.0913088941452	-16.5552481776182	-6.06874809134439	-10.0664342255061	-7.5530946526155	-10.4132369890325	-15.2293295545294	-15.7867801173891	-6.48352831107893	-7.08348938968588	-7.99428443975031	-12.3518364443684	-11.1819114429261	-15.7470521873992	-16.3822524982757	-13.2363592269485	-13.029908349481	-15.6079659767929	-15.6002381555483	-14.1294440230319	-16.094118933225	-12.9367989450896	-17.1636496760158	-16.7615966795311	-14.6148708502022	-14.6148708502022	-8.1262273103484	-16.9672149989968	-16.5635240118679	-14.3518364443684	-16.0917521670207	-12.4773673264523	-15.3328557562817	-3.92208101522954	-16.7191882544209	-17.1584124559229	-16.0294094597071	-16.2535982263675	-13.9367989450896	-15.9096587392703	-14.953323448583	-15.0409868258236	-15.0822322201737	-8.41716269224634	-16.7799629637501	-15.3518364443684	-15.176640671134	-14.7173551220649	-16.7885781544785	-16.9942318811449	-16.9096587392703	-11.8075159281446	-13.1294440230319	-16.2833416129283	-16.2367990269912	-16.748612176737	-14.7892716305541	-7.48147172478499	-10.0419811817816	-13.7668739436472	-13.029908349481	-11.2929427553148	-13.2363592269485	-16.3097427844391	-8.70798025459367	-8.68887143164597	-16.384637620813	-12.0082226257768	-14.1294440230319	-9.09759515699261	-6.93257847877136	-14.8265584177017	-6.6081240177616	-15.8070170383707	-2.86558800343586	-11.8493361038392	-7.51053419038745	-12.9367989450896	-17.7202375771488	-13.4773673264523	-10.3822100934119	-13.2363592269485	-16.0957349088202	-15.7689338103271	-15.3518364443684	-9.3001743245459	-15.154940341791	-14.6525555835613	-8.48558783325722	-4.54448152231079	-6.23809427831921	-8.58807079085847	-6.96238435528402	-8.71279727089145	-7.57047673084374	-8.07571203909416	-10.9367989450896	-17.0294094597071	-12.2929427553148	-15.0779839739628	-14.970285676897	-16.7470521873992	-5.62108328706735	-8.21569975638237	-13.8059819814439	-16.1402106783393	-5.76875367686546	-17.3302779268492	-15.176640671134	-1.08307516173105	-14.5734499552018	-16.1352750764276	-13.0504993315021	-16.2469446690061	-9.73712660025319	-9.04198118178161	-7.68650052718322	-12.8493361038392	-13.9996183773562	-16.3290721933837	-15.3066211909655	-6.60700260686885	-8.8440418041697	-5.44745270437045	-14.2070855174145	-16.7202375771488	-10.1819114429261	-11.4773673264523	-6.81397095028188	-16.0027820589294	-16.7689338103271	-14.9373081317731	-11.7273455794606	-16.195000463029	-12.078817949962	-5.51368303494245	-7.84933610383921	-17.7615966795311	-8.44494584875988	-9.09759515699261	-9.52740800895185	-14.403411532981	-13.029908349481	-14.6148708502022	-6.68177037527082	-14.6148708502022
ERR9830911	-17.8853388960204	-16.7799629637501	-8.53899720987113	-7.84783530531805	-13.8020316157049	-15.6801122396895	-16.8628431516183	-16.9942318811449	-10.7316422878135	-14.8554362872015	-11.2659787154647	-14.5389972098711	-16.2535982263675	-10.83855749173	-16.9696001215342	-15.3302779268492	-17.148486512589	-16.8217615277124	-16.7885781544785	-17.1766341788099	-15.7054271990746	-17.1584124559229	-16.2535982263675	-16.6511217831019	-16.6874713714528	-16.2036156537574	-15.4259072773831	-15.3302779268492	-16.7191882544209	-8.56937085891465	-16.5552481776182	-5.58577077853987	-8.56937085891465	-17.6143719604283	-17.3302779268492	-8.00501863786878	-9.97421259108761	-14.5758768536132	-16.4985687660214	-5.94654017260305	-15.8265584177017	-7.05249734803567	-15.7470521873992	-16.3822524982757	-10.8760321971487	-16.7885781544785	-15.6079659767929	-4.78410970770767	-7.22309290261154	-16.094118933225	-16.7906030435777	-12.3166047885347	-16.7615966795311	-15.6148708502022	-16.4178195582083	-11.0795655912338	-16.9672149989968	-16.5635240118679	-13.5389972098711	-16.0917521670207	-15.2582568518248	-15.3328557562817	-1.37346206849321	-16.7191882544209	-17.1584124559229	-16.0294094597071	-16.2535982263675	-16.7885781544785	-10.0795655912338	-14.953323448583	-11.4235199924512	-15.0822322201737	-7.81562068045288	-16.7799629637501	-16.8995457449954	-4.74946356490077	-10.7664077059742	-16.7885781544785	-16.9942318811449	-16.9096587392703	-10.036496869342	-10.3425999970676	-16.2833416129283	-16.2367990269912	-16.748612176737	-6.94156535718776	-6.39774155126009	-14.5264136529938	-8.51662939684268	-16.1597005531095	-8.43047275309297	-9.26597871546472	-16.3097427844391	-8.36240847814781	-3.35846640252665	-16.384637620813	-12.0082226257768	-15.1294440230319	-5.63411175015299	-6.96661277522945	-14.8265584177017	-5.2466755770691	-15.8070170383707	-4.27494563689747	-10.4515343686208	-5.32792010176252	-10.036496869342	-17.7202375771488	-17.748612176737	-11.0795655912338	-13.1239597105923	-16.0957349088202	-12.5389972098711	-17.1139761130231	-9.8760321971487	-15.154940341791	-14.6525555835613	-6.82017896241519	-8.66452809195499	-7.79753022346999	-7.23217600737398	-9.78410970770767	-8.26597871546472	-8.21107037436233	-15.1572855233649	-10.8760321971487	-17.0294094597071	-10.3425999970676	-15.0779839739628	-14.970285676897	-16.7470521873992	-8.65635416050929	-12.2170691149838	-13.8059819814439	-16.1402106783393	-14.7439027273591	-17.3302779268492	-15.176640671134	-4.80259527855284	-14.5734499552018	-10.6003977545353	-13.0504993315021	-10.4801035208176	-7.77081288509421	-11.036496869342	-13.7247802837179	-14.4191222715571	-13.9996183773562	-6.05249734803567	-10.8020316157049	-6.2050964733177	-10.9145063449633	-4.52311759620499	-14.2070855174145	-16.7202375771488	-7.16395777852421	-10.1697634002054	-5.66555309735576	-12.036496869342	-16.7689338103271	-14.9373081317731	-8.61616507039359	-16.195000463029	-12.95403470915	-8.82933896170066	-10.6321066142626	-9.48010352081757	-14.3692792567523	-9.00501863786878	-11.1697634002054	-14.403411532981	-15.5198556027497	-17.1584124559229	-6.35743080199343	-16.4056733322819
ERR9830912	-15.5290136123019	-16.7799629637501	-16.5096822354595	-16.7799629637501	-10.0054516562449	-15.6801122396895	-16.8628431516183	-16.9942318811449	-12.1139761130231	-13.5290136123019	-11.8660485995795	-15.9140346941048	-16.2535982263675	-8.65454449438577	-16.9696001215342	-12.3066211909655	-17.148486512589	-6.50202917120308	-16.7885781544785	-17.1766341788099	-15.7054271990746	-17.1584124559229	-12.2559951178955	-16.6511217831019	-16.6874713714528	-16.2036156537574	-15.4259072773831	-13.1139761130231	-16.7191882544209	-10.8285738941608	-16.5552481776182	-4.90665668656526	-16.3272105248073	-17.6143719604283	-17.3302779268492	-12.2070855174145	-10.148191828361	-14.5758768536132	-16.4985687660214	-6.98985480119388	-15.8265584177017	-9.73893668167614	-12.7920480181357	-16.3822524982757	-11.2070855174145	-16.7885781544785	-10.7389366816761	-7.84484943387365	-15.1294440230319	-16.094118933225	-13.6545444943858	-17.1636496760158	-16.7615966795311	-15.6148708502022	-16.4178195582083	-12.5904141569661	-16.9672149989968	-16.5635240118679	-15.8217615277124	-16.0917521670207	-15.2582568518248	-15.3328557562817	-2.04784486700287	-16.7191882544209	-17.1584124559229	-16.0294094597071	-16.2535982263675	-14.3066211909655	-8.80109315773871	-13.1139761130231	-15.0409868258236	-11.9846930960781	-8.14243255907229	-16.7799629637501	-16.8995457449954	-15.176640671134	-11.3326163994984	-11.7920480181357	-16.9942318811449	-15.5290136123019	-17.3272105248073	-9.48461949294346	-16.2833416129283	-16.2367990269912	-16.748612176737	-7.87080212955011	-5.17109511586402	-11.4415507710516	-12.0695819936646	-8.83785170774883	-7.85894754320433	-11.9440511115808	-16.3097427844391	-6.5038740500234	-5.01003268313151	-16.384637620813	-12.0082226257768	-15.1294440230319	-6.27871519439558	-5.44420522449755	-14.8265584177017	-4.71817424163332	-13.1139761130231	-2.90330476923744	-9.47011992324834	-16.3003763952992	-10.1714616076838	-11.3066211909655	-9.7216586902443	-8.49926626890786	-16.384637620813	-16.0957349088202	-15.7689338103271	-16.1139761130231	-10.5593872613454	-15.154940341791	-9.99503504029956	-5.7163014800748	-11.9045227473941	-13.3223474220349	-8.08330897677612	-6.69929087721585	-7.09438538466518	-11.1139761130231	-8.63016033575881	-11.0695819936646	-11.6221230166934	-6.12174584805718	-15.0779839739628	-11.3590886108596	-16.7470521873992	-11.4992662689079	-10.3457917882461	-13.8059819814439	-16.1402106783393	-14.7439027273591	-17.3302779268492	-15.176640671134	-8.94906918634738	-14.5734499552018	-16.1352750764276	-13.0504993315021	-16.2469446690061	-6.5641914450752	-8.76082928752498	-7.59433986017985	-14.4191222715571	-12.9440511115808	-9.59827627473902	-14.3066211909655	-5.86664193499433	-7.40834372566165	-4.77245728977782	-13.2070855174145	-9.80109315773871	-10.3860556584599	-9.27477232492612	-5.94906918634738	-10.7920480181357	-16.7689338103271	-14.9373081317731	-5.66896126715464	-10.0265132717727	-10.2559951178955	-2.45041800880579	-8.0291677252187	-6.80222779801811	-14.3692792567523	-8.32281322446805	-9.24978996836878	-14.403411532981	-14.1139761130231	-17.1584124559229	-7.89723025482776	-16.4056733322819
ERR9830913	-17.8853388960204	-16.7799629637501	-16.5096822354595	-16.7799629637501	-13.097773495439	-15.6801122396895	-16.8628431516183	-16.9942318811449	-10.1772079629334	-8.00426160951582	-15.1832809109454	-10.4132753211669	-16.2535982263675	-8.71530385861655	-14.3201659167754	-15.3302779268492	-17.148486512589	-16.8217615277124	-16.7885781544785	-17.1766341788099	-15.7054271990746	-17.1584124559229	-16.2535982263675	-16.6511217831019	-11.3201659167754	-16.2036156537574	-15.4259072773831	-11.9051284174966	-16.7191882544209	-8.99823782188805	-16.5552481776182	-5.68959541775091	-11.5832003226092	-17.6143719604283	-17.3302779268492	-15.2293295545294	-8.35823395760893	-14.5758768536132	-16.4985687660214	-8.04714742236899	-12.7352034160543	-7.99823782188805	-15.7470521873992	-16.3822524982757	-16.8303583981293	-16.7885781544785	-8.04094227284229	-15.6002381555483	-15.1294440230319	-16.094118933225	-16.7906030435777	-17.1636496760158	-16.7615966795311	-12.2046886993555	-12.5832003226092	-16.8853388960204	-13.3201659167754	-16.5635240118679	-15.8217615277124	-16.0917521670207	-11.2046886993555	-15.3328557562817	-2.78327117188391	-16.7191882544209	-17.1584124559229	-12.7352034160543	-16.2535982263675	-16.7885781544785	-7.18402922878938	-14.953323448583	-15.0409868258236	-11.8176655762462	-7.64774057480391	-16.7799629637501	-16.8995457449954	-7.23624343323032	-14.7173551220649	-16.7885781544785	-16.9942318811449	-16.9096587392703	-17.3272105248073	-16.0917521670207	-16.2833416129283	-16.2367990269912	-16.748612176737	-10.5475764128785	-10.1502409153331	-9.27577179741695	-16.1597005531095	-16.1597005531095	-10.6197261986343	-13.9051284174966	-16.3097427844391	-7.36985304087576	-12.4456967988593	-16.384637620813	-12.0082226257768	-15.1294440230319	-9.69567505186762	-8.11071255114646	-14.8265584177017	-6.8203200296922	-15.8070170383707	-4.32204564999363	-15.3272105248073	-16.3003763952992	-15.7422480240861	-12.9051284174966	-17.748612176737	-12.4456967988593	-16.384637620813	-16.0957349088202	-15.7689338103271	-17.1139761130231	-9.23270307552507	-15.154940341791	-12.7352034160543	-6.34097892751083	-13.0197978590077	-7.64774057480391	-9.65720090405298	-5.56862185768631	-8.57421153938195	-8.41327532116689	-15.1572855233649	-17.1584124559229	-17.0294094597071	-9.23270307552507	-15.0779839739628	-10.9051284174966	-16.7470521873992	-6.92498883985741	-10.8607342981381	-13.8059819814439	-16.1402106783393	-14.7439027273591	-17.3302779268492	-15.176640671134	-0.94598678222218	-14.5734499552018	-10.4788636627945	-13.0504993315021	-16.2469446690061	-10.2612722277218	-9.7966039607184	-9.32016591677541	-14.4191222715571	-13.9996183773562	-16.3290721933837	-11.5128109947178	-6.12049357193904	-9.1502409153331	-3.87273824863004	-14.2070855174145	-16.7202375771488	-9.56527841461194	-9.71530385861655	-5.85664154350423	-11.7352034160543	-16.7689338103271	-14.9373081317731	-11.2046886993555	-16.195000463029	-13.5832003226092	-7.36985304087576	-10.4132753211669	-11.3201659167754	-14.3692792567523	-7.59224546221221	-9.95093210710969	-14.403411532981	-15.5198556027497	-17.1584124559229	-5.97143776254433	-16.4056733322819
ERR9830914	-17.8853388960204	-16.7799629637501	-16.5096822354595	-16.7799629637501	-9.81346055669168	-15.6801122396895	-16.8628431516183	-16.9942318811449	-5.39792220858264	-5.22849805597053	-12.135388651579	-14.5683480588552	-16.2535982263675	-7.60256377419307	-15.8902761537425	-11.4308445351052	-17.148486512589	-14.5683480588552	-16.7885781544785	-17.1766341788099	-15.7054271990746	-17.1584124559229	-16.2535982263675	-8.30907557181756	-16.6874713714528	-16.2036156537574	-15.4259072773831	-11.135388651579	-13.0829212316849	-10.7203511523002	-12.3667141976855	-5.0861451325592	-11.0322951586149	-17.6143719604283	-17.3302779268492	-7.03696659833884	-7.71784864509703	-14.5758768536132	-16.4985687660214	-5.72851441043784	-15.8265584177017	-6.96992329832743	-15.7470521873992	-16.3822524982757	-10.6048739348803	-11.7609931367975	-7.04949823014746	-15.6002381555483	-4.57852783873756	-14.0829212316849	-10.6234896130476	-9.48088521760481	-16.7615966795311	-15.6148708502022	-16.4178195582083	-16.8853388960204	-16.9672149989968	-16.5635240118679	-14.5683480588552	-13.8902761537425	-15.2582568518248	-15.3328557562817	-1.49046419441683	-13.0829212316849	-14.5683480588552	-16.0294094597071	-16.2535982263675	-11.4308445351052	-15.9096587392703	-9.32042054541157	-15.0409868258236	-10.5864954055654	-4.64531776059138	-16.7799629637501	-16.8995457449954	-6.79487913094996	-7.2940863975981	-16.7885781544785	-14.3053136530214	-16.9096587392703	-17.3272105248073	-5.96694866832332	-16.2833416129283	-16.2367990269912	-16.748612176737	-9.95953881617963	-15.3101583179478	-14.5264136529938	-16.1597005531095	-16.1597005531095	-15.8584861608643	-9.31284732570677	-9.30531365302136	-7.00610563463408	-5.13413685536959	-16.384637620813	-12.0082226257768	-15.1294440230319	-15.3246962385491	-12.5683480588552	-10.0958602873924	-12.9750068099644	-6.59450721932201	-13.734298686462	-10.8028133124922	-16.3003763952992	-15.7422480240861	-8.23206467099072	-10.3511173426345	-14.3156127480399	-16.384637620813	-16.0957349088202	-15.7689338103271	-9.17603063607639	-8.15556653351668	-15.154940341791	-11.8902761537425	-7.83499371824132	-6.74689293975269	-8.84042760429195	-7.14712475963001	-8.45982360207698	-13.8622565820212	-9.73040481696412	-15.1572855233649	-10.8458820343841	-14.5683480588552	-11.6048739348803	-15.0779839739628	-10.1623556991793	-13.3053136530214	-7.38446459982292	-8.57739319845816	-13.8059819814439	-16.1402106783393	-14.7439027273591	-8.65665647698281	-15.176640671134	-10.5683480588552	-14.5734499552018	-16.1352750764276	-13.0504993315021	-16.2469446690061	-8.15218389412202	-10.8241869632847	-13.7247802837179	-9.07009719132733	-11.983385558134	-9.37457631545847	-15.3066211909655	-9.12209182896559	-15.1804142557516	-3.41695091185071	-9.30531365302136	-16.7202375771488	-6.04714024263117	-15.6790814339462	-3.51387940265967	-16.0027820589294	-16.7689338103271	-14.9373081317731	-8.21079605423707	-16.195000463029	-14.3053136530214	-4.27786836060384	-10.4808852176048	-17.7615966795311	-14.3692792567523	-9.17603063607639	-6.72662647772669	-10.2903633115554	-15.5198556027497	-17.1584124559229	-6.79884076741891	-16.4056733322819
ERR9830915	-17.8853388960204	-16.7799629637501	-16.5096822354595	-16.7799629637501	-16.7470521873992	-15.6801122396895	-16.8628431516183	-16.9942318811449	-8.71467040208707	-2.44653239052904	-15.1832809109454	-11.3449568933177	-16.2535982263675	-7.81208290374501	-14.577617650108	-15.3302779268492	-17.148486512589	-16.8217615277124	-16.7885781544785	-17.1766341788099	-15.7054271990746	-17.1584124559229	-16.2535982263675	-16.6511217831019	-16.6874713714528	-16.2036156537574	-10.6141435261331	-15.3302779268492	-13.577617650108	-15.4092693804237	-16.5552481776182	-14.5901358865705	-16.3272105248073	-17.6143719604283	-17.3302779268492	-15.2293295545294	-15.7867801173891	-14.5758768536132	-5.8661227434579	-15.6607647384976	-15.8265584177017	-14.2280397528155	-6.32684551850806	-16.3822524982757	-16.8303583981293	-8.84426330949416	-15.6079659767929	-15.6002381555483	-15.1294440230319	-16.094118933225	-16.7906030435777	-13.4401141263581	-16.7615966795311	-15.6148708502022	-16.4178195582083	-15.3145832442742	-13.0921908229377	-16.5635240118679	-15.8217615277124	-16.0917521670207	-11.4732809902933	-15.3328557562817	-2.75043375428846	-16.7191882544209	-17.1584124559229	-16.0294094597071	-16.2535982263675	-12.9926551493868	-15.9096587392703	-14.953323448583	-11.729620743553	-15.0822322201737	-5.62167719881851	-16.7799629637501	-15.8995457449954	-15.176640671134	-14.7173551220649	-16.7885781544785	-16.9942318811449	-16.9096587392703	-17.3272105248073	-16.0917521670207	-16.2833416129283	-16.2367990269912	-16.748612176737	-9.09219082293775	-15.3101583179478	-14.5264136529938	-16.1597005531095	-8.17162529043215	-15.8584861608643	-12.8995457449954	-16.3097427844391	-16.1804142557516	-14.0779839739628	-16.384637620813	-12.0082226257768	-15.1294440230319	-15.3246962385491	-14.6518365262701	-14.8265584177017	-9.65161823155177	-15.8070170383707	-2.71707379605277	-9.47328099029325	-16.3003763952992	-15.7422480240861	-9.92226582149543	-17.748612176737	-14.3156127480399	-16.384637620813	-16.0957349088202	-15.7689338103271	-17.1139761130231	-8.97473324138957	-15.154940341791	-14.6525555835613	-13.9931532176081	-13.0197978590077	-8.89954574499535	-9.36816428447904	-10.7497986254907	-9.95703123965611	-7.05092280456601	-15.1572855233649	-17.1584124559229	-11.1991060268543	-12.1446582428319	-15.0779839739628	-11.8551516256369	-16.7470521873992	-2.77639431222178	-11.1991060268543	-13.8059819814439	-16.1402106783393	-14.7439027273591	-17.3302779268492	-15.176640671134	-11.2271204030239	-14.5734499552018	-16.1352750764276	-13.0504993315021	-16.2469446690061	-6.13965756177352	-9.10512987864525	-7.92800219104458	-5.45142943958589	-13.9996183773562	-16.3290721933837	-7.50937678879517	-5.08776968966869	-15.1804142557516	-6.95117851341067	-14.2070855174145	-16.7202375771488	-7.26110983100488	-15.6790814339462	-6.0115636119369	-6.85378608361267	-16.7689338103271	-14.9373081317731	-17.1636496760158	-16.195000463029	-15.8303583981293	-2.71281245586648	-11.8995457449954	-17.7615966795311	-14.3692792567523	-8.59576499681825	-7.10838285644033	-14.403411532981	-15.5198556027497	-11.3145832442742	-8.11164318560392	-16.4056733322819
ERR9830916	-17.8853388960204	-16.7799629637501	-16.5096822354595	-11.6841979026719	-16.7470521873992	-15.6801122396895	-16.8628431516183	-16.9942318811449	-2.41693102401991	-4.81668154539756	-12.1622451994766	-12.7996751200919	-14.9696001215342	-8.568720685252	-15.9696001215342	-15.3302779268492	-17.148486512589	-16.8217615277124	-16.7885781544785	-17.1766341788099	-15.7054271990746	-17.1584124559229	-13.1622451994766	-16.6511217831019	-10.9696001215342	-16.2036156537574	-15.4259072773831	-15.3302779268492	-12.1622451994766	-12.2691604033931	-10.5945606901873	-14.5901358865705	-16.3272105248073	-9.56020918539648	-17.3302779268492	-9.568720685252	-15.7867801173891	-8.96397557234031	-14.6476720266468	-10.0507368842596	-11.6841979026719	-6.41597082761782	-13.384637620813	-16.3822524982757	-11.8403171045892	-12.1622451994766	-7.89545865878168	-15.6002381555483	-15.1294440230319	-16.094118933225	-16.7906030435777	-12.9696001215342	-16.7615966795311	-8.05073688425959	-16.4178195582083	-13.5101685028969	-16.9672149989968	-16.5635240118679	-15.8217615277124	-16.0917521670207	-15.2582568518248	-15.3328557562817	-4.34915116952088	-16.7191882544209	-17.1584124559229	-16.0294094597071	-16.2535982263675	-13.2691604033931	-9.94723230850573	-11.0388627839713	-10.2691604033931	-15.0822322201737	-6.79467443903351	-16.7799629637501	-16.8995457449954	-11.1622451994766	-10.0507368842596	-11.5772826987554	-16.9942318811449	-14.384637620813	-13.1622451994766	-11.4150112698565	-14.9696001215342	-16.2367990269912	-16.748612176737	-12.8821372802838	-9.52665662568546	-9.99232019803427	-11.8403171045892	-16.1597005531095	-10.7601467559052	-12.5101685028969	-16.3097427844391	-8.7847247786259	-9.34754830207781	-15.384637620813	-12.0082226257768	-15.1294440230319	-8.36968727934706	-6.95139994272096	-14.8265584177017	-6.68188774198474	-15.8070170383707	-2.0667068906695	-11.2971747795627	-9.40735769731311	-15.7422480240861	-14.384637620813	-12.0627095259257	-10.384637620813	-15.384637620813	-13.384637620813	-12.6476720266468	-17.1139761130231	-9.51016850289689	-8.21137690680746	-11.2971747795627	-6.52873095392332	-13.0197978590077	-7.52458527566576	-8.52665662568546	-7.9334265089807	-9.84031710458922	-8.34389127846972	-15.1572855233649	-13.0627095259257	-10.9035109310764	-5.62364052513007	-15.0779839739628	-14.970285676897	-16.7470521873992	-8.11785108011813	-16.7470521873992	-13.8059819814439	-16.1402106783393	-7.31317525825641	-11.5772826987554	-7.579431165334	-2.27377373157133	-14.5734499552018	-8.62087196730311	-13.0504993315021	-12.5101685028969	-7.64767202664682	-8.53914756986866	-9.34754830207781	-12.2691604033931	-13.9996183773562	-7.90082184354877	-11.5433353668321	-7.51427290122963	-15.1804142557516	-4.42487712377871	-14.2070855174145	-16.7202375771488	-12.2147126193707	-11.6476720266468	-5.05372074269841	-8.72642613806124	-16.7689338103271	-10.8403171045892	-11.9252060021757	-11.4460381654772	-13.7996751200919	-5.77545888267105	-13.1622451994766	-17.7615966795311	-14.3692792567523	-8.0038158368721	-10.0507368842596	-12.6476720266468	-15.5198556027497	-17.1584124559229	-6.47274634414615	-14.9696001215342
ERR9830917	-17.8853388960204	-16.7799629637501	-16.5096822354595	-16.7799629637501	-13.2172830491046	-15.6801122396895	-16.8628431516183	-16.9942318811449	-15.1597005531095	-11.4287871542983	-15.1832809109454	-8.5577735950184	-16.2535982263675	-7.88555177918689	-16.9696001215342	-15.3302779268492	-17.148486512589	-15.0917521670207	-16.7885781544785	-17.1766341788099	-15.7054271990746	-17.1584124559229	-12.2843972449631	-16.6511217831019	-15.0917521670207	-16.2036156537574	-15.4259072773831	-11.7698240721334	-12.4287871542983	-10.5067896662996	-16.5552481776182	-4.3469183295212	-16.3272105248073	-9.8693597456843	-17.3302779268492	-12.5892518264916	-15.7867801173891	-12.4287871542983	-16.4985687660214	-10.4868901088619	-15.8265584177017	-9.49680557772697	-11.467261302113	-16.3822524982757	-11.3547865728545	-14.6767146677419	-15.6079659767929	-5.55647679039994	-8.88881210835047	-16.094118933225	-15.0917521670207	-12.9762749496008	-16.7615966795311	-15.6148708502022	-16.4178195582083	-16.8853388960204	-16.9672149989968	-16.5635240118679	-15.8217615277124	-15.0917521670207	-12.0328584779672	-15.3328557562817	-1.93872799563863	-16.7191882544209	-17.1584124559229	-16.0294094597071	-16.2535982263675	-11.722518357355	-15.9096587392703	-14.953323448583	-11.467261302113	-15.0822322201737	-6.84066431268383	-8.58395752682205	-16.8995457449954	-15.176640671134	-12.7698240721334	-16.7885781544785	-16.9942318811449	-16.9096587392703	-17.3272105248073	-15.0917521670207	-16.2833416129283	-16.2367990269912	-16.748612176737	-14.7892716305541	-8.68802998096974	-12.1531527116849	-16.1597005531095	-11.2843972449631	-12.4287871542983	-17.148486512589	-16.3097427844391	-9.92182716557843	-7.89863753820655	-16.384637620813	-12.0082226257768	-15.1294440230319	-10.0768018255548	-7.93524768134076	-14.8265584177017	-7.04190361757019	-15.8070170383707	-2.02897519497263	-10.7940716183801	-9.21728304910461	-15.7422480240861	-12.8693597456843	-12.2172830491046	-10.9762749496008	-16.384637620813	-16.0957349088202	-15.7689338103271	-17.1139761130231	-9.62143223224071	-15.154940341791	-14.6525555835613	-7.65434685471345	-13.0197978590077	-13.3223474220349	-8.63232054838345	-8.77584785976116	-9.59989907069107	-7.84699193265585	-15.1572855233649	-11.3191626631238	-17.0294094597071	-8.68236123088305	-15.0779839739628	-14.970285676897	-16.7470521873992	-9.35478657285454	-12.8693597456843	-13.8059819814439	-16.1402106783393	-6.53460761043935	-17.3302779268492	-15.176640671134	-1.86966168053647	-14.5734499552018	-16.1352750764276	-13.0504993315021	-12.6767146677419	-9.01137875055673	-10.745977330179	-8.49183932483362	-14.4191222715571	-13.9996183773562	-8.24208644010518	-11.1848615714122	-10.0328584779672	-15.1804142557516	-6.09363190023897	-14.2070855174145	-16.7202375771488	-9.35478657285454	-11.467261302113	-5.61129853306536	-16.0027820589294	-16.7689338103271	-14.9373081317731	-17.1636496760158	-16.195000463029	-13.6767146677419	-6.81717988135925	-10.0473580476623	-17.7615966795311	-14.3692792567523	-7.91184307700581	-10.8187336726143	-14.403411532981	-15.5198556027497	-17.1584124559229	-7.76382533151194	-16.4056733322819
ERR9830918	-17.8853388960204	-10.6306263767508	-9.678881545358	-7.85618607716591	-9.50351445884744	-7.20966890592812	-16.8628431516183	-13.2935913894732	-9.09065133080293	-6.33648934791092	-15.1832809109454	-10.9478165526315	-5.65153969654523	-8.09719417666971	-16.9696001215342	-13.2935913894732	-17.148486512589	-7.29923795261435	-16.7885781544785	-17.1766341788099	-15.7054271990746	-17.1584124559229	-14.8785538901944	-12.3549919341374	-16.6874713714528	-16.2036156537574	-15.4259072773831	-15.3302779268492	-16.7191882544209	-12.4862364674156	-16.5552481776182	-11.1236663880309	-11.2935913894732	-12.791091048944	-11.1781141720533	-15.2293295545294	-15.7867801173891	-14.5758768536132	-12.3549919341374	-15.6607647384976	-15.8265584177017	-6.97316688517624	-4.41707444290821	-16.3822524982757	-8.10376683059319	-13.8785538901944	-11.4862364674156	-15.6002381555483	-6.72753735130212	-16.094118933225	-16.7906030435777	-13.4191222715571	-16.7615966795311	-5.0959651306994	-13.0711989681368	-9.7492708732494	-16.9672149989968	-16.5635240118679	-15.8217615277124	-16.0917521670207	-15.2582568518248	-15.3328557562817	-6.3326241211089	-12.6306263767508	-17.1584124559229	-16.0294094597071	-16.2535982263675	-12.2346977004196	-10.3549919341374	-13.1781141720533	-11.5931516713321	-15.0822322201737	-7.43147066398471	-16.7799629637501	-16.8995457449954	-15.176640671134	-12.2346977004196	-8.10376683059319	-14.2935913894732	-11.3549919341374	-8.98373612688642	-6.05757719757313	-16.2833416129283	-16.2367990269912	-15.2935913894732	-11.791091048944	-4.59517610090881	-8.98981064129611	-14.556625795307	-8.3201331769257	-7.29735330826941	-11.556625795307	-16.3097427844391	-8.68872933131435	-5.605924105218	-16.384637620813	-12.0082226257768	-15.1294440230319	-5.58738319087251	-3.18888344423114	-9.6593853697322	-7.47341242705802	-13.7086288887521	-3.53107092955466	-11.9716632945858	-12.1236663880309	-8.82870534074381	-8.52100188557628	-12.7086288887521	-6.26660694837439	-9.52100188557628	-16.0957349088202	-15.7689338103271	-14.0711989681368	-12.4191222715571	-11.0971941766697	-11.3549919341374	-6.7622099289569	-13.0197978590077	-6.58049132247535	-9.01436774554009	-9.64014915086929	-10.0205728950668	-10.2203424074426	-15.1572855233649	-14.2935913894732	-8.14046163057388	-10.5210018855763	-15.0779839739628	-14.970285676897	-16.7470521873992	-10.9716632945858	-16.7470521873992	-9.99591084083253	-16.1402106783393	-2.08571276903213	-17.3302779268492	-4.52651046439893	-4.71742200721006	-8.0425035351363	-16.1352750764276	-13.0504993315021	-13.556625795307	-9.61176734949947	-9.51223167594855	-9.10376683059319	-13.4191222715571	-13.9996183773562	-10.6306263767508	-15.3066211909655	-7.8287053407438	-12.1781141720533	-8.85064789362448	-14.2070855174145	-16.7202375771488	-10.4691629540567	-10.7700294334162	-6.35499193413735	-13.2935913894732	-4.62647984739818	-6.31249985202327	-9.80173829314354	-8.97166329458585	-8.93018665860969	-5.48462721455395	-8.02680484877831	-17.7615966795311	-8.32396503851673	-8.35107688413397	-11.4862364674156	-10.4522891354923	-7.19731547841656	-17.1584124559229	-8.71364696351868	-16.4056733322819
ERR9830919	-12.3935990104256	-16.7799629637501	-11.790934507971	-7.85386576369741	-10.1150635110516	-8.65663341625937	-16.8628431516183	-16.9942318811449	-2.9210961959248	-14.8554362872015	-6.18703681819084	-15.9140346941048	-16.2535982263675	-9.55602947532096	-16.9696001215342	-12.8265584177017	-16.148486512589	-2.99438043532282	-16.7885781544785	-17.1766341788099	-15.7054271990746	-17.1584124559229	-9.71385828495232	-11.4205660580258	-9.34758661266874	-16.2036156537574	-15.4259072773831	-15.3302779268492	-13.8265584177017	-9.98861517581065	-12.624924556532	-8.62100950652864	-16.3272105248073	-17.6143719604283	-17.3302779268492	-15.2293295545294	-11.5938976609114	-14.5758768536132	-16.4985687660214	-13.148486512589	-14.8265584177017	-8.38361492185295	-6.77236112331287	-12.148486512589	-14.8265584177017	-16.7885781544785	-13.0610236713387	-7.83787373092951	-8.94881416775268	-16.094118933225	-10.9987393930844	-9.22367400898326	-16.7615966795311	-7.2103771863698	-16.4178195582083	-11.4480467944479	-16.9672149989968	-15.5635240118679	-15.8217615277124	-16.0917521670207	-12.2905055174615	-15.3328557562817	-5.43338250335287	-16.7191882544209	-17.1584124559229	-16.0294094597071	-16.2535982263675	-16.7885781544785	-8.34435549140572	-11.1261186995606	-11.1040923932306	-13.9785615111467	-9.37369945298787	-16.7799629637501	-16.8995457449954	-4.73750524554524	-14.7173551220649	-5.46900641308359	-13.4480467944479	-12.2905055174615	-8.08239732213127	-5.32472123279938	-16.2833416129283	-9.35407064623893	-14.148486512589	-8.57863090425809	-4.04421538365215	-13.4480467944479	-14.148486512589	-6.91606558541296	-6.87585672761267	-16.148486512589	-13.6890548939517	-8.83107389882417	-12.3411315905314	-16.384637620813	-12.0082226257768	-15.1294440230319	-4.72091176502395	-4.06517340393829	-13.8265584177017	-8.18848458052096	-12.1942902022022	-7.70347166672062	-9.76478222011499	-9.57863090425809	-9.74760707630686	-10.3671267990644	-9.75616908981028	-9.02436520075985	-10.7055430167403	-16.0957349088202	-14.3411315905314	-17.1139761130231	-11.5337766684738	-11.6890548939517	-12.5046303228143	-7.13307146020235	-8.80863650970442	-7.8723621073148	-8.89109866989639	-9.07702415003242	-12.3411315905314	-8.32830755017385	-12.1040923932306	-11.4760611706175	-7.92689939132424	-12.7561690898103	-10.7734470812421	-8.06633747123517	-12.6890548939517	-6.51821938756227	-10.4342409949229	-13.8059819814439	-16.1402106783393	-2.95912522212324	-6.75939299068457	-15.176640671134	-8.77344708124212	-14.5734499552018	-16.1352750764276	-9.51912989250943	-11.5938976609114	-10.8816999718941	-8.0610236713387	-8.96361116968076	-14.4191222715571	-11.9005589991455	-8.10956752329674	-11.9785615111467	-6.77236112331287	-10.1261186995606	-9.34758661266874	-14.2070855174145	-16.7202375771488	-10.1261186995606	-10.3671267990644	-6.07903674516126	-9.6015920527014	-6.60738989723952	-14.9373081317731	-6.92207431980026	-9.85386576369741	-9.61710505207273	-3.48915951517493	-8.53746171528169	-7.71385828495232	-8.24761970460829	-6.81086461059653	-8.05045442962851	-9.47606117061754	-12.7561690898103	-17.1584124559229	-6.92810818489381	-16.4056733322819
ERR9830920	-14.6874713714528	-14.3655432765654	-16.5096822354595	-10.4206848307579	-16.7470521873992	-9.49764681257274	-16.8628431516183	-15.6874713714528	-9.51754637001045	-14.8554362872015	-11.9325838692893	-11.2280397528155	-16.2535982263675	-6.91763352782332	-16.9696001215342	-11.8294903763252	-17.148486512589	-16.8217615277124	-16.7885781544785	-17.1766341788099	-15.7054271990746	-17.1584124559229	-13.1025088707316	-16.6511217831019	-15.6874713714528	-16.2036156537574	-10.2612066167507	-15.3302779268492	-9.95955091688956	-15.4092693804237	-16.5552481776182	-7.57894691467459	-16.3272105248073	-17.6143719604283	-8.86729240903757	-15.2293295545294	-15.7867801173891	-14.5758768536132	-13.3655432765654	-15.6607647384976	-15.8265584177017	-13.2280397528155	-7.71592781750199	-16.3822524982757	-13.3655432765654	-16.7885781544785	-9.32991936683467	-15.6002381555483	-15.1294440230319	-16.094118933225	-16.7906030435777	-17.1636496760158	-15.1025088707316	-4.22701547514312	-9.88011644939515	-16.8853388960204	-16.9672149989968	-16.5635240118679	-15.8217615277124	-16.0917521670207	-13.3655432765654	-15.3328557562817	-3.48841254779974	-16.7191882544209	-17.1584124559229	-16.0294094597071	-16.2535982263675	-16.7885781544785	-9.05811475137315	-12.295153948674	-12.043615181678	-15.0822322201737	-7.6376228220022	-16.7799629637501	-16.8995457449954	-15.176640671134	-14.7173551220649	-9.81710665186935	-13.3655432765654	-13.5175463700104	-13.5175463700104	-10.3124319401058	-15.1025088707316	-16.2367990269912	-15.6874713714528	-9.03641968027383	-9.4877990266164	-8.75083343245019	-12.6874713714528	-8.73910413986808	-8.91268431185159	-11.3299193668347	-16.3097427844391	-8.05084675090911	-6.71449158538647	-16.384637620813	-12.0082226257768	-15.1294440230319	-6.98703165331167	-4.68009363813149	-10.6430772520943	-6.39285062256113	-15.8070170383707	-3.78001733313413	-9.94600438505161	-6.38483244766521	-11.043615181678	-11.5175463700104	-10.7101914479528	-7.5920743486602	-16.384637620813	-11.1956182751231	-15.7689338103271	-17.1139761130231	-9.38369062327566	-10.1483125603447	-10.9325838692893	-7.78358952571658	-7.27172960316267	-10.9061116579281	-8.32114915720694	-7.85142101639469	-7.74495686611352	-7.42302877122616	-15.1572855233649	-10.8801164493952	-11.5175463700104	-10.6000085302024	-15.0779839739628	-11.9325838692893	-16.7470521873992	-12.8801164493952	-16.7470521873992	-5.82716031653328	-13.1025088707316	-3.34234337947607	-12.1639094153957	-3.79948923839431	-2.11104607526848	-14.5734499552018	-7.92592013900828	-13.0504993315021	-16.2469446690061	-6.75673403388987	-10.0581147513732	-8.21173794048636	-14.4191222715571	-13.9996183773562	-8.98011223937188	-12.5175463700104	-6.37799501761165	-7.9835677980081	-4.27041002469247	-14.2070855174145	-16.7202375771488	-10.0009708442695	-10.7567340338899	-6.49764681257274	-10.7567340338899	-10.0727615273376	-14.9373081317731	-6.3745884161684	-16.195000463029	-11.3655432765654	-4.24219781581212	-8.53772425194808	-10.4395438580092	-9.43954385800917	-6.54919957128054	-10.7805807758442	-14.403411532981	-12.043615181678	-17.1584124559229	-7.79265360814482	-16.4056733322819
ERR9830921	-17.8853388960204	-16.7799629637501	-16.5096822354595	-16.7799629637501	-16.7470521873992	-15.6801122396895	-16.8628431516183	-16.9942318811449	-12.0566229906551	-13.5801849467121	-15.1832809109454	-14.2582568518248	-16.2535982263675	-7.15812018053932	-16.9696001215342	-15.3302779268492	-17.148486512589	-14.5801849467121	-16.7885781544785	-17.1766341788099	-15.7054271990746	-17.1584124559229	-16.2535982263675	-16.6511217831019	-16.6874713714528	-16.2036156537574	-15.4259072773831	-15.3302779268492	-16.7191882544209	-13.1207533280748	-16.5552481776182	-5.11972905040249	-16.3272105248073	-17.6143719604283	-17.3302779268492	-15.2293295545294	-8.95082832663252	-14.5758768536132	-16.4985687660214	-4.7951412319324	-15.8265584177017	-8.41527802003644	-15.7470521873992	-16.3822524982757	-11.8252974445487	-16.7885781544785	-10.3513662562162	-8.58018494671213	-7.51140666872672	-16.094118933225	-16.7906030435777	-17.1636496760158	-16.7615966795311	-4.01961327547557	-11.995222445991	-16.8853388960204	-16.9672149989968	-16.5635240118679	-15.8217615277124	-16.0917521670207	-14.2582568518248	-15.3328557562817	-2.46408470454626	-16.7191882544209	-17.1584124559229	-16.0294094597071	-16.2535982263675	-16.7885781544785	-9.51409575625436	-11.0566229906551	-11.4102599452698	-15.0822322201737	-7.24702959640151	-16.7799629637501	-16.8995457449954	-8.7922823873207	-14.7173551220649	-16.7885781544785	-16.9942318811449	-12.5801849467121	-17.3272105248073	-12.7728300246545	-16.2833416129283	-16.2367990269912	-16.748612176737	-7.33463224045645	-7.64944760914924	-9.8120006219352	-16.1597005531095	-12.2582568518248	-12.6732943511036	-12.2582568518248	-16.3097427844391	-5.29941417658153	-7.20080657964087	-16.384637620813	-12.0082226257768	-15.1294440230319	-8.13310172050248	-7.49537655890777	-14.8265584177017	-5.5837114579789	-15.8070170383707	-2.31288617627959	-10.0723903065134	-16.3003763952992	-15.7422480240861	-17.7202375771488	-14.2582568518248	-8.63767044137289	-16.384637620813	-16.0957349088202	-15.7689338103271	-17.1139761130231	-14.5801849467121	-10.6732943511036	-10.3903603878321	-5.79800575288092	-13.0197978590077	-7.23588903879631	-9.02559609503449	-6.92376008343435	-8.71599880205785	-8.61440066205004	-11.15392019201	-10.1207533280748	-17.0294094597071	-9.32279710401948	-11.5357908273537	-7.53579082735368	-16.7470521873992	-11.3707315810832	-16.7470521873992	-13.8059819814439	-16.1402106783393	-14.7439027273591	-17.3302779268492	-15.176640671134	-10.3513662562162	-14.5734499552018	-6.37561380246292	-13.0504993315021	-11.7222039515846	-8.31809010134195	-8.95813312725575	-7.63181771512745	-14.4191222715571	-13.9996183773562	-11.879745228571	-11.5357908273537	-5.45154613385953	-7.31339840601723	-3.96065271914008	-14.2070855174145	-16.7202375771488	-10.1707940105744	-9.03329048682449	-6.20949753990491	-11.995222445991	-16.7689338103271	-14.9373081317731	-7.16655701768796	-16.195000463029	-11.3322574332685	-2.53178322012389	-8.15392019201003	-10.1044515157457	-14.3692792567523	-7.9363287569374	-9.9363287569374	-14.403411532981	-12.2582568518248	-17.1584124559229	-7.51948901502457	-16.4056733322819
ERR9830922	-17.8853388960204	-16.7799629637501	-16.5096822354595	-16.7799629637501	-13.9812232324209	-15.6801122396895	-16.8628431516183	-16.9942318811449	-8.36651338830571	-14.8554362872015	-12.2036156537574	-12.1447219647038	-16.2535982263675	-11.6592951375336	-16.9696001215342	-15.3302779268492	-17.148486512589	-16.8217615277124	-15.7885781544785	-17.1766341788099	-15.7054271990746	-17.1584124559229	-10.2036156537574	-16.6511217831019	-10.6800536977004	-15.2036156537574	-15.4259072773831	-15.3302779268492	-16.7191882544209	-15.4092693804237	-16.5552481776182	-3.97499735148889	-13.7885781544785	-17.6143719604283	-17.3302779268492	-15.2293295545294	-11.9812232324209	-13.2036156537574	-10.5217916137836	-12.7885781544785	-15.8265584177017	-7.74418403512007	-15.7470521873992	-16.3822524982757	-16.8303583981293	-15.7885781544785	-10.1738683103633	-7.56216596168974	-13.6186531530362	-16.094118933225	-16.7906030435777	-17.1636496760158	-16.7615966795311	-15.6148708502022	-11.930597159351	-9.60866906446359	-16.9672149989968	-16.5635240118679	-13.6186531530362	-16.0917521670207	-15.2582568518248	-15.3328557562817	-1.71464581736468	-16.7191882544209	-17.1584124559229	-16.0294094597071	-16.2535982263675	-15.7885781544785	-11.2036156537574	-14.953323448583	-9.94308810353415	-12.2650161984215	-7.84021092289385	-16.7799629637501	-16.8995457449954	-15.176640671134	-14.7173551220649	-15.7885781544785	-16.9942318811449	-14.7885781544785	-17.3272105248073	-16.0917521670207	-16.2833416129283	-16.2367990269912	-16.748612176737	-14.7892716305541	-7.690546071518	-9.53119031178587	-14.2036156537574	-13.6186531530362	-11.0881384363374	-9.40487386200447	-16.3097427844391	-9.91821343489512	-9.11615281250703	-16.384637620813	-12.0082226257768	-15.1294440230319	-7.74418403512007	-6.16469666446507	-8.17755335717117	-5.14788131690843	-13.9812232324209	-5.96361941395	-15.3272105248073	-16.3003763952992	-12.0881384363374	-12.3962607316998	-17.748612176737	-9.18866531229139	-16.384637620813	-16.0957349088202	-15.7689338103271	-17.1139761130231	-7.13932197696121	-12.7011153132282	-12.5406506410349	-6.85194021547595	-13.0197978590077	-6.93370977121829	-9.39626073169976	-8.15922153439891	-9.17386831036331	-5.15512877976503	-15.1572855233649	-11.0336906523151	-17.0294094597071	-11.6186531530362	-11.7441840351201	-14.970285676897	-16.7470521873992	-8.05725912345346	-12.7885781544785	-13.8059819814439	-16.1402106783393	-9.71176255742769	-17.3302779268492	-15.176640671134	-2.37627294952325	-14.5734499552018	-13.6186531530362	-13.0504993315021	-16.2469446690061	-7.76343859220002	-9.75515515294107	-8.56457648028042	-14.4191222715571	-13.9996183773562	-8.03703409538942	-11.0336906523151	-7.38556613090353	-11.7441840351201	-2.26593532714989	-14.2070855174145	-16.7202375771488	-8.88771134649777	-10.8343818440916	-5.51070960830168	-16.0027820589294	-15.2036156537574	-14.9373081317731	-14.2036156537574	-16.195000463029	-13.2036156537574	-11.6186531530362	-12.9812232324209	-17.7615966795311	-14.3692792567523	-6.9860617893573	-10.3791872183408	-14.403411532981	-12.6186531530362	-17.1584124559229	-6.93215262585299	-16.4056733322819
ERR9830923	-17.8853388960204	-16.7799629637501	-16.5096822354595	-16.7799629637501	-16.7470521873992	-15.6801122396895	-16.8628431516183	-16.9942318811449	-15.1597005531095	-14.8554362872015	-12.0051733858494	-15.9140346941048	-16.2535982263675	-7.01594785744353	-16.9696001215342	-15.3302779268492	-14.3974908086281	-16.8217615277124	-16.7885781544785	-14.812528307907	-15.7054271990746	-17.1584124559229	-16.2535982263675	-16.6511217831019	-16.6874713714528	-16.2036156537574	-15.4259072773831	-15.3302779268492	-16.7191882544209	-15.4092693804237	-16.5552481776182	-13.5901358865705	-16.3272105248073	-17.6143719604283	-17.3302779268492	-15.2293295545294	-15.7867801173891	-6.91569137696236	-16.4985687660214	-15.6607647384976	-15.8265584177017	-14.2280397528155	-7.63593957618363	-16.3822524982757	-16.8303583981293	-16.7885781544785	-7.10287005973648	-12.3100279673778	-15.1294440230319	-16.094118933225	-16.7906030435777	-17.1636496760158	-16.7615966795311	-15.6148708502022	-16.4178195582083	-16.8853388960204	-14.3974908086281	-16.5635240118679	-14.0755627137407	-16.0917521670207	-15.2582568518248	-15.3328557562817	-3.78324108093871	-16.7191882544209	-17.1584124559229	-16.0294094597071	-16.2535982263675	-16.7885781544785	-11.4906002130196	-14.953323448583	-12.3974908086281	-15.0822322201737	-12.6698032893439	-12.2275658071858	-16.8995457449954	-15.176640671134	-14.7173551220649	-16.7885781544785	-16.9942318811449	-16.9096587392703	-17.3272105248073	-16.0917521670207	-16.2833416129283	-16.2367990269912	-16.748612176737	-10.0051733858494	-15.3101583179478	-8.70400385112879	-16.1597005531095	-16.1597005531095	-15.8584861608643	-17.148486512589	-16.3097427844391	-12.9380591899908	-12.2275658071858	-16.384637620813	-12.0082226257768	-15.1294440230319	-15.3246962385491	-14.6518365262701	-14.8265584177017	-8.31002796737777	-15.8070170383707	-2.18097228373804	-10.9380591899908	-16.3003763952992	-15.7422480240861	-9.90563771229844	-17.748612176737	-14.3156127480399	-16.384637620813	-16.0957349088202	-15.7689338103271	-17.1139761130231	-8.80503377136003	-12.4906002130196	-14.6525555835613	-8.82006198059236	-13.0197978590077	-6.22131765952062	-8.88179097034407	-2.91078146283855	-7.47267830502233	-6.50267304532017	-15.1572855233649	-17.1584124559229	-17.0294094597071	-8.47862757135352	-15.0779839739628	-14.970285676897	-16.7470521873992	-10.9056377122984	-9.32067521157728	-13.8059819814439	-16.1402106783393	-12.812528307907	-10.2682077916831	-15.176640671134	-10.812528307907	-14.5734499552018	-16.1352750764276	-13.0504993315021	-16.2469446690061	-7.23509947987121	-7.60958824923668	-7.19291966437891	-10.6426033064646	-13.9996183773562	-7.90965077480506	-12.3974908086281	-4.18956136311644	-5.08574249362315	-3.98995747695679	-14.2070855174145	-16.7202375771488	-7.52097386206311	-15.6790814339462	-6.59335978744479	-16.0027820589294	-16.7689338103271	-14.9373081317731	-17.1636496760158	-16.195000463029	-15.8303583981293	-1.7319328187817	-15.8037023043914	-17.7615966795311	-14.3692792567523	-14.1648912178027	-9.84290195695047	-14.403411532981	-15.5198556027497	-17.1584124559229	-8.03554703489287	-16.4056733322819
ERR9830924	-17.8853388960204	-16.7799629637501	-16.5096822354595	-16.7799629637501	-16.7470521873992	-15.6801122396895	-16.8628431516183	-16.9942318811449	-9.82473149077758	-14.8554362872015	-11.8247314907776	-11.047123912114	-16.2535982263675	-7.19537487069797	-15.6320864128352	-15.3302779268492	-15.047123912114	-16.8217615277124	-16.7885781544785	-17.1766341788099	-15.7054271990746	-17.1584124559229	-16.2535982263675	-16.6511217831019	-16.6874713714528	-16.2036156537574	-15.4259072773831	-15.3302779268492	-16.7191882544209	-10.7991963986704	-16.5552481776182	-11.8771989106717	-16.3272105248073	-17.6143719604283	-17.3302779268492	-15.2293295545294	-8.25270804576392	-14.5758768536132	-11.8247314907776	-7.74944336347334	-15.8265584177017	-7.48997935553263	-9.97387493008339	-16.3822524982757	-16.8303583981293	-8.80553792554427	-15.6079659767929	-15.6002381555483	-15.1294440230319	-12.3841588993916	-16.7906030435777	-17.1636496760158	-16.7615966795311	-8.22694494969884	-16.4178195582083	-16.8853388960204	-16.9672149989968	-16.5635240118679	-14.3101583179478	-16.0917521670207	-10.3841588993916	-15.3328557562817	-3.23054020432646	-13.047123912114	-17.1584124559229	-16.0294094597071	-16.2535982263675	-11.9882302230605	-8.4571607303345	-14.953323448583	-15.0409868258236	-15.0822322201737	-6.63067821844237	-16.7799629637501	-16.8995457449954	-15.176640671134	-9.87719891067171	-16.7885781544785	-16.9942318811449	-16.9096587392703	-17.3272105248073	-14.047123912114	-16.2833416129283	-16.2367990269912	-16.748612176737	-9.10852445677817	-14.3101583179478	-8.79288262473824	-16.1597005531095	-12.1726547941979	-15.8584861608643	-17.148486512589	-16.3097427844391	-5.50861161459104	-4.84214528444427	-16.384637620813	-12.0082226257768	-15.1294440230319	-8.81190745041999	-14.6518365262701	-14.8265584177017	-6.67643650530681	-15.8070170383707	-2.40891428548044	-10.4422618539552	-10.3841588993916	-15.7422480240861	-8.168562039564	-17.748612176737	-10.7013490752723	-16.384637620813	-16.0957349088202	-15.7689338103271	-17.1139761130231	-8.54993737148131	-15.154940341791	-14.6525555835613	-10.2397689900564	-13.0197978590077	-7.90076738181012	-7.64624447583184	-6.97387493008339	-7.20792012401708	-7.68664257645727	-15.1572855233649	-17.1584124559229	-13.6320864128352	-8.28779050491936	-9.06984398861411	-6.84092352428016	-16.7470521873992	-7.51055289549515	-9.74944336347334	-13.8059819814439	-16.1402106783393	-14.7439027273591	-17.3302779268492	-15.176640671134	-10.7741054177076	-14.5734499552018	-16.1352750764276	-13.0504993315021	-16.2469446690061	-9.06223080450423	-9.78659636189081	-6.94558588565196	-7.92127997913583	-13.9996183773562	-11.7741054177076	-9.73726864952724	-4.00500857231779	-15.1804142557516	-5.80157120585834	-11.7741054177076	-7.32374738269577	-15.567659047344	-11.4226330472062	-4.34928755415165	-16.0027820589294	-16.7689338103271	-14.9373081317731	-13.8247314907776	-16.195000463029	-15.8303583981293	-1.55185180914521	-5.62435829820293	-17.7615966795311	-14.3692792567523	-7.06984398861411	-8.36062338493081	-14.403411532981	-13.3101583179478	-17.1584124559229	-8.38891242936223	-16.4056733322819
ERR9830925	-17.8853388960204	-16.7799629637501	-16.5096822354595	-16.7799629637501	-11.8829341206916	-15.6801122396895	-16.8628431516183	-16.9942318811449	-10.2308574241119	-14.8554362872015	-11.8829341206916	-14.6902890427492	-16.2535982263675	-12.953323448583	-16.9696001215342	-11.5203640413069	-17.148486512589	-16.8217615277124	-16.7885781544785	-17.1766341788099	-15.7054271990746	-17.1584124559229	-11.8829341206916	-16.6511217831019	-11.3210552330835	-16.2036156537574	-15.4259072773831	-15.3302779268492	-16.7191882544209	-15.4092693804237	-16.5552481776182	-5.79850533953086	-13.105326542028	-17.6143719604283	-17.3302779268492	-15.2293295545294	-15.7867801173891	-14.5758768536132	-16.4985687660214	-9.41727054834275	-15.8265584177017	-8.64589492339072	-15.7470521873992	-16.3822524982757	-16.8303583981293	-16.7885781544785	-8.44870305617941	-14.2752515434703	-6.09161616199711	-16.094118933225	-13.4678966214127	-17.1636496760158	-16.7615966795311	-13.6902890427492	-16.4178195582083	-9.25288373044187	-16.9672149989968	-16.5635240118679	-15.8217615277124	-16.0917521670207	-13.6902890427492	-15.3328557562817	-2.10360560212327	-16.7191882544209	-17.1584124559229	-16.0294094597071	-16.2535982263675	-16.7885781544785	-9.34451420590744	-13.953323448583	-10.7516895874133	-13.953323448583	-7.41727054834275	-8.08049468904808	-16.8995457449954	-15.176640671134	-10.3445142059074	-16.7885781544785	-16.9942318811449	-16.9096587392703	-17.3272105248073	-11.4172705483428	-16.2833416129283	-16.2367990269912	-16.748612176737	-9.72066269179269	-6.87864676228847	-8.68279450620225	-12.953323448583	-13.4678966214127	-7.6241998522914	-9.9354015405857	-16.3097427844391	-6.4727351783491	-7.37438473548958	-16.384637620813	-12.0082226257768	-15.1294440230319	-6.53884961215204	-5.15177674522619	-14.8265584177017	-5.24389494721462	-15.8070170383707	-1.88925436819745	-12.18778870222	-16.3003763952992	-15.7422480240861	-17.7202375771488	-11.6313953536956	-10.6313953536956	-16.384637620813	-16.0957349088202	-11.3210552330835	-17.1139761130231	-10.3926084941085	-15.154940341791	-12.0273240300267	-6.37589462054722	-9.42976149252595	-8.90892932922451	-8.71300911924925	-7.29225796877602	-8.77540565638712	-7.7360927323623	-15.1572855233649	-10.815819924833	-17.0294094597071	-6.6884117555085	-15.0779839739628	-13.4678966214127	-16.7470521873992	-10.9898493246081	-12.105326542028	-13.8059819814439	-16.1402106783393	-14.7439027273591	-17.3302779268492	-15.176640671134	-4.20983540879378	-14.5734499552018	-16.1352750764276	-13.0504993315021	-16.2469446690061	-9.98984932460808	-7.86586060733262	-9.9354015405857	-14.4191222715571	-13.9996183773562	-8.77540565638712	-10.9898493246081	-6.94657661614238	-9.07557919863396	-2.60039723552371	-14.2070855174145	-16.7202375771488	-7.60991562628515	-12.0273240300267	-6.28372969739463	-9.95332344858296	-16.7689338103271	-14.9373081317731	-11.1459685265254	-16.195000463029	-15.8303583981293	-8.824040431638	-11.3683609478618	-10.0854269845903	-5.70634538896824	-8.1772194605098	-9.05608302300817	-14.403411532981	-10.815819924833	-17.1584124559229	-6.89370859228574	-16.4056733322819
ERR9830926	-17.8853388960204	-16.7799629637501	-16.5096822354595	-16.7799629637501	-16.7470521873992	-15.6801122396895	-10.5852198077972	-14.1900818659561	-11.047123912114	-9.07460464853613	-3.12972368331393	-10.2672497264785	-13.9676894446196	-10.489642147815	-16.9696001215342	-15.3302779268492	-13.7750443666772	-16.8217615277124	-13.4531162717899	-14.1900818659561	-15.7054271990746	-17.1584124559229	-16.2535982263675	-16.6511217831019	-5.51471284811962	-16.2036156537574	-15.4259072773831	-15.3302779268492	-16.7191882544209	-4.18212021104959	-12.6875815254269	-6.77222935107017	-14.1900818659561	-17.6143719604283	-17.3302779268492	-15.2293295545294	-15.7867801173891	-14.5758768536132	-12.6051193652349	-8.88022660336928	-15.8265584177017	-7.15116287666377	-15.7470521873992	-16.3822524982757	-16.8303583981293	-16.7885781544785	-11.3827269438985	-5.24805616124522	-7.59762482868799	-16.094118933225	-16.7906030435777	-12.2514824106202	-16.7615966795311	-10.8443070291143	-16.4178195582083	-6.08068647945577	-11.6051193652349	-14.7750443666772	-15.8217615277124	-16.0917521670207	-10.489642147815	-15.3328557562817	-4.50066621343086	-13.0746046485361	-17.1584124559229	-16.0294094597071	-16.2535982263675	-16.7885781544785	-8.76381711125397	-14.953323448583	-10.4000049353303	-15.0822322201737	-7.44636943934928	-8.63549301427843	-16.8995457449954	-15.176640671134	-10.088543839494	-16.7885781544785	-16.9942318811449	-16.9096587392703	-17.3272105248073	-16.0917521670207	-16.2833416129283	-16.2367990269912	-16.748612176737	-6.55224946380911	-12.0201568645138	-14.5264136529938	-14.1900818659561	-16.1597005531095	-15.8584861608643	-17.148486512589	-16.3097427844391	-16.1804142557516	-8.25934452839318	-16.384637620813	-12.0082226257768	-15.1294440230319	-11.3156127480399	-11.5655910010483	-12.9676894446196	-8.73612537738492	-15.8070170383707	-4.89316565907678	-15.3272105248073	-12.8681537710687	-15.7422480240861	-17.7202375771488	-17.748612176737	-13.3156127480399	-16.384637620813	-16.0957349088202	-15.7689338103271	-17.1139761130231	-11.2514824106202	-12.1900818659561	-14.6525555835613	-10.4712636185001	-13.0197978590077	-11.047123912114	-13.1656487254712	-5.10438811755879	-9.22045551499959	-11.2204555149996	-15.1572855233649	-17.1584124559229	-17.0294094597071	-2.39864761559438	-9.86815377106871	-12.6875815254269	-13.7750443666772	-6.83399676033664	-16.7470521873992	-13.8059819814439	-16.1402106783393	-6.96608019175796	-17.3302779268492	-9.4804236177856	-1.4749778567199	-14.5734499552018	-16.1352750764276	-13.0504993315021	-10.4174923620591	-9.56559100104828	-9.96768944461962	-10.9936846531526	-14.4191222715571	-13.9996183773562	-9.63549301427843	-15.3066211909655	-10.2672497264785	-15.1804142557516	-6.42300094088179	-14.2070855174145	-16.7202375771488	-10.4000049353303	-11.9676894446196	-7.3217737326666	-16.0027820589294	-16.7689338103271	-11.2831912703476	-17.1636496760158	-16.195000463029	-15.8303583981293	-10.2204555149996	-13.3156127480399	-17.7615966795311	-14.3692792567523	-11.6875815254269	-14.9963473823338	-14.403411532981	-15.5198556027497	-15.1900818659561	-9.80926008201514	-16.4056733322819
ERR9830927	-17.8853388960204	-16.7799629637501	-9.39504888049784	-8.16738151712072	-12.0174860866377	-10.5105260979178	-12.1779507588309	-13.4580586780236	-6.67857381211942	-11.5649738819402	-4.20640720488013	-14.6804510993601	-16.2535982263675	-10.5649738819402	-16.9696001215342	-15.3302779268492	-17.148486512589	-4.08768263304797	-16.7885781544785	-17.1766341788099	-15.7054271990746	-17.1584124559229	-12.0174860866377	-16.6511217831019	-8.3827705507194	-16.2036156537574	-15.4259072773831	-10.8730961773025	-13.2654136000812	-13.9434855051939	-16.5552481776182	-10.1361305831363	-9.29962931541916	-17.6143719604283	-15.2654136000812	-15.2293295545294	-15.7867801173891	-14.5758768536132	-16.4985687660214	-12.9434855051939	-12.3585230044727	-7.83496104841571	-15.7470521873992	-7.15688914330307	-11.3585230044727	-16.7885781544785	-15.6079659767929	-6.85814583583651	-6.33911760530013	-16.094118933225	-16.7906030435777	-7.13870912723805	-16.7615966795311	-10.6215574103065	-15.2654136000812	-9.04624507961908	-14.6804510993601	-16.5635240118679	-15.8217615277124	-16.0917521670207	-10.0954885986389	-15.3328557562817	-5.26400540568844	-16.7191882544209	-17.1584124559229	-16.0294094597071	-16.2535982263675	-16.7885781544785	-6.91226677458316	-11.8730961773025	-9.71082474840361	-15.0822322201737	-6.52226220596874	-9.80598198144395	-16.8995457449954	-15.176640671134	-14.7173551220649	-13.0954885986389	-16.9942318811449	-13.6804510993601	-8.02223961660829	-9.71082474840361	-13.9434855051939	-16.2367990269912	-16.748612176737	-5.20606913925682	-4.54175265567126	-7.85178567105707	-16.1597005531095	-9.980011381219	-7.80188922681006	-13.0954885986389	-16.3097427844391	-7.69935956191015	-5.83078537244452	-10.5649738819402	-10.6804510993601	-15.1294440230319	-5.5080235907146	-4.36719012886569	-14.8265584177017	-7.76556771299804	-7.82662174750298	-4.60854187446726	-11.1779507588309	-12.3585230044727	-10.2210194807228	-9.77356050375157	-10.7735605037516	-9.90786159546316	-10.4580586780236	-16.0957349088202	-15.7689338103271	-17.1139761130231	-12.0174860866377	-15.154940341791	-14.6525555835613	-5.95253064479689	-11.6804510993601	-7.16475126107605	-9.78968016911485	-6.44842997682586	-9.62155741030652	-11.0174860866377	-15.1572855233649	-11.8730961773025	-17.0294094597071	-3.83391599582319	-10.0954885986389	-9.21013116458005	-16.7470521873992	-7.91226677458316	-9.34655036280665	-12.8059819814439	-16.1402106783393	-4.56410713812262	-17.3302779268492	-3.51115240356724	-7.25139312976631	-14.5734499552018	-16.1352750764276	-7.26823411914362	-16.2469446690061	-10.3346762625184	-8.25418634465799	-9.09548859863893	-14.4191222715571	-13.9996183773562	-10.1568891433031	-9.34655036280665	-6.39043225242747	-10.6215574103065	-2.89827190552888	-12.9434855051939	-16.7202375771488	-7.50386236763676	-11.2210194807228	-5.56931542912538	-16.0027820589294	-16.7689338103271	-7.7497137617972	-17.1636496760158	-10.7418516440242	-12.1779507588309	-4.24756126817528	-9.80598198144395	-13.6804510993601	-12.8059819814439	-9.83914884537915	-9.18859800303041	-14.403411532981	-15.5198556027497	-17.1584124559229	-7.60007768289607	-5.12778200184582
ERR9830928	-17.8853388960204	-16.7799629637501	-16.5096822354595	-16.7799629637501	-14.3509391815464	-15.6801122396895	-16.8628431516183	-16.9942318811449	-5.96723488907238	-12.5029422749915	-3.19258195549742	-12.5029422749915	-12.4249397629902	-9.31531527181571	-16.9696001215342	-15.3302779268492	-17.148486512589	-13.8655123543762	-16.7885781544785	-17.1766341788099	-15.7054271990746	-17.1584124559229	-16.2535982263675	-16.6511217831019	-12.8655123543762	-16.2036156537574	-15.4259072773831	-15.3302779268492	-16.7191882544209	-15.4092693804237	-16.5552481776182	-6.81488628130622	-16.3272105248073	-17.6143719604283	-17.3302779268492	-13.8655123543762	-10.2978278450869	-14.5758768536132	-16.4985687660214	-7.9551908533674	-15.8265584177017	-8.62301872698323	-15.7470521873992	-16.3822524982757	-16.8303583981293	-16.7885781544785	-9.07295443424667	-15.6002381555483	-15.1294440230319	-16.094118933225	-16.7906030435777	-17.1636496760158	-16.7615966795311	-15.6148708502022	-16.4178195582083	-16.8853388960204	-16.9672149989968	-16.5635240118679	-15.8217615277124	-16.0917521670207	-15.2582568518248	-15.3328557562817	-3.93858104433745	-16.7191882544209	-17.1584124559229	-16.0294094597071	-16.2535982263675	-16.7885781544785	-10.8399772622691	-14.953323448583	-12.0879047757126	-15.0822322201737	-8.61217134474624	-16.7799629637501	-16.8995457449954	-8.29348890936253	-12.5854044351835	-16.7885781544785	-16.9942318811449	-16.9096587392703	-17.3272105248073	-14.0879047757126	-16.2833416129283	-16.2367990269912	-16.748612176737	-14.7892716305541	-8.20119206204175	-11.9179797742703	-16.1597005531095	-16.1597005531095	-11.280549853655	-17.148486512589	-16.3097427844391	-8.70132372248302	-10.3509391815464	-16.384637620813	-12.0082226257768	-15.1294440230319	-9.91797977427033	-8.62847315707534	-14.8265584177017	-8.08415264085153	-15.8070170383707	-1.88685296140937	-15.3272105248073	-10.014655793682	-15.7422480240861	-17.7202375771488	-17.748612176737	-9.86551235437619	-16.384637620813	-16.0957349088202	-15.7689338103271	-17.1139761130231	-11.9724275582927	-15.154940341791	-14.6525555835613	-6.67427684668846	-13.0197978590077	-8.04351065635418	-13.1656487254712	-5.38862152660412	-9.57483519347327	-14.3269155758209	-11.0004419344623	-11.2466025217317	-17.0294094597071	-11.1493053203768	-15.0779839739628	-14.970285676897	-16.7470521873992	-10.0879047757126	-10.9179797742703	-13.8059819814439	-16.1402106783393	-14.7439027273591	-2.92845386587614	-15.176640671134	-10.3153152718157	-14.5734499552018	-16.1352750764276	-13.0504993315021	-16.2469446690061	-8.29782784508687	-9.63944427489634	-9.35093918154643	-14.4191222715571	-13.9996183773562	-10.5643428196556	-15.3066211909655	-4.66548954311252	-7.62029922562964	-3.81683087661464	-14.2070855174145	-13.5029422749915	-9.65049946340534	-10.6728672764338	-6.810229918875	-10.8399772622691	-16.7689338103271	-14.9373081317731	-9.28916298395974	-16.195000463029	-12.5029422749915	-2.4957592347301	-10.3330172735492	-17.7615966795311	-14.3692792567523	-7.64496127986391	-10.5643428196556	-14.403411532981	-15.5198556027497	-17.1584124559229	-8.72450004484912	-16.4056733322819
ERR9830929	-16.8853388960204	-16.7799629637501	-16.5096822354595	-11.5277868914023	-15.0779839739628	-12.2414827062456	-15.0779839739628	-16.9942318811449	-9.53661074178928	-5.51655963597902	-2.57739102806892	-14.715413894578	-14.715413894578	-9.274314098713	-16.9696001215342	-15.3302779268492	-17.148486512589	-16.8217615277124	-16.7885781544785	-17.1766341788099	-15.7054271990746	-17.1584124559229	-10.1304513938569	-16.6511217831019	-10.9664756587458	-16.2036156537574	-14.4259072773831	-15.3302779268492	-16.7191882544209	-10.9428243906811	-16.5552481776182	-7.04063313160842	-16.3272105248073	-17.6143719604283	-17.3302779268492	-13.9784483004118	-15.7867801173891	-14.5758768536132	-16.4985687660214	-15.6607647384976	-15.8265584177017	-7.63978618976467	-15.7470521873992	-16.3822524982757	-10.4015231187561	-16.7885781544785	-15.6079659767929	-5.63119604916461	-7.69181353551914	-16.094118933225	-16.7906030435777	-17.1636496760158	-16.7615966795311	-15.6148708502022	-12.5999366771581	-15.8853388960204	-13.4930214732416	-16.5635240118679	-15.8217615277124	-16.0917521670207	-13.563410801133	-15.3328557562817	-3.76129838254693	-16.7191882544209	-17.1584124559229	-16.0294094597071	-16.2535982263675	-16.7885781544785	-8.06515993360517	-9.62324405065018	-13.4930214732416	-15.0822322201737	-7.63504047811402	-8.83005646051916	-16.8995457449954	-5.48980476055805	-14.7173551220649	-16.7885781544785	-16.9942318811449	-13.2414827062456	-9.91379534206958	-11.6758855303914	-16.2833416129283	-16.2367990269912	-16.748612176737	-8.54548889313573	-8.40758062957647	-12.3307500443427	-16.1597005531095	-11.1171545712434	-8.26695339376175	-11.409605465054	-14.1848991778793	-7.48019743288401	-13.0779839739628	-16.384637620813	-12.0082226257768	-15.1294440230319	-7.80985974653234	-6.50596052894909	-14.8265584177017	-6.89594439617562	-10.9311425856335	-2.97919989982498	-12.1304513938569	-15.3003763952992	-15.7422480240861	-13.8853388960204	-17.748612176737	-10.5999366771581	-14.0779839739628	-16.0957349088202	-15.7689338103271	-14.715413894578	-9.47171096699618	-8.61387586811598	-11.3307500443427	-6.83209177010793	-13.0197978590077	-11.1304513938569	-8.3559083418742	-5.36128697730253	-9.72043196934467	-8.57472611436083	-11.6955143371403	-11.6185523553255	-17.0294094597071	-4.72247555841223	-14.0779839739628	-10.3154832876894	-16.7470521873992	-11.3617769399633	-8.77681443924219	-13.8059819814439	-16.1402106783393	-6.92533696395227	-17.3302779268492	-15.176640671134	-1.9203212467543	-14.5734499552018	-10.8300564605192	-13.0504993315021	-10.3461800849123	-9.07155770480332	-9.89665420924819	-11.8853388960204	-14.4191222715571	-13.9996183773562	-9.34230707576512	-11.8629710829919	-6.52998779959554	-9.98447208803961	-3.9998331662281	-14.2070855174145	-16.7202375771488	-8.45488634435482	-10.7663978232968	-6.45175345486986	-12.715413894578	-16.7689338103271	-14.9373081317731	-8.69798682281986	-16.195000463029	-13.1848991778793	-5.58070237221308	-10.8085232989695	-9.81924970556258	-14.3692792567523	-8.75863442317717	-14.9963473823338	-12.6758855303914	-13.1848991778793	-17.1584124559229	-7.34230707576512	-16.4056733322819
ERR9830930	-14.7191882544209	-16.7799629637501	-16.5096822354595	-16.7799629637501	-16.7470521873992	-15.6801122396895	-16.8628431516183	-16.9942318811449	-7.92477238807084	-7.28039640184268	-15.1832809109454	-8.95763702197646	-16.2535982263675	-11.5492632529786	-16.9696001215342	-15.3302779268492	-17.148486512589	-16.8217615277124	-16.7885781544785	-17.1766341788099	-15.7054271990746	-17.1584124559229	-12.3268708316422	-16.6511217831019	-13.1342257536998	-16.2036156537574	-15.4259072773831	-6.36604142892286	-15.7191882544209	-10.344148823074	-13.1342257536998	-5.20990808633308	-16.3272105248073	-12.5492632529786	-17.3302779268492	-15.2293295545294	-9.69682044139249	-14.5758768536132	-7.20743560065356	-8.52936369554092	-12.6317254131706	-7.93455340886342	-15.7470521873992	-16.3822524982757	-16.8303583981293	-16.7885781544785	-15.6079659767929	-4.55900167782028	-6.84113734169241	-16.094118933225	-16.7906030435777	-17.1636496760158	-16.7615966795311	-15.6148708502022	-12.1342257536998	-16.8853388960204	-16.9672149989968	-16.5635240118679	-14.3972601595336	-16.0917521670207	-15.2582568518248	-15.3328557562817	-3.65074583839512	-15.7191882544209	-17.1584124559229	-16.0294094597071	-16.2535982263675	-16.7885781544785	-10.8862982402562	-12.1342257536998	-10.2762447585722	-15.0822322201737	-6.4724476559278	-16.7799629637501	-16.8995457449954	-15.176640671134	-11.7191882544209	-16.7885781544785	-16.9942318811449	-16.9096587392703	-17.3272105248073	-11.7649919440341	-16.2833416129283	-16.2367990269912	-16.748612176737	-6.98278632310265	-11.589905237476	-14.5264136529938	-13.7191882544209	-13.0187485362798	-12.6317254131706	-12.6317254131706	-16.3097427844391	-10.2929234997188	-14.0779839739628	-16.384637620813	-12.0082226257768	-15.1294440230319	-9.08983163434133	-8.12299849827653	-11.2597566357836	-6.01442001505834	-14.1342257536998	-3.16675930589447	-12.2597566357836	-16.3003763952992	-11.3616362498029	-11.8612072592934	-13.9118333323633	-9.9777212680198	-16.384637620813	-13.5492632529786	-15.7689338103271	-17.1139761130231	-10.4712607409774	-15.154940341791	-14.6525555835613	-5.66662020361679	-13.0197978590077	-10.741908330921	-7.70796099899769	-10.2597566357836	-11.0187485362798	-9.96430075225747	-15.1572855233649	-15.7191882544209	-17.0294094597071	-9.22733515809127	-11.7649919440341	-10.8122976588124	-16.7470521873992	-6.57071167224267	-12.0753320646462	-13.8059819814439	-16.1402106783393	-6.21735106951865	-15.1342257536998	-15.176640671134	-1.20395041858773	-14.5734499552018	-16.1352750764276	-9.84882353483754	-12.7191882544209	-9.9777212680198	-10.4712607409774	-10.344148823074	-14.4191222715571	-13.9996183773562	-9.9777212680198	-11.589905237476	-7.40177564065607	-15.1804142557516	-3.15993067638581	-14.2070855174145	-16.7202375771488	-7.10447841030573	-12.3972601595336	-6.90060607694008	-16.0027820589294	-16.7689338103271	-10.1192754122338	-17.1636496760158	-16.195000463029	-15.8303583981293	-9.78845091685806	-11.4712607409774	-17.7615966795311	-14.3692792567523	-10.2929234997188	-11.9643007522575	-14.403411532981	-13.3972601595336	-17.1584124559229	-6.39388279933126	-16.4056733322819
ERR9830931	-12.0954441196681	-16.7799629637501	-16.5096822354595	-16.7799629637501	-12.9959084461172	-12.5808709468384	-16.8628431516183	-8.11163615317072	-9.48494652683984	-11.4765342870236	-10.0079812784178	-12.9959084461172	-13.2023593235846	-8.67879736752763	-16.9696001215342	-15.3302779268492	-15.3178365410046	-16.8217615277124	-16.7885781544785	-17.1766341788099	-15.7054271990746	-17.1584124559229	-13.5808709468384	-16.6511217831019	-16.6874713714528	-16.2036156537574	-15.4259072773831	-15.3302779268492	-16.7191882544209	-10.5629490388411	-16.5552481776182	-5.93990303638847	-9.70312669688937	-13.9027990417257	-17.3302779268492	-10.3028861995386	-7.96321982741104	-14.5758768536132	-16.4985687660214	-7.47443886902144	-12.3792370856687	-6.77867772989655	-15.7470521873992	-16.3822524982757	-16.8303583981293	-16.7885781544785	-15.6079659767929	-6.34342195119905	-8.01710266838634	-16.094118933225	-16.7906030435777	-8.28808919761053	-16.7615966795311	-10.395004401527	-16.4178195582083	-14.0954441196681	-15.3178365410046	-16.5635240118679	-15.8217615277124	-16.0917521670207	-13.5808709468384	-15.3328557562817	-4.82398109176376	-13.4433674230884	-17.1584124559229	-16.0294094597071	-16.2535982263675	-16.7885781544785	-10.1346147169488	-14.953323448583	-12.0448180465982	-15.0822322201737	-8.27709019866127	-9.08262007931055	-16.8995457449954	-9.25894285195101	-14.7173551220649	-16.7885781544785	-16.9942318811449	-13.9027990417257	-11.7328740402834	-16.0917521670207	-16.2833416129283	-16.2367990269912	-16.748612176737	-14.7892716305541	-10.510481618947	-14.5264136529938	-13.4433674230884	-13.9027990417257	-9.13461471694881	-17.148486512589	-16.3097427844391	-8.46817081408901	-14.0779839739628	-13.5808709468384	-12.0082226257768	-15.1294440230319	-8.38709920344169	-7.45778419585731	-14.8265584177017	-7.34246620751329	-13.7328740402834	-4.16196421558047	-12.6548715282821	-16.3003763952992	-13.0954441196681	-17.7202375771488	-17.748612176737	-10.3028861995386	-16.384637620813	-16.0957349088202	-15.7689338103271	-17.1139761130231	-11.258942851951	-15.154940341791	-12.258942851951	-6.63016925674937	-13.0197978590077	-9.88043122869728	-9.84751660622454	-8.21980445804405	-11.6933456760968	-12.5808709468384	-15.1572855233649	-11.6173968228635	-12.510481618947	-14.6686357256463	-15.0779839739628	-14.970285676897	-16.7470521873992	-9.96028453638649	-16.7470521873992	-10.510481618947	-16.1402106783393	-5.83670985126796	-17.3302779268492	-7.51909474925168	-0.502920341945252	-14.5734499552018	-16.1352750764276	-8.25534061527081	-12.3178365410046	-10.5452470371077	-11.5808709468384	-10.2734424216461	-14.4191222715571	-13.9996183773562	-10.8804312286973	-11.6933456760968	-7.61508666217629	-15.1804142557516	-5.35349567321216	-14.2070855174145	-16.7202375771488	-11.9959084461172	-11.2880891976105	-6.39005857892224	-16.0027820589294	-16.7689338103271	-10.5990182935486	-17.1636496760158	-16.195000463029	-15.8303583981293	-9.66439430240066	-15.8037023043914	-17.7615966795311	-14.3692792567523	-8.75814079889385	-12.510481618947	-14.403411532981	-12.5808709468384	-17.1584124559229	-7.03243432214233	-8.21980445804405
ERR9830932	-17.8853388960204	-16.7799629637501	-13.2633792471601	-14.5264136529938	-16.7470521873992	-15.6801122396895	-16.8628431516183	-16.9942318811449	-8.88255746321912	-7.13753531418186	-15.1832809109454	-9.03456055666417	-14.0409868258236	-7.70879039548242	-16.9696001215342	-15.3302779268492	-17.148486512589	-16.8217615277124	-16.7885781544785	-17.1766341788099	-15.7054271990746	-17.1584124559229	-16.2535982263675	-16.6511217831019	-16.6874713714528	-16.2036156537574	-15.4259072773831	-12.8483417478812	-14.8483417478812	-10.9656986985194	-12.7608789066309	-9.2189851278016	-16.3272105248073	-17.6143719604283	-17.3302779268492	-9.04744184796091	-6.38891012924391	-14.5758768536132	-9.60041423443763	-6.24471540289502	-10.4560243251025	-4.59390359961395	-15.7470521873992	-16.3822524982757	-16.8303583981293	-16.7885781544785	-13.0409868258236	-6.97951919310621	-10.1479020297401	-16.094118933225	-16.7906030435777	-17.1636496760158	-16.7615966795311	-15.6148708502022	-13.5264136529938	-16.8853388960204	-16.9672149989968	-16.5635240118679	-15.8217615277124	-16.0917521670207	-15.2582568518248	-15.3328557562817	-6.52979893817849	-16.7191882544209	-17.1584124559229	-16.0294094597071	-16.2535982263675	-16.7885781544785	-12.7608789066309	-14.953323448583	-14.0409868258236	-15.0822322201737	-10.2044855581065	-12.0409868258236	-16.8995457449954	-8.35248672099404	-14.7173551220649	-16.7885781544785	-16.9942318811449	-13.2633792471601	-17.3272105248073	-11.6388883822523	-16.2833416129283	-16.2367990269912	-16.748612176737	-7.88544574254395	-10.9414511522727	-13.5264136529938	-14.0409868258236	-12.6784167464389	-11.3247797918242	-12.8483417478812	-16.3097427844391	-9.34054710768251	-11.8941454374943	-16.384637620813	-12.0082226257768	-15.1294440230319	-10.2937528962036	-9.11363212765537	-11.6004142344376	-8.17945676361496	-15.8070170383707	-3.93339609184089	-11.1759164059097	-12.3247797918242	-11.2633792471601	-17.7202375771488	-17.748612176737	-10.4053982520325	-16.384637620813	-16.0957349088202	-15.7689338103271	-17.1139761130231	-9.08015742310428	-9.97797702829781	-11.2937528962036	-8.2521519917368	-13.0197978590077	-9.45602432510245	-9.66843265786628	-6.38891012924391	-11.4220769931791	-10.7190587309362	-15.1572855233649	-11.7190587309362	-17.0294094597071	-8.20088332142629	-12.3889101292439	-10.3564886515515	-13.6784167464389	-8.66843265786628	-16.7470521873992	-13.8059819814439	-16.1402106783393	-5.04501782883972	-17.3302779268492	-10.0801574231043	-0.682669220994409	-14.5734499552018	-12.8483417478812	-13.0504993315021	-16.2469446690061	-10.4907897432631	-8.53545879259686	-7.89414543749434	-14.4191222715571	-13.9996183773562	-10.9656986985194	-12.7608789066309	-5.40125852167156	-8.52191226075891	-3.84728547324643	-14.2070855174145	-16.7202375771488	-10.6004142344376	-12.0409868258236	-6.99503219247754	-16.0027820589294	-16.7689338103271	-9.66843265786628	-17.1636496760158	-16.195000463029	-15.8303583981293	-9.88255746321912	-15.8037023043914	-17.7615966795311	-14.3692792567523	-9.16184122069799	-10.6985946283765	-14.403411532981	-15.5198556027497	-17.1584124559229	-7.83991312581063	-16.4056733322819
ERR9830933	-17.8853388960204	-16.7799629637501	-16.5096822354595	-16.7799629637501	-16.7470521873992	-13.0675930828401	-15.6525555835613	-16.9942318811449	-8.80706553261691	-9.30088014527987	-12.4301631622248	-15.9140346941048	-14.6525555835613	-8.56156105134069	-16.9696001215342	-15.3302779268492	-17.148486512589	-16.8217615277124	-16.7885781544785	-17.1766341788099	-15.7054271990746	-17.1584124559229	-16.2535982263675	-16.6511217831019	-16.6874713714528	-16.2036156537574	-15.4259072773831	-15.3302779268492	-16.7191882544209	-15.4092693804237	-16.5552481776182	-7.788369438907	-16.3272105248073	-10.6676624759515	-17.3302779268492	-12.1500552430321	-15.7867801173891	-14.5758768536132	-16.4985687660214	-11.0675930828401	-13.0675930828401	-7.2935381699387	-15.7470521873992	-16.3822524982757	-16.8303583981293	-16.7885781544785	-15.6079659767929	-8.90660120616782	-9.55803798477699	-16.094118933225	-16.7906030435777	-10.7945745884337	-16.7615966795311	-15.6148708502022	-16.4178195582083	-16.8853388960204	-16.9672149989968	-16.5635240118679	-15.8217615277124	-16.0917521670207	-15.2582568518248	-15.3328557562817	-5.20443927815182	-16.7191882544209	-17.1584124559229	-16.0294094597071	-16.2535982263675	-16.7885781544785	-11.0675930828401	-13.6525555835613	-11.1714288938247	-15.0822322201737	-8.39202803333806	-10.0086993937866	-16.8995457449954	-9.81966556939654	-14.7173551220649	-16.7885781544785	-16.9942318811449	-16.9096587392703	-14.9155899893951	-16.0917521670207	-16.2833416129283	-16.2367990269912	-16.748612176737	-7.51641889557526	-11.3548750349206	-14.5264136529938	-16.1597005531095	-16.1597005531095	-11.7139561282254	-17.148486512589	-16.3097427844391	-6.23400017217384	-10.204095082745	-16.384637620813	-12.0082226257768	-15.1294440230319	-15.3246962385491	-12.0280647186535	-14.8265584177017	-8.95674731415184	-15.8070170383707	-3.61009819728439	-15.3272105248073	-16.3003763952992	-15.7422480240861	-15.2375180842824	-17.748612176737	-10.2262908288592	-16.384637620813	-16.0957349088202	-15.7689338103271	-17.1139761130231	-10.9155899893951	-10.9707315435875	-13.6525555835613	-7.6867712988992	-13.0197978590077	-10.215150271254	-10.6829292326048	-8.26310349447691	-10.5650927423109	-10.8976680813978	-15.1572855233649	-13.5370783661413	-17.0294094597071	-10.5650927423109	-15.0779839739628	-12.1082350673375	-16.7470521873992	-13.9832481215201	-16.7470521873992	-13.8059819814439	-16.1402106783393	-4.45043175973082	-17.3302779268492	-15.176640671134	-0.611096059612227	-14.5734499552018	-16.1352750764276	-13.0504993315021	-16.2469446690061	-10.2488333975103	-8.53707836614135	-9.3548750349206	-14.4191222715571	-13.9996183773562	-11.5095976297192	-13.0675930828401	-7.15670055667411	-12.9155899893951	-3.3731384580962	-14.2070855174145	-16.7202375771488	-11.0877709647778	-13.0675930828401	-7.83450606070744	-13.5370783661413	-16.7689338103271	-14.9373081317731	-13.5370783661413	-13.7780864656451	-15.8303583981293	-8.39516774086863	-11.8452006615037	-17.7615966795311	-14.3692792567523	-7.86247865293552	-9.9613936790082	-14.403411532981	-15.5198556027497	-17.1584124559229	-8.76991253419944	-16.4056733322819
ERR9830934	-17.8853388960204	-16.7799629637501	-16.5096822354595	-16.7799629637501	-12.2860378819055	-15.6801122396895	-16.8628431516183	-16.9942318811449	-7.78961205578601	-7.27193768486065	-13.0933928039631	-15.9140346941048	-13.9558892802132	-7.27576954645168	-16.9696001215342	-15.3302779268492	-17.148486512589	-16.8217615277124	-16.7885781544785	-17.1766341788099	-13.2453958974082	-17.1584124559229	-16.2535982263675	-16.6511217831019	-16.6874713714528	-16.2036156537574	-15.4259072773831	-11.742895556879	-16.7191882544209	-11.4153208988505	-16.5552481776182	-8.06217407335239	-16.3272105248073	-17.6143719604283	-17.3302779268492	-11.2453958974082	-7.80245240155943	-12.5573399037229	-14.8303583981293	-6.76876218869593	-15.8265584177017	-6.99220498870337	-15.7470521873992	-16.3822524982757	-15.8303583981293	-16.7885781544785	-14.6079659767929	-5.97445173123961	-8.67048706135093	-16.094118933225	-16.7906030435777	-11.1865022083546	-16.7615966795311	-11.5326778494886	-13.8303583981293	-12.7714647090758	-16.9672149989968	-16.5635240118679	-15.8217615277124	-16.0917521670207	-13.8303583981293	-15.3328557562817	-3.03573946399918	-16.7191882544209	-15.8303583981293	-16.0294094597071	-16.2535982263675	-16.7885781544785	-10.8454652905195	-12.9558892802132	-12.4611245884636	-15.0822322201737	-9.34385853629385	-9.45531896678239	-16.8995457449954	-15.176640671134	-14.7173551220649	-16.7885781544785	-16.9942318811449	-14.8303583981293	-17.3272105248073	-12.0577688942324	-16.2833416129283	-16.2367990269912	-16.748612176737	-14.7892716305541	-10.6209050325004	-14.5264136529938	-14.4153208988505	-12.8303583981293	-9.93958746788408	-13.0230034760717	-16.3097427844391	-9.8530784746294	-14.0779839739628	-16.384637620813	-12.0082226257768	-15.1294440230319	-8.76786247239555	-7.1828999716744	-14.8265584177017	-7.44234111278418	-14.2453958974082	-4.5737565511199	-12.9558892802132	-16.3003763952992	-13.508430303242	-14.2453958974082	-17.748612176737	-9.81540805666335	-16.384637620813	-16.0957349088202	-15.7689338103271	-17.1139761130231	-9.83035839812932	-15.154940341791	-11.0402814675036	-10.4380409753506	-13.0197978590077	-10.0489986846047	-9.68740044428728	-8.50542781508043	-9.27576954645168	-9.8530784746294	-15.1572855233649	-17.1584124559229	-17.0294094597071	-14.6686357256463	-15.0779839739628	-14.970285676897	-16.7470521873992	-11.5824308846857	-16.7470521873992	-13.8059819814439	-16.1402106783393	-6.37092677949202	-17.3302779268492	-15.176640671134	-0.721289548664833	-14.5734499552018	-10.8303583981293	-11.2655737793458	-16.2469446690061	-10.5449561792671	-10.0144414625683	-9.22056404442823	-14.4191222715571	-13.9996183773562	-10.3172888158899	-13.3278580576001	-6.56669795842114	-15.1804142557516	-7.03811036846192	-14.2070855174145	-16.7202375771488	-11.392953085822	-10.7571094160987	-6.44305905011718	-16.0027820589294	-16.7689338103271	-6.66377683976138	-11.0754708959659	-14.0933928039631	-14.8303583981293	-8.28346393824168	-10.9234678025208	-17.7615966795311	-14.3692792567523	-3.97315492662115	-9.50243156262051	-14.403411532981	-13.7148811807094	-17.1584124559229	-7.70279389841065	-16.4056733322819
ERR9830935	-15.8683041136494	-16.7799629637501	-8.0417556263585	-6.91120207208713	-11.0869444001248	-9.97348635034147	-16.8628431516183	-13.5463760187621	-10.4088724950121	-10.392570682683	-4.16851479526728	-15.9140346941048	-7.64189192086063	-7.63708293293823	-16.9696001215342	-15.3302779268492	-17.148486512589	-16.8217615277124	-16.7885781544785	-12.1134166114859	-15.7054271990746	-12.2833416129283	-8.99178716708441	-16.6511217831019	-11.6203766002058	-16.2036156537574	-12.0609491915918	-15.3302779268492	-7.2609737998998	-11.0103231185218	-11.4759866908707	-5.94423392806407	-16.3272105248073	-11.6203766002058	-10.5645233654723	-15.2293295545294	-15.7867801173891	-14.5758768536132	-16.4985687660214	-12.1134166114859	-15.8265584177017	-8.62037660020583	-5.8974792122868	-14.5463760187621	-11.7808412723991	-12.1134166114859	-12.5463760187621	-5.57483246481128	-7.04653013167885	-16.094118933225	-11.5107521090313	-12.0609491915918	-11.4759866908707	-9.77027203068889	-15.2833416129283	-16.8853388960204	-14.2833416129283	-16.5635240118679	-15.8217615277124	-16.0917521670207	-15.2582568518248	-15.3328557562817	-3.53123977496467	-12.4759866908707	-17.1584124559229	-16.0294094597071	-14.0609491915918	-16.7885781544785	-7.85707685822616	-11.1403836590862	-10.5463760187621	-15.0822322201737	-6.11091410428278	-16.7799629637501	-16.8995457449954	-13.0609491915918	-8.97956086475116	-7.76501630523739	-15.8683041136494	-16.9096587392703	-14.5463760187621	-7.77819169398512	-15.2833416129283	-12.6203766002058	-15.2833416129283	-5.99871027040863	-4.42847322966802	-9.6983791122071	-13.8683041136494	-7.94052615156707	-7.37244908676224	-10.7597796568712	-16.3097427844391	-9.56452336547231	-4.81913624127724	-16.384637620813	-12.0082226257768	-15.1294440230319	-4.80895965282499	-3.77290709085686	-10.0738882472993	-7.68095204044892	-11.0354140994847	-4.22354652113316	-11.2535942695342	-9.21009263089762	-9.40069856356642	-8.42536061780068	-17.748612176737	-9.32914530254138	-12.2244479238747	-11.823909994291	-15.7689338103271	-17.1139761130231	-11.4088724950121	-7.94349161004363	-14.6525555835613	-7.49109358326086	-13.0197978590077	-7.86830411364941	-10.4420393589473	-8.77554697272956	-8.76501630523739	-9.12011126405995	-9.78084127239907	-14.8683041136494	-7.94052615156707	-5.93240243138183	-7.72109918870718	-8.5782852667168	-11.7808412723991	-11.7808412723991	-11.4759866908707	-13.8059819814439	-16.1402106783393	-5.99871027040863	-11.6588507480205	-15.176640671134	-10.4420393589473	-7.03067618047801	-10.9141078032625	-13.0504993315021	-16.2469446690061	-9.01032311852184	-8.94349161004363	-9.65885074802046	-14.4191222715571	-13.9996183773562	-7.19587877167792	-15.3066211909655	-4.76239560507826	-12.5463760187621	-6.17656059447814	-12.4759866908707	-16.7202375771488	-11.0609491915918	-9.37645101731974	-4.87147758562875	-16.0027820589294	-3.58073601081801	-14.9373081317731	-6.37544949347467	-8.72875276125062	-10.0609491915918	-3.25485994297741	-8.5373872355348	-17.7615966795311	-6.49435145827922	-4.90360225622897	-10.8022149231916	-14.403411532981	-9.14720492494223	-13.1678643955083	-7.35457651769698	-16.4056733322819
ERR9830936	-17.8853388960204	-16.7799629637501	-16.5096822354595	-16.7799629637501	-16.7470521873992	-15.6801122396895	-12.4648520225017	-12.9123109994729	-6.68874803442855	-6.72248644059292	-4.38128405303652	-9.37174261811023	-16.2535982263675	-9.8171537664326	-16.9696001215342	-15.3302779268492	-17.148486512589	-7.94967785193742	-15.3717426181102	-13.0498145232229	-15.7054271990746	-17.1584124559229	-16.2535982263675	-10.757032773995	-11.1238151046666	-16.2036156537574	-15.4259072773831	-15.3302779268492	-16.7191882544209	-10.4410052805473	-16.5552481776182	-5.56680494605833	-16.3272105248073	-12.6713028999691	-12.3717426181102	-15.2293295545294	-14.7867801173891	-14.5758768536132	-10.5137616229827	-7.18439054490974	-15.8265584177017	-6.9644748538655	-15.7470521873992	-16.3822524982757	-16.8303583981293	-9.45287938083564	-15.6079659767929	-15.6002381555483	-13.7867801173891	-9.99670318676331	-16.7906030435777	-13.7867801173891	-16.7615966795311	-15.6148708502022	-16.4178195582083	-16.8853388960204	-16.9672149989968	-13.0498145232229	-12.9123109994729	-16.0917521670207	-11.086340399248	-15.3328557562817	-2.64712218684663	-11.9123109994729	-13.7867801173891	-16.0294094597071	-16.2535982263675	-10.6713028999691	-15.9096587392703	-9.04082573999562	-15.0409868258236	-10.3944626946103	-12.6698032893439	-16.7799629637501	-16.8995457449954	-15.176640671134	-14.7173551220649	-16.7885781544785	-16.9942318811449	-16.9096587392703	-17.3272105248073	-16.0917521670207	-16.2833416129283	-13.3717426181102	-16.748612176737	-5.39374724949727	-15.3101583179478	-8.01859579261215	-16.1597005531095	-16.1597005531095	-15.8584861608643	-10.1429239276144	-16.3097427844391	-16.1804142557516	-14.0779839739628	-16.384637620813	-12.0082226257768	-15.1294440230319	-15.3246962385491	-14.6518365262701	-14.8265584177017	-12.9750068099644	-15.8070170383707	-2.23147201598775	-15.3272105248073	-16.3003763952992	-15.7422480240861	-10.0498145232229	-17.748612176737	-14.3156127480399	-16.384637620813	-16.0957349088202	-15.7689338103271	-17.1139761130231	-15.5801849467121	-15.154940341791	-14.6525555835613	-13.9931532176081	-13.0197978590077	-1.87520087598693	-13.1656487254712	-12.7233827129491	-13.8622565820212	-6.14412667469601	-15.1572855233649	-17.1584124559229	-17.0294094597071	-7.23988565750144	-10.3273484987518	-11.9123109994729	-16.7470521873992	-7.46485202250171	-11.6713028999691	-13.8059819814439	-16.1402106783393	-14.7439027273591	-17.3302779268492	-15.176640671134	-9.04981452322287	-14.5734499552018	-16.1352750764276	-13.0504993315021	-16.2469446690061	-9.53885260394549	-7.03635226341631	-10.2219954986056	-5.92879912226151	-13.9996183773562	-7.76811627312404	-15.3066211909655	-5.76256387996825	-15.1804142557516	-8.97086318182805	-14.2070855174145	-8.33831961657278	-8.05885966282588	-15.6790814339462	-4.65278170612602	-16.0027820589294	-16.7689338103271	-14.9373081317731	-17.1636496760158	-16.195000463029	-15.8303583981293	-3.77369011794863	-11.3273484987518	-17.7615966795311	-14.3692792567523	-14.1648912178027	-10.6993172761387	-14.403411532981	-15.5198556027497	-17.1584124559229	-8.03189261522561	-16.4056733322819
ERR9830937	-17.8853388960204	-16.7799629637501	-16.5096822354595	-16.7799629637501	-16.7470521873992	-15.6801122396895	-16.8628431516183	-16.9942318811449	-9.2368595229696	-6.74439171041879	-11.9157221625722	-11.3910601721189	-13.3562947539582	-8.19594307922271	-16.9696001215342	-15.3302779268492	-17.148486512589	-15.748612176737	-14.748612176737	-17.1766341788099	-15.7054271990746	-17.1584124559229	-16.2535982263675	-16.6511217831019	-10.9157221625722	-16.2036156537574	-15.4259072773831	-15.3302779268492	-16.7191882544209	-9.76561860204267	-16.5552481776182	-4.06671494995075	-16.3272105248073	-17.6143719604283	-9.05861420531754	-15.2293295545294	-15.7867801173891	-7.73459170642205	-14.1636496760158	-15.6607647384976	-11.9672524632123	-14.2280397528155	-15.7470521873992	-16.3822524982757	-16.8303583981293	-16.7885781544785	-9.54893983190062	-13.9412572546794	-7.7727642087302	-16.094118933225	-16.7906030435777	-16.1636496760158	-16.7615966795311	-9.14498583175079	-13.1636496760158	-12.8417215811285	-16.9672149989968	-16.5635240118679	-13.4266840818496	-16.0917521670207	-15.2582568518248	-15.3328557562817	-2.52804490827104	-16.7191882544209	-17.1584124559229	-16.0294094597071	-16.2535982263675	-16.7885781544785	-7.94448115555366	-11.4818256360421	-9.90940838864004	-15.0822322201737	-7.10025459472732	-8.05686865756571	-16.8995457449954	-15.176640671134	-14.7173551220649	-16.7885781544785	-16.9942318811449	-16.9096587392703	-13.6611493354866	-12.8417215811285	-16.2833416129283	-16.2367990269912	-15.748612176737	-12.6611493354866	-12.6611493354866	-14.5264136529938	-16.1597005531095	-16.1597005531095	-13.0481724585959	-14.4266840818496	-16.3097427844391	-10.3910601721189	-14.0779839739628	-16.384637620813	-12.0082226257768	-15.1294440230319	-10.9541963103869	-9.27287874577058	-14.8265584177017	-8.88133343702732	-15.8070170383707	-5.06605643565667	-12.2567590804073	-15.1636496760158	-15.7422480240861	-17.7202375771488	-16.748612176737	-10.2647963994727	-16.384637620813	-16.0957349088202	-15.7689338103271	-17.1139761130231	-10.7262443637085	-15.154940341791	-14.6525555835613	-8.42668408184962	-13.0197978590077	-12.3223474220349	-9.91572216257224	-7.92047569254287	-9.7207061801671	-10.3139839491003	-15.1572855233649	-11.4818256360421	-17.0294094597071	-9.36923380966572	-14.0481724585959	-12.7944158663501	-11.7713322532371	-9.69876362728642	-14.2891805580997	-13.8059819814439	-16.1402106783393	-5.71622200787046	-17.3302779268492	-15.176640671134	-0.712964642656037	-14.5734499552018	-16.1352750764276	-13.0504993315021	-12.3562947539582	-11.8178748391741	-10.5006846632934	-9.66646313538311	-14.4191222715571	-13.9996183773562	-12.5006846632934	-11.7262443637085	-7.45514052789885	-15.1804142557516	-5.85531064587642	-14.2070855174145	-16.7202375771488	-10.7713322532371	-15.6790814339462	-8.77419758693145	-16.0027820589294	-16.7689338103271	-14.9373081317731	-16.1636496760158	-16.195000463029	-15.8303583981293	-8.5102074374119	-12.8417215811285	-17.7615966795311	-14.3692792567523	-9.91572216257224	-8.85682847351867	-14.403411532981	-15.5198556027497	-17.1584124559229	-8.04817245859589	-16.4056733322819
ERR9830938	-17.8853388960204	-16.7799629637501	-16.5096822354595	-16.7799629637501	-13.7439027273591	-9.64436705380821	-11.7963701472533	-11.3418042837878	-7.51233866012442	-9.85081793127563	-11.7439027273591	-9.68089292983332	-16.2535982263675	-7.70263470898739	-12.3033301359731	-15.3302779268492	-13.7439027273591	-12.8508179312756	-15.5512576494167	-12.8508179312756	-15.7054271990746	-17.1584124559229	-16.2535982263675	-16.6511217831019	-11.158940226638	-11.907401459642	-9.50686353005827	-15.3302779268492	-10.3614330905367	-6.20142355795948	-16.5552481776182	-7.67474070285173	-7.14186671327902	-17.6143719604283	-11.8508179312756	-14.2293295545294	-15.7867801173891	-14.5758768536132	-11.907401459642	-13.2293295545294	-15.8265584177017	-8.49597521391554	-12.2293295545294	-16.3822524982757	-11.2293295545294	-16.7885781544785	-6.09080175310709	-15.6002381555483	-7.73747645819969	-16.094118933225	-16.7906030435777	-14.9662951486956	-7.57971409546595	-7.04544609549713	-13.5512576494167	-13.9662951486956	-11.907401459642	-13.2293295545294	-9.80979066301558	-16.0917521670207	-15.2582568518248	-13.7439027273591	-1.89115030462925	-13.5512576494167	-13.2293295545294	-16.0294094597071	-16.2535982263675	-16.7885781544785	-5.68707150476244	-9.7830733246398	-15.0409868258236	-15.0822322201737	-7.47711618666422	-16.7799629637501	-13.2293295545294	-15.176640671134	-14.7173551220649	-16.7885781544785	-16.9942318811449	-13.0918260307794	-17.3272105248073	-16.0917521670207	-16.2833416129283	-16.2367990269912	-16.748612176737	-12.4637948081664	-9.58547336475464	-9.7830733246398	-12.2293295545294	-10.3614330905367	-15.8584861608643	-10.2658554305545	-16.3097427844391	-4.12682888537896	-7.20474391625109	-16.384637620813	-7.32725597521862	-15.1294440230319	-9.29386980672407	-7.2406448677572	-14.8265584177017	-7.28447110872182	-15.8070170383707	-4.67973738708761	-10.7439027273591	-10.2474769012396	-10.6686146000549	-13.7439027273591	-11.2293295545294	-10.9365478053015	-14.2293295545294	-16.0957349088202	-15.7689338103271	-17.1139761130231	-8.96629514869557	-15.154940341791	-11.3418042837878	-5.57827786335043	-10.043463009218	-10.0918260307794	-9.05141176233352	-4.54633497084768	-8.12080509775119	-6.04743191142097	-7.69017074342133	-11.5068635300583	-17.0294094597071	-7.48247937143131	-15.0779839739628	-14.970285676897	-12.8508179312756	-5.86125967799728	-10.3614330905367	-10.1937056447986	-16.1402106783393	-13.7439027273591	-17.3302779268492	-9.89304616666493	-7.95506789327231	-14.5734499552018	-16.1352750764276	-13.0504993315021	-16.2469446690061	-7.35404095630667	-9.58547336475464	-7.97005706749177	-10.5970613390298	-13.9996183773562	-8.87883230744523	-10.2844711087218	-6.67167439980394	-6.99858855190245	-3.28725496230251	-14.2070855174145	-10.9365478053015	-9.01987618890041	-11.5068635300583	-5.44600386971584	-16.0027820589294	-16.7689338103271	-14.9373081317731	-7.39391071405388	-9.9513448072296	-10.401510529912	-2.62867324670306	-8.20252949518565	-7.1000465375844	-14.3692792567523	-6.54003039399347	-10.4427331926386	-14.403411532981	-11.9662951486956	-17.1584124559229	-6.08671189908279	-16.4056733322819
ERR9830939	-17.8853388960204	-16.7799629637501	-16.5096822354595	-16.7799629637501	-16.7470521873992	-15.6801122396895	-13.6790814339462	-13.5091564325038	-10.3215294293281	-10.7483440963833	-12.2196498153089	-8.45026274345028	-15.094118933225	-9.64565843240871	-14.3571533390588	-15.3302779268492	-17.148486512589	-16.8217615277124	-16.7885781544785	-14.094118933225	-15.7054271990746	-17.1584124559229	-16.2535982263675	-16.6511217831019	-11.3936792150839	-12.5916185926958	-12.1555194778891	-15.3302779268492	-14.3571533390588	-10.6567136209177	-12.4311539205026	-7.99960133444071	-12.8717265118886	-17.6143719604283	-17.3302779268492	-15.2293295545294	-9.62379899844497	-10.2196498153089	-12.8717265118886	-9.59161859269582	-15.8265584177017	-8.58104935098563	-15.7470521873992	-16.3822524982757	-16.8303583981293	-16.7885781544785	-13.5091564325038	-8.13604961369092	-8.02802974276723	-15.094118933225	-16.7906030435777	-10.2528166792441	-16.7615966795311	-12.4311539205026	-14.3571533390588	-16.8853388960204	-14.3571533390588	-12.6790814339462	-14.3571533390588	-16.0917521670207	-10.2867640111674	-15.3328557562817	-3.459459116875	-11.9241939317827	-17.1584124559229	-16.0294094597071	-16.2535982263675	-16.7885781544785	-9.13992262283813	-11.8717265118886	-10.5293343144415	-15.0822322201737	-8.63468731458771	-8.41698658857598	-12.5916185926958	-15.176640671134	-14.7173551220649	-16.7885781544785	-16.9942318811449	-16.9096587392703	-17.3272105248073	-16.0917521670207	-16.2833416129283	-16.2367990269912	-16.748612176737	-12.3571533390588	-10.7721908383376	-11.3215294293281	-16.1597005531095	-16.1597005531095	-12.2867640111674	-13.2196498153089	-16.3097427844391	-11.064371589831	-14.0779839739628	-16.384637620813	-12.0082226257768	-15.1294440230319	-9.20334800297976	-8.91753020150168	-14.8265584177017	-10.2033480029798	-15.8070170383707	-4.60527458676767	-15.3272105248073	-14.6790814339462	-15.7422480240861	-17.7202375771488	-17.748612176737	-10.079168591759	-16.384637620813	-16.0957349088202	-15.7689338103271	-17.1139761130231	-11.1244925822685	-15.154940341791	-14.6525555835613	-8.89117887455473	-13.0197978590077	-10.570556977168	-11.6346873145877	-6.42878301603983	-9.73656692860692	-14.3269155758209	-15.1572855233649	-17.1584124559229	-17.0294094597071	-6.98211390771187	-15.0779839739628	-14.970285676897	-16.7470521873992	-8.88466556759605	-12.6790814339462	-7.44546175718646	-16.1402106783393	-4.80256448738116	-17.3302779268492	-11.7721908383376	-0.522010873162678	-14.5734499552018	-10.7964383845843	-13.0504993315021	-16.2469446690061	-10.4502627434503	-10.4311539205026	-9.64565843240871	-11.9786417158051	-13.9996183773562	-16.3290721933837	-12.6790814339462	-6.74244349494359	-15.1804142557516	-4.8977217204215	-14.2070855174145	-16.7202375771488	-10.094118933225	-14.6790814339462	-8.02802974276723	-16.0027820589294	-16.7689338103271	-12.5916185926958	-17.1636496760158	-16.195000463029	-15.8303583981293	-9.79643838458432	-13.3571533390588	-17.7615966795311	-14.3692792567523	-8.89117887455473	-9.26122891906026	-14.403411532981	-15.5198556027497	-17.1584124559229	-8.20334800297976	-16.4056733322819
ERR9830940	-17.8853388960204	-16.7799629637501	-16.5096822354595	-8.21363639829275	-9.46791288064898	-15.6801122396895	-16.8628431516183	-14.1443737358556	-10.1188386437485	-10.7038011444697	-12.3078724681385	-15.9140346941048	-16.2535982263675	-9.96304397114108	-16.9696001215342	-13.2512889397721	-17.148486512589	-5.85106631890804	-16.7885781544785	-14.6298005630259	-15.7054271990746	-17.1584124559229	-11.9073345385548	-16.6511217831019	-7.29173276548326	-16.2036156537574	-15.4259072773831	-15.3302779268492	-16.7191882544209	-15.4092693804237	-16.5552481776182	-14.5901358865705	-14.9517286579132	-17.6143719604283	-12.8642658166629	-15.2293295545294	-15.7867801173891	-14.5758768536132	-16.4985687660214	-15.6607647384976	-15.8265584177017	-8.50051754608091	-13.3667661571921	-16.3822524982757	-13.1443737358556	-16.7885781544785	-13.0448380623047	-8.41256984680521	-13.3667661571921	-16.094118933225	-13.3667661571921	-12.4281667018562	-16.7615966795311	-12.7038011444697	-14.1443737358556	-6.91280966862094	-13.6298005630259	-16.5635240118679	-15.8217615277124	-16.0917521670207	-15.2582568518248	-15.3328557562817	-6.97016137601023	-16.7191882544209	-17.1584124559229	-16.0294094597071	-16.2535982263675	-16.7885781544785	-10.2793033159417	-13.2512889397721	-15.0409868258236	-15.0822322201737	-8.92382266134336	-11.1703689443886	-16.8995457449954	-15.176640671134	-14.7173551220649	-16.7885781544785	-16.9942318811449	-13.7818036564709	-17.3272105248073	-9.83278758518973	-16.2833416129283	-16.2367990269912	-16.748612176737	-8.34070386060589	-5.6837715735104	-7.2221079143602	-13.2512889397721	-16.1597005531095	-9.72290996741736	-13.6298005630259	-16.3097427844391	-7.10154182026747	-6.3971398062356	-16.384637620813	-12.0082226257768	-15.1294440230319	-5.61969210955159	-5.4014628510445	-14.8265584177017	-6.6837715735104	-15.8070170383707	-5.57126759282427	-10.7422752922843	-5.84712990434887	-15.7422480240861	-13.2512889397721	-11.1188386437485	-8.0690856085514	-11.2793033159417	-16.0957349088202	-15.7689338103271	-14.3667661571921	-9.78180365647093	-12.9517286579132	-10.4759952269468	-6.40002039629255	-10.1573127915631	-10.1835443331363	-10.6479479097361	-11.4598755615836	-11.4598755615836	-8.03883932168328	-15.1572855233649	-17.1584124559229	-17.0294094597071	-7.1046713118219	-8.51293680533498	-6.85501350342471	-16.7470521873992	-12.4922970392759	-16.7470521873992	-13.8059819814439	-16.1402106783393	-5.47650188017098	-17.3302779268492	-15.176640671134	-0.677477918262462	-14.5734499552018	-14.6298005630259	-13.0504993315021	-16.2469446690061	-8.72290996741736	-8.39330794464458	-9.09997961649718	-14.4191222715571	-13.9996183773562	-16.3290721933837	-10.7818036564709	-8.74715751366404	-11.9975323475264	-7.34070386060589	-14.2070855174145	-16.7202375771488	-14.3667661571921	-12.2512889397721	-6.74715751366404	-16.0027820589294	-16.7689338103271	-6.12359217371913	-9.70380114446966	-11.9975323475264	-12.8642658166629	-4.94610410871936	-7.31691760774152	-17.7615966795311	-10.2102616715121	-5.97946680917995	-11.0448380623047	-14.403411532981	-14.1443737358556	-17.1584124559229	-6.9032417839209	-16.4056733322819
ERR9830941	-14.4092693804237	-16.7799629637501	-16.5096822354595	-16.7799629637501	-9.58484094500719	-15.6801122396895	-13.8243068797026	-15.9942318811449	-5.75821768924481	-12.1868769590873	-12.4706699250879	-12.2937921630038	-16.2535982263675	-13.953323448583	-16.9696001215342	-15.3302779268492	-17.148486512589	-16.8217615277124	-16.7885781544785	-9.9389494456437	-15.7054271990746	-17.1584124559229	-16.2535982263675	-16.6511217831019	-9.28687274906401	-16.2036156537574	-6.55752033900768	-6.63777991092314	-6.9041194614806	-14.4092693804237	-16.5552481776182	-7.59762709996303	-16.3272105248073	-17.6143719604283	-6.74749128265175	-15.2293295545294	-15.7867801173891	-14.5758768536132	-10.8444847616402	-15.6607647384976	-15.8265584177017	-14.2280397528155	-7.50237878481522	-16.3822524982757	-16.8303583981293	-16.7885781544785	-15.6079659767929	-15.6002381555483	-15.1294440230319	-8.76061220438519	-16.7906030435777	-17.1636496760158	-16.7615966795311	-15.6148708502022	-16.4178195582083	-16.8853388960204	-14.1868769590873	-16.5635240118679	-10.9942318811449	-16.0917521670207	-9.34318018996596	-15.3328557562817	-2.42467291001883	-11.9942318811449	-17.1584124559229	-16.0294094597071	-10.1868769590873	-5.81245844233608	-15.9096587392703	-14.953323448583	-15.0409868258236	-13.4092693804237	-5.0130213928732	-16.7799629637501	-16.8995457449954	-15.176640671134	-14.7173551220649	-7.98300462572164	-15.9942318811449	-16.9096587392703	-17.3272105248073	-9.60191445836613	-16.2833416129283	-16.2367990269912	-15.4092693804237	-10.5184984501785	-15.3101583179478	-14.5264136529938	-13.9942318811449	-12.9067690398946	-15.8584861608643	-10.7463043677013	-16.3097427844391	-6.41774753434804	-5.002001616179	-12.7463043677013	-12.0082226257768	-15.1294440230319	-10.5023787848152	-5.18647447755562	-14.8265584177017	-5.635580680252	-9.60191445836613	-3.82321149863296	-10.063494543582	-16.3003763952992	-15.7422480240861	-6.59335244486271	-8.0027100350692	-14.3156127480399	-16.384637620813	-16.0957349088202	-15.7689338103271	-17.1139761130231	-8.49837685425772	-15.154940341791	-13.2937921630038	-8.17724825788951	-13.0197978590077	-6.96218615421408	-6.2877358630837	-6.48742844334924	-9.52662633106189	-6.99141686553784	-15.1572855233649	-14.6723037862575	-9.32889596395971	-8.44348509576165	-10.7847785155159	-11.7847785155159	-16.7470521873992	-6.57637936625899	-9.89619979818436	-13.8059819814439	-16.1402106783393	-14.7439027273591	-17.3302779268492	-15.176640671134	-10.5023787848152	-14.5734499552018	-16.1352750764276	-13.0504993315021	-16.2469446690061	-8.32534689687864	-6.50739685958184	-9.37952203702968	-8.43198945692382	-13.9996183773562	-9.97186406811644	-15.3066211909655	-5.32003961299921	-12.2937921630038	-5.26036916146635	-13.1868769590873	-16.7202375771488	-4.60325687498936	-12.9067690398946	-3.81556703013842	-16.0027820589294	-16.7689338103271	-14.9373081317731	-8.91741628409406	-10.5348002625076	-15.8303583981293	-2.27339980377521	-6.90147474022504	-17.7615966795311	-14.3692792567523	-7.38875236308322	-5.43151245409557	-11.9498377617864	-15.5198556027497	-17.1584124559229	-7.39804212500048	-16.4056733322819
ERR9830942	-17.8853388960204	-14.9247197347384	-15.5096822354595	-13.3397572340172	-16.7470521873992	-15.6801122396895	-14.1877541405722	-11.7023273134019	-5.27546355722107	-7.00784505055724	-12.602791639851	-13.7023273134019	-12.3397572340172	-7.05641160144891	-12.8092425173184	-15.3302779268492	-17.148486512589	-16.8217615277124	-16.7885781544785	-17.1766341788099	-15.7054271990746	-17.1584124559229	-16.2535982263675	-16.6511217831019	-6.81619527796021	-16.2036156537574	-15.4259072773831	-15.3302779268492	-12.5096822354595	-8.63931751587613	-13.7023273134019	-8.25701680300929	-16.3272105248073	-17.6143719604283	-17.3302779268492	-15.2293295545294	-10.1346428041126	-14.5758768536132	-13.9247197347384	-13.0502506168222	-13.5096822354595	-8.31492538103729	-15.7470521873992	-16.3822524982757	-9.35993511595485	-16.7885781544785	-13.5096822354595	-6.45439979995835	-8.31985767657952	-16.094118933225	-16.7906030435777	-17.1636496760158	-16.7615966795311	-15.6148708502022	-10.1173648126808	-16.8853388960204	-16.9672149989968	-13.0502506168222	-15.8217615277124	-13.3397572340172	-10.651701240332	-15.3328557562817	-7.79200581239314	-12.0502506168222	-17.1584124559229	-16.0294094597071	-16.2535982263675	-16.7885781544785	-8.13464280411261	-14.953323448583	-8.31492538103729	-15.0822322201737	-8.33975723401722	-16.7799629637501	-16.8995457449954	-10.6270391860977	-14.7173551220649	-12.4222193942092	-16.9942318811449	-13.0502506168222	-11.3397572340172	-11.2242800165973	-16.2833416129283	-16.2367990269912	-16.748612176737	-9.78176178089634	-8.97830077494322	-9.5671677301203	-16.1597005531095	-9.9550933837819	-9.39074116273603	-11.8092425173184	-16.3097427844391	-8.09605430643536	-10.7023273134019	-12.4222193942092	-12.0082226257768	-13.7023273134019	-7.19226962169467	-4.31123719400717	-9.44359304500176	-9.60279163985102	-13.0502506168222	-4.02008511307023	-9.97052342435151	-7.59081899818494	-12.1173648126808	-12.5096822354595	-11.602791639851	-9.71526636910943	-11.261754722016	-14.5096822354595	-15.7689338103271	-17.1139761130231	-11.3002288698306	-11.8658260456848	-11.8658260456848	-7.5671677301203	-8.15213023084145	-7.41165015249901	-9.70232731340193	-6.40246515986815	-10.3002288698306	-14.3269155758209	-15.1572855233649	-10.5096822354595	-17.0294094597071	-8.10454077232319	-10.9247197347384	-9.31000989062317	-16.7470521873992	-10.4435930450018	-13.7023273134019	-13.8059819814439	-16.1402106783393	-4.99694177265604	-17.3302779268492	-15.176640671134	-0.836290337621156	-14.5734499552018	-16.1352750764276	-13.0504993315021	-12.8092425173184	-11.0502506168222	-9.52099754868737	-9.89497239134433	-14.4191222715571	-13.9996183773562	-10.6270391860977	-11.0502506168222	-5.84968634302956	-15.1804142557516	-4.76358785175407	-14.2070855174145	-16.7202375771488	-15.567659047344	-11.4222193942092	-7.47076324616723	-16.0027820589294	-12.9247197347384	-6.29414923571388	-17.1636496760158	-16.195000463029	-11.9861202794025	-10.0018875952608	-10.9861202794025	-17.7615966795311	-4.95317618078761	-5.82405739573318	-11.5554859250727	-14.403411532981	-11.7023273134019	-17.1584124559229	-7.61789853224123	-16.4056733322819
ERR9830943	-11.7039035734447	-16.7799629637501	-10.1595830572209	-10.5884263560247	-16.7470521873992	-15.6801122396895	-16.8628431516183	-16.9942318811449	-15.1597005531095	-14.8554362872015	-15.1832809109454	-12.9669379792785	-16.2535982263675	-13.953323448583	-14.2888660741658	-15.3302779268492	-17.148486512589	-16.8217615277124	-16.7885781544785	-17.1766341788099	-15.7054271990746	-17.1584124559229	-12.4815111521082	-16.6511217831019	-14.2888660741658	-16.2036156537574	-15.4259072773831	-15.3302779268492	-16.7191882544209	-15.4092693804237	-16.5552481776182	-7.9579491960512	-16.3272105248073	-17.6143719604283	-17.3302779268492	-15.2293295545294	-9.35812873660293	-14.5758768536132	-16.4985687660214	-6.76530411810881	-15.8265584177017	-7.55415645393998	-15.7470521873992	-16.3822524982757	-16.8303583981293	-16.7885781544785	-15.6079659767929	-5.12647474540892	-5.52233716556696	-16.094118933225	-16.7906030435777	-17.1636496760158	-16.7615966795311	-8.44337602322144	-11.9669379792785	-8.22277688370805	-16.9672149989968	-16.5635240118679	-15.8217615277124	-16.0917521670207	-15.2582568518248	-15.3328557562817	-6.44966228606888	-16.7191882544209	-17.1584124559229	-16.0294094597071	-16.2535982263675	-16.7885781544785	-10.1189410727235	-14.953323448583	-12.1189410727235	-15.0822322201737	-9.86260131946372	-11.4815111521082	-16.8995457449954	-5.9138266428189	-14.7173551220649	-16.7885781544785	-16.9942318811449	-16.9096587392703	-11.8294344555285	-9.24447195480737	-16.2833416129283	-16.2367990269912	-16.748612176737	-7.58842635602473	-7.54739908776467	-11.5884263560247	-12.2888660741658	-11.9669379792785	-7.04569209069287	-11.0409385607222	-16.3097427844391	-6.15443975394489	-4.795010624925	-16.384637620813	-12.0082226257768	-15.1294440230319	-7.04569209069287	-6.74583425391058	-7.65224145362217	-6.49120454831206	-15.8070170383707	-2.20771555289395	-11.8294344555285	-16.3003763952992	-10.0034638553036	-17.7202375771488	-17.748612176737	-11.3819754785573	-16.384637620813	-16.0957349088202	-15.7689338103271	-17.1139761130231	-8.50750636064116	-13.2888660741658	-14.6525555835613	-7.00346385530357	-13.0197978590077	-9.02207953347092	-8.65950945408621	-9.13911895466114	-7.58150694208494	-9.04093856072223	-15.1572855233649	-17.1584124559229	-17.0294094597071	-9.70390357344466	-15.0779839739628	-14.970285676897	-16.7470521873992	-13.9832481215201	-16.7470521873992	-13.8059819814439	-16.1402106783393	-6.66315723110135	-12.9669379792785	-15.176640671134	-1.13999232886297	-14.5734499552018	-16.1352750764276	-13.0504993315021	-16.2469446690061	-10.0034638553036	-8.25544307262837	-9.89654865138706	-14.4191222715571	-13.9996183773562	-7.45597606000108	-12.2888660741658	-8.21205047711499	-9.61644073219432	-6.34928685985113	-14.2070855174145	-16.7202375771488	-9.89654865138706	-10.2444719548074	-4.96581131382417	-16.0027820589294	-16.7689338103271	-12.1189410727235	-12.7039035734447	-16.195000463029	-15.8303583981293	-10.2888660741658	-10.3346697637789	-17.7615966795311	-14.3692792567523	-8.93131406954774	-10.9669379792785	-14.403411532981	-15.5198556027497	-17.1584124559229	-6.32019928097061	-16.4056733322819
ERR9830944	-15.4178195582083	-16.7799629637501	-16.5096822354595	-11.5109289625998	-10.1448010638019	-9.18260309651425	-14.4178195582083	-16.9942318811449	-8.07204472136655	-9.9153192176791	-15.1832809109454	-10.5433504402921	-7.43672802075835	-7.26976673724348	-16.9696001215342	-12.247894556766	-17.148486512589	-11.6452300543114	-14.4178195582083	-17.1766341788099	-10.6629320560448	-17.1584124559229	-16.2535982263675	-16.6511217831019	-8.49895632093369	-16.2036156537574	-13.4178195582083	-15.3302779268492	-9.52704862796304	-12.9153192176791	-12.4792201028724	-4.42275909117556	-12.4178195582083	-9.47140059841313	-15.0027820589294	-15.2293295545294	-15.7867801173891	-14.5758768536132	-13.5433504402921	-15.6607647384976	-11.3880722148142	-6.46750668230864	-9.12626511236444	-16.3822524982757	-10.3162815317462	-11.8328570574871	-13.6808539640421	-5.14208302631745	-7.71969370590544	-16.094118933225	-14.4178195582083	-8.47140059841313	-16.7615966795311	-6.21569573437782	-15.4178195582083	-6.54335044029214	-11.2214223454048	-16.5635240118679	-14.0027820589294	-16.0917521670207	-8.76437731960436	-13.6808539640421	-3.48917781768965	-10.8129575000494	-14.0027820589294	-16.0294094597071	-16.2535982263675	-16.7885781544785	-7.09438943815569	-10.5598385630807	-10.6104646361507	-15.0822322201737	-5.93333229150165	-8.55569883271979	-16.8995457449954	-12.9153192176791	-14.7173551220649	-7.39915571394325	-16.9942318811449	-12.7548545454859	-7.70816131003781	-7.88384098620593	-7.77878038473133	-16.2367990269912	-16.748612176737	-9.64523005431136	-5.15494170329873	-8.39545174517983	-12.9153192176791	-6.57546921479447	-6.78119493766463	-11.247894556766	-16.3097427844391	-6.14169515293404	-6.96386306963714	-16.384637620813	-12.0082226257768	-15.1294440230319	-4.66404567635552	-3.27252422327469	-11.0027820589294	-6.68085396404208	-13.6808539640421	-4.87124659025309	-9.85303493942476	-9.40286921674231	-8.05733822255153	-10.4028692167423	-10.247894556766	-6.83035455028396	-10.8942576021513	-16.0957349088202	-14.1954271368718	-15.4178195582083	-10.8328570574871	-11.3303567169579	-12.247894556766	-6.45685228984397	-13.0197978590077	-10.5765173042273	-7.2329442153	-10.2083661925793	-11.4178195582083	-7.99996704332238	-13.0027820589294	-17.1584124559229	-8.38807221481423	-8.25458920933998	-8.40286921674231	-9.98041424590098	-16.7470521873992	-8.35173036775051	-16.7470521873992	-9.20836619257933	-16.1402106783393	-4.22778914999626	-11.6104646361507	-3.98684438562021	-3.16939778492195	-6.99996704332238	-16.1352750764276	-13.0504993315021	-12.5433504402921	-9.77396336843356	-10.8129575000494	-8.94749962342825	-14.4191222715571	-13.9996183773562	-12.0958914633209	-11.0255021354295	-7.98041424590098	-11.6808539640421	-6.47237572183037	-14.2070855174145	-16.7202375771488	-7.56607051679222	-11.1698920447647	-6.11784841097968	-15.0027820589294	-6.2453920495628	-4.86067500162689	-12.4792201028724	-10.5933911227917	-9.68989910364508	-5.09739505391131	-15.8037023043914	-17.7615966795311	-6.54848276530954	-7.52704862796304	-10.5933911227917	-11.0255021354295	-6.57337531741546	-17.1584124559229	-7.14014470137064	-9.20188215900913
ERR9830945	-12.719662140789	-16.7799629637501	-16.5096822354595	-12.802124300981	-12.8895871422313	-8.93539083184447	-13.8895871422313	-14.567659047344	-10.719662140789	-9.54085898800027	-2.85332765752874	-8.97072390495675	-16.2535982263675	-7.38179250203265	-16.9696001215342	-13.8895871422313	-17.148486512589	-8.35431176561054	-12.1891474240903	-15.8895871422313	-15.7054271990746	-17.1584124559229	-16.2535982263675	-16.6511217831019	-16.6874713714528	-16.2036156537574	-12.567659047344	-15.3302779268492	-11.8451930228729	-8.16848795352416	-16.5552481776182	-9.48019620609365	-10.7810626854532	-8.97669780600139	-14.567659047344	-15.2293295545294	-10.2030866150481	-14.5758768536132	-8.82349795177358	-10.3046246415102	-14.0822322201737	-7.94121991064667	-5.60997656117886	-16.3822524982757	-12.0316061471038	-16.7885781544785	-14.0822322201737	-4.57840648217799	-7.37191775409754	-16.094118933225	-13.4301555235941	-12.6416596287878	-16.7615966795311	-14.3046246415102	-16.4178195582083	-7.46962696438346	-14.567659047344	-16.5635240118679	-12.719662140789	-16.0917521670207	-10.8234979517736	-12.6416596287878	-4.79122601489925	-16.7191882544209	-17.1584124559229	-16.0294094597071	-16.2535982263675	-13.8895871422313	-8.17191071916495	-10.8895871422313	-7.33116642896268	-14.0822322201737	-8.80743810087748	-16.7799629637501	-13.719662140789	-15.176640671134	-14.7173551220649	-9.81277154518052	-16.9942318811449	-12.1891474240903	-17.3272105248073	-11.0316061471038	-16.2833416129283	-16.2367990269912	-16.748612176737	-6.89948317837385	-5.2538690219003	-10.9826965466228	-11.8451930228729	-10.6997625833513	-7.15657182054539	-10.0316061471038	-16.3097427844391	-7.26023052215174	-7.39573169299053	-16.384637620813	-12.0082226257768	-15.1294440230319	-4.97408117999942	-3.84861254341404	-14.8265584177017	-8.90090245545918	-15.8070170383707	-6.66076845173547	-10.6607684517355	-10.3660251861743	-11.1891474240903	-12.2457309524566	-11.0069440928695	-8.71466145973067	-12.4301555235941	-11.2457309524566	-13.719662140789	-14.3046246415102	-10.3349982905537	-15.154940341791	-11.802124300981	-6.88255987533738	-13.0197978590077	-9.51454771088442	-11.8451930228729	-5.96774620515686	-9.48019620609365	-6.43220626315881	-8.249342206009	-9.92380285756926	-12.719662140789	-8.56765904734399	-15.0779839739628	-14.970285676897	-16.7470521873992	-6.3967325220566	-9.2101070427259	-13.8059819814439	-16.1402106783393	-6.34849052688183	-17.3302779268492	-15.176640671134	-2.07365353360837	-9.39773404590167	-13.567659047344	-13.0504993315021	-14.3046246415102	-13.1572855233649	-6.53754371643592	-10.0566971280666	-9.3197315339004	-13.9996183773562	-8.69976258335133	-15.3066211909655	-6.58124811209194	-12.1346996400679	-7.49298236104949	-14.2070855174145	-16.7202375771488	-14.567659047344	-12.1346996400679	-7.18222801015047	-16.0027820589294	-16.7689338103271	-8.59956829529873	-13.4301555235941	-12.9826965466228	-11.0069440928695	-6.61462667009075	-11.1891474240903	-13.4301555235941	-3.44793975197774	-4.25659194508839	-7.34462270944211	-14.403411532981	-13.1891474240903	-13.4301555235941	-6.26570565221789	-13.3046246415102
ERR9830946	-8.07742837655236	-13.6794643906325	-6.99897927886701	-4.01209936616358	-9.31689431124775	-7.94378749243482	-16.8628431516183	-16.9942318811449	-8.12487553895482	-9.47559205726681	-6.10852445677817	-8.57992871708154	-7.88319296770387	-9.25800062219418	-16.9696001215342	-12.5799287170815	-17.148486512589	-6.03252001907016	-16.7885781544785	-17.1766341788099	-15.7054271990746	-9.82860782993827	-10.8143939707186	-7.22943146999741	-8.22003277199516	-16.2036156537574	-8.11177988134314	-15.3302779268492	-8.74535232628891	-12.3168943112477	-16.5552481776182	-9.37829485591189	-13.0273876940528	-17.6143719604283	-10.6539292985253	-15.2293295545294	-11.963257356633	-14.5758768536132	-11.5326230023032	-9.88690647050293	-15.8265584177017	-9.17393635740571	-8.18303856451296	-16.3822524982757	-8.1648912178027	-16.7885781544785	-13.6794643906325	-6.11940456144323	-9.93223046101242	-16.094118933225	-12.9018568119689	-9.69240344633995	-11.6288383175625	-10.8143939707186	-16.4178195582083	-12.3168943112477	-16.9672149989968	-16.5635240118679	-15.8217615277124	-16.0917521670207	-9.0030035354258	-15.3328557562817	-4.83576762151113	-13.6794643906325	-17.1584124559229	-16.0294094597071	-16.2535982263675	-14.4868193126901	-10.9322304610124	-11.8429631229153	-13.1648912178027	-15.0822322201737	-5.56646645727498	-12.4868193126901	-16.8995457449954	-3.78963452946554	-9.07742837655236	-9.56795607541547	-14.9018568119689	-16.9096587392703	-9.2676507922279	-7.92457688846899	-9.55608197512717	-16.2367990269912	-10.8721094685749	-6.95934230662967	-3.35592704288344	-9.32694797591167	-16.1597005531095	-8.97111947440602	-7.57093993385429	-11.963257356633	-12.6794643906325	-7.08167784955372	-5.18418038890251	-16.384637620813	-12.0082226257768	-12.786379594549	-6.18189764310839	-4.05114905175351	-8.78637959454897	-6.88876681252846	-7.0030035354258	-9.44242519333161	-7.55018137368749	-8.13367248719198	-9.84296312291534	-11.5326230023032	-11.1648912178027	-14.3156127480399	-13.4868193126901	-12.0945018899113	-15.7689338103271	-14.1648912178027	-13.4868193126901	-9.15590243457544	-11.3993564714397	-7.7829157392454	-11.6288383175625	-8.28224816844086	-13.1656487254712	-12.7233827129491	-10.6539292985253	-9.88690647050293	-8.90939048465431	-11.1648912178027	-17.0294094597071	-7.80733921318461	-8.82860782993827	-11.2388917992465	-16.7470521873992	-8.80733921318462	-16.7470521873992	-13.8059819814439	-16.1402106783393	-3.43935453937164	-12.3168943112477	-7.99096428580289	-7.98697342560686	-14.5734499552018	-9.45339631115261	-6.75719856913702	-10.4424251933316	-8.82860782993827	-12.5799287170815	-10.7054595991654	-14.4191222715571	-11.8429631229153	-16.3290721933837	-15.3066211909655	-9.31689431124775	-15.1804142557516	-7.4369707632395	-11.9018568119689	-16.7202375771488	-6.92648647847762	-11.5326230023032	-6.52103502802797	-16.0027820589294	-16.7689338103271	-10.2773659470611	-5.50168893922316	-8.54430480735082	-8.93223046101242	-2.33271323542384	-6.52536961829187	-6.60417626332822	-10.6794643906325	-13.1648912178027	-10.29699475381	-10.0110858817237	-15.5198556027497	-17.1584124559229	-6.18875674497104	-8.62883831756249
ERR9830947	-17.8853388960204	-16.7799629637501	-16.5096822354595	-16.7799629637501	-12.9809671692854	-15.6801122396895	-16.8628431516183	-16.9942318811449	-13.6330438658651	-13.8554362872015	-15.1832809109454	-13.1184706930353	-16.2535982263675	-7.80377416737903	-16.9696001215342	-15.3302779268492	-17.148486512589	-9.38511635242148	-16.7885781544785	-17.1766341788099	-15.7054271990746	-17.1584124559229	-16.2535982263675	-16.6511217831019	-12.1184706930353	-16.2036156537574	-15.4259072773831	-15.3302779268492	-16.7191882544209	-8.65249622853124	-16.5552481776182	-4.6619109267003	-7.37970285623512	-12.4403987879227	-17.3302779268492	-15.2293295545294	-7.55165553902441	-12.7399590697816	-16.4985687660214	-5.4847488803943	-15.8265584177017	-6.6043484328646	-15.7470521873992	-16.3822524982757	-10.5824177927951	-16.7885781544785	-15.6079659767929	-6.79114261040536	-7.69893180152153	-16.094118933225	-16.7906030435777	-17.1636496760158	-16.7615966795311	-9.78218730517088	-14.4403987879227	-8.53953197994193	-16.9672149989968	-16.5635240118679	-15.8217615277124	-16.0917521670207	-15.2582568518248	-15.3328557562817	-3.37145260827389	-12.9809671692854	-17.1584124559229	-16.0294094597071	-16.2535982263675	-16.7885781544785	-8.90123997681464	-9.73995906978158	-9.15499656906043	-15.0822322201737	-7.26797127927719	-7.15962801779207	-16.8995457449954	-5.86391444112582	-9.88580993624504	-16.7885781544785	-16.9942318811449	-11.6855112857592	-14.1184706930353	-10.2309454222937	-16.2833416129283	-16.2367990269912	-16.748612176737	-10.3529359466723	-6.96061852389357	-8.13661803974557	-12.8554362872015	-14.4403987879227	-7.72272236485628	-17.148486512589	-16.3097427844391	-6.46168832881632	-14.0779839739628	-16.384637620813	-12.0082226257768	-15.1294440230319	-6.44180835817735	-5.65903907439801	-14.8265584177017	-7.67552719718658	-15.8070170383707	-3.19380662248084	-13.1184706930353	-7.46311886442276	-11.3529359466723	-17.7202375771488	-10.3743095974649	-10.6855112857592	-14.1184706930353	-12.3529359466723	-15.7689338103271	-17.1139761130231	-15.5801849467121	-15.154940341791	-11.4403987879227	-6.51410279314156	-13.0197978590077	-7.57003406833927	-9.78218730517088	-6.38511635242148	-8.95658301065842	-10.8256889438075	-15.1572855233649	-9.90123997681464	-17.0294094597071	-6.62341516466729	-15.0779839739628	-11.1184706930353	-16.7470521873992	-11.3960046685642	-9.6855112857592	-13.8059819814439	-16.1402106783393	-8.86296995988693	-11.9809671692854	-15.176640671134	-1.46670142161732	-14.5734499552018	-16.1352750764276	-9.5949087369783	-9.19247127447909	-9.30084743552388	-9.41803097489422	-8.84048594573555	-14.4191222715571	-13.9996183773562	-9.30084743552388	-11.0828467833046	-8.00994623625714	-15.1804142557516	-4.15817909225009	-14.2070855174145	-16.7202375771488	-9.85543628720152	-10.3743095974649	-5.51781438520901	-11.1549965690604	-16.7689338103271	-14.9373081317731	-8.71929959921549	-16.195000463029	-12.9809671692854	-5.3885101320173	-10.7679734459512	-8.23094542229372	-14.3692792567523	-5.226686989817	-9.0916706336916	-14.403411532981	-15.5198556027497	-17.1584124559229	-6.70907975689761	-16.4056733322819
ERR9830948	-12.028496522998	-12.8127678319426	-16.5096822354595	-16.7799629637501	-10.753874142889	-15.6801122396895	-16.8628431516183	-13.9826928333849	-8.42045040916385	-9.58181339710274	-12.6607647384976	-15.9140346941048	-13.5232612147476	-8.09699646004553	-16.9696001215342	-12.2822531152438	-17.148486512589	-6.96588454569837	-16.7885781544785	-17.1766341788099	-15.7054271990746	-17.1584124559229	-10.8741683766068	-12.4591308773279	-9.69729061452268	-16.2036156537574	-9.50695940241853	-15.3302779268492	-11.1753379113273	-15.4092693804237	-16.5552481776182	-6.82787472433282	-14.9826928333849	-17.6143719604283	-7.81026532473944	-15.2293295545294	-15.7867801173891	-14.5758768536132	-16.4985687660214	-14.6607647384976	-15.8265584177017	-10.6972906145227	-6.20625980094019	-16.3822524982757	-9.44353402227689	-12.7347653199413	-8.74907315662522	-15.6002381555483	-15.1294440230319	-16.094118933225	-13.6607647384976	-14.6607647384976	-16.7615966795311	-15.6148708502022	-13.6607647384976	-16.8853388960204	-16.9672149989968	-14.6607647384976	-15.8217615277124	-16.0917521670207	-15.2582568518248	-15.3328557562817	-3.10339677299194	-16.7191882544209	-17.1584124559229	-16.0294094597071	-13.0758022377764	-11.3977303326638	-7.37906648839873	-10.5903754106062	-15.0409868258236	-10.3533362133053	-7.72059798801474	-16.7799629637501	-16.8995457449954	-14.1753379113273	-14.7173551220649	-8.72059798801474	-13.8127678319426	-12.1247118382574	-17.3272105248073	-9.44353402227689	-16.2833416129283	-16.2367990269912	-16.748612176737	-7.93284428393436	-5.61855817837687	-8.3827799911978	-11.4908397370552	-10.85340981644	-9.70656842811069	-8.51101761899288	-16.3097427844391	-4.3728215462061	-6.19560650883331	-13.3977303326638	-12.0082226257768	-11.85340981644	-4.63064940758949	-5.02160494338759	-14.8265584177017	-5.8297742572483	-12.4591308773279	-2.59986619533002	-10.0401783280457	-7.03871291904118	-11.1000497840231	-9.214508508608	-10.0169085487228	-9.51508728330193	-12.8127678319426	-13.8127678319426	-15.7689338103271	-17.1139761130231	-10.3244813506331	-11.6251408287668	-11.2547723788217	-7.48085564848263	-7.90054379203105	-4.97777015481588	-9.72530499069227	-5.94995830479821	-7.44936310107909	-5.86699888118791	-12.6607647384976	-10.8952299921346	-7.6428428305003	-7.42427212011626	-8.61637061913911	-9.00541290988501	-11.3679829892697	-11.6972906145227	-8.96032502035647	-13.8059819814439	-6.86115931604489	-6.78547614027487	-8.32091473561294	-15.176640671134	-10.3679829892697	-14.5734499552018	-16.1352750764276	-13.0504993315021	-16.2469446690061	-9.35333621330531	-8.28225311524383	-9.25477237882172	-14.4191222715571	-12.3977303326638	-9.19479027399349	-12.7347653199413	-6.83803459055304	-15.1804142557516	-3.23649345386115	-14.2070855174145	-12.9826928333849	-7.72059798801474	-8.80278374336999	-4.45253038015777	-11.028496522998	-7.80029847998039	-14.9373081317731	-6.71942363301226	-9.56484031849902	-11.2822531152438	-3.15594575086472	-8.69267398645231	-6.5140687904669	-14.3692792567523	-8.39023579611684	-9.90587723633409	-9.86375176066142	-15.5198556027497	-17.1584124559229	-7.33343665586761	-16.4056733322819
ERR9830949	-17.8853388960204	-16.7799629637501	-14.8364843610355	-15.1584124559229	-16.7470521873992	-15.6801122396895	-16.8628431516183	-16.9942318811449	-8.99350552924722	-5.38527324920322	-13.6989808372856	-8.92479277916321	-16.2535982263675	-7.87301023706066	-16.9696001215342	-15.3302779268492	-17.148486512589	-16.8217615277124	-16.7885781544785	-15.1584124559229	-15.7054271990746	-16.1584124559229	-13.6989808372856	-16.6511217831019	-12.2515218603144	-16.2036156537574	-15.4259072773831	-8.71132922971326	-16.7191882544209	-12.204216145536	-16.5552481776182	-7.30198692729738	-16.3272105248073	-17.6143719604283	-17.3302779268492	-15.2293295545294	-9.9884874544806	-14.5758768536132	-10.9884874544806	-8.47893235641746	-15.8265584177017	-9.10313002042172	-15.7470521873992	-16.3822524982757	-16.8303583981293	-16.7885781544785	-9.73214770122081	-15.6002381555483	-15.1294440230319	-16.094118933225	-16.7906030435777	-17.1636496760158	-16.7615966795311	-7.81411654800709	-16.4178195582083	-16.8853388960204	-16.9672149989968	-16.5635240118679	-14.3510575338653	-16.0917521670207	-15.2582568518248	-15.3328557562817	-4.25434237937677	-14.1584124559229	-16.1584124559229	-16.0294094597071	-16.2535982263675	-16.7885781544785	-9.37705274239825	-14.953323448583	-15.0409868258236	-15.0822322201737	-8.30666341450685	-16.7799629637501	-16.8995457449954	-7.99854111914452	-14.7173551220649	-16.7885781544785	-16.9942318811449	-14.8364843610355	-17.3272105248073	-13.6989808372856	-16.2833416129283	-16.2367990269912	-15.1584124559229	-8.50377642739494	-9.94895909029396	-10.3129224049785	-16.1597005531095	-13.4579727377818	-11.948959090294	-14.8364843610355	-16.3097427844391	-9.59617003170184	-7.00993587374463	-16.384637620813	-12.0082226257768	-15.1294440230319	-9.96858789704289	-10.2880477363395	-13.0709496146726	-6.16901795607818	-15.8070170383707	-2.95774369529284	-12.5145562661482	-16.3003763952992	-11.6348504998659	-17.7202375771488	-17.748612176737	-11.8730102370607	-16.384637620813	-16.0957349088202	-15.7689338103271	-17.1139761130231	-9.10313002042172	-15.154940341791	-14.6525555835613	-8.2605669999174	-11.2757694065611	-8.01375421309103	-9.39022813114598	-5.96427121705977	-8.51095402946799	-9.21004522433823	-15.1572855233649	-16.1584124559229	-17.0294094597071	-8.02912943897794	-15.0779839739628	-12.5734499552018	-16.7470521873992	-8.43731326721572	-16.7470521873992	-13.8059819814439	-16.1402106783393	-14.7439027273591	-17.3302779268492	-15.176640671134	-0.851051530182152	-13.5734499552018	-11.0923232654651	-13.0504993315021	-16.2469446690061	-9.00866533641823	-8.67459667865865	-8.69898083728561	-14.4191222715571	-13.9996183773562	-9.67459667865865	-12.3510575338653	-4.14160416823636	-8.93924393546075	-4.60959054746416	-14.2070855174145	-16.7202375771488	-11.0709496146726	-14.5734499552018	-7.51816751970056	-11.3770527423983	-16.7689338103271	-14.9373081317731	-11.9884874544806	-16.195000463029	-15.8303583981293	-6.86954638175709	-11.4304920013597	-13.9884874544806	-14.3692792567523	-8.09232326546514	-9.72378422828618	-14.403411532981	-12.9884874544806	-16.1584124559229	-7.7363476897501	-16.4056733322819
ERR9830950	-17.8853388960204	-16.7799629637501	-7.49577262484003	-7.99765338406663	-16.7470521873992	-8.79190471885006	-16.8628431516183	-16.9942318811449	-4.59983044013999	-6.35085162952762	-7.91577637701223	-15.9140346941048	-10.8477579535836	-11.6362538483899	-16.9696001215342	-15.3302779268492	-17.148486512589	-5.54493868164392	-16.7885781544785	-17.1766341788099	-12.2883305449696	-12.7737573721398	-9.18879487141864	-11.510722966306	-11.0082226257768	-16.2036156537574	-15.4259072773831	-11.0956854670272	-12.2883305449696	-7.72064603568024	-16.5552481776182	-3.52582985869621	-5.83594220333638	-12.7737573721398	-17.3302779268492	-15.2293295545294	-15.7867801173891	-14.5758768536132	-16.4985687660214	-10.2883305449696	-15.8265584177017	-9.54109661534952	-10.8477579535836	-7.76476858891254	-11.3952457488861	-16.7885781544785	-15.6079659767929	-6.40568749560772	-7.43034954984198	-16.094118933225	-16.7906030435777	-9.92576046558485	-16.7615966795311	-15.6148708502022	-16.4178195582083	-12.510722966306	-8.58789082682847	-16.5635240118679	-14.0956854670272	-11.7737573721398	-9.34079796486369	-15.3328557562817	-3.44508244481185	-10.0512913476687	-17.1584124559229	-13.0956854670272	-16.2535982263675	-16.7885781544785	-7.75583546414254	-12.2883305449696	-10.3407979648637	-15.0822322201737	-8.08445821160391	-16.7799629637501	-16.8995457449954	-4.64241483301654	-7.53344304280609	-16.7885781544785	-16.9942318811449	-16.9096587392703	-7.75583546414254	-8.84775795358358	-16.2833416129283	-16.2367990269912	-16.748612176737	-8.72064603568024	-3.8294845545282	-10.3952457488861	-16.1597005531095	-9.45182927725244	-5.77827285326229	-11.7737573721398	-14.0956854670272	-7.37458627831998	-2.83329694327614	-10.7033680442484	-11.0082226257768	-11.6362538483899	-4.53917941235523	-3.85787799330403	-14.8265584177017	-10.3952457488861	-9.00822262577682	-6.30452257847214	-10.2377044718996	-5.54109661534952	-9.23770447189959	-8.82889892633226	-17.748612176737	-14.3156127480399	-16.384637620813	-16.0957349088202	-12.510722966306	-17.1139761130231	-15.5801849467121	-12.510722966306	-14.6525555835613	-6.76029511233324	-13.0197978590077	-8.14148915664029	-5.79190471885006	-9.57212351097015	-9.51072296630601	-9.84775795358358	-8.61995203606076	-13.510722966306	-17.0294094597071	-7.14148915664029	-9.54109661534952	-14.970285676897	-7.05676647773486	-8.75583546414254	-8.40918493984394	-13.8059819814439	-16.1402106783393	-6.99239765861514	-17.3302779268492	-10.4518292772524	-9.3143257535025	-14.5734499552018	-16.1352750764276	-13.0504993315021	-8.48097562291195	-8.7737573721398	-11.510722966306	-13.7247802837179	-14.4191222715571	-13.9996183773562	-10.2883305449696	-9.54109661534952	-8.60383237069749	-10.3407979648637	-8.54109661534952	-14.2070855174145	-16.7202375771488	-6.19481865904641	-10.0512913476687	-4.95997618092276	-9.63625384838986	-11.1887948714186	-7.49577262484003	-10.3407979648637	-16.195000463029	-15.8303583981293	-5.95102722419528	-11.0082226257768	-9.57212351097015	-7.44463377584823	-8.79190471885006	-14.9963473823338	-7.95613411462837	-15.5198556027497	-17.1584124559229	-4.95357840972461	-5.94848054208493
ERR9830951	-17.8853388960204	-16.7799629637501	-16.5096822354595	-16.7799629637501	-13.3538053980487	-15.6801122396895	-16.8628431516183	-12.6168398038825	-11.0642987808537	-12.0642987808537	-15.1832809109454	-13.523730399491	-16.2535982263675	-13.953323448583	-14.2018023046036	-15.3302779268492	-17.148486512589	-16.8217615277124	-16.7885781544785	-17.1766341788099	-15.7054271990746	-17.1584124559229	-11.4362675582407	-16.6511217831019	-9.72931453314089	-11.8798742097163	-15.4259072773831	-15.3302779268492	-16.7191882544209	-15.4092693804237	-16.5552481776182	-9.20180230460364	-14.2018023046036	-17.6143719604283	-17.3302779268492	-15.2293295545294	-9.46844796398981	-14.5758768536132	-16.4985687660214	-15.6607647384976	-15.8265584177017	-8.92381755730387	-15.7470521873992	-16.3822524982757	-12.9387678987698	-16.7885781544785	-15.6079659767929	-4.60635832001416	-6.42175472854177	-16.094118933225	-16.7906030435777	-17.1636496760158	-16.7615966795311	-3.28741717244819	-8.57536316790632	-8.57536316790632	-16.9672149989968	-14.9387678987698	-15.8217615277124	-16.0917521670207	-15.2582568518248	-12.1314129767122	-3.33606903375188	-16.7191882544209	-15.523730399491	-16.0294094597071	-16.2535982263675	-16.7885781544785	-6.36764732320232	-10.2018023046036	-7.52655091855338	-15.0822322201737	-7.65645165978134	-5.41716745904612	-13.3538053980487	-15.176640671134	-14.7173551220649	-16.7885781544785	-16.9942318811449	-16.9096587392703	-14.9387678987698	-12.8232906813499	-16.2833416129283	-16.2367990269912	-14.2018023046036	-10.0318773031613	-9.71637547743339	-10.3538053980487	-12.6168398038825	-12.4362675582407	-9.46844796398981	-17.148486512589	-16.3097427844391	-13.7163754774334	-7.59891789588522	-16.384637620813	-12.0082226257768	-15.1294440230319	-7.47933628013254	-6.12178427551446	-10.5695340891041	-9.19281352137638	-15.8070170383707	-4.53043815800245	-11.6657494043634	-8.87987420971627	-12.4362675582407	-13.9387678987698	-12.7163754774334	-11.4793362801325	-16.384637620813	-16.0957349088202	-15.7689338103271	-17.1139761130231	-11.0642987808537	-15.154940341791	-13.2018023046036	-7.56372846742292	-10.6168398038825	-8.7958099449278	-9.30456187902884	-7.85484541522475	-9.92381755730387	-7.31671607931347	-15.1572855233649	-11.8232906813499	-17.0294094597071	-5.33082118037899	-15.0779839739628	-10.333905840611	-16.7470521873992	-10.4793362801325	-11.314277033862	-13.8059819814439	-16.1402106783393	-7.16398083916867	-14.2018023046036	-15.176640671134	-0.972172326300565	-14.5734499552018	-10.6908403853263	-13.0504993315021	-13.7163754774334	-11.314277033862	-11.523730399491	-10.2018023046036	-14.4191222715571	-13.9996183773562	-12.4362675582407	-15.3066211909655	-9.92381755730387	-11.2383281806288	-5.7713497529381	-14.2070855174145	-16.7202375771488	-15.567659047344	-15.6790814339462	-9.0974656447889	-16.0027820589294	-16.7689338103271	-6.70195641752043	-15.523730399491	-16.195000463029	-15.8303583981293	-9.93876789876984	-15.8037023043914	-17.7615966795311	-14.3692792567523	-8.2429596293604	-12.2018023046036	-14.403411532981	-15.5198556027497	-13.9387678987698	-8.70355143707581	-16.4056733322819
ERR9830952	-17.8853388960204	-13.2135949759637	-16.5096822354595	-14.5921065992175	-11.2416093521333	-15.6801122396895	-13.7441096926625	-13.2135949759637	-10.7242101352248	-12.3904727380478	-15.1832809109454	-14.9140346941048	-16.2535982263675	-8.45460307546754	-16.9696001215342	-15.3302779268492	-14.3290721933837	-16.8217615277124	-16.7885781544785	-15.3290721933837	-15.7054271990746	-17.1584124559229	-11.0071440984963	-16.6511217831019	-10.1196188277547	-12.5921065992175	-15.4259072773831	-15.3302779268492	-16.7191882544209	-15.4092693804237	-16.5552481776182	-14.5901358865705	-16.3272105248073	-17.6143719604283	-17.3302779268492	-15.2293295545294	-15.7867801173891	-14.5758768536132	-16.4985687660214	-13.9140346941048	-15.8265584177017	-6.50464375796714	-15.7470521873992	-16.3822524982757	-16.8303583981293	-16.7885781544785	-11.1066797720472	-6.46488604872941	-7.59210659921748	-16.094118933225	-16.7906030435777	-15.3290721933837	-16.7615966795311	-15.6148708502022	-10.1458503693279	-13.2135949759637	-14.5921065992175	-13.9140346941048	-12.5217172713261	-16.0917521670207	-11.3594458424272	-15.3328557562817	-3.60427414937522	-16.7191882544209	-17.1584124559229	-16.0294094597071	-16.2535982263675	-16.7885781544785	-5.13513621809647	-9.31412185191771	-7.96566746252016	-15.0822322201737	-8.37875931748404	-16.7799629637501	-16.8995457449954	-15.176640671134	-14.7173551220649	-16.7885781544785	-16.9942318811449	-10.5217172713261	-17.3272105248073	-8.90841014491096	-16.2833416129283	-16.2367990269912	-16.748612176737	-10.0938557316897	-4.72297547957319	-13.1066797720472	-12.8265718528545	-16.1597005531095	-7.39243425438112	-11.959838383718	-16.3097427844391	-9.75416335732645	-4.60001799020348	-16.384637620813	-12.0082226257768	-15.1294440230319	-5.42218159777517	-4.12715250044014	-8.85875225860365	-6.47316552649397	-13.9140346941048	-3.80894464305883	-9.54771247985903	-3.95493835182288	-10.7441096926625	-11.0071440984963	-9.61025394592774	-8.86418614465428	-10.4062400539061	-16.0957349088202	-12.5921065992175	-14.1066797720472	-9.22054773660552	-8.62863247524259	-10.6472481534099	-6.24072561854315	-9.79509362138133	-6.45357879779521	-8.62401584717222	-7.24514970983859	-9.30670438035523	-5.60740333239234	-8.66136926165459	-9.98329735654196	-17.0294094597071	-5.03062770771647	-9.74410969266253	-8.43830126313844	-16.7470521873992	-13.9832481215201	-11.5217172713261	-13.8059819814439	-16.1402106783393	-5.27967739296687	-17.3302779268492	-15.176640671134	-2.45755193105457	-14.5734499552018	-9.68521600360896	-13.0504993315021	-9.47940646646812	-10.2993248499896	-9.47940646646812	-7.68762250131606	-14.4191222715571	-13.9996183773562	-15.3290721933837	-12.0071440984963	-4.18059561120541	-15.1804142557516	-7.19464587316276	-14.2070855174145	-16.7202375771488	-9.09385573168965	-10.2846780740252	-6.41817966721767	-10.3594458424272	-16.7689338103271	-6.02225099088653	-8.77960837388392	-16.195000463029	-10.7441096926625	-6.04444085086406	-9.22753416692162	-17.7615966795311	-3.95638847888643	-6.4474483563856	-10.6286324752426	-14.403411532981	-12.5921065992175	-17.1584124559229	-6.48358214243931	-14.1066797720472
ERR9830953	-17.8853388960204	-16.7799629637501	-16.5096822354595	-16.7799629637501	-12.0228590317899	-11.2858934376237	-14.0228590317899	-16.9942318811449	-15.1597005531095	-6.52434220517924	-6.10200997859149	-11.9639653427364	-9.61913684573891	-8.44291460583539	-16.9696001215342	-12.2858934376237	-17.148486512589	-7.3622688262554	-16.7885781544785	-17.1766341788099	-13.6078215325111	-17.1584124559229	-16.2535982263675	-16.6511217831019	-16.6874713714528	-16.2036156537574	-15.4259072773831	-12.90738181437	-13.8004666104535	-15.4092693804237	-16.5552481776182	-10.2155041097323	-16.3272105248073	-13.1483899138738	-17.3302779268492	-12.5203586912607	-8.93539619053958	-6.50584586156185	-11.7498405373835	-8.369416793186	-15.8265584177017	-7.86972927289059	-13.0228590317899	-16.3822524982757	-13.2858934376237	-16.7885781544785	-15.6079659767929	-4.49277788234937	-6.98760170700359	-15.0228590317899	-16.7906030435777	-15.0228590317899	-16.7615966795311	-15.6148708502022	-16.4178195582083	-5.10996969555996	-16.9672149989968	-16.5635240118679	-15.8217615277124	-16.0917521670207	-15.2582568518248	-15.3328557562817	-3.88053920329889	-16.7191882544209	-17.1584124559229	-16.0294094597071	-16.2535982263675	-16.7885781544785	-8.91433457501176	-14.953323448583	-9.90738181436999	-12.3598940190675	-6.99679673520373	-11.8004666104535	-16.8995457449954	-7.44040338667934	-14.7173551220649	-12.4378965310688	-16.9942318811449	-14.6078215325111	-6.6594543009264	-9.94961004975929	-16.2833416129283	-16.2367990269912	-16.748612176737	-9.4580744130064	-10.1320881015447	-10.9639653427364	-16.1597005531095	-8.50978944955055	-7.64203724784899	-12.6078215325111	-16.3097427844391	-8.66530702717184	-7.06866272140305	-16.384637620813	-12.0082226257768	-15.1294440230319	-9.74984053738351	-6.25247043608627	-14.8265584177017	-4.50584586156185	-15.8070170383707	-3.62911107340472	-10.2327821011642	-8.38865301204892	-13.2858934376237	-17.7202375771488	-13.4378965310688	-8.9424856153259	-16.384637620813	-16.0957349088202	-15.7689338103271	-17.1139761130231	-9.46827018011229	-11.5634274131526	-10.1984305963734	-6.15352223889118	-7.04748869829864	-8.18155677780898	-7.81991897311965	-8.17319330487436	-8.74984053738351	-11.4378965310688	-8.250269527893	-10.5854537194826	-11.8004666104535	-14.6686357256463	-15.0779839739628	-14.970285676897	-16.7470521873992	-7.10399579451533	-8.30404078433398	-13.8059819814439	-16.1402106783393	-6.33635850460671	-8.16487803666235	-15.176640671134	-1.87915695493199	-14.5734499552018	-11.1483899138738	-13.0504993315021	-16.2469446690061	-6.58962135369786	-8.40814918767472	-8.39350241171032	-14.4191222715571	-13.9996183773562	-8.3086135141238	-15.3066211909655	-3.67302494033268	-9.94961004975929	-4.65726563546357	-14.2070855174145	-16.7202375771488	-10.9639653427364	-10.5203586912607	-4.12148927974242	-6.97119691196743	-16.7689338103271	-14.9373081317731	-9.33169712723684	-10.6536252221242	-10.3224193136488	-6.10797564542788	-9.82646181898642	-17.7615966795311	-12.2155041097323	-5.35220278267149	-9.07644007199477	-14.403411532981	-12.4378965310688	-17.1584124559229	-7.31780268557846	-16.4056733322819
ERR9830954	-17.8853388960204	-12.899939044956	-16.5096822354595	-7.47088107536227	-8.56008904207142	-9.0670490307913	-16.8628431516183	-13.3149765442349	-13.0254699270399	-9.0670490307913	-2.87710890375799	-12.6775466236196	-16.2535982263675	-8.81247620370571	-16.9696001215342	-11.199499326815	-17.148486512589	-4.78143049960526	-16.7885781544785	-17.1766341788099	-15.7054271990746	-11.1273495410591	-12.4849015456772	-10.3149765442349	-16.6874713714528	-13.1629734507898	-15.4259072773831	-13.1629734507898	-12.3149765442349	-8.30002620276892	-16.5552481776182	-10.5307052352903	-12.3974387044269	-17.6143719604283	-17.3302779268492	-15.2293295545294	-9.73001404351373	-11.8410453559025	-13.0254699270399	-15.6607647384976	-15.8265584177017	-7.280330401428	-15.7470521873992	-16.3822524982757	-9.40808594862637	-16.7885781544785	-13.0254699270399	-3.67152115875247	-5.62614344574178	-14.1629734507898	-12.7844618275361	-13.899939044956	-16.7615966795311	-15.6148708502022	-16.4178195582083	-4.24888735377712	-13.3149765442349	-16.5635240118679	-15.8217615277124	-16.0917521670207	-15.2582568518248	-13.1629734507898	-3.65379227032018	-11.5780109500687	-14.1629734507898	-16.0294094597071	-13.3149765442349	-12.4849015456772	-6.76722512261081	-10.199499326815	-9.08402210939502	-15.0822322201737	-7.80190696199552	-16.7799629637501	-16.8995457449954	-15.176640671134	-14.7173551220649	-16.7885781544785	-16.9942318811449	-16.9096587392703	-17.3272105248073	-8.66472258326201	-16.2833416129283	-16.2367990269912	-16.748612176737	-7.46531081731932	-4.82445989546803	-8.35047522545628	-16.1597005531095	-8.51335799172643	-6.3908238600053	-11.4849015456772	-16.3097427844391	-7.58403473769645	-5.28645650422484	-13.0254699270399	-12.0082226257768	-12.899939044956	-4.76380235697002	-4.2596941087337	-14.8265584177017	-6.18226262188965	-15.8070170383707	-4.5712641176281	-11.5307052352903	-6.42150646438869	-11.6269205505496	-13.1629734507898	-8.77754241359632	-10.4405074263187	-9.59008378236926	-16.0957349088202	-13.3149765442349	-17.1139761130231	-9.77065602801108	-15.154940341791	-12.899939044956	-7.0051212816481	-9.04195804982847	-7.85190634853424	-7.39478912601291	-7.35304458506841	-7.76722512261081	-6.55121089072497	-10.3149765442349	-10.7844618275361	-17.0294094597071	-6.88127520069101	-15.0779839739628	-13.1629734507898	-15.4849015456772	-6.9950535852379	-8.65201153151246	-11.0586367909751	-16.1402106783393	-5.91030801833959	-17.3302779268492	-15.176640671134	-3.73482268298335	-8.41343918312058	-8.24172756220425	-13.0504993315021	-16.2469446690061	-7.97710690547851	-7.84827692513355	-8.89244450840912	-14.4191222715571	-13.9996183773562	-8.6775466236196	-15.3066211909655	-8.92265912145613	-8.19028079678558	-6.6567650614831	-12.2369740322336	-16.7202375771488	-11.2369740322336	-10.4625337326487	-5.33896939985669	-16.0027820589294	-16.7689338103271	-14.9373081317731	-8.27544818004825	-12.3149765442349	-10.4849015456772	-4.87203304838616	-8.04195804982847	-17.7615966795311	-10.6520115315125	-6.89431449576217	-8.60225849631536	-12.3149765442349	-12.5780109500687	-17.1584124559229	-5.33515442617252	-16.4056733322819
ERR9830955	-17.8853388960204	-16.7799629637501	-9.45627973468738	-6.86042891782349	-9.62292960409683	-9.4047494340473	-16.8628431516183	-16.9942318811449	-6.82824851207434	-8.90672257009742	-4.56433037265035	-13.6526769474909	-6.84317675360172	-10.5371997300709	-16.9696001215342	-12.3307488526035	-17.148486512589	-10.5937832584373	-16.7885781544785	-17.1766341788099	-15.7054271990746	-7.74178442132487	-16.2535982263675	-16.6511217831019	-12.7782078295747	-16.2036156537574	-15.4259072773831	-8.14488230729219	-13.9157113533247	-9.82824851207434	-16.5552481776182	-6.88449262271396	-16.3272105248073	-17.6143719604283	-10.047814889332	-15.2293295545294	-11.3796584530845	-14.5758768536132	-16.4985687660214	-9.72984480801334	-15.8265584177017	-8.61558762875566	-10.4827519460486	-16.3822524982757	-10.714077492155	-16.7885781544785	-15.6079659767929	-6.59018102175712	-9.69848063710401	-12.7782078295747	-16.7906030435777	-9.6830505965344	-16.7615966795311	-13.4302845261544	-12.7782078295747	-11.4827519460486	-10.1715502577543	-16.5635240118679	-15.8217615277124	-16.0917521670207	-10.2603595247121	-15.3328557562817	-1.54518740310025	-12.237639448212	-17.1584124559229	-16.0294094597071	-16.2535982263675	-16.7885781544785	-6.62661465090469	-14.953323448583	-10.6229296040968	-15.0822322201737	-4.6999357003044	-16.7799629637501	-16.8995457449954	-4.56919762015904	-14.7173551220649	-13.4302845261544	-16.9942318811449	-15.237639448212	-17.3272105248073	-7.05524509480751	-16.2833416129283	-16.2367990269912	-16.748612176737	-5.97437024783938	-5.88008744359396	-14.5264136529938	-11.9897119347685	-9.01847092774988	-6.86913298670435	-17.148486512589	-12.5371997300709	-8.55815934870659	-8.47608821576756	-16.384637620813	-7.89778944532742	-15.1294440230319	-5.91796732726505	-4.78952314280258	-14.8265584177017	-8.71407749215503	-10.2603595247121	-6.04042275510199	-8.49617246181089	-8.88891129398096	-9.22641219278879	-10.0088207577162	-13.237639448212	-10.0088207577162	-12.5371997300709	-16.0957349088202	-13.237639448212	-12.237639448212	-12.6526769474909	-15.154940341791	-14.6525555835613	-7.21804871985416	-11.1083564312671	-5.96384384899777	-10.7782078295747	-8.74578635188237	-10.5652141062405	-8.05276410530376	-10.9897119347685	-17.1584124559229	-17.0294094597071	-7.27185516354995	-11.4827519460486	-11.7782078295747	-16.7470521873992	-9.48275194604857	-8.61558762875566	-13.8059819814439	-16.1402106783393	-7.37036070850238	-17.3302779268492	-6.21111600569227	-6.03429144523228	-14.5734499552018	-10.1083564312671	-13.0504993315021	-9.98971193476845	-9.88008744359396	-9.97085290751714	-10.3069021106492	-9.49617246181089	-13.9996183773562	-16.3290721933837	-11.9897119347685	-8.79469595236331	-9.63772660602491	-7.65643886628708	-14.2070855174145	-16.7202375771488	-6.59558775528406	-11.3796584530845	-5.28562628332255	-16.0027820589294	-16.7689338103271	-14.9373081317731	-6.13566377726281	-8.87131723396622	-8.33074885260352	-3.45976772837887	-6.33526433372601	-4.91289633771762	-14.3692792567523	-8.05773035819711	-14.9963473823338	-7.73779356112883	-10.5652141062405	-17.1584124559229	-6.45300460265452	-7.90672257009742
ERR9830956	-17.8853388960204	-16.7799629637501	-16.5096822354595	-6.46287892025577	-10.8913786793412	-12.2133067742285	-16.8628431516183	-16.9942318811449	-9.23348465616617	-11.0256797710528	-12.6827920575298	-15.9140346941048	-11.2957689344205	-9.07945102749374	-14.7982692749497	-12.4763411800623	-17.148486512589	-4.9475615147343	-16.7885781544785	-17.1766341788099	-15.7054271990746	-17.1584124559229	-16.2535982263675	-16.6511217831019	-6.71967367145357	-16.2036156537574	-15.4259072773831	-15.3302779268492	-12.5758768536132	-12.3832317756708	-16.5552481776182	-5.82098935144978	-16.3272105248073	-14.3832317756708	-12.6827920575298	-15.2293295545294	-10.7982692749497	-13.5758768536132	-16.4985687660214	-10.0433817727862	-15.8265584177017	-9.24368042327205	-15.7470521873992	-16.3822524982757	-13.5758768536132	-11.9238001570336	-9.37200452024759	-15.6002381555483	-15.1294440230319	-16.094118933225	-14.0613036807835	-17.1636496760158	-16.7615966795311	-4.52641722316784	-9.53774172472647	-16.8853388960204	-12.5758768536132	-16.5635240118679	-13.0613036807835	-16.0917521670207	-12.9238001570336	-15.3328557562817	-2.29138321093823	-16.7191882544209	-17.1584124559229	-10.6827920575298	-16.2535982263675	-16.7885781544785	-8.53148273425479	-12.9238001570336	-15.0409868258236	-15.0822322201737	-8.31176941311422	-16.7799629637501	-16.8995457449954	-10.7108064336994	-8.87543713547215	-10.429035465284	-16.9942318811449	-16.9096587392703	-17.3272105248073	-8.56945058445381	-16.2833416129283	-16.2367990269912	-16.748612176737	-4.55827303514232	-4.74615411852718	-9.94028827982212	-10.7982692749497	-8.07945102749374	-7.65191274464578	-10.0433817727862	-13.5758768536132	-6.20456692466438	-6.16164465440604	-16.384637620813	-7.83633731578321	-15.1294440230319	-5.07945102749374	-5.38675828693762	-14.8265584177017	-5.80485908431004	-11.6827920575298	-3.69738796424476	-10.452494438108	-8.19340721679083	-11.8596698196138	-10.0794510274937	-12.2957689344205	-8.71080643369935	-12.1353042622273	-16.0957349088202	-13.3832317756708	-17.1139761130231	-12.1353042622273	-15.154940341791	-11.3388376563124	-8.44071727033161	-10.2133067742285	-7.86359552282763	-10.154413085175	-4.27209610543614	-8.29047463475099	-9.38323177567085	-11.3388376563124	-10.3608639626424	-10.8913786793412	-5.41744749100876	-7.07945102749374	-7.33610786355682	-16.7470521873992	-11.3388376563124	-11.5758768536132	-10.7108064336994	-16.1402106783393	-14.7439027273591	-11.5252507805433	-15.176640671134	-9.73937558589612	-14.5734499552018	-10.5503417615061	-13.0504993315021	-16.2469446690061	-8.87543713547215	-9.45249443810796	-8.71080643369935	-14.4191222715571	-13.9996183773562	-10.1934072167908	-10.4059518521709	-7.60515464613549	-9.51286705608744	-5.06355965472385	-12.0613036807835	-13.7982692749497	-7.94028827982212	-9.90749834470445	-5.89941599840659	-11.7393755858961	-16.7689338103271	-14.9373081317731	-6.50825042801707	-10.6018720621462	-7.73937558589612	-2.96142991520097	-7.62168054322637	-7.25394875872588	-5.98448808373265	-5.31042924112664	-11.3388376563124	-10.0978295568086	-15.5198556027497	-17.1584124559229	-8.47034243944089	-16.4056733322819
ERR9830957	-17.8853388960204	-16.7799629637501	-16.5096822354595	-16.7799629637501	-14.5711837948239	-10.1516449033102	-15.3081493889902	-14.8931118897113	-15.1597005531095	-7.00741551637191	-3.31544703794646	-10.2349004069595	-16.2535982263675	-8.64993790623836	-16.9696001215342	-15.3302779268492	-15.3081493889902	-16.8217615277124	-16.7885781544785	-17.1766341788099	-15.7054271990746	-17.1584124559229	-11.5007944669325	-16.6511217831019	-10.4668471350092	-16.2036156537574	-15.4259072773831	-8.61698748443707	-14.5711837948239	-6.64399843699758	-16.5552481776182	-8.73324055293292	-16.3272105248073	-17.6143719604283	-17.3302779268492	-15.2293295545294	-11.9862212941028	-9.82702269925353	-9.45016839386258	-14.5711837948239	-12.9862212941028	-8.94474465812663	-9.97424865243671	-11.723186888269	-13.5711837948239	-16.7885781544785	-9.18575275763042	-7.18402807716096	-6.55103722171217	-16.094118933225	-16.7906030435777	-13.433680271074	-8.82702269925353	-14.5711837948239	-12.0351308945837	-7.12824029897522	-16.9672149989968	-16.5635240118679	-12.1926721715702	-16.0917521670207	-10.0602218755466	-15.3328557562817	-4.4201672559317	-12.8931118897113	-17.1584124559229	-16.0294094597071	-16.2535982263675	-16.7885781544785	-6.75228211893831	-12.5711837948239	-8.60309304277869	-15.0822322201737	-6.63808331989258	-11.1926721715702	-12.2492556999366	-14.0857569676537	-14.7173551220649	-11.6451843762677	-16.9942318811449	-16.9096587392703	-11.2784020455961	-11.7638288727663	-16.2833416129283	-14.3081493889902	-16.748612176737	-9.12492756493438	-8.37741205142727	-14.5264136529938	-16.1597005531095	-11.8931118897113	-9.33086946549023	-11.2784020455961	-16.3097427844391	-5.87909141939637	-5.65112874001698	-16.384637620813	-9.60770967084906	-13.5711837948239	-6.33852303803367	-5.52024682959872	-9.51807245836438	-7.69589519660126	-15.8070170383707	-2.94739373324874	-11.2784020455961	-8.31191130778635	-15.7422480240861	-17.7202375771488	-12.433680271074	-8.66429319921543	-14.5711837948239	-16.0957349088202	-15.7689338103271	-17.1139761130231	-9.06656340242039	-15.154940341791	-12.2492556999366	-7.14491904012185	-10.723186888269	-8.99829412640336	-9.16519143514811	-4.94986449380975	-9.16519143514811	-8.31568306167556	-12.2492556999366	-10.2492556999366	-9.96237455214842	-7.71320279969637	-8.37741205142727	-8.4710471235385	-16.7470521873992	-5.42601585580556	-6.87630360202475	-13.8059819814439	-11.0351308945837	-8.14827805221176	-8.76382887276634	-15.176640671134	-1.89104407706077	-8.67879276891054	-12.9862212941028	-13.0504993315021	-13.5711837948239	-9.22068654773981	-8.854192900419	-9.57118379482394	-14.4191222715571	-13.9996183773562	-9.14491904012185	-15.3066211909655	-7.33086946549023	-7.95942123475907	-4.10582146315173	-14.2070855174145	-16.7202375771488	-10.7433647702066	-11.6077096708491	-6.38928615171556	-16.0027820589294	-9.91583196621139	-6.19527553174893	-11.8487177703529	-16.195000463029	-10.433680271074	-7.64281347180497	-11.433680271074	-17.7615966795311	-4.40276238397202	-7.66189070900012	-10.3853172495126	-14.403411532981	-15.5198556027497	-17.1584124559229	-7.12824029897522	-14.0857569676537
ERR9830958	-17.8853388960204	-16.7799629637501	-7.91742536166032	-6.32532432563795	-8.91742536166032	-7.87511455680236	-16.8628431516183	-16.9942318811449	-3.38790184736459	-11.3555464740522	-8.23828042188246	-10.952190779821	-16.2535982263675	-11.5548552822756	-16.9696001215342	-13.9878146895517	-17.148486512589	-5.75132207117042	-16.7885781544785	-17.1766341788099	-10.883478029737	-17.1584124559229	-9.28737497141063	-13.5023878623815	-16.6874713714528	-16.2036156537574	-8.49596159322205	-12.3097427844391	-7.1574579421325	-11.8503111658018	-16.5552481776182	-8.47053899634214	-8.74750036021801	-12.7247802837179	-9.36722827909984	-15.2293295545294	-11.5548552822756	-14.5758768536132	-8.952190779821	-15.6607647384976	-15.8265584177017	-7.96544687652327	-5.00596203626198	-16.3822524982757	-8.42709973507724	-16.7885781544785	-11.0243405655768	-6.08212684102486	-8.05235494174643	-16.094118933225	-12.2222799431887	-7.2901520560812	-16.7615966795311	-9.69503294032388	-14.3097427844391	-13.3097427844391	-16.9672149989968	-16.5635240118679	-15.8217615277124	-16.0917521670207	-9.23292718738825	-15.3328557562817	-4.26637367048139	-14.3097427844391	-17.1584124559229	-16.0294094597071	-12.7247802837179	-16.7885781544785	-8.40887597645833	-11.2653486650806	-10.952190779821	-10.3790054468762	-6.26808363280187	-9.21171070147856	-16.8995457449954	-12.5023878623815	-14.7173551220649	-7.20383427586793	-16.9942318811449	-13.3097427844391	-17.3272105248073	-7.9088633481569	-14.3097427844391	-16.2367990269912	-16.748612176737	-9.59549726677296	-3.31397563356128	-12.9878146895517	-11.4028521888306	-7.01512203554746	-7.91742536166032	-11.0243405655768	-15.3097427844391	-9.35554647405221	-6.66048660692177	-16.384637620813	-10.2653486650806	-15.1294440230319	-5.41189732843357	-5.25513846647841	-10.609303066298	-8.6023836523582	-10.9174253616603	-5.77933644734002	-11.1002894188101	-10.3555464740522	-8.59549726677296	-12.2222799431887	-10.4768527702743	-9.47685277027434	-16.384637620813	-16.0957349088202	-15.7689338103271	-13.5023878623815	-11.4517617893115	-15.154940341791	-12.8503111658018	-7.23560132168658	-13.0197978590077	-6.29572231412415	-6.98556223782034	-8.9088633481569	-13.8622565820212	-9.30974278443908	-15.1572855233649	-15.3097427844391	-7.75132207117042	-12.2222799431887	-15.0779839739628	-12.4028521888306	-16.7470521873992	-3.15192218722546	-16.7470521873992	-13.8059819814439	-16.1402106783393	-3.79256553174954	-17.3302779268492	-15.176640671134	-8.36722827909984	-14.5734499552018	-11.7247802837179	-13.0504993315021	-11.5548552822756	-11.7861808283821	-9.65153130168729	-12.7247802837179	-14.4191222715571	-12.1398177829968	-11.0618152709955	-10.4517617893115	-7.25175106167991	-15.1804142557516	-8.81788968810941	-11.5548552822756	-16.7202375771488	-6.84417637962969	-12.7247802837179	-7.26261887232506	-16.0027820589294	-4.30763100795923	-14.9373081317731	-4.74416464765475	-8.74750036021801	-10.0618152709955	-3.75395538235531	-4.40849875197171	-7.12239071123859	-10.8503111658018	-7.80194814424039	-12.2222799431887	-11.7247802837179	-8.45176178931151	-17.1584124559229	-8.65153130168729	-16.4056733322819
ERR9830959	-17.8853388960204	-16.7799629637501	-16.5096822354595	-16.7799629637501	-16.7470521873992	-15.6801122396895	-16.8628431516183	-16.9942318811449	-6.83040224905355	-9.49672739148863	-15.1832809109454	-15.9140346941048	-16.2535982263675	-7.58861984511973	-16.9696001215342	-15.3302779268492	-17.148486512589	-16.8217615277124	-16.7885781544785	-17.1766341788099	-15.7054271990746	-17.1584124559229	-16.2535982263675	-16.6511217831019	-16.6874713714528	-13.6305831382234	-12.5525806262221	-10.5716894491698	-16.7191882544209	-11.156651949891	-16.5552481776182	-12.5525806262221	-16.3272105248073	-12.8005081396657	-17.3302779268492	-10.3410765210284	-9.10006842152464	-14.5758768536132	-12.1000684215246	-5.26766522870445	-15.8265584177017	-8.32072787563663	-12.9931532176081	-16.3822524982757	-16.8303583981293	-11.2155456389446	-6.1593595422545	-15.6002381555483	-15.1294440230319	-10.5910547740368	-16.7906030435777	-14.8005081396657	-16.7615966795311	-14.2155456389446	-16.4178195582083	-16.8853388960204	-16.9672149989968	-16.5635240118679	-15.8217615277124	-16.0917521670207	-11.9931532176081	-15.3328557562817	-2.20042101334113	-16.7191882544209	-17.1584124559229	-16.0294094597071	-16.2535982263675	-10.6712251227208	-15.9096587392703	-14.953323448583	-15.0409868258236	-15.0822322201737	-12.6698032893439	-16.7799629637501	-16.8995457449954	-8.83472385500364	-14.7173551220649	-16.7885781544785	-16.9942318811449	-16.9096587392703	-17.3272105248073	-16.0917521670207	-16.2833416129283	-16.2367990269912	-16.748612176737	-12.408190716887	-15.3101583179478	-9.00609227331562	-16.1597005531095	-16.1597005531095	-15.8584861608643	-14.2155456389446	-16.3097427844391	-16.1804142557516	-6.38160140840783	-16.384637620813	-12.0082226257768	-15.1294440230319	-15.3246962385491	-14.6518365262701	-14.8265584177017	-7.16933108396175	-15.8070170383707	-2.9440826110402	-15.3272105248073	-16.3003763952992	-15.7422480240861	-9.82322821616581	-17.748612176737	-14.3156127480399	-16.384637620813	-16.0957349088202	-15.7689338103271	-17.1139761130231	-6.34005224335609	-15.154940341791	-14.6525555835613	-12.9931532176081	-13.0197978590077	-13.3223474220349	-6.63685846364991	-5.35032789250098	-13.8622565820212	-12.1000684215246	-15.1572855233649	-17.1584124559229	-14.4785800447784	-10.292713499467	-15.0779839739628	-14.970285676897	-16.7470521873992	-6.29370470187008	-16.7470521873992	-13.8059819814439	-16.1402106783393	-14.7439027273591	-17.3302779268492	-15.176640671134	-10.408190716887	-14.5734499552018	-16.1352750764276	-13.0504993315021	-16.2469446690061	-6.10440996870987	-8.57650646546763	-13.7247802837179	-8.77260214309585	-13.9996183773562	-16.3290721933837	-9.52438373439149	-5.93554822452313	-15.1804142557516	-3.69345457005751	-14.2070855174145	-16.7202375771488	-10.3410765210284	-15.6790814339462	-5.32832502347619	-16.0027820589294	-16.7689338103271	-14.9373081317731	-17.1636496760158	-16.195000463029	-15.8303583981293	-1.50427301576971	-9.3492970278334	-17.7615966795311	-14.3692792567523	-14.1648912178027	-10.6712251227208	-14.403411532981	-15.5198556027497	-17.1584124559229	-7.22875549616218	-15.2155456389446
ERR9830960	-17.8853388960204	-16.7799629637501	-16.5096822354595	-16.7799629637501	-12.8985636002396	-15.6801122396895	-16.8628431516183	-16.9942318811449	-15.1597005531095	-14.8554362872015	-15.1832809109454	-15.9140346941048	-16.2535982263675	-7.31660984939078	-16.9696001215342	-15.3302779268492	-17.148486512589	-16.8217615277124	-16.7885781544785	-17.1766341788099	-15.7054271990746	-17.1584124559229	-11.7610600764897	-16.6511217831019	-16.6874713714528	-16.2036156537574	-15.4259072773831	-15.3302779268492	-16.7191882544209	-15.4092693804237	-16.5552481776182	-10.0306671362469	-16.3272105248073	-17.6143719604283	-15.220491695127	-15.2293295545294	-9.27797718978772	-10.2897543575641	-16.4985687660214	-9.42607582877685	-12.4131367730694	-7.7651644748224	-15.7470521873992	-16.3822524982757	-16.8303583981293	-16.7885781544785	-12.8985636002396	-5.99528425818346	-7.25470741046487	-16.094118933225	-16.7906030435777	-17.1636496760158	-16.7615966795311	-11.2662953847401	-12.0505666936846	-3.3447423437069	-16.9672149989968	-16.5635240118679	-15.8217615277124	-16.0917521670207	-13.4131367730694	-15.3328557562817	-4.94262314895012	-16.7191882544209	-17.1584124559229	-16.0294094597071	-16.2535982263675	-16.7885781544785	-9.27797718978772	-11.8281742723482	-9.84545226378003	-15.0822322201737	-7.10414773388949	-16.7799629637501	-16.8995457449954	-15.176640671134	-14.7173551220649	-16.7885781544785	-16.9942318811449	-14.6355291944058	-17.3272105248073	-11.6969297390699	-16.2833416129283	-16.2367990269912	-16.748612176737	-7.14367609807613	-9.71269705492826	-14.5264136529938	-12.6355291944058	-16.1597005531095	-9.69692973906995	-12.7610600764897	-16.3097427844391	-9.52005197698587	-11.3136010995184	-16.384637620813	-12.0082226257768	-15.1294440230319	-7.59843987567058	-6.15037075065014	-9.84545226378003	-7.22896984905126	-15.8070170383707	-1.85259921898699	-10.1981238820985	-16.3003763952992	-11.011038329498	-12.7610600764897	-12.5200519769859	-9.22049169512696	-13.8985636002396	-16.0957349088202	-15.7689338103271	-17.1139761130231	-8.8985636002396	-12.7610600764897	-11.220491695127	-7.2176766795199	-10.3625106999994	-9.93508947626471	-7.70873904135958	-8.74475826416056	-9.6355291944058	-9.6355291944058	-15.1572855233649	-10.8985636002396	-17.0294094597071	-7.9076087398426	-15.0779839739628	-14.970285676897	-16.7470521873992	-11.1330288538766	-16.7470521873992	-13.8059819814439	-16.1402106783393	-6.79213152242267	-17.3302779268492	-7.8281742723482	-1.56927178905355	-14.5734499552018	-10.220491695127	-13.0504993315021	-11.1330288538766	-9.76106007648966	-8.67359723523932	-9.31360109951844	-14.4191222715571	-13.9996183773562	-8.52005197698587	-11.1330288538766	-6.41636067394364	-11.6969297390699	-3.79947883934773	-14.2070855174145	-16.7202375771488	-8.31962488714621	-11.7610600764897	-7.17883254348974	-16.0027820589294	-16.7689338103271	-14.9373081317731	-9.2092644397037	-14.220491695127	-15.8303583981293	-8.74475826416056	-11.7610600764897	-12.0505666936846	-14.3692792567523	-7.35630555047268	-9.17609757576851	-14.403411532981	-12.6355291944058	-17.1584124559229	-7.04307215713772	-16.4056733322819
ERR9830961	-17.8853388960204	-16.7799629637501	-14.745315426128	-16.7799629637501	-13.3302779268492	-11.2009949099042	-15.3302779268492	-13.8708463082119	-10.9904279239645	-14.8554362872015	-2.85581146271653	-13.0823504134056	-16.2535982263675	-10.221753470071	-13.8708463082119	-14.3302779268492	-15.3302779268492	-16.8217615277124	-16.7885781544785	-14.1603529254069	-15.7054271990746	-17.1584124559229	-16.2535982263675	-16.6511217831019	-16.6874713714528	-13.8708463082119	-15.4259072773831	-14.3302779268492	-16.7191882544209	-10.588810940448	-16.5552481776182	-11.1014592363533	-16.3272105248073	-17.6143719604283	-16.3302779268492	-15.2293295545294	-11.8067159707922	-10.0823504134056	-16.4985687660214	-8.72294761309955	-13.0083498319618	-9.52292300479156	-15.7470521873992	-16.3822524982757	-10.9552384955022	-16.7885781544785	-13.5229230047916	-3.42366913513663	-9.1159588060484	-16.094118933225	-16.7906030435777	-17.1636496760158	-14.0083498319618	-11.5229230047916	-9.28588380749071	-10.4599132072658	-16.9672149989968	-16.5635240118679	-12.5229230047916	-14.0083498319618	-11.4476348774873	-15.3328557562817	-4.62442958334022	-12.9379605040704	-17.1584124559229	-16.0294094597071	-16.2535982263675	-16.7885781544785	-5.22961558784397	-9.07761249439891	-7.68281950039424	-15.0822322201737	-8.27770987604501	-7.77568907517153	-16.8995457449954	-15.176640671134	-12.0083498319618	-16.7885781544785	-16.9942318811449	-12.3302779268492	-17.3272105248073	-9.88733443100044	-16.2833416129283	-16.2367990269912	-16.748612176737	-9.52292300479156	-8.07053466315838	-5.93206866538231	-13.4233873312406	-9.67206644409737	-7.5972626051632	-17.148486512589	-16.3097427844391	-8.79111911574113	-7.25747539230496	-16.384637620813	-12.0082226257768	-15.1294440230319	-5.9536098649915	-5.18116593614228	-10.9040131721471	-8.86267237676617	-15.8070170383707	-4.44058384746708	-11.6298382087081	-8.18817086954661	-15.7422480240861	-13.3302779268492	-13.2428150855988	-9.69365330630552	-9.96395571260335	-16.0957349088202	-15.7689338103271	-17.1139761130231	-8.92939849056698	-11.4722969317216	-14.6525555835613	-7.83842483051949	-7.36593705905675	-9.92088699071146	-9.03565717795754	-8.35873437289839	-9.20615661501998	-8.81457808856512	-12.2858838074907	-10.2534623297983	-17.0294094597071	-6.72572469777013	-13.5229230047916	-11.0264971786721	-16.7470521873992	-12.1603529254069	-10.2641887363914	-10.9904279239645	-16.1402106783393	-7.23620024117726	-16.3302779268492	-15.176640671134	-1.13711836856087	-14.5734499552018	-12.8067159707922	-13.0504993315021	-11.9379605040704	-10.7009213067696	-10.0356571779575	-10.3190506714259	-14.4191222715571	-13.9996183773562	-10.0728900841565	-12.9379605040704	-7.15285838885993	-9.82248328665047	-7.57873386776007	-14.2070855174145	-16.7202375771488	-11.0264971786721	-12.0448757079869	-7.60235747228597	-11.602357472286	-16.7689338103271	-7.85049766282006	-14.745315426128	-12.1208245612202	-15.8303583981293	-8.43546016354122	-12.8067159707922	-17.7615966795311	-14.3692792567523	-7.85657217722975	-11.1208245612202	-14.403411532981	-12.8067159707922	-17.1584124559229	-8.22961558784397	-16.4056733322819
ERR9830962	-17.8853388960204	-16.7799629637501	-16.5096822354595	-16.7799629637501	-14.0294094597071	-15.6801122396895	-16.8628431516183	-15.6143719604283	-13.0908100043713	-12.9139322422872	-3.20730340383917	-12.7563909653007	-16.2535982263675	-7.94903604324312	-16.9696001215342	-15.3302779268492	-17.148486512589	-16.8217615277124	-16.7885781544785	-17.1766341788099	-15.7054271990746	-17.1584124559229	-16.2535982263675	-16.6511217831019	-16.6874713714528	-16.2036156537574	-15.4259072773831	-15.3302779268492	-16.7191882544209	-12.4850889434833	-16.5552481776182	-7.33476137937581	-16.3272105248073	-16.6143719604283	-17.3302779268492	-13.444446958986	-11.5699778410698	-14.5758768536132	-16.4985687660214	-5.8428824909277	-15.8265584177017	-7.51897493763574	-15.7470521873992	-16.3822524982757	-16.8303583981293	-16.7885781544785	-13.8070170383707	-5.35345242676539	-5.96556501070252	-16.094118933225	-16.7906030435777	-17.1636496760158	-16.7615966795311	-15.6148708502022	-14.6143719604283	-16.8853388960204	-15.6143719604283	-16.5635240118679	-15.8217615277124	-16.0917521670207	-15.2582568518248	-15.3328557562817	-3.99610118084804	-13.9139322422872	-17.1584124559229	-15.0294094597071	-16.2535982263675	-16.7885781544785	-8.10459695610136	-14.953323448583	-9.83958490082712	-15.0822322201737	-7.1954652291704	-11.2745219575437	-16.8995457449954	-5.87332638341846	-14.7173551220649	-16.7885781544785	-16.9942318811449	-13.3664444469847	-17.3272105248073	-12.4850889434833	-16.2833416129283	-16.2367990269912	-16.748612176737	-8.46462484092361	-9.07521314932026	-9.56997784106984	-13.526909119178	-13.7074813648198	-13.154940341791	-13.0294094597071	-16.3097427844391	-6.78464922534224	-8.1986301921382	-16.384637620813	-12.0082226257768	-15.1294440230319	-8.57271280879108	-8.73172891106645	-11.7814819462636	-7.00981873134926	-14.8070170383707	-3.42887703621743	-13.9139322422872	-16.3003763952992	-10.9419466184568	-17.7202375771488	-13.7074813648198	-11.9705157706536	-16.384637620813	-16.0957349088202	-15.7689338103271	-17.1139761130231	-9.40491859479934	-14.154940341791	-13.0908100043713	-6.52492147931239	-13.0197978590077	-9.81347206050799	-7.99966211631309	-6.70748136481978	-9.96332026924937	-10.1225188640986	-15.1572855233649	-11.5699778410698	-16.0294094597071	-8.07134014017306	-10.8461876356514	-11.1386385294619	-16.7470521873992	-6.83547348441992	-11.8070170383707	-13.8059819814439	-16.1402106783393	-9.53755636337746	-17.3302779268492	-7.63423238278914	-1.23855191420752	-14.5734499552018	-11.0445163520973	-13.0504993315021	-11.9419466184568	-9.00704164667868	-8.63423238278914	-9.41961510600605	-14.4191222715571	-13.9996183773562	-9.27452195754367	-11.4049185947993	-6.65075334298432	-10.6370920369284	-3.68705694961934	-14.2070855174145	-16.7202375771488	-9.75018581577401	-12.2924438655409	-6.41531313677527	-16.0027820589294	-16.7689338103271	-14.9373081317731	-13.3664444469847	-13.7074813648198	-15.8303583981293	-7.82973711487077	-10.7317289110665	-17.7615966795311	-14.3692792567523	-9.21349252414611	-10.9278714332451	-14.403411532981	-14.0294094597071	-17.1584124559229	-6.85365201296267	-16.4056733322819
ERR9830963	-17.8853388960204	-16.7799629637501	-16.5096822354595	-16.7799629637501	-16.7470521873992	-15.6801122396895	-16.8628431516183	-16.9942318811449	-15.1597005531095	-14.8554362872015	-15.1832809109454	-15.9140346941048	-16.2535982263675	-8.90355619931735	-16.9696001215342	-10.3056546428887	-17.148486512589	-16.8217615277124	-16.7885781544785	-17.1766341788099	-15.7054271990746	-17.1584124559229	-9.41256984680521	-16.6511217831019	-9.75545756032822	-16.2036156537574	-15.4259072773831	-11.943084563504	-12.5280470642251	-9.03619396789547	-16.5552481776182	-9.48365294486669	-14.5280470642251	-17.6143719604283	-17.3302779268492	-15.2293295545294	-15.7867801173891	-14.5758768536132	-16.4985687660214	-15.6607647384976	-15.8265584177017	-5.06520401093871	-15.7470521873992	-16.3822524982757	-16.8303583981293	-16.7885781544785	-15.6079659767929	-4.72284060874612	-7.12148771887061	-16.094118933225	-16.7906030435777	-17.1636496760158	-16.7615966795311	-15.6148708502022	-16.4178195582083	-16.8853388960204	-9.77315956206168	-16.5635240118679	-12.7910814700589	-16.0917521670207	-11.943084563504	-15.3328557562817	-5.51775208349727	-11.3581220627828	-17.1584124559229	-16.0294094597071	-16.2535982263675	-16.7885781544785	-6.33822250534513	-14.953323448583	-9.25502856981873	-15.0822322201737	-12.6698032893439	-16.7799629637501	-16.8995457449954	-15.176640671134	-14.7173551220649	-16.7885781544785	-16.9942318811449	-11.3581220627828	-17.3272105248073	-9.96326244544162	-16.2833416129283	-16.2367990269912	-16.748612176737	-11.4691533751716	-3.71079689223166	-8.09620127725975	-16.1597005531095	-10.7206921421675	-5.786580077824	-17.148486512589	-16.3097427844391	-7.10178230952305	-14.0779839739628	-16.384637620813	-12.0082226257768	-15.1294440230319	-3.73797013359938	-3.30384435957442	-10.1588132545594	-6.12716762794296	-9.26751951400193	-2.77121279255447	-9.49829972083109	-16.3003763952992	-15.7422480240861	-9.94308456350399	-10.4691533751716	-8.00448510816813	-16.384637620813	-11.4125698468052	-15.7689338103271	-17.1139761130231	-9.02554672369596	-9.33164985142164	-9.98372654800134	-7.09898909463137	-13.0197978590077	-13.3223474220349	-7.55842071326866	-5.30645994296034	-9.10178230952305	-7.85091471957612	-15.1572855233649	-8.92318500606629	-17.0294094597071	-11.1588132545594	-11.0686154455878	-11.0686154455878	-16.7470521873992	-8.41952260744698	-10.4405842229748	-10.3056546428887	-16.1402106783393	-6.2441870101713	-17.3302779268492	-9.58944760888929	-3.0336914606923	-14.5734499552018	-16.1352750764276	-13.0504993315021	-10.9837265480013	-7.41604203871201	-8.46195787376737	-6.49829972083109	-14.4191222715571	-13.9996183773562	-11.025546723696	-10.653577946309	-6.06861544558785	-15.1804142557516	-5.00513865066669	-14.2070855174145	-16.7202375771488	-15.567659047344	-8.37154257854515	-6.11019454933925	-12.2061189693378	-16.7689338103271	-14.9373081317731	-17.1636496760158	-16.195000463029	-15.8303583981293	-3.67084359271698	-8.8092288167692	-17.7615966795311	-14.3692792567523	-4.35687026657337	-8.86508205150272	-14.403411532981	-13.1130095649463	-17.1584124559229	-6.19862443279086	-16.4056733322819
ERR9830964	-15.9182459917027	-16.7799629637501	-16.5096822354595	-16.7799629637501	-16.7470521873992	-10.2458206497312	-16.8628431516183	-16.9942318811449	-9.78896297475772	-11.3636571400251	-4.94490737090233	-10.5606939870846	-16.2535982263675	-8.33704540977773	-16.9696001215342	-15.3302779268492	-17.148486512589	-16.8217615277124	-16.7885781544785	-17.1766341788099	-15.7054271990746	-17.1584124559229	-11.1108910696451	-16.6511217831019	-13.9182459917027	-16.2036156537574	-15.4259072773831	-15.3302779268492	-16.7191882544209	-8.26719430052376	-16.5552481776182	-8.84678362914607	-16.3272105248073	-13.4588143730654	-15.3332834909815	-15.2293295545294	-10.0727559407583	-14.5758768536132	-16.4985687660214	-7.81758365269749	-15.8265584177017	-6.76722945281044	-15.7470521873992	-5.59125481680187	-16.8303583981293	-16.7885781544785	-15.6079659767929	-9.25291007451751	-7.90701873627944	-16.094118933225	-16.7906030435777	-9.18353637147685	-16.7615966795311	-11.9182459917027	-13.3332834909815	-16.8853388960204	-16.9672149989968	-16.5635240118679	-13.7483209902604	-16.0917521670207	-13.1108910696451	-15.3328557562817	-9.11734609178239	-16.7191882544209	-17.1584124559229	-16.0294094597071	-16.2535982263675	-16.7885781544785	-15.9096587392703	-13.0113553960942	-13.0113553960942	-15.0822322201737	-9.36365714002505	-12.4588143730654	-16.8995457449954	-15.176640671134	-14.7173551220649	-16.7885781544785	-16.9942318811449	-16.9096587392703	-11.9182459917027	-16.0917521670207	-16.2833416129283	-16.2367990269912	-16.748612176737	-10.1903255371395	-10.426392895373	-12.9182459917027	-13.9182459917027	-12.5259285689239	-9.59631789681533	-17.148486512589	-16.3097427844391	-8.76342788265059	-10.1108910696451	-16.384637620813	-2.74472499967573	-15.1294440230319	-6.49093314756773	-5.81430256181113	-10.8958781786742	-7.06182046307716	-15.8070170383707	-3.30652953075881	-11.426392895373	-16.3003763952992	-11.9640496813158	-17.7202375771488	-17.748612176737	-9.31091567795308	-13.5963178968153	-16.0957349088202	-15.7689338103271	-17.1139761130231	-10.7483209902604	-8.61903797331541	-12.0113553960942	-5.35886890117601	-13.0197978590077	-8.87385187234424	-9.90701873627944	-9.58732911358807	-10.2317454645195	-12.1108910696451	-15.1572855233649	-17.1584124559229	-17.0294094597071	-10.9875086541398	-15.0779839739628	-11.4919812370006	-16.7470521873992	-5.90422552138776	-9.73833690168776	-10.4919812370006	-16.1402106783393	-7.44657077731065	-17.3302779268492	-7.549739530195	-1.09236796521206	-14.5734499552018	-12.5963178968153	-13.0504993315021	-16.2469446690061	-11.1108910696451	-9.96404968131582	-9.64212158642845	-14.4191222715571	-13.9996183773562	-10.0727559407583	-15.3066211909655	-7.10767435696154	-15.1804142557516	-5.15047534292599	-14.2070855174145	-16.7202375771488	-9.21088685962181	-14.1108910696451	-6.32205623555828	-16.0027820589294	-16.7689338103271	-6.7786946393039	-17.1636496760158	-16.195000463029	-15.8303583981293	-9.04788127211929	-13.0113553960942	-17.7615966795311	-14.3692792567523	-6.5195022997645	-10.8958781786742	-14.403411532981	-15.5198556027497	-17.1584124559229	-8.18353637147685	-16.4056733322819
ERR9830965	-17.8853388960204	-16.7799629637501	-14.6801122396895	-16.7799629637501	-16.7470521873992	-14.6801122396895	-16.8628431516183	-15.0951497389683	-10.9796725215484	-14.8554362872015	-13.2206806210522	-14.3581841448021	-16.2535982263675	-13.953323448583	-16.9696001215342	-15.3302779268492	-17.148486512589	-16.8217615277124	-16.7885781544785	-17.1766341788099	-15.7054271990746	-17.1584124559229	-16.2535982263675	-16.6511217831019	-12.773221644081	-16.2036156537574	-15.4259072773831	-15.3302779268492	-15.0951497389683	-8.40398783441526	-16.5552481776182	-6.57682443127748	-16.3272105248073	-17.6143719604283	-17.3302779268492	-10.0951497389683	-15.7867801173891	-8.22890112785717	-16.4985687660214	-6.97275310760862	-13.2206806210522	-9.43218472624592	-15.7470521873992	-16.3822524982757	-16.8303583981293	-16.7885781544785	-13.6801122396895	-7.492760166489	-15.1294440230319	-16.094118933225	-16.7906030435777	-17.1636496760158	-16.7615966795311	-2.57977842056296	-16.4178195582083	-16.8853388960204	-16.9672149989968	-16.5635240118679	-15.8217615277124	-16.0917521670207	-15.2582568518248	-15.3328557562817	-3.34723650853683	-16.7191882544209	-17.1584124559229	-16.0294094597071	-16.2535982263675	-16.7885781544785	-8.28779481691074	-14.953323448583	-10.0801993975024	-15.0822322201737	-12.6698032893439	-16.7799629637501	-16.8995457449954	-9.11025663135855	-14.7173551220649	-16.7885781544785	-16.9942318811449	-13.3581841448021	-17.3272105248073	-14.3581841448021	-16.2833416129283	-16.2367990269912	-16.748612176737	-14.7892716305541	-13.6801122396895	-11.3225602350714	-16.1597005531095	-13.6801122396895	-11.635718120331	-10.8987525261648	-13.8727573176319	-6.86312861643412	-6.14192330763708	-16.384637620813	-12.0082226257768	-15.1294440230319	-10.925224737526	-7.59530385188514	-14.8265584177017	-5.21760996709224	-15.8070170383707	-2.88833885883076	-12.6801122396895	-16.3003763952992	-15.7422480240861	-13.8727573176319	-15.0951497389683	-9.10268341165375	-16.384637620813	-16.0957349088202	-15.7689338103271	-14.3581841448021	-9.73759773435026	-11.0654023955743	-10.7493749021266	-8.6801122396895	-13.0197978590077	-13.3223474220349	-9.35818414480214	-5.19126789323216	-9.6801122396895	-8.74937490212661	-15.1572855233649	-10.7974691903277	-17.0294094597071	-7.42272439699685	-15.0779839739628	-14.970285676897	-16.7470521873992	-10.0507556196099	-16.7470521873992	-13.8059819814439	-16.1402106783393	-14.7439027273591	-17.3302779268492	-15.176640671134	-10.6140230492317	-14.5734499552018	-16.1352750764276	-13.0504993315021	-16.2469446690061	-8.08019939750237	-8.78529447638156	-7.73466840331159	-14.4191222715571	-13.9996183773562	-16.3290721933837	-12.3581841448021	-8.11405820151841	-11.007686897718	-3.77849108134339	-14.2070855174145	-16.7202375771488	-12.0362560499148	-10.3402622368049	-7.13708041943426	-11.9796725215484	-16.7689338103271	-14.9373081317731	-8.00768689771801	-16.195000463029	-10.5715877829113	-1.53932240234785	-10.8727573176319	-8.08392248354509	-14.3692792567523	-10.8987525261648	-8.56637007364031	-14.403411532981	-11.925224737526	-17.1584124559229	-8.2622597248036	-16.4056733322819
ERR9830966	-17.8853388960204	-16.7799629637501	-16.5096822354595	-16.7799629637501	-16.7470521873992	-15.6801122396895	-15.1804142557516	-16.9942318811449	-15.1597005531095	-14.8554362872015	-15.1832809109454	-10.4524938011884	-16.2535982263675	-8.13875510411441	-16.9696001215342	-15.3302779268492	-17.148486512589	-12.1360201363932	-16.7885781544785	-17.1766341788099	-15.7054271990746	-17.1584124559229	-16.2535982263675	-16.6511217831019	-16.6874713714528	-16.2036156537574	-11.5365580659769	-15.3302779268492	-11.7209826371143	-9.31004953616822	-16.5552481776182	-11.2977712063898	-16.3272105248073	-17.6143719604283	-17.3302779268492	-15.2293295545294	-7.69056629531233	-14.5758768536132	-14.5954517550305	-8.69659847848737	-15.8265584177017	-7.03575601291974	-15.7470521873992	-16.3822524982757	-16.8303583981293	-16.7885781544785	-10.0511312388067	-15.6002381555483	-15.1294440230319	-16.094118933225	-16.7906030435777	-15.5954517550305	-16.7615966795311	-15.6148708502022	-16.4178195582083	-14.5954517550305	-14.1804142557516	-16.5635240118679	-12.7209826371143	-16.0917521670207	-15.2582568518248	-15.3328557562817	-6.32398872712609	-14.1804142557516	-17.1584124559229	-16.0294094597071	-16.2535982263675	-16.7885781544785	-8.75414950104953	-13.7209826371143	-15.0409868258236	-15.0822322201737	-8.76678632672745	-16.7799629637501	-16.8995457449954	-15.176640671134	-14.7173551220649	-16.7885781544785	-16.9942318811449	-16.9096587392703	-17.3272105248073	-14.373059333694	-16.2833416129283	-16.2367990269912	-16.748612176737	-7.69458494704972	-15.3101583179478	-10.0205429189732	-16.1597005531095	-16.1597005531095	-14.8584861608643	-11.6568522996946	-16.3097427844391	-15.1804142557516	-14.0779839739628	-16.384637620813	-12.0082226257768	-15.1294440230319	-11.1143250652939	-9.38599838940152	-14.8265584177017	-9.14149526645932	-15.8070170383707	-4.34732651732962	-11.5657044116364	-16.3003763952992	-13.8584861608643	-17.7202375771488	-17.748612176737	-10.373059333694	-16.384637620813	-16.0957349088202	-15.7689338103271	-17.1139761130231	-11.8228622511335	-15.154940341791	-10.373059333694	-10.1251318202504	-13.0197978590077	-8.90895122784725	-10.5222027729998	-4.90022346353472	-7.45590040263167	-8.91831941038144	-15.1572855233649	-14.8584861608643	-17.0294094597071	-9.20887070180085	-15.0779839739628	-14.970285676897	-16.7470521873992	-8.33806391233782	-12.3224332606241	-13.8059819814439	-13.5954517550305	-14.7439027273591	-11.8950120368894	-8.50445722280987	-0.387763744552565	-14.5734499552018	-9.66471441746758	-13.0504993315021	-16.2469446690061	-11.3224332606241	-11.5954517550305	-9.37951435583132	-14.4191222715571	-13.9996183773562	-10.1691870003284	-15.3066211909655	-5.76361672814556	-14.1804142557516	-7.46273783268523	-14.2070855174145	-16.7202375771488	-9.55105763567201	-12.0929514145013	-7.54197834176115	-10.8950120368894	-15.5954517550305	-14.9373081317731	-10.8584861608643	-16.195000463029	-13.4799745376105	-4.58352568872366	-10.6568522996946	-17.7615966795311	-14.3692792567523	-10.9709608901227	-10.7880968329729	-14.403411532981	-15.5198556027497	-15.1804142557516	-9.93248674230804	-16.4056733322819
ERR9830967	-15.5966265526117	-16.7799629637501	-11.0116640518906	-10.952770362837	-10.8152668390871	-9.09678066552852	-11.8417390504483	-12.0116640518906	-10.8417390504483	-9.95277036283701	-15.1832809109454	-14.0116640518906	-16.2535982263675	-10.8417390504483	-15.0116640518906	-15.3302779268492	-10.5522324332533	-16.8217615277124	-12.5091637113614	-12.3486990391681	-15.7054271990746	-17.1584124559229	-13.5966265526117	-13.7892716305541	-12.5091637113614	-16.2036156537574	-11.1047734562821	-2.79835727766204	-10.3112243337495	-9.81526683908707	-16.5552481776182	-4.607232052767	-5.7527055013227	-10.8417390504483	-10.4267015511694	-11.952770362837	-8.02297936511841	-14.5758768536132	-13.5966265526117	-9.93841506985994	-13.7892716305541	-14.2280397528155	-11.8961868344706	-16.3822524982757	-12.0730645965547	-16.7885781544785	-7.74800361218239	-15.6002381555483	-6.48940947702035	-16.094118933225	-13.0116640518906	-17.1636496760158	-16.7615966795311	-15.6148708502022	-16.4178195582083	-16.8853388960204	-11.1703617979096	-16.5635240118679	-10.8417390504483	-16.0917521670207	-9.21292226013768	-10.8961868344706	-4.03319191690153	-9.18723561647403	-11.5522324332533	-16.0294094597071	-16.2535982263675	-13.2746984577244	-6.22484990827381	-7.64243024222485	-8.72626183302832	-12.7892716305541	-6.79734493108981	-16.7799629637501	-12.7892716305541	-11.5522324332533	-8.06524509209542	-9.32984001191683	-16.9942318811449	-16.9096587392703	-13.7892716305541	-8.60227311575287	-16.2833416129283	-16.2367990269912	-16.748612176737	-13.7892716305541	-6.15991501047452	-14.5264136529938	-14.2746984577244	-10.2567765497271	-6.68523456476827	-11.1047734562821	-16.3097427844391	-8.95277036283701	-4.28771874854779	-15.0116640518906	-12.0082226257768	-11.6424302422249	-5.43612480505604	-4.35256008841691	-11.7892716305541	-7.3463281347054	-13.0116640518906	-4.45260568334484	-12.4267015511694	-7.12495133821969	-10.3112243337495	-10.6658892150488	-13.4267015511694	-10.0574677415037	-16.384637620813	-16.0957349088202	-15.7689338103271	-17.1139761130231	-10.7139835032499	-7.73244040795745	-11.204309129833	-4.9668146082295	-13.0197978590077	-3.28516203716329	-8.40680199373171	-5.6912395475936	-9.1454154407794	-8.40186969818948	-15.1572855233649	-11.3871731869828	-17.0294094597071	-9.95277036283701	-11.5522324332533	-9.38717318698278	-16.7470521873992	-6.08982311481608	-8.23907454799365	-11.1047734562821	-16.1402106783393	-7.12698473537221	-17.3302779268492	-15.176640671134	-3.59486652428451	-14.5734499552018	-8.11281077534747	-13.0504993315021	-10.2928458044346	-9.80221068626162	-8.37262487841362	-9.28374359732737	-14.4191222715571	-13.9996183773562	-9.72626183302832	-10.4267015511694	-8.23907454799365	-15.1804142557516	-3.61149617914483	-14.2070855174145	-16.7202375771488	-7.06719599846558	-10.530537362154	-5.90837624347855	-10.0420377009341	-16.7689338103271	-14.9373081317731	-9.153683056763	-11.952770362837	-10.8687060980485	-5.98007770883274	-8.00043679646732	-8.07699029976852	-14.3692792567523	-6.64243024222485	-10.6424302422249	-14.403411532981	-15.5198556027497	-17.1584124559229	-7.02297936511841	-11.1371949339744
ERR9830968	-15.8081094828452	-16.7799629637501	-16.5096822354595	-16.7799629637501	-11.4505574782271	-14.0007545607876	-16.8628431516183	-13.6381844814028	-3.74893404493006	-5.49069686908029	-6.50318781326349	-10.9752194686804	-7.26121502295752	-6.78296992056665	-16.9696001215342	-15.3302779268492	-17.148486512589	-7.702200974274	-16.7885781544785	-17.1766341788099	-15.7054271990746	-17.1584124559229	-13.8081094828452	-16.6511217831019	-16.6874713714528	-16.2036156537574	-15.4259072773831	-3.65867989278842	-11.19339963873	-5.65076254748231	-12.3486778642079	-2.74117941398106	-7.62820039283022	-6.46381357492934	-17.3302779268492	-9.07339986261932	-8.56018196940157	-14.5758768536132	-9.72064664159482	-5.55899603013143	-12.0532219806817	-6.84088322400916	-11.4505574782271	-16.3822524982757	-11.8539131724583	-16.7885781544785	-15.6079659767929	-7.31826152240586	-6.63943736471293	-16.094118933225	-14.8081094828452	-14.4861813879578	-16.7615966795311	-15.6148708502022	-16.4178195582083	-9.44178726859934	-16.9672149989968	-16.5635240118679	-15.8217615277124	-16.0917521670207	-11.2535206311675	-15.3328557562817	-3.13988928395626	-16.7191882544209	-13.8081094828452	-16.0294094597071	-14.223146982124	-16.7885781544785	-10.208196640658	-10.6788264659002	-11.9012188872366	-15.0822322201737	-8.223146982124	-16.7799629637501	-16.8995457449954	-5.20819664065803	-14.7173551220649	-11.7206466415948	-16.9942318811449	-13.223146982124	-17.3272105248073	-10.8308295593452	-16.2833416129283	-16.2367990269912	-16.748612176737	-14.7892716305541	-6.93774476326175	-10.3323760518788	-16.1597005531095	-10.7857416698167	-9.65836236334048	-15.8081094828452	-16.3097427844391	-6.41686589341772	-11.6381844814028	-16.384637620813	-12.0082226257768	-15.1294440230319	-7.54601463747498	-5.68981724981817	-14.8265584177017	-5.9400586291	-15.8070170383707	-2.8705517509897	-12.0007545607876	-16.3003763952992	-10.5043287346681	-13.223146982124	-17.748612176737	-10.208196640658	-10.9752194686804	-16.0957349088202	-14.223146982124	-17.1139761130231	-15.5801849467121	-13.6381844814028	-11.9012188872366	-7.1842279928317	-13.0197978590077	-13.3223474220349	-8.7913011951586	-7.09902567029481	-10.7637153634867	-13.0007545607876	-10.5043287346681	-11.080189028282	-17.0294094597071	-11.8081094828452	-15.0779839739628	-12.1076697647041	-16.7470521873992	-4.48055683876392	-16.7470521873992	-13.8059819814439	-16.1402106783393	-7.90121888723664	-11.5227072639829	-15.176640671134	-4.30627229794286	-14.5734499552018	-10.8308295593452	-13.0504993315021	-14.4861813879578	-8.90724267486441	-9.44178726859934	-10.8308295593452	-14.4191222715571	-13.9996183773562	-7.827969905206	-15.3066211909655	-9.68916841012165	-15.1804142557516	-7.19524098555412	-14.2070855174145	-16.7202375771488	-10.0399251580682	-10.066642496444	-5.56791442886523	-11.6788264659002	-16.7689338103271	-14.9373081317731	-6.20355625376612	-10.2535206311675	-11.4157920600664	-6.91480795198459	-8.95012848771759	-17.7615966795311	-14.3692792567523	-7.96261943190078	-10.2689506717371	-14.403411532981	-12.0532219806817	-17.1584124559229	-6.45606605704972	-13.8081094828452
ERR9830969	-17.8853388960204	-16.7799629637501	-16.5096822354595	-16.7799629637501	-16.7470521873992	-15.6801122396895	-14.4670801086253	-16.9942318811449	-9.34813903590182	-9.46708010862533	-15.1832809109454	-10.9124912569477	-16.2535982263675	-13.953323448583	-16.9696001215342	-15.3302779268492	-17.148486512589	-16.8217615277124	-12.8821176079042	-17.1766341788099	-15.7054271990746	-17.1584124559229	-16.2535982263675	-16.6511217831019	-8.20969226593268	-13.8821176079042	-10.3585556518472	-15.3302779268492	-14.4670801086253	-15.4092693804237	-9.6988957838484	-7.10294545361728	-16.3272105248073	-17.6143719604283	-17.3302779268492	-15.2293295545294	-15.7867801173891	-14.5758768536132	-14.4670801086253	-6.47697614476783	-15.8265584177017	-7.3690480256648	-15.7470521873992	-16.3822524982757	-16.8303583981293	-16.7885781544785	-15.6079659767929	-4.81468324714765	-9.78057958144211	-16.094118933225	-16.7906030435777	-17.1636496760158	-16.7615966795311	-15.6148708502022	-12.145152013738	-6.77011258239104	-12.4670801086253	-16.5635240118679	-14.4670801086253	-16.0917521670207	-15.2582568518248	-13.6597251865677	-4.225096958931	-13.4670801086253	-14.4670801086253	-16.0294094597071	-16.2535982263675	-16.7885781544785	-7.04291381980723	-10.4447122955969	-8.46708010862533	-15.0822322201737	-7.9279212975173	-16.7799629637501	-16.8995457449954	-14.145152013738	-14.7173551220649	-14.8821176079042	-16.9942318811449	-13.6597251865677	-17.3272105248073	-16.0917521670207	-16.2833416129283	-16.2367990269912	-16.748612176737	-9.71219260646186	-13.4670801086253	-13.297155107183	-16.1597005531095	-13.8821176079042	-13.8821176079042	-17.148486512589	-16.3097427844391	-14.145152013738	-11.007648489988	-16.384637620813	-12.0082226257768	-15.1294440230319	-13.297155107183	-10.1632993604482	-14.8265584177017	-8.78057958144211	-15.8070170383707	-5.36641776962013	-12.6597251865677	-16.3003763952992	-15.7422480240861	-17.7202375771488	-17.748612176737	-11.007648489988	-16.384637620813	-16.0957349088202	-15.7689338103271	-17.1139761130231	-11.6090991134978	-15.154940341791	-12.4670801086253	-10.0576891724876	-13.0197978590077	-10.4670801086253	-11.2191525951817	-7.54226760501955	-10.7666403904842	-6.98932184218144	-15.1572855233649	-17.1584124559229	-17.0294094597071	-5.12556128538009	-10.379617267375	-12.4670801086253	-11.0747626858466	-7.17706126169271	-16.7470521873992	-13.8059819814439	-16.1402106783393	-6.32625033785233	-17.3302779268492	-9.32752875622654	-0.489710735080998	-14.5734499552018	-10.0408153539232	-13.0504993315021	-11.145152013738	-12.145152013738	-11.2576267429964	-9.47839542185316	-14.4191222715571	-13.9996183773562	-10.9435181525683	-12.0747626858466	-8.65329891740829	-15.1804142557516	-5.60676905370585	-14.2070855174145	-16.7202375771488	-15.567659047344	-15.6790814339462	-7.84869460636672	-16.0027820589294	-16.7689338103271	-14.9373081317731	-13.4670801086253	-16.195000463029	-15.8303583981293	-8.78760000911988	-15.8037023043914	-17.7615966795311	-14.3692792567523	-9.97522701229565	-8.49553655467456	-14.403411532981	-15.5198556027497	-17.1584124559229	-8.09639270181811	-16.4056733322819
ERR9830970	-17.8853388960204	-14.5760561750857	-16.5096822354595	-16.7799629637501	-16.7470521873992	-14.2541280801984	-16.8628431516183	-13.4061311736434	-10.5760561750857	-10.3862316162057	-15.1832809109454	-11.0214673234081	-13.5760561750857	-7.50727789710034	-14.5760561750857	-15.3302779268492	-14.2541280801984	-16.8217615277124	-16.7885781544785	-17.1766341788099	-15.7054271990746	-17.1584124559229	-13.1166245564485	-16.6511217831019	-9.06826153488705	-16.2036156537574	-15.4259072773831	-15.3302779268492	-16.7191882544209	-9.70569145550234	-16.5552481776182	-9.61027189042366	-10.7180751799582	-17.6143719604283	-17.3302779268492	-15.2293295545294	-10.183738752307	-14.5758768536132	-16.4985687660214	-9.91784469233395	-15.8265584177017	-8.18803888974061	-15.7470521873992	-16.3822524982757	-10.7946964615611	-16.7885781544785	-12.4061311736434	-4.56657742919768	-8.06826153488705	-16.094118933225	-16.7906030435777	-17.1636496760158	-16.7615966795311	-8.52620762563519	-5.09627591105665	-16.8853388960204	-16.9672149989968	-16.5635240118679	-15.8217615277124	-16.0917521670207	-15.2582568518248	-15.3328557562817	-4.618228614252	-12.6691655794772	-13.9910936743646	-16.0294094597071	-16.2535982263675	-16.7885781544785	-6.80952726648688	-10.2541280801984	-8.62768894350107	-15.0822322201737	-7.68731292618749	-16.7799629637501	-16.8995457449954	-7.74633343999969	-14.7173551220649	-16.7885781544785	-16.9942318811449	-16.9096587392703	-17.3272105248073	-11.6691655794772	-16.2833416129283	-16.2367990269912	-14.9910936743646	-9.41618483830736	-10.5316620557273	-14.5264136529938	-16.1597005531095	-14.5760561750857	-11.4885933338354	-17.148486512589	-16.3097427844391	-7.46492050485104	-14.0779839739628	-16.384637620813	-12.0082226257768	-15.1294440230319	-10.133112679237	-6.50862181432923	-11.4885933338354	-8.35205450088764	-15.8070170383707	-3.91516890478318	-13.4061311736434	-11.7180751799582	-12.7687012530281	-17.7202375771488	-14.5760561750857	-9.57605617508575	-16.384637620813	-16.0957349088202	-15.7689338103271	-17.1139761130231	-15.5801849467121	-10.166665238948	-11.3281286616422	-7.09224039782149	-8.25864356132088	-6.20864142383892	-8.72430713366969	-4.55057051827736	-9.48859333383541	-7.95400435562937	-10.9910936743646	-17.1584124559229	-17.0294094597071	-4.97428538667804	-10.4675317183076	-9.07621028800254	-16.7470521873992	-8.80787185030882	-10.2185041704677	-13.8059819814439	-16.1402106783393	-14.7439027273591	-17.3302779268492	-15.176640671134	-0.917788896110912	-14.5734499552018	-10.5760561750857	-13.0504993315021	-16.2469446690061	-9.1923518826117	-10.9910936743646	-9.39614708507081	-14.4191222715571	-13.9996183773562	-11.8756164569447	-12.4885933338354	-6.91072025790057	-10.3862316162057	-4.20564120620605	-14.2070855174145	-16.7202375771488	-10.509966984628	-15.6790814339462	-7.78164030873564	-12.6691655794772	-16.7689338103271	-14.9373081317731	-9.8345891886846	-10.8481357205225	-13.4061311736434	-7.19667780801449	-11.8211686729223	-8.86869704300487	-6.8345891886846	-7.41114924841006	-9.96134633097054	-14.403411532981	-15.5198556027497	-17.1584124559229	-7.50996698462798	-16.4056733322819
ERR9830971	-17.8853388960204	-16.7799629637501	-16.5096822354595	-16.7799629637501	-13.0060391304833	-15.6801122396895	-12.3780079078702	-16.9942318811449	-6.86555790693345	-7.17314911631854	-15.1832809109454	-15.9140346941048	-16.2535982263675	-11.1800685302583	-16.9696001215342	-15.3302779268492	-17.148486512589	-16.8217615277124	-16.7885781544785	-17.1766341788099	-11.0060391304833	-13.8805082483994	-16.2535982263675	-16.6511217831019	-10.3569462923424	-16.2036156537574	-15.4259072773831	-12.0060391304833	-16.7191882544209	-11.5112744387337	-16.5552481776182	-4.1940077212162	-12.4654707491206	-8.88804192108483	-17.3302779268492	-9.5112744387337	-7.77897022193736	-14.5758768536132	-11.9419087930636	-5.3484770715736	-8.75122523145446	-7.43756475255069	-13.4654707491206	-16.3822524982757	-16.8303583981293	-16.7885781544785	-7.32591939672178	-15.6002381555483	-15.1294440230319	-16.094118933225	-16.7906030435777	-14.4654707491206	-16.7615966795311	-15.6148708502022	-16.4178195582083	-16.8853388960204	-16.9672149989968	-16.5635240118679	-15.8217615277124	-16.0917521670207	-13.0060391304833	-15.3328557562817	-1.89608978959828	-16.7191882544209	-17.1584124559229	-10.7650310309795	-16.2535982263675	-16.7885781544785	-8.98973731815418	-14.953323448583	-15.0409868258236	-15.0822322201737	-5.7097485954783	-16.7799629637501	-16.8995457449954	-11.1800685302583	-9.64529178670539	-16.7885781544785	-16.9942318811449	-16.9096587392703	-17.3272105248073	-16.0917521670207	-16.2833416129283	-16.2367990269912	-16.748612176737	-10.1435426542332	-15.3101583179478	-9.42107662976212	-16.1597005531095	-12.5585801535121	-15.8584861608643	-17.148486512589	-16.3097427844391	-10.5828276997587	-9.12562074623595	-16.384637620813	-12.0082226257768	-15.1294440230319	-15.3246962385491	-10.5828276997587	-14.8265584177017	-4.91424314552229	-15.8070170383707	-1.90346688546903	-12.7650310309795	-16.3003763952992	-15.7422480240861	-13.1435426542332	-17.748612176737	-11.4210766297621	-16.384637620813	-16.0957349088202	-15.7689338103271	-17.1139761130231	-8.65811582706297	-15.154940341791	-12.5585801535121	-10.7105832469571	-13.0197978590077	-8.56460394113983	-8.42107662976212	-5.68001828096203	-7.91857628923294	-9.59510602953717	-15.1572855233649	-11.7105832469571	-17.0294094597071	-7.32847963704035	-15.0779839739628	-9.34652967639707	-14.8805082483994	-9.44310293609212	-10.4881908256207	-13.8059819814439	-16.1402106783393	-14.7439027273591	-4.89135031411083	-15.176640671134	-12.2271204030239	-14.5734499552018	-16.1352750764276	-13.0504993315021	-16.2469446690061	-6.93604019497443	-8.13904126199827	-6.83065969894886	-12.5585801535121	-13.9996183773562	-9.44310293609212	-11.8216145593459	-5.99684670620256	-7.72737848950009	-5.20044180666242	-14.2070855174145	-12.658115827063	-9.68411103559592	-10.9736176527909	-5.28245574823782	-11.1435426542332	-16.7689338103271	-14.9373081317731	-11.3780079078702	-16.195000463029	-15.8303583981293	-3.43514846647654	-15.8037023043914	-17.7615966795311	-14.3692792567523	-11.4654707491206	-8.96562486203737	-14.403411532981	-15.5198556027497	-17.1584124559229	-6.6199806981762	-16.4056733322819
ERR9830972	-17.8853388960204	-16.7799629637501	-16.5096822354595	-16.7799629637501	-12.2469446690061	-15.6801122396895	-16.8628431516183	-16.9942318811449	-11.661982168285	-14.8554362872015	-15.1832809109454	-15.9140346941048	-16.2535982263675	-10.6030884792314	-15.2469446690061	-15.3302779268492	-17.148486512589	-16.8217615277124	-16.7885781544785	-17.1766341788099	-15.7054271990746	-17.1584124559229	-16.2535982263675	-16.6511217831019	-16.6874713714528	-16.2036156537574	-15.4259072773831	-15.3302779268492	-16.7191882544209	-13.2469446690061	-16.5552481776182	-14.5901358865705	-16.3272105248073	-17.6143719604283	-10.661982168285	-15.2293295545294	-15.7867801173891	-10.2025505496477	-16.4985687660214	-15.6607647384976	-15.8265584177017	-14.2280397528155	-15.7470521873992	-16.3822524982757	-16.8303583981293	-16.7885781544785	-15.6079659767929	-9.98015812831121	-9.99901715556253	-16.094118933225	-16.7906030435777	-11.4395897469485	-16.7615966795311	-15.6148708502022	-13.4395897469485	-16.8853388960204	-16.9672149989968	-16.5635240118679	-15.8217615277124	-16.0917521670207	-15.2582568518248	-15.3328557562817	-6.12282335717692	-16.7191882544209	-17.1584124559229	-16.0294094597071	-16.2535982263675	-16.7885781544785	-10.8546272462274	-14.953323448583	-15.0409868258236	-15.0822322201737	-9.13842021222794	-16.7799629637501	-15.2469446690061	-15.176640671134	-14.7173551220649	-16.7885781544785	-16.9942318811449	-16.9096587392703	-17.3272105248073	-11.4395897469485	-16.2833416129283	-16.2367990269912	-16.748612176737	-14.7892716305541	-11.9250165741187	-14.5264136529938	-16.1597005531095	-11.0770196675638	-10.9615424501439	-17.148486512589	-16.3097427844391	-8.24132011981223	-8.88939266438803	-16.384637620813	-12.0082226257768	-15.1294440230319	-9.26966474550619	-6.51223504878027	-10.546504950865	-8.53269915133999	-15.8070170383707	-3.38857506915137	-11.3889636738785	-16.3003763952992	-13.0770196675638	-17.7202375771488	-13.661982168285	-9.64703182681898	-13.2469446690061	-16.0957349088202	-15.7689338103271	-17.1139761130231	-11.2927483586192	-15.154940341791	-12.4395897469485	-9.88939266438803	-13.0197978590077	-9.08707333222772	-12.1594818277558	-11.7233827129491	-11.2025505496477	-12.546504950865	-15.1572855233649	-17.1584124559229	-17.0294094597071	-10.546504950865	-15.0779839739628	-11.661982168285	-16.7470521873992	-11.546504950865	-16.7470521873992	-13.8059819814439	-16.1402106783393	-5.64239143992707	-17.3302779268492	-15.176640671134	-0.437729210397697	-14.5734499552018	-16.1352750764276	-13.0504993315021	-15.2469446690061	-11.0374913033772	-8.73915002880742	-9.98015812831121	-11.661982168285	-13.9996183773562	-10.9615424501439	-15.3066211909655	-7.64331832401992	-15.1804142557516	-4.3284540767138	-14.2070855174145	-16.7202375771488	-9.67708906067516	-15.6790814339462	-7.73124483072207	-16.0027820589294	-16.7689338103271	-14.9373081317731	-10.661982168285	-12.3400540733976	-12.546504950865	-8.19709611955555	-11.6030884792314	-17.7615966795311	-14.3692792567523	-5.53958553692523	-14.9963473823338	-14.403411532981	-13.4395897469485	-17.1584124559229	-9.03749130337716	-14.2469446690061
ERR9830973	-17.8853388960204	-16.7799629637501	-16.5096822354595	-16.7799629637501	-16.7470521873992	-15.6801122396895	-16.8628431516183	-13.499833432825	-9.00798033649535	-5.10408510464599	-12.9148709321039	-11.7773674083539	-16.2535982263675	-7.88807087276015	-16.9696001215342	-15.3302779268492	-14.8217615277124	-15.8217615277124	-16.7885781544785	-17.1766341788099	-15.7054271990746	-17.1584124559229	-16.2535982263675	-16.6511217831019	-10.0535772029355	-13.8217615277124	-12.3623299090751	-10.3788180318637	-16.7191882544209	-8.6568546010367	-14.2367990269912	-8.28648615109158	-8.85021797376161	-6.38089236010151	-17.3302779268492	-15.2293295545294	-15.7867801173891	-14.5758768536132	-8.90887219148242	-4.97980412861284	-15.8265584177017	-14.2280397528155	-15.7470521873992	-16.3822524982757	-16.8303583981293	-11.0144066056548	-15.6079659767929	-15.6002381555483	-15.1294440230319	-10.9888715135476	-16.7906030435777	-12.3623299090751	-16.7615966795311	-15.6148708502022	-16.4178195582083	-16.8853388960204	-15.2367990269912	-16.5635240118679	-14.8217615277124	-16.0917521670207	-10.9637805325848	-15.3328557562817	-1.5425862582169	-13.8217615277124	-17.1584124559229	-16.0294094597071	-16.2535982263675	-10.6924785107674	-15.9096587392703	-14.953323448583	-15.0409868258236	-13.6518365262701	-6.3470415811859	-16.7799629637501	-13.8217615277124	-15.176640671134	-12.8217615277124	-16.7885781544785	-16.9942318811449	-16.9096587392703	-13.6518365262701	-16.0917521670207	-16.2833416129283	-15.2367990269912	-16.748612176737	-9.40390901282649	-15.3101583179478	-14.5264136529938	-16.1597005531095	-16.1597005531095	-15.8584861608643	-17.148486512589	-16.3097427844391	-16.1804142557516	-14.0779839739628	-16.384637620813	-12.0082226257768	-15.1294440230319	-15.3246962385491	-13.6518365262701	-14.8265584177017	-12.9750068099644	-15.8070170383707	-12.734298686462	-15.3272105248073	-16.3003763952992	-15.7422480240861	-9.12132180957129	-17.748612176737	-14.3156127480399	-16.384637620813	-16.0957349088202	-15.7689338103271	-17.1139761130231	-11.0938410731492	-15.154940341791	-14.6525555835613	-13.9931532176081	-13.0197978590077	-13.3223474220349	-11.6123081620834	-5.31248135962452	-13.8622565820212	-14.3269155758209	-15.1572855233649	-17.1584124559229	-13.6518365262701	-11.2981995716554	-15.0779839739628	-9.49983343282502	-12.0144066056548	-1.68077203426655	-16.7470521873992	-13.8059819814439	-16.1402106783393	-14.7439027273591	-13.2367990269912	-15.176640671134	-10.734298686462	-14.5734499552018	-16.1352750764276	-13.0504993315021	-13.1213218095713	-13.1572855233649	-11.1779053379377	-7.25380545229692	-7.54099075758178	-13.9996183773562	-16.3290721933837	-8.48637117301846	-12.8364067331908	-15.1804142557516	-12.6518365262701	-14.2070855174145	-9.24433269967663	-9.47303337348131	-15.6790814339462	-6.08113748322297	-16.0027820589294	-16.7689338103271	-14.9373081317731	-17.1636496760158	-16.195000463029	-15.8303583981293	-2.76115002587363	-15.8037023043914	-17.7615966795311	-14.3692792567523	-5.68541118625823	-10.2367990269912	-11.9637805325848	-15.5198556027497	-17.1584124559229	-7.68733520749146	-16.4056733322819
ERR9830974	-17.8853388960204	-16.7799629637501	-16.5096822354595	-16.7799629637501	-15.7422480240861	-15.6801122396895	-13.2397476835569	-11.2611213343495	-10.6547851828358	-9.21346835875807	-10.2503949277564	-11.0234297766302	-11.3048427117788	-9.62677080666617	-12.6833543350325	-15.3302779268492	-17.148486512589	-16.8217615277124	-9.53930796541583	-7.63896021567408	-15.7054271990746	-17.1584124559229	-16.2535982263675	-16.6511217831019	-11.3964731872444	-12.5723230226438	-13.0792830113637	-15.3302779268492	-14.5198556027497	-13.5198556027497	-12.3730142144204	-9.32158597561338	-15.3272105248073	-17.6143719604283	-17.3302779268492	-15.2293295545294	-9.32721052480726	-14.5758768536132	-12.2828164054488	-8.71988021105765	-13.7422480240861	-8.86368615153608	-15.7470521873992	-16.3822524982757	-16.8303583981293	-16.7885781544785	-15.6079659767929	-6.99965788072602	-10.2611213343495	-16.094118933225	-16.7906030435777	-17.1636496760158	-16.7615966795311	-7.82736463772406	-9.76496810058619	-5.4301213964945	-14.7422480240861	-16.5635240118679	-15.8217615277124	-13.2397476835569	-15.2582568518248	-15.3328557562817	-5.69330711545874	-11.9009457701052	-17.1584124559229	-11.2611213343495	-13.7422480240861	-16.7885781544785	-6.92953589185899	-14.953323448583	-8.56233893407117	-15.0822322201737	-9.88426702895853	-16.7799629637501	-15.7422480240861	-8.35566697085649	-11.6267708066662	-16.7885781544785	-16.9942318811449	-16.9096587392703	-16.3272105248073	-14.3272105248073	-16.2833416129283	-16.2367990269912	-13.86777890617	-8.91358259578309	-12.0792830113637	-13.0792830113637	-16.1597005531095	-16.1597005531095	-11.4692295296797	-13.5198556027497	-16.3097427844391	-11.1774634053026	-12.1177571591783	-16.384637620813	-12.0082226257768	-15.1294440230319	-11.0983918343114	-9.18765917240847	-12.3272105248073	-10.2291784418467	-15.8070170383707	-4.47682831915511	-14.3272105248073	-16.3003763952992	-14.7422480240861	-17.7202375771488	-14.7422480240861	-12.1979275078623	-16.384637620813	-16.0957349088202	-15.7689338103271	-17.1139761130231	-13.1572855233649	-15.154940341791	-13.6267708066662	-10.1876591724085	-13.0197978590077	-7.80561008508353	-11.1774634053026	-4.97599520295165	-10.4692295296797	-10.6833543350325	-14.1572855233649	-17.1584124559229	-17.0294094597071	-2.65638833104885	-12.1572855233649	-14.970285676897	-13.3272105248073	-7.07454509235701	-11.9348931020285	-13.8059819814439	-16.1402106783393	-14.7439027273591	-15.0052824299199	-15.176640671134	-0.668957194685881	-14.5734499552018	-9.66899904205547	-13.0504993315021	-16.2469446690061	-12.1572855233649	-13.5799287170815	-12.5198556027497	-14.4191222715571	-13.9996183773562	-11.86777890617	-15.3066211909655	-8.13245367038501	-15.1804142557516	-7.70882502254865	-14.2070855174145	-16.7202375771488	-12.8036485687502	-15.6790814339462	-9.16230359813157	-16.0027820589294	-16.7689338103271	-14.9373081317731	-10.5992900702441	-16.195000463029	-13.2397476835569	-9.01887149466785	-12.5723230226438	-10.2611213343495	-14.3692792567523	-9.28829153551496	-11.6547851828358	-14.403411532981	-14.5198556027497	-14.7422480240861	-9.52631062488696	-15.3272105248073
ERR9830975	-17.8853388960204	-16.7799629637501	-16.5096822354595	-16.7799629637501	-12.0957349088202	-15.6801122396895	-16.8628431516183	-16.9942318811449	-15.1597005531095	-12.4634666933207	-3.43770198848476	-15.9140346941048	-16.2535982263675	-7.12995062415814	-16.9696001215342	-15.3302779268492	-17.148486512589	-16.8217615277124	-16.7885781544785	-17.1766341788099	-15.7054271990746	-17.1584124559229	-12.0601109990895	-16.6511217831019	-16.6874713714528	-16.2036156537574	-15.4259072773831	-15.3302779268492	-16.7191882544209	-12.6627755015441	-16.5552481776182	-14.5901358865705	-11.86307415203	-17.6143719604283	-15.8327005029864	-15.2293295545294	-9.64287594410641	-14.5758768536132	-14.2477380022653	-15.6607647384976	-13.9582313850703	-5.67282916620804	-15.7470521873992	-16.3822524982757	-12.3302001624572	-16.7885781544785	-11.8029531595924	-2.75293796265794	-6.30717969389136	-16.094118933225	-16.7906030435777	-17.1636496760158	-10.8785041925996	-10.077813000823	-12.8941010476506	-7.72417604620826	-14.4176630037076	-16.5635240118679	-13.4176630037076	-16.0917521670207	-15.2582568518248	-15.3328557562817	-5.81079516633344	-16.7191882544209	-17.1584124559229	-16.0294094597071	-14.4176630037076	-16.7885781544785	-6.59111451641667	-10.086746125593	-9.62976044431616	-15.0822322201737	-7.3897570071377	-9.74523766173609	-16.8995457449954	-15.176640671134	-14.7173551220649	-16.7885781544785	-16.9942318811449	-9.91781711662438	-17.3272105248073	-8.06672382216116	-16.2833416129283	-16.2367990269912	-16.748612176737	-7.81961050354599	-6.89018599764719	-7.14153859843335	-12.5107724080991	-9.73116247652437	-8.64947867893066	-11.1322607848453	-16.3097427844391	-8.08450765339697	-3.55909914073522	-9.73116247652437	-8.90591034994021	-12.4176630037076	-6.09291989321317	-5.30620126384987	-9.86307415202995	-7.93384722644333	-15.8070170383707	-3.61888746667568	-9.82520596643951	-9.44038308020767	-10.2883799867626	-17.7202375771488	-10.7311624765244	-8.90196316542355	-13.61030808165	-15.0957349088202	-12.8941010476506	-17.1139761130231	-7.72243471221184	-8.57845921561064	-10.7311624765244	-7.07781300082296	-11.7172232855665	-9.34084740665676	-7.83082321574576	-8.68295338348175	-7.70513600326777	-5.89312128867174	-8.33020016245725	-9.42897831693542	-17.0294094597071	-10.8177501615205	-12.9582313850703	-11.0253455809288	-16.7470521873992	-10.0601109990895	-10.4869256661447	-8.48102506470502	-16.1402106783393	-4.28709244090216	-17.3302779268492	-9.26791588420291	-2.70422278611311	-14.5734499552018	-9.91781711662438	-13.0504993315021	-12.4176630037076	-7.50477366747763	-9.13226078484534	-9.43466942901328	-14.4191222715571	-13.9996183773562	-7.31568733275836	-12.0957349088202	-6.22969241172339	-15.1804142557516	-6.14619997580321	-14.2070855174145	-16.7202375771488	-8.21553917987713	-9.60388181249055	-5.05024825246076	-16.0027820589294	-16.7689338103271	-8.91781711662438	-10.7594515209558	-9.94192957274119	-11.8029531595924	-6.50851995636769	-9.51077240809907	-17.7615966795311	-6.15733148514999	-5.0870261789843	-9.78103838316394	-14.403411532981	-11.3302001624572	-17.1584124559229	-5.85018220256454	-16.4056733322819
ERR9830976	-15.4056733322819	-13.1832809109454	-16.5096822354595	-13.5312042143657	-16.7470521873992	-15.6801122396895	-16.8628431516183	-16.9942318811449	-4.77419309384253	-6.77267813513891	-14.1832809109454	-11.3182104910315	-16.2535982263675	-8.30764124932134	-16.9696001215342	-11.990635833003	-17.148486512589	-16.8217615277124	-16.7885781544785	-17.1766341788099	-15.7054271990746	-17.1584124559229	-14.990635833003	-16.6511217831019	-12.1326548378754	-16.2036156537574	-15.4259072773831	-11.7052336141408	-16.7191882544209	-11.2092761194784	-16.5552481776182	-6.56437107830092	-11.7052336141408	-17.6143719604283	-17.3302779268492	-9.15774581883828	-8.81571015050234	-14.5758768536132	-16.4985687660214	-3.86070889949263	-13.0837452373945	-6.01049625536387	-15.7470521873992	-16.3822524982757	-13.6687077381157	-13.6687077381157	-13.5312042143657	-6.58975639672084	-8.33958414182409	-16.094118933225	-14.990635833003	-17.1636496760158	-16.7615966795311	-5.62267512336145	-12.467073876946	-16.8853388960204	-16.9672149989968	-16.5635240118679	-15.8217615277124	-12.990635833003	-15.2582568518248	-15.3328557562817	-3.06332082219407	-16.7191882544209	-17.1584124559229	-13.4056733322819	-16.2535982263675	-16.7885781544785	-10.0837452373945	-14.953323448583	-11.2901961148619	-15.0822322201737	-6.37316836770883	-16.7799629637501	-16.8995457449954	-4.53043593794344	-9.800811274123	-16.7885781544785	-16.9942318811449	-13.0837452373945	-10.7427083195594	-9.09581806969508	-16.2833416129283	-16.2367990269912	-16.748612176737	-7.10646531389459	-6.23324582363638	-8.2971488755037	-11.7811824673741	-12.6687077381157	-7.47888317923564	-11.9031729917527	-16.3097427844391	-6.23992884677807	-5.90516337382174	-14.990635833003	-12.0082226257768	-15.1294440230319	-5.02124931166074	-4.63335875836021	-12.5983184102243	-6.72619323277642	-10.9462417136446	-2.64024909069018	-10.8207108315607	-13.5312042143657	-10.7618171425071	-10.5983184102243	-10.3612792129234	-9.6960150841114	-12.7427083195594	-11.8613528160581	-15.7689338103271	-17.1139761130231	-10.2627153784398	-10.8207108315607	-14.6525555835613	-7.64856116500388	-9.10189258410476	-10.6868550848259	-8.58975639672084	-9.17685464178598	-9.46707387694601	-11.7052336141408	-11.6687077381157	-11.0598984954401	-17.0294094597071	-8.74270831955944	-12.9031729917527	-10.2357483308396	-13.5312042143657	-9.36127921292341	-11.7052336141408	-13.8059819814439	-14.990635833003	-14.7439027273591	-12.7427083195594	-15.176640671134	-3.53453814803882	-14.5734499552018	-7.94078728355246	-13.0504993315021	-11.3182104910315	-8.50682005573877	-10.467073876946	-10.1079927836412	-14.4191222715571	-13.9996183773562	-10.4828411928043	-11.3182104910315	-8.09581806969508	-10.2092761194784	-4.22369289224724	-14.2070855174145	-16.7202375771488	-10.5476923371543	-9.73324799031037	-5.85044512981119	-9.6597189548884	-16.7689338103271	-14.9373081317731	-8.28673225955836	-13.1832809109454	-12.6687077381157	-3.16677106043439	-8.04226860141834	-9.24244298341356	-14.3692792567523	-7.70754747997902	-10.0717725957284	-14.403411532981	-11.2627153784398	-17.1584124559229	-7.00621737420188	-15.4056733322819
ERR9830977	-17.8853388960204	-16.7799629637501	-11.6350378711833	-9.99393229242456	-8.84744620394708	-15.6801122396895	-16.8628431516183	-13.5679236753247	-5.98364443061486	-3.33735732254257	-13.5679236753247	-12.6350378711833	-16.2535982263675	-8.63503787118325	-16.9696001215342	-10.9829611746036	-17.148486512589	-13.4423927932409	-16.7885781544785	-15.4423927932409	-14.7054271990746	-14.027355293962	-12.9398924527117	-13.4423927932409	-12.5679236753247	-16.2036156537574	-10.7235745457849	-9.76996745126936	-16.7191882544209	-9.71447233867766	-16.5552481776182	-4.81698834832941	-16.3272105248073	-8.59690274229648	-17.3302779268492	-15.2293295545294	-15.7867801173891	-14.5758768536132	-11.6010905392599	-9.12648848598126	-12.0731589835751	-6.91361312791282	-15.7470521873992	-16.3822524982757	-16.8303583981293	-13.1204646983535	-15.6079659767929	-5.29858444441935	-11.9829611746036	-14.2200003719044	-11.2459955804374	-7.33212700246626	-16.7615966795311	-5.77824184124828	-12.6350378711833	-16.8853388960204	-16.9672149989968	-16.5635240118679	-14.7054271990746	-16.0917521670207	-11.503793337905	-15.3328557562817	-2.01442527965649	-12.2200003719044	-17.1584124559229	-16.0294094597071	-12.7054271990746	-11.8574302925197	-8.75123088868777	-14.953323448583	-11.0966179563991	-15.0822322201737	-11.6698032893439	-16.7799629637501	-16.8995457449954	-4.73993148227849	-7.84496094055748	-14.4423927932409	-16.9942318811449	-14.027355293962	-14.7054271990746	-9.76056875326711	-16.2833416129283	-16.2367990269912	-16.748612176737	-10.5679236753247	-6.25504072004036	-10.2858883075609	-10.7235745457849	-10.2329394276119	-7.88269705113013	-11.1944652797973	-13.8574302925197	-5.56946145664731	-6.9123116438003	-14.027355293962	-12.0082226257768	-15.1294440230319	-5.35316302581633	-4.07516007404788	-14.8265584177017	-6.97750674451145	-9.02735529396201	-4.82829647030899	-11.9398924527117	-16.3003763952992	-10.3834991041873	-11.5679236753247	-7.45181604712748	-11.4423927932409	-16.384637620813	-12.2724677917985	-15.7689338103271	-13.8574302925197	-11.0731589835751	-15.154940341791	-10.5195606537633	-5.51906530782166	-13.0197978590077	-5.84682448661753	-8.2008068066711	-9.96126610350424	-9.60950277907611	-13.3269155758209	-15.1572855233649	-11.0500753704621	-17.0294094597071	-8.79373561720231	-15.0779839739628	-11.1447122446002	-11.1447122446002	-5.55974974387901	-16.7470521873992	-13.8059819814439	-16.1402106783393	-6.63396483651803	-17.3302779268492	-15.176640671134	-7.56587584667586	-14.5734499552018	-8.10254279035623	-13.0504993315021	-10.4423927932409	-9.4959738334457	-7.34085476677879	-11.2459955804374	-10.2591709691851	-12.6350378711833	-16.3290721933837	-9.07315898357514	-7.96126610350424	-11.6010905392599	-4.49159391597536	-14.2070855174145	-12.7054271990746	-9.62647585767983	-15.6790814339462	-5.76526044859183	-10.1204646983535	-14.7054271990746	-9.72357454578491	-8.33038776772772	-8.72814727557473	-9.44239279324086	-3.76452636470031	-5.58027206775236	-17.7615966795311	-14.3692792567523	-7.79613411325083	-7.6052905277892	-11.0966179563991	-11.4727664422844	-17.1584124559229	-6.62008752971728	-16.4056733322819
