feature	Methanobrevibacter	Akkermansia	Sphingobium	Pseudomonas	Desulfovibrio	Mailhella	Bilophila	Acinetobacter	Morganella	Escherichia.Shigella	Klebsiella	Aeromonas	Haemophilus	Comamonas	Oxalobacter	Sutterella	Succinivibrio	Campylobacter	Victivallis	Fusobacterium	Solobacterium	Holdemania	Coprobacillus	Massiliomicrobiota	Thomasclavelia	Erysipelotrichaceae_UCG.003	Catenibacterium	Dielma	Merdibacter	Faecalitalea	X.Clostridium._innocuum_group	Holdemanella	UCG.004	Asteroleplasma	Anaeroplasma	Weissella	Leuconostoc	Parageobacillus	Turicibacter	Staphylococcus	Granulicatella	Enterococcus	Ligilactobacillus	Lacticaseibacillus	Lactobacillus	Limosilactobacillus	Lactococcus	Streptococcus	Rikenellaceae_RC9_gut_group	Alistipes	Bacteroides	Massiliprevotella	Prevotellaceae_NK3B31_group	Leyella	Hoylesella	Prevotella	Segatella	Paraprevotella	Alloprevotella	Parabacteroides	Porphyromonas	CAG.873	Gabonibacter	Butyricimonas	Odoribacter	Barnesiella	Coprobacter	Zag_111	CAG.196	Corynebacterium	Schaalia	Bifidobacterium	Actinomyces	Rothia	Eggerthella	Raoultibacter	Gordonibacter	Slackia	Senegalimassilia	Adlercreutzia	Tractidigestivibacter	Collinsella	Parolsenella	Olsenella	Lancefieldella	Thermus	Phascolarctobacterium	Acidaminococcus	Veillonella	Dialister	Allisonella	Megasphaera	Mitsuokella	Megamonas	Cloacibacillus	Gemella	Eubacterium	Peptococcus	Christensenellaceae_R.7_group	Clostridium	Family_XIII_AD3011_group	Mogibacterium	Family_XIII_UCG.001	X.Eubacterium._brachy_group	Peptostreptococcus	Intestinibacter	Romboutsia	Terrisporobacter	Peptoniphilus	Murdochiella	Finegoldia	Parvimonas	Fenollaria	Ezakiella	Anaerococcus	Lachnospiraceae_UCG.010	Defluviitaleaceae_UCG.011	Ruminiclostridium	Monoglobus	Agathobaculum	UCG.008	UCG.009	Flavonifractor	Intestinimonas	NK4A214_group	Colidextribacter	UCG.002	UCG.003	Oscillibacter	Oscillospira	UCG.005	X.Eubacterium._siraeum_group	Ruminococcus	Paludicola	Negativibacillus	Anaerotruncus	Angelakisella	Hydrogenoanaerobacterium	Phocea	Candidatus_Soleaferrea	CAG.352	Acutalibacter	DTU089	Fournierella	Gemmiger	Faecalibacterium	Ruthenibacterium	Eisenbergiella	Dorea	X.Ruminococcus._gnavus_group	Howardella	Butyribacter	Agathobacter	Roseburia	Catenibacillus	GCA.900066575	Moryella	Anaerostipes	X.Eubacterium._ruminantium_group	Anaerobutyricum	X.Eubacterium._xylanophilum_group	X.Eubacterium._eligens_group	Lachnospira	Lachnospiraceae_ND3007_group	X.Eubacterium._ventriosum_group	Lachnospiraceae_UCG.008	Lachnospiraceae_NK4A136_group	Oribacterium	Lachnospiraceae_UCG.004	Lachnospiraceae_FCS020_group	Butyrivibrio	Lachnoclostridium	Faecalimonas	Enterocloster	Hungatella	Sellimonas	Extibacter	X.Ruminococcus._gauvreauii_group	Blautia	CAG.56	Fusicatenibacter	Coprococcus	Tyzzerella	Faecalicatena	Mediterraneibacter
ERR3928931	0	0.0002530320216386	0	0.000331559200767821	0.00739028008027223	0.00184102608847396	0.00508681615914842	0	0.000270482505889538	0.0122589651862839	0.000846348486170491	0	0.000549690253904546	9.59776633801588e-05	0.000130878631882035	0.000122153389756566	6.98019370037519e-05	3.49009685018759e-05	0.000540965011779077	0.00732047814326848	2.61757263764069e-05	0.000209405811011256	0	0	0	0.00399616089346479	0	0	0	0	0	0.00498211325364279	0	0	0	0	0	0	0	0	8.72524212546898e-05	0.000122153389756566	0.00879504406247273	0.00160544455108629	0.000209405811011256	0.00233836488962569	0	0.0198062996248146	5.23514527528139e-05	0.0525870342902016	0.395305819736498	9.59776633801588e-05	0	0	3.49009685018759e-05	0	0.00143966495070238	0.0043887967891109	0	0.00879504406247273	0.000218131053136725	5.23514527528139e-05	0	0.00508681615914842	0.00139603874007504	0.00690166652124596	0.000881249454672367	0	6.10766948782829e-05	0	0.000235581537387663	0.000924875665299712	0	5.23514527528139e-05	0.000349009685018759	0	0	0.000732920338539395	0.00144839019282785	0.000506064043277201	0	0.0148590873396737	0	0	5.23514527528139e-05	0	0.00554925399179827	0	6.98019370037519e-05	6.10766948782829e-05	0	0	0	0	0	6.10766948782829e-05	0	0.000889974696797836	0.00618619666695751	0.000322833958642352	0.00108193002355815	0	0.000148329116132973	0	0	0	0.000741645580664864	0	0	0	5.23514527528139e-05	6.98019370037519e-05	6.10766948782829e-05	0	0	0.00497338801151732	0	0	0.00122153389756566	0.00414449000959777	0	0	0.000523514527528139	0	0.000671843643661112	0.00204170665735974	0.0180263502312189	0.00319343861792165	0.00205043189948521	0.000750370822790332	0.00383038129308088	0.000148329116132973	0.000218131053136725	0.000375185411395166	0.00205043189948521	0	0.000270482505889538	0	0.000130878631882035	6.98019370037519e-05	0.020687549079487	0.00235581537387663	0	0	0.0104441148241864	0.0722362795567577	0.000636942675159236	0	0.00915277898961696	0.000104702905505628	0	0	0.0521769479103045	0.0432772009423261	0	0.000540965011779077	0.000715469854288457	0.00375185411395166	0	0.00888229648372742	0	0	0.00400488613559026	0.00261757263764069	0.0021376843207399	0.000663118401535643	0.00912660326324055	0	0.0022772881947474	0.000331559200767821	0	0.00589826367681703	0.000366460169269697	0.00606404327720094	0.000235581537387663	0	0.000828898001919553	0.00442369775761277	0.0637553442108019	0.00570630835005671	0.0114387924264898	0.00828898001919553	0.000349009685018759	0	0.0107582235407033
ERR3928933	2.58084496864273e-05	0.000258084496864273	0	0.000301098579674986	0.00221092385647061	0	0.00281312101582058	0	0	0.203817929990279	0.000731239407782108	0.000172056331242849	0.000103233798745709	0.000120439431869994	8.60281656214244e-05	0	0	0	0.000301098579674986	0.000301098579674986	0	0.000137645064994279	0.000240878863739988	0	0.00080866475684139	0.00235717173802703	0	0	0.000283892946550701	4.30140828107122e-05	0.000189261964367134	0.00879207852650958	0	0	0	0	0	0	0	0	8.60281656214244e-05	0.000129042248432137	0.000120439431869994	0	0.0104180108567545	0.00535955471821474	0	0.00633167298973684	9.46309821835669e-05	0.0324842353386499	0.188737192556843	6.02197159349971e-05	0	0	0	0.000103233798745709	0.00238298018771346	0	0	0.0249739764798995	0.000223673230615704	0	0	0.00624564482411542	0.00191842809335777	0.000180659147804991	5.16168993728547e-05	0.000266687313426416	0	0	0.000223673230615704	0.000645211242160683	0.000111836615307852	0	6.88225324971396e-05	0	0	6.02197159349971e-05	0.00177218021180134	0.000972118271522096	0	0.00299378016362557	0	0	0	0	6.88225324971396e-05	8.60281656214244e-05	8.60281656214244e-05	0.00818988136715961	0	0	0	0	0	6.88225324971396e-05	0	0.000206467597491419	0.0188745795373405	6.02197159349971e-05	0.000662416875284968	0	0.000197864780929276	0	5.16168993728547e-05	0	0	0	0	0	9.46309821835669e-05	6.88225324971396e-05	3.44112662485698e-05	0	0	0.00944589258523241	0.000103233798745709	0	0.00274429848332344	0.00282172383238272	4.30140828107122e-05	0	0.000120439431869994	0.000180659147804991	0.00325186466048984	0.000309701396237128	0.0193391316316962	0.0042153801154498	0.000438743644669265	0.000172056331242849	0.0126547431629115	0	0.0104008052236302	8.60281656214244e-05	0.0015399041646235	0	0.000172056331242849	4.30140828107122e-05	0.000137645064994279	4.30140828107122e-05	0.0075188616753125	0.0021679097736599	6.88225324971396e-05	0	0.0161732951368278	0.10291549453291	0.000516168993728547	0	0.0123364389501123	0.000154850698118564	0.000378523928734268	0.00722636591219965	0.0138591374816115	0.00726937999501037	0	0.00031830421279927	0	0.00323465902736556	0.0278645228447794	0.00357877168985126	0.00323465902736556	0.0126719487960358	0.00354436042360269	0.0115621854595194	0	0.00111836615307852	0.0211199146600597	0	0.00588432652850543	0.00121299713526208	0	0.00443045052950336	0.000679622508409253	0.00525632091946903	0.000283892946550701	0.000541977443414974	0.00268407876738844	0.00695967859877324	0.0578023244810351	0	0.0209908724116276	0.0111406474479745	0.000972118271522096	0	0.0142032501440972
ERR3928934	0	0.000244506929548662	0	0.000277848783578026	0.00175600431221312	0	0.00250063905220223	5.55697567156051e-05	0	0.217311090612045	0.000911344010135924	0.000155595318803694	0.000144481367460573	0.00011113951343121	0.000133367416117452	0.000277848783578026	0.000144481367460573	0	0.000388988297009236	0.000133367416117452	0	0.000133367416117452	0.000166709270146815	0	0.00125587650177268	0.0020116251931049	0	6.66837080587261e-05	0.000355646442979873	0.000122253464774331	0.000144481367460573	0.0109027862676017	0	0	0	0	0	0	0.000122253464774331	0	0	0.000211165075519299	7.77976594018471e-05	0	0.0102026073329851	0.00557920357424675	0	0.00779087989152783	7.77976594018471e-05	0.0272514086933327	0.171132622781377	5.55697567156051e-05	0	7.77976594018471e-05	0	0	0.00265623437100592	0	4.44558053724841e-05	0.0235838047501028	0.000255620880891783	0	0	0.00563477333096236	0.00194494148504618	0.000177823221489936	0	0.00043344410238172	0	0	0.000444558053724841	0.000800204496704713	0	0	5.55697567156051e-05	0	0	8.89116107449682e-05	0.00142258577191949	0.000922457961479045	0	0.0026451204196628	0	0	0	0	6.66837080587261e-05	0	0.000100025562088089	0.0076686264267535	0	8.89116107449682e-05	0	0	0	0	0	0.00022227902686242	0.0188159196239039	0.000155595318803694	0.000689064983273503	0	0.000155595318803694	0	5.55697567156051e-05	0	0.000122253464774331	0	0	0	0	0.000166709270146815	5.55697567156051e-05	0	0	0.0083021216533114	0.000122253464774331	0	0.0028562854951821	0.00252286695488847	0	8.89116107449682e-05	0	0	0.00303410871667204	0.000277848783578026	0.0197939473420985	0.00405659224023917	0.000444558053724841	0.000266734832234904	0.0108916723162586	0	0.0129588672660791	0.000122253464774331	0.00214499260922236	0.000233392978205541	0.000144481367460573	0	0.000133367416117452	3.33418540293631e-05	0.00902452849061427	0.00208942285250675	0.000100025562088089	0	0.0178490058570524	0.118319125998866	0.000733520788645987	0	0.0106249374840237	0.00022227902686242	0.000366760394322994	0.00829100770196828	0.0164041921824466	0.00996921435477956	0	0.000388988297009236	0	0.00225613212265357	0.0208386587683519	0.00191159963101682	0.00274514598175089	0.0177712081976505	0.00247841114951599	0.0102804049923869	0	0.00122253464774331	0.0205052402280583	0	0.00513464552052191	0.00127810440445892	0	0.00400102248352357	0.000577925469842293	0.00321193193816197	0.000266734832234904	0.000755748691332229	0.00191159963101682	0.00709070095691121	0.0580703957678073	0	0.0153261389021639	0.0100803538682108	0.00086688820476344	0	0.0168487502361715
ERR3928935	0.00608011743217208	0.0439369802917456	0	0.000391996597135923	7.50631781749639e-05	0	0.000800673900532949	7.50631781749639e-05	0.00124271261645218	0.231861817029333	0.000934119550621773	0.000175147415741582	0.000300252712699856	8.34035313055155e-05	0.00059216507226916	0.00400336950266474	0.000241870240785995	0.000909098491230119	0.00591331036956105	0.00367809573057323	0.00361971325865937	0	0	0	0	0.0026689130017765	8.34035313055155e-05	0	0	0.000100084237566619	0	0.0158550113011785	0	0	7.50631781749639e-05	0	0	0	0.000525442247224747	0	0.000333614125222062	0.000283572006438753	0	0	6.67228250444124e-05	0	0	0.00198500404507127	7.50631781749639e-05	0.0380236699221845	0.196782291762233	0	0.0067306649763551	0	0	0.000158466709480479	0.00165138991984921	0.00225189534524892	0.00563807871625285	0.0112177749605918	0.00611347884469428	4.17017656527577e-05	0	0.00434532398101736	0.00638871049800249	0.0150209759881233	0.000191828122002686	3.33614125222062e-05	0	5.00421187833093e-05	0	0.011326199551289	0.000191828122002686	0	6.67228250444124e-05	0	0	0.00102586343505784	0.00118433014453832	0.000925779197491222	0	0.00679738780139951	0	0	0	0	9.1743884436067e-05	0.000183487768872134	0.000175147415741582	0.0114763259076389	0	0	0	0	0.000950800256882876	0.00320269560213179	0	0.00245206382038215	0.0593749739363965	0.00140117932593266	0.000617186131660815	0	4.17017656527577e-05	0.000133445650088825	0.0026855937080376	0.000141786003219376	0.00043369836278868	0	5.00421187833093e-05	2.50210593916546e-05	8.34035313055155e-05	0.00151794426976038	5.00421187833093e-05	4.17017656527577e-05	4.17017656527577e-05	0.00410345374023136	0	0.00250210593916546	0.000750631781749639	0.00111760731949391	0.00393664667762033	8.34035313055155e-05	0.000333614125222062	0.00301086748012911	0.00905762349977898	0.00135113720714935	0.0366725327150352	0.000934119550621773	0.000533782600355299	0.00116764943827722	0.0111260310761558	0.000291912359569304	0.00400336950266474	0	0	0	0.000175147415741582	0.000542122953485851	0	0.000125105296958273	0.000950800256882876	0.00195998298567961	0.000100084237566619	0	0.0125272104020884	0.0419853376591965	0.000333614125222062	0	0.00495416975954762	0	0.000792333547402397	0.000175147415741582	0.00542122953485851	0.00127607402897439	0	0.000166807062611031	0.00173479345115472	0.0037531589087482	0.0104921642382338	0.00449545033736728	0.00091743884436067	0.0159634358918757	0.0160384990700506	0.00360303255239827	0.00188491980750465	0	0.00589662966329994	0	0.00010842459069717	0.00021684918139434	0.0108090976571948	0.000717270369227433	0.00048374048157199	0.00130109508836604	0.00021684918139434	0	0	0.000391996597135923	0.0179484399369469	0.000792333547402397	0.00384490279318426	0.009708171043962	0	0.000116764943827722	0.00780657053019625
ERR3928936	0.0101269278012829	0.0236113006687594	0	0.00029116054774578	0	0	0.00056412356125745	8.18889040535007e-05	0.000937173013056731	0.169446340020927	0.000964469314407898	0.000181975342341113	0.000236567945043447	0	0.000409444520267504	0.00337564260042764	0.000181975342341113	0.000937173013056731	0.00856193985714936	0.0103543969792093	0.00400345753150448	6.36913698193895e-05	0	0	0	0.00411264273690915	5.45926027023338e-05	0	0	7.27901369364451e-05	0	0.0176789045084391	0	0	0	0	0	0	0.000791592739183841	0	0.000545926027023338	0.000373049451799281	0	0	0.000163777808107001	0	0	0.00340293890177881	7.27901369364451e-05	0.0404713161366635	0.207133433419772	0.000109185205404668	0.00620535917383195	0	0	7.27901369364451e-05	0.00157408671125063	0.00314817342250125	0.00497702561302943	0.0118647923206406	0.00741549520040035	6.36913698193895e-05	0	0.00612347026977845	0.00628724807788545	0.0187161639597834	0.000363950684682226	0	0	7.27901369364451e-05	0.000218370410809335	0.0111732860197443	0.000200172876575224	0	0.000127382739638779	3.63950684682226e-05	0	0.00114644465674901	0.0013739138346754	0.00103725945134434	0	0.00671489013238706	0	0	0	0	0	0.000118283972521723	9.09876711705564e-05	0.00946271780173786	0	5.45926027023338e-05	0	4.54938355852782e-05	0.00085528410900323	0.00314817342250125	0	0.0027478276693508	0.0597879987261726	0.00150129657431418	0.000600518629725672	0	0	0	0.00376688958646103	0.000109185205404668	0.000791592739183841	0	8.18889040535007e-05	0	0	0.00180155588917702	0	6.36913698193895e-05	2.72963013511669e-05	0.00336654383331059	0.000172876575224057	0.00247486465583913	0.000837086574769119	0.000937173013056731	0.00361221054547109	0	0.000318456849096947	0.00163777808107001	0.00908056958282153	0.00109185205404668	0.0311632773759156	0.000882580410354397	0.00050043219143806	0.00100086438287612	0.0124835084846003	0.000418543287384559	0.0054774578044675	4.54938355852782e-05	0.000218370410809335	8.18889040535007e-05	0.000118283972521723	0.00050043219143806	0	9.09876711705564e-05	0.000882580410354397	0.00194713616304991	0.000109185205404668	0	0.0156225831399845	0.0619899003685001	0.000345753150448114	0	0.00504981574996588	0.000100086438287612	0.00105545698557845	0.000127382739638779	0.0070970383513034	0.00108275328692962	0	0.000118283972521723	0.00223829671079569	0.00453118602429371	0.0164050771120513	0.0039579636959192	0.00125562986215368	0.0201355716300441	0.017660706974205	0.00287521040898958	0.00283881534052136	0	0.00900777944588508	0	0	0.00014558027387289	0.0146217187571084	0.00111004958828079	0.000418543287384559	0.0021746053409763	0.000436740821618671	0	0	0.000545926027023338	0.0204085346435558	0.000809790273417952	0.00353942040853464	0.0118011009508212	6.36913698193895e-05	0.000200172876575224	0.00749738410445385
ERR3928937	0	0.000175551991318156	0	0.00019151126325617	0	0	0.00576129716962312	0	0	0.00560170445024298	0.00108523049178496	0.000103735267597092	0.000231409443101206	4.78778158140426e-05	0	0.0153528196043696	7.97963596900709e-05	3.19185438760284e-05	4.78778158140426e-05	0.000151613083411135	4.78778158140426e-05	0	0.000207470535194184	0	0.00165976428155348	0.000167572355349149	0	0.000311205802791277	0	0.00043887997829539	0.000949576680311844	0	0	0	3.98981798450355e-05	0	0	0	0.000111714903566099	0	0	0.000311205802791277	0	0.00019151126325617	3.98981798450355e-05	0	0.000223429807132199	0.00327963038326192	0	0.147527509795003	0.466673050375442	7.18167237210638e-05	0	0.000103735267597092	0	0	0.00112512867163	7.97963596900709e-05	0	0.0581077091263097	0.000223429807132199	3.98981798450355e-05	0	0	0.00430102378729482	0.000103735267597092	0.00217844061953894	0	2.39389079070213e-05	0	0	0.0144670800118099	0.000183531627287163	0	0.00162784573767745	2.39389079070213e-05	0.000199490899225177	0	0	0	0	0.00310407839194376	0	0	0	0	0.00248166678636121	0.0631667983306602	9.57556316280851e-05	0.000135653811473121	0.000502717066047447	0	0	3.98981798450355e-05	0	6.38370877520568e-05	0.00236995188279511	0	0.000766045053024681	6.38370877520568e-05	0.00024736871503922	0.00173956064124355	0	0	0	0.00951970571102546	0.00115704721550603	0	0	0	4.78778158140426e-05	0	3.19185438760284e-05	0	0	0.000135653811473121	0	0	0	0.000766045053024681	0	0	0.0128551935460704	0.00124482321116511	5.58574517830497e-05	0	0.00522666155969965	0	0.00856214939474461	0	0.000119694539535106	0	0.000167572355349149	0.000111714903566099	0	0.000821902504807731	0	0	4.78778158140426e-05	0	0.000646350513489575	8.7775995659078e-05	0	0	0.000502717066047447	0.00171562173333653	0.00545807100280085	0.00114108794356801	0.000478778158140426	0.00509100774822653	0	0	0.00338336565085901	0.00401375689241057	0	0	0	0.00229813515907404	0	0.000103735267597092	0	0	0.00504312993241248	0.000103735267597092	0	0	0.000678269057365603	0	0	0	0	0.00487555757706333	0	0.0303066574102889	0.0121849041246738	0.00153209010604936	0	0	0.0500961546134265	0	0.000287266894884255	0.00019151126325617	0.00187521445271667	0.000183531627287163	0.0181696311014292
ERR3928938	0	0.000194296141109684	0	0.000278772724200852	0.00342130161519227	0	0.00263566939244441	0	0	0.00443502061228627	0.000718050956274921	0	0.000126714874636751	0	0	0.000143610191254984	9.29242414002838e-05	3.37906332364669e-05	0.000270325065891735	0.00106440494694871	2.53429749273501e-05	7.60289247820504e-05	0.000109819558018517	0	0	0.00857437318375346	0	0	7.60289247820504e-05	0	0	0.000168953166182334	0	0	0	0	0	0	0	0	0	0.000244982090964385	0	0	0	0	5.9133608163817e-05	0.00131783469622221	0.000135162532945867	0.0249290396702034	0.258261809826316	4.22382915455836e-05	0	0	0	0.000836318172602555	0.00157971210380483	0.00743393931202271	2.53429749273501e-05	0.0142427519091708	0.000253429749273501	4.22382915455836e-05	0	0.00331148205717375	0.00341285395688315	0.0262384267081165	0.000430830573764952	0.0028299655335541	0.00261032641751706	0	0.000101371899709401	0.00536426302628911	0	0	0.000135162532945867	0	0.000380144623910252	0	0	0.00125025342974927	0	0.000101371899709401	0	3.37906332364669e-05	0	0	0.00650469689801987	0	0	0.000557545448401703	0	5.9133608163817e-05	0	6.75812664729337e-05	0	0.000211191457727918	0	0.000506859498547003	0.020046293167534	0.000168953166182334	0	0	0.000413935257146719	5.9133608163817e-05	0.000388592282219369	0	0.000152057849564101	0	5.9133608163817e-05	0	7.60289247820504e-05	0.000194296141109684	0	0	0	0.0102554571872677	0	0	0.00472224099479624	0.0109143745353788	0	0	0.00056599310671082	0.00295668040819085	0.000430830573764952	0.00218794350206123	0.0145975535581537	0.00212880989389741	0.000743393931202271	0.000506859498547003	0.00285530850848145	0.00301581401635467	0.0234338041494898	0	0	0	5.9133608163817e-05	0	0	2.53429749273501e-05	0.0326586470230452	0.00272014597553558	0	0	0.0553237142664054	0.151018787592079	0.000244982090964385	0	0.0113367574508346	0	0	0.00200209501926066	0.0149354598905183	0.0116746637831993	0	0.00322700547408258	0.000380144623910252	0.0122237615732919	6.75812664729337e-05	0.00773805501115091	0	0.0125109819558019	0.00669054538082044	0.01042441035345	0.00117422450496722	0.00103906197202136	0.0291528688247618	0	0.00936845306481044	0.00266946002568088	0	0.00674967898898425	0.000608231398256403	0.00489119416097858	0	0	0	0	0.0696593904169764	0.00522065283503413	0.0162363992701223	0.0106440494694871	0.00897141312428195	0	0.0115226059336352
ERR3928939	0	0.14244417266064	0	0.000273684390581836	2.56579116170471e-05	0	0.00190723809686717	0	0.000119736920879553	0.00615789878809131	0.00106052701350461	0.000136842195290918	0.000136842195290918	0.000111184283673871	0	0.0218006722372844	9.40790092625061e-05	0	4.27631860284119e-05	0.000273684390581836	0	0.000102631646468188	0	0	0.000872368994979602	0.00185592227363307	5.98684604397766e-05	0	0	0.000401973948667072	9.40790092625061e-05	0.0001453948324966	0	0	0	0	0	0	0	0	0	0.000872368994979602	0.00369473927285478	0.000786842622922778	0.00068421097645459	0.00329276532418771	0	0.00213815930142059	8.55263720568237e-05	0.0121276395576576	0.260248197531709	9.40790092625061e-05	0	0.000111184283673871	0	0	0.00154802733422851	0	0	0.0195940918382183	0.000213815930142059	2.56579116170471e-05	0	0.00352368652874114	0.00162500106907965	0.000230921204553424	0	0.000641447790426178	0.000838158446156872	0	0	0.0724151792205126	0.000222368567347742	3.42105488227295e-05	0.00156513260863987	0	0.000265131753376154	0	0	0.000307894939404565	0	0.00163355370628533	0	0	0	0	0.000111184283673871	0	0	0.0124355344970622	0.00068421097645459	0	0	0.0186361964711819	0	0	0	0.000222368567347742	0.00320723895213089	0.000436184497489801	0.000632895153220495	0	0.000196710655730695	6.8421097645459e-05	0	0.000307894939404565	0.00720987316439024	0	6.8421097645459e-05	0	5.98684604397766e-05	5.98684604397766e-05	0	0	3.42105488227295e-05	0.000153947469702283	0.000111184283673871	0	0.000872368994979602	0.00355789707756387	0	0	0.00209539611539218	0.000119736920879553	0	0.00390000256579116	0.000906579543802331	0.000119736920879553	0.00143684305055464	0.000282237027787518	0.000256579116170471	0.000128289558085236	0.00903158488920059	0.000239473841759106	0.000761184711305731	0.000128289558085236	0.000239473841759106	0.000119736920879553	0	0.000102631646468188	0.00110329019953303	0.00182171172481035	8.55263720568237e-05	0.000744079436894366	0.000726974162483002	0.088023742120883	0.000547368781163672	0.00119736920879553	0.0096046115819813	0.000530263506752307	0	0	0.0539414828562387	0.0666592543810884	0	0.000367763399844342	0	0.00216381721303764	0	0.00398552893784799	0.000983553278653473	0.00312171258007407	0.00450723980739461	0.00630329362058791	0.00322434422654225	0.000898026906596649	0.0177894853878193	0	0.00147960623658305	0.000350658125432977	0	0.0022322383106831	0.000239473841759106	0.00372039718447183	0.000350658125432977	0	0.000615789878809131	0	0.0605697766906426	0	0.0023776331431797	0.00835592654995168	0.00460131881665712	0.000230921204553424	0.0106736912326916
ERR3928940	0.00142511927628725	0.000260239172191586	0	0.000210669806059855	0.0023545448912572	0.000855071565772353	0.00162339674081418	6.19617076646632e-05	0.000173492781461057	0.0053534915422269	0.000669186442778363	0	0.000260239172191586	0.000123923415329326	0.000855071565772353	0.00304851601710143	0.000161100439928124	0	0.000978994981101679	0.00136315756862259	0.00439928124419109	0.000148708098395192	0	0	8.67463907305285e-05	0.000669186442778363	0.0696201747320156	0	7.43540491975959e-05	0	0	0.0077823904826817	0.000408947270586777	0	0	0	0	0	0.000223062147592788	0	0	0.000285023855257451	0.0271020509325237	0	0.00023545448912572	0.00023545448912572	0	0.00490736724704133	0	0.00454798934258628	0.127988103352128	0	0	0.0149575562302497	0	0.00102856434723341	0.00577483115434661	0	0	0.0111407150381065	0.00223062147592788	0	0	0.00432492719499349	0.00508086002850239	0.000495693661317306	0	0	7.43540491975959e-05	0	0	0.180023545448913	0	0	6.19617076646632e-05	0	0	0.00122684181176033	0.00209430571906562	0.00156143503314951	0	0.0263213334159489	0	0	0	0	0.00479583617324493	0.000446124295185575	0	0.000322200879856249	0	0.0127765041204536	0	0	0	0.000123923415329326	0	0.000136315756862259	0.0405849185203544	0.0012516264948262	0.00152425800855072	0.00214387508519735	0.000272631513724518	0	0.000731148150443026	0	0.000793109858107689	0	9.91387322634612e-05	0	6.19617076646632e-05	0.000867463907305285	0.000111531073796394	0	0	0.00491975958857426	9.91387322634612e-05	0.00162339674081418	0.00130119586095793	0.00101617200570048	0	0.000148708098395192	0.000384162587520912	0.00213148274366442	0.00369291777681393	0.000954210298035814	0.0368672160604746	0.00192081293760456	0.000359377904455047	0.00018588512299399	0.0047462668071132	0.000557655368981969	0.00817894541173555	0	0.000322200879856249	0	0.000309808538323316	0	0	0	0.0874279695148398	0.00115248776256274	0	0	0.0309560691492658	0.0906004089472706	0.000359377904455047	0	0.00798066794720862	0	0.00112770307949687	0.000693971125844228	0.0120825329946093	0.00107813371336514	0	0.000408947270586777	0.000198277464526922	0.00551459198215503	0.00226779850052667	0.00477105149017907	0.000136315756862259	0.00255282235578413	0.000755932833508892	0.00226779850052667	0.00157382737468245	0.000632009418179565	0.011586839333292	4.95693661317306e-05	0.000780717516574757	0.000743540491975959	0	0.00168535844847884	0.000123923415329326	0.000297416196790384	0	0	0	0.00154904269161658	0.03938286139166	0.000309808538323316	0.011227461428837	0.0103723898630646	0	0	0.00570047710514902
ERR3928941	0	0.000183608585150897	0	0.000251253853364386	0	0.00148819590069675	0.00119828760835322	7.73088779582725e-05	0	0.00540195784733429	0.000463853267749635	0.000164281365661329	0.000154617755916545	5.79816584687044e-05	0	0.0326050192789014	7.73088779582725e-05	0	0.00030923551183309	0	0	0.000241590243619602	0.000115963316937409	0	0.00172012253457156	0.000173944975406113	5.79816584687044e-05	7.73088779582725e-05	0	0.0022419574607899	0	5.79816584687044e-05	0	0	0	0	0	0	0.000144954146171761	0	0	0.000193272194895681	0	0	0	0	0.000154617755916545	0.00258018380185735	9.66360974478407e-05	0.0173848339308665	0.435944762806699	0.000144954146171761	0	0	0	6.76452682134885e-05	0.00143987785197283	6.76452682134885e-05	0	0.00924807452575835	0.000125626926682193	0	0.000231926633874818	0	0.0026091746310917	0	5.79816584687044e-05	0	4.83180487239203e-05	0	0.000106299707192625	0.00367217170301795	0	0	0.00057015297494226	0	0.000386544389791363	0	0	0	0	0.00426165189744977	0	0	0	0	0.00489945014060552	0	0	0.000173944975406113	0	0	0	0	0	0	0	0.000444526048260067	0.00211633053410771	0	0.000135290536426977	0	0.000241590243619602	0	0	0	0.000280244682598738	0	0	0	4.83180487239203e-05	0	4.83180487239203e-05	0	1.93272194895681e-05	0	7.73088779582725e-05	0	0.000579816584687044	0.00180709502227462	0	0	0.00083107043805143	0.000376880780046579	0	0.00253186575313343	0.00907412955035224	0.000850397657540998	0.00238691160696166	0.000241590243619602	0.00119828760835322	0.000222263024130034	0.000251253853364386	0.000106299707192625	0.00172978614431635	0	0.000367217170301795	0	0	0	0.0233666083628879	0.00287009209420087	0	0	0.084894811607928	0.0254346208482717	0.000715107121114021	7.73088779582725e-05	0.00464819628724114	0.000734434340603589	0	0	0.00689015374803104	0.0943748127675612	0.000811743218561862	0.000550825755452692	0	0.00793382360046772	0	0.00483180487239203	0	0.00425198828770499	0.00220330302181077	0.0113160870111421	0.00188440390023289	0.000492844096983987	0.0606488147582648	0	0.000386544389791363	0	0	0.00505406789652207	0.000560489365197476	0.00706409872343715	0	0.000483180487239203	0.00113064234013974	0.000144954146171761	0.0702641064543249	0	0.00516036760371469	0.0040007344343406	0.0032759637034818	0	0.00584648389559436
ERR3928942	0	0.0477944619611026	0	0.000273155808072925	0.00641525926388412	0.00454219086566978	0.000171697936502981	9.36534199107171e-05	0.000140480129866076	0.00689133081509693	0.000702400649330378	0	8.58489682514906e-05	0.00010926232322917	0	0.00828052321043924	0.00010926232322917	0	7.02400649330378e-05	0.000156089033184528	2.34133549776793e-05	9.36534199107171e-05	0.00101457871569943	0	0	0.000749227359285737	0.0456248243998377	0	3.90222582961321e-05	0.000444853744575906	0	0.0330284394218462	0	0	3.12178066369057e-05	0	7.80445165922642e-05	0	0	0	0	0.000202915743139887	0	0	0	0	0.000241938001436019	0.0016233259451191	0	0.0611400742983798	0.123232291699185	0.00010926232322917	0	0	0	0	0.00693035307339306	0.00615771235912965	0	0.0234679861392939	0.000249742453095246	0	0	0.00184185059157744	0.00100677426404021	0.000163893484843755	0.00032778696968751	0	0	0	0.000374613679642868	0.000749227359285737	0	0	0	6.24356132738114e-05	7.80445165922642e-06	0.0104813785783411	0.0209315393500453	0.00759373146442731	0	0.0123310336215777	0	0	0	0	0.00403490150782006	0	0	0.000171697936502981	0	5.4631161614585e-05	0	7.02400649330378e-05	5.4631161614585e-05	6.24356132738114e-05	0.00010926232322917	0.00789030062747791	0.0423937814129179	0.000421440389598227	0.00132675678206849	0.00182624168825898	0.000967752005744076	3.12178066369057e-05	0	0.00010926232322917	0.00129553897543159	0	3.90222582961321e-05	0	0	9.36534199107171e-05	7.80445165922642e-05	0	0	0.00156869478350451	0	0.000429244841257453	0.00132675678206849	0.00575188087284987	0.00010926232322917	0.000663378391034246	0.000483876002872038	0.000132675678206849	0.00622795242406269	0.00303593169543908	0.0320684918677614	0.000515093809508944	0.0011238410389286	0.00153747697686761	0.0219305091624262	0.00063216058439734	0.00828052321043924	0.000101457871569943	0.00138138794368308	0	0.00032778696968751	0	0	3.12178066369057e-05	0.0494099834545625	0.00242718446601942	0.000132675678206849	8.58489682514906e-05	0.0448990103955296	0.0636687166359692	0.00054631161614585	0	0.0236865107857522	0	0.00043704929291668	0	0.0658227452939156	0.00796834514407018	7.02400649330378e-05	0.000312178066369057	0.000241938001436019	0.0132987856273218	0.00452658196235133	0.0154684231885868	0.000905316392470265	0.00267692691911466	0.00199013517310274	0.00343395873005963	0	0.00105360097399557	0.00588455655105672	0	0.00223207317453876	0.00149065026691225	0	0.00216963756126495	0.000335591421346736	0.000905316392470265	0	0	0	0.00143601910529766	0.0685777167296226	0.00404270595947929	0.00436268847750757	0.0098648268972622	0	0	0.010754534386414
ERR3928943	0.00163358471143733	0.00448676348826281	0	0.000503502137086849	0.00538187839863942	0	0.000805603419338958	0	0.000234967663973863	0.0205093203840043	0.000850359164857789	0	0.00252869962181395	0.00469935327947725	8.9511491037662e-05	0.00420704007877011	0.000123078300176785	7.83225546579542e-05	0.000156645109315908	0	8.9511491037662e-05	0.00010070042741737	0	0	0	0.00181260769351265	4.4755745518831e-05	0	8.9511491037662e-05	0	0	0.0109315908429745	0	0	6.71336182782465e-05	0	4.4755745518831e-05	0	0.00359164857788619	0	0.000223778727594155	0	0	0	0	0.000559446818985387	0.000738469801060711	0.00448676348826281	6.71336182782465e-05	0.0407612952312753	0.202553315281849	0.0109427797793542	0	0	0	0	0.0015888289659185	0.0268646362476783	0	0.0196142054736277	0.000167834045695616	7.83225546579542e-05	0.000212589791214447	0.000917492783136035	0.00435249625170631	0.00543782308053796	0.00249513281267483	0	0.00102938214693311	0	0.00298744601338197	0.00269653366750957	0.00132029449280551	0.000123078300176785	0	0	0	0.000816792355718665	0.000604202564504218	0.000156645109315908	0	0.00509096605276702	0	0	0.000190211918455032	0	0.00206995323024593	0.00257345536733278	0.00748539843802448	0.00341262559581086	0	0	0	0	0.000537068946225972	0	0	0	0.041499765032336	0.00672455076420435	0.000503502137086849	0.000290912345872401	0.000324479155011525	0.000145456172936201	0	0.00513572179828586	0.00707140779197529	0.00529236690760176	0	0	5.59446818985387e-05	0	0	0	0	0.000783225546579542	0.000134267236556493	0	0.00204757535748652	0.00215946472128359	0.00822386823908519	0.000302101282252109	0.000201400854834739	0.000134267236556493	0.00255107749457337	0.000604202564504218	0.0244813927988005	0.00174547407523441	0.00044755745518831	0.00108532682883165	0.01569807774073	0.000906303846756327	0.028867455859646	0	0.000380423836910063	5.59446818985387e-05	0.000302101282252109	0.000156645109315908	0	0	0.00893996016738649	0.00463221966119901	0	0	0.0150603083670866	0.14011905028308	0.00024615660035357	0	0.00716091928301296	0	0.000234967663973863	0.00124197193814756	0.065197932284557	0.00316646899545729	0	0.000324479155011525	0	0.00214827578490389	0	0.00810078993890841	0.0229485085147806	0.0187638463087699	0.0098238861413834	0.00426298476066865	0.00369234900530356	0.000559446818985387	0.0145344283572404	0.000145456172936201	0.000962248528654866	0.000973437465034574	0.0118267057533511	0.00175666301161412	0.000302101282252109	0.000324479155011525	0	0	0.000883925973996912	0.00104057108331282	0.0451697361648802	0.00125316087452727	0.00326716942287466	0.0168393492514602	0	0.00054825788260568	0.00901828272204444
ERR3928944	0	0.000185482873747991	0	0.000208668232966489	8.50129838011624e-05	0	0.00013138370223816	4.63707184369976e-05	0	0.00500803759119575	0.000533263262025473	0.000139112155310993	0.000193211326820824	9.27414368739953e-05	0	0.000154569061456659	0.000115926796092494	0	0	0.000231853592184988	0	0	0	0.000826944478793125	0.000587362433535304	0.000216396686039322	0	0	0	0.00152250525534809	0.000208668232966489	0.000162297514529492	0	0	3.86422653641647e-05	0	0	0	0.000146840608383826	0	0	0.00026276740447632	0	0	0	0	0	0.00103561271175961	0.000100469889946828	0.040388895758625	0.224557932484234	0.000247310498330654	0	0.000401879559787313	0	5.40991715098306e-05	0.241568257697539	0.000162297514529492	0	0.0247928774576481	0.000231853592184988	5.40991715098306e-05	0	6.95560776554965e-05	5.40991715098306e-05	0.00013138370223816	0	0	0.000100469889946828	0	8.50129838011624e-05	0.000703289229627798	0	0	0.00182391492518857	0	0.000309138122913318	0	0	0.000796030666501793	0	0.0149700136020774	0	0	0	0	0.0211064053419068	0.0214000865586744	0	0.000324595029058984	0.000185482873747991	0.029375850129838	0	0	0	6.18276245826635e-05	0	0	0.00191665636206257	0.000417336465932979	6.18276245826635e-05	0	0	0.000123655249165327	0	8.50129838011624e-05	0.000231853592184988	0	0	0	3.86422653641647e-05	0	0	0	0	0.00013138370223816	0	0	0	0.00492302460739458	0	0	0.00460615803140843	0.000633733151972301	0.000680103870409299	0.00444386051687894	0.000780573760356127	0.000185482873747991	0.00264313095090887	0	0.000734203041919129	0.000340051935204649	0.00026276740447632	0	0	0.000208668232966489	0	0	0	0	0.00136793619389143	0.000989241993322617	0.000278224310621986	0	0.000904229009521454	0.0528085198466675	0.00141430691232843	0.000363237294423148	0.0140735130456288	0.00490756770124892	0	0	0.0582493508099419	0.000966056634104118	0.000479164090515642	0.000270495857549153	0	0.0176440583652776	0	0.00650735748732534	0	0.000208668232966489	0.000224125139112155	0.00275905774700136	0.00107425497712378	0	0.000510077902806974	0	0	0	0	0.00202485470508223	0.000896500556448621	0.0148231729936936	0	0.000873315197230122	0.000355508841350315	0	0.0973398664523309	0.00387968344256214	0.0098305923086435	0.0179995672066279	0.0025813033263262	0	0.0237572647458885
ERR3928945	0	0.000191062114293357	0	0.00021972143143736	0	0	8.59779514320105e-05	4.77655285733392e-05	0	0.00379258296872313	0.00057318634288007	0.000143296585720018	9.55310571466784e-05	8.59779514320105e-05	0	0.000277040065725367	8.59779514320105e-05	0	2.86593171440035e-05	0.000191062114293357	0	0	0	0.000726036034314756	0.000525420814306731	0.000162402797149353	0	0	0	0.00129922237719483	0.000152849691434685	0.000162402797149353	0	0	4.77655285733392e-05	0	0	0	9.55310571466784e-05	0	0.000114637268576014	0.000296146277154703	0	0	0	0	0	0.00120369132004815	3.82124228586714e-05	0.0314297178012572	0.178375589904278	0	6.68717400026749e-05	0.000105084162861346	0	0.000105084162861346	0.316943388295535	9.55310571466784e-05	3.82124228586714e-05	0.018724087200749	0.000181509008578689	0	0	0	0	0.000124190374290682	0	0	3.82124228586714e-05	0	6.68717400026749e-05	0.000534973920021399	0	0	0.00183419629721622	0	0.000448995968589388	0	0	0.00114637268576014	0	0.019383251495061	0	0	0	0	0.0113873020118841	0.013374348000535	0	0	0.000238827642866696	0.0180553698007222	0	3.82124228586714e-05	0	0	0	0	0.00144251896291484	0.000191062114293357	7.64248457173427e-05	0	0	0.000181509008578689	0	0	0	0	3.82124228586714e-05	0	0	0	5.7318634288007e-05	0	0	0	0	0	0	0.00442308794589121	0	0	0.00256023233153098	0.000257933854296032	0.000315252488584039	0.00239782953438163	0.000745142245744091	0	0.00189151493150423	0	0.00035346491144271	0	0.000162402797149353	0	0	0.000143296585720018	0	0	0	0	0.00104128852289879	0.000745142245744091	0.000210168325722692	0	0.000716482928600088	0.0525325283249584	0.00126100995433615	0.000238827642866696	0.0127151837062229	0.00367794570014712	0	0	0.081335142054682	0.000401230440016049	0.000649611188597413	0.000296146277154703	0	0.0199659909436558	0	0.00771890941745161	0	0.000162402797149353	0	0.00290414413725902	0.00119413821433348	0	0.000248380748581364	0	0	0	0	0.00145207206862951	0.000525420814306731	0.00982059267467854	0	0.000735589140029424	0.000410783545730717	0	0.107959647681461	0.00395498576587249	0.00989701752039588	0.0148455262805938	0.00217810810294427	0	0.0215900189151493
ERR3928946	0.000232124538558881	0.000232124538558881	0	0.000509176407161416	0.0124673340871141	0	0.00142269878471572	8.23667717466997e-05	9.73425484279178e-05	0.00798208897108926	0.000943473930916742	0.000187197208515227	0.000209660873537054	0.000179709320174618	0	0.0153202195448861	0.392575009921452	0	0.00213404817707358	0.000112318325109136	0	0	0	0	0.000164733543493399	0.00056159162554568	0	0	0	0	0	0.000531640072183244	0	0.0193487034721338	0.00773498865584916	0	0	0	5.99031067248725e-05	0	0	0	0	0	0	0	0	0.000516664295502025	7.48788834060907e-05	0.0356723000546616	0.0467468869104224	0.00860358370335982	0	0	0	9.73425484279178e-05	0.00169975065331826	0.0384053792989839	0	0.0191839699286404	0.000314491310305581	0	0	0.00176714164838374	0.000464249077117762	0.0159342263888161	0.00047922485379898	0.0140547664153232	0.00453766033440909	0	6.73909950654816e-05	0.00345191652502078	0	0	0	0	0	0.000112318325109136	0.000464249077117762	0.000456761188777153	0	0.0028079581277284	0.000464249077117762	2.99515533624363e-05	0	0	0.00307003421964972	0	6.73909950654816e-05	0.0162412298107811	8.23667717466997e-05	0	0	7.48788834060907e-05	0	0	0	3.74394417030453e-05	0.0163685239125714	0.00686639360833851	0.00163235965825278	0.000112318325109136	0.000426809635414717	0	0	0.000119806213449745	0.000142269878471572	0	2.99515533624363e-05	0	3.74394417030453e-05	0	0	0	2.99515533624363e-05	0.00291278856449693	0.000119806213449745	0	0.000284539756943144	0.0027255913559817	0.00863353525672225	0	0.000524152183842635	0.00166231121161521	0.00176714164838374	0.000913522377554306	0.0824116990767434	0.00213404817707358	0.00125796524122232	0.000224636650218272	0.00490456686309894	0.00216399973043602	0.0014900897797812	0	0	0	8.98546600873088e-05	0	0	6.73909950654816e-05	0.00309249788467154	0.000868595047510652	8.23667717466997e-05	0.000516664295502025	0.00658934173973598	0.0312918853754053	0.000434297523755326	0	0.00839392282982276	0.000119806213449745	9.73425484279178e-05	0	0.00509176407161416	0.00372148050528271	0	0.000119806213449745	0.000569079513886289	0.0137702266583801	0	0.00393114137881976	0.00252341837078525	0.00713595758860044	0.00182704475510861	0.000599031067248725	0.000224636650218272	0.000943473930916742	0.0065294386330111	0	0.000359418640349235	0.000307003421964972	0	0.0013253562362878	0.000351930752008626	0.000793716164104561	0	0	0.000292027645283754	0.0047098817662431	0.038689919055927	0.000172221431834008	0.0227182532254079	0.0102958464683375	0	0	0.00238863638065429
ERR3928947	0.000387264529335288	0	0	0.000378043945303496	0.0108526274054199	0	0.000590117378034725	0	0	0.00605792370888772	0.00093127898721105	0.000175191096604059	0.000156749928540474	0.000138308760476889	0	0.014937346131504	0.502217550459646	0	0.0049606742091044	0.000147529344508681	0	0	0	0	0.000119867592413303	0.000737646722543406	6.4544088222548e-05	0	0	0	0	0.00109724949978332	0	0.0223506956930652	0.0128442735562871	0	0	0	0	0	0	0.000184411680635851	0	0	0	0	0	0.000663882050289065	6.4544088222548e-05	0.0359879394760864	0.0415295104791938	0.00826164329248615	0	0	0	0.000119867592413303	0.00176113155007238	0.0329728084976902	0	0.0153153900768075	0.000202852848699437	0	0	0.00206541082312154	0.000414926281430666	0.0167261394336717	0.000433367449494251	0.0168644481941486	0.00580896794002932	0	0	0.00374355711690778	0	0	0	0	0	0.000129088176445096	0.000562455625939347	0.000663882050289065	0	0.00342083667579504	0.000525573289812177	0	0	0	0.00177957271813597	0	6.4544088222548e-05	0.00908227527131569	0.000101426424349718	0	0	0	0	0	0	0	0.0135081556065761	0.0113505389431367	0.00189021972651748	0.000193632264667644	0.000313499857080948	0	0	7.37646722543406e-05	0.000193632264667644	0	0	0	3.68823361271703e-05	0	4.61029201589629e-05	0	2.76617520953777e-05	0.00200086673489899	5.53235041907554e-05	0	0.000258176352890192	0.00194554323070823	0.00579052677196574	0	0.000313499857080948	0.000368823361271703	0.00163204337362729	0.000673102634320858	0.0276617520953777	0.00132776410057813	0.000553235041907554	0.000156749928540474	0.001733469797977	0.00255410177680654	0.00192710206264465	0	0	0	0	0	0	0	0.00354070426820835	0.000783749642702369	0.000129088176445096	0.000396485113367081	0.00721971729689358	0.031562059140826	0.000267396936921985	0	0.0034761601799858	0.000147529344508681	0.000129088176445096	0	0.00640830590209584	0.00389108646141647	0	6.4544088222548e-05	0.000295058689017362	0.0125584354513015	0	0.00378043945303496	0.0064544088222548	0.0054585857468212	0.000728426138511613	0.000654661466257273	0.000175191096604059	0.00060855854609831	0.00392796879754364	0	0.000507132121748592	0.0002489557688584	0	0.00096816132333822	0.000184411680635851	0.000295058689017362	0	0	0.000267396936921985	0.0028583810498557	0.0240011802347561	0.000147529344508681	0.0132868615898131	0.00735802605737047	0	0	0.00203774907102616
ERR3928948	0	0.000258417572394923	0	0.000296420156570647	0.00155050543436954	0.00128448734513947	0.000532036178460135	0	0	0.00465151630310861	0.00036482480808695	0.000129208786197461	0.000744850649844189	8.36056851865927e-05	3.04020673405792e-05	0.00688606825264118	0.000136809303032606	0	0.000212814471384054	0.00019001292087862	0.00883940107927339	3.80025841757239e-05	0	0	3.80025841757239e-05	0.00408147754047275	0	0	0.000136809303032606	3.80025841757239e-05	0	0.0175951964733602	0	0	0	0	0	0	0	0	0	0.000182412404043475	0	0	0	0	0	0.00640723569202706	5.32036178460135e-05	0.00243976590408148	0.0456487041118796	0.000212814471384054	0.00433229459603253	0.0514707000076005	0	0	0.382055179752223	0.00594360416508323	0	0.0100934863570723	0.00017481188720833	0	3.80025841757239e-05	0.000250817055559778	0.000532036178460135	0.000159610853538041	3.80025841757239e-05	0	4.56031010108687e-05	0	0.000235616021889488	0.00526715816675534	0	0	0	0	0	0.00178612145625903	0.00164931215322642	0	0	0.00573839021053432	0	0	0	0	0.010709128220719	0.00479592612297636	0.00034962377441666	0.000798054267690203	0.000258417572394923	0	0	4.56031010108687e-05	0	3.80025841757239e-05	0	0	0.00326062172227711	0.000471232043778977	0.000144409819867751	0.00118568062628259	0.000288819639735502	6.08041346811583e-05	0	6.84046515163031e-05	0.000144409819867751	0	3.80025841757239e-05	0	0	0	3.80025841757239e-05	0	0	0.00362544653036406	0	0	0.0021205441970054	0.00650604241088394	0	0.000129208786197461	9.88067188568823e-05	0	0.000152010336702896	0.000988067188568823	0.00813255301360493	0.00170251577107243	0.000615641863646728	0.000197613437713765	0.00145169871551265	0	0.00294900053203618	0	0.00088926046971194	0	8.36056851865927e-05	0	0	0	0.000828456335030782	0.000440829976438398	0	0	0.0198829520407388	0.109622254313293	9.88067188568823e-05	0	0.0114083757695523	0	0.000182412404043475	0.00563958349167743	0.0878467735806035	0.0212358440373945	0	0.000524435661624991	0.00053963669529528	0.00235616021889488	0.00286539484684959	0.00361024549669378	9.88067188568823e-05	0.000402827392262674	0.01443338146994	0.00414988219198906	0.00156570646803983	0.00164931215322642	0.0105723189176864	0	0.00423348787717565	0.000676445998327886	0	0.00658204757923539	0.000372425324922095	0.00223455194953257	0	0	0	0.0017481188720833	0.0354716120696207	0	0.00351903929467204	0.0108383370069165	0	0	0.00915862278634947
ERR3928949	0	0.000697999069334574	0	0.000507635686788781	0.00418799441600745	0.00583781039807098	0.000867210964930835	0	0.000296120817293456	0.011675620796142	0.00145945259951775	0.000338423791192521	0.00213630018190279	0.000148060408646728	0.00016921189559626	0.0177884005245569	0.000211514869495326	0.000105757434747663	0.00082490799103177	0.000444181225940184	0.0215110622276746	0	0	0	0	0.0111468336224037	0	0	0.000359575278142053	0	0	0.0400820677693642	0	0	4.23029738990651e-05	0	0.000190363382545793	0	0.000486484199839249	0	0	0.000380726765091586	0	0	0	0	0	0.0188036718981344	8.46059477981302e-05	0.00831253437116629	0.0560302889293117	0.000148060408646728	0.00640890054570836	0.00860865518845975	0	0	0.076695291679005	0.00194593679935699	0	0.0199670036803587	0.000423029738990651	0	0	0.00131139219087102	0.00164981598206354	0.000338423791192521	0	0	0	0	0.000951816912728965	0.0161597360294429	0.000190363382545793	0	0	0	0	0.00615508270231397	0.00503405389398875	0.000148060408646728	0	0.0150810101950167	0	0	0	0	0.0223571217056559	0.00837598883201489	0.000274969330343923	0.00203054274715512	0.000486484199839249	0	0	0	0	0.000190363382545793	0	0	0.0104488345530691	0.000782605017132704	0.000761453530183172	0.00452641820719997	0.000274969330343923	0.000126908921697195	0	0.000338423791192521	0.000613393121536444	0	0	0	0.000190363382545793	0	0.000148060408646728	0	0.000126908921697195	0.00258048140784297	0.000211514869495326	0	0.00365920724226913	0.0162654934641905	0	0.000232666356444858	0.000253817843394391	0.000148060408646728	0.00109987732137569	0.00425144887685604	0.0312830491983586	0.0063665975718093	0.00196708828630653	0.000592241634586911	0.00437835779855324	0.000232666356444858	0.000338423791192521	0	0	0	0	0	0	0	0.00211514869495326	0.00131139219087102	0	0	0.0291255975295063	0.0417953382122763	0.00016921189559626	0	0.0226320910359998	0.00016921189559626	0.000507635686788781	0.0153136765514616	0.197533736621684	0.0444181225940184	0	0.000274969330343923	0	0.00613393121536444	0.00759338381488219	0.00941241169254199	0	0.00154405854731588	0.0475485426625492	0.00230551207749905	0	0.00192478531240746	0.00797411057997377	0	0.00930665425779432	0.00082490799103177	0	0.00368035872921866	0.000359575278142053	0.00746647489318499	0	0	0	0.000571090147637379	0.0156309488557046	0	0.00746647489318499	0.0201150640890055	0	0	0.00251702694699437
ERR3928950	0	0.000421033362317514	0	0.000320351471328543	6.40702942657087e-05	0	0.00287401034277607	0	8.23760926273397e-05	0.00455814379204613	0.000576632648391378	0.000100681890988971	0.000109834790169786	8.23760926273397e-05	0	0.00584870257654112	9.15289918081552e-05	0	0.000100681890988971	0.0442634204384239	0	5.49173950848931e-05	6.40702942657087e-05	0	6.40702942657087e-05	0.0145348038991351	0	5.49173950848931e-05	0	0	0	0	0	1.8305798361631e-05	0	0	0	0	8.23760926273397e-05	0	0	0.000274586975424466	0	0	0	0	4.57644959040776e-05	0.00122648849022928	0	0.0197702622305615	0.323966866504965	0	5.49173950848931e-05	0	0	5.49173950848931e-05	0.0857443595258798	0	0	0.0262413619513981	0.000100681890988971	4.57644959040776e-05	0	0.00357878357969887	0.00103427760743215	0.00380760605921926	0	0.00780742300123564	0	0	0	0.00750537732826873	0	0	0	0	0	0.000924442817262368	0	0.000796302228730951	0	0.00499748295272528	0	0	0	0	0.0113953594801153	0	0	9.15289918081552e-05	0.000155599286073864	0	0	2.74586975424466e-05	0	0	0	0	0.00632465333394353	0.000164752185254679	9.15289918081552e-05	0	0	0.000155599286073864	0	0	0.000164752185254679	0	3.66115967232621e-05	0	6.40702942657087e-05	0	0	0	0	0.00332250240263603	0	0	0.000842066724635028	0.00299299803212668	0	0.000201363781977942	0.000302045672966912	0	0.000302045672966912	0.00110750080087868	0.0210059036199716	0.0020044849205986	0.00087867832135829	0.00026543407624365	0.000951901514804814	0.000723079035284426	0.00562903299620155	0	0.00165667475172761	0	0.000118987689350602	0	0.000146446386893048	4.57644959040776e-05	0.000851219623815844	0.000933595716443183	0	0	0.0115875703629125	0.125358107180449	0.00018305798361631	0	0.00632465333394353	0.000979360212347261	0	0.000723079035284426	0.0183149512608119	0.0743398471465837	0	0.000402727563955883	0	0.00521715253306485	0.00186719143288637	0.00206855521486431	0.00184888563452474	0.00283739874605281	0.00153768706237701	0.00196787332387534	0.00192210882797126	0.000201363781977942	0.0199350144158162	0	0.00108919500251705	0.000677314539380349	0	0.00425609811907922	0.000329504370509359	0.00153768706237701	0	0	0	0.00369777126904947	0.0588714475310054	0.00230653059356551	0.00494256555764038	0.0147910850761979	0	0	0.00458560248958858
ERR3928951	0.00852740122813116	0.000301239717298111	0	0.000370756575136137	0.0177036264627505	0.000440273432974163	0.000880546865948326	0	0	0.00553817634109605	0.000880546865948326	0	0.000278067431352103	0	0.000602479434596223	0.00799443865137296	0.0272969528443981	0	0.00278067431352103	0.000857374580002317	0.000764685436218283	0	0	0	0	0.000393928861082146	0.0725292550110068	0	0	0	0	0.000301239717298111	0.00952380952380952	0.0024330900243309	0	0	0	0	0	0	0	0	0	0	0	0	0	0	0.0416405978449774	0.000301239717298111	0.048615455914726	0.000996408295678369	0.0741976595991194	0.0193720310508632	0	9.26891437840343e-05	0.286409454292666	0.00442590661568764	0	0.0109604912524621	0.000139033715676051	0.00106592515351639	0.000278067431352103	0.00196964430541073	0.000347584289190129	0.00127447572703047	0	0.00064882400648824	0	0	0	0.00560769319893407	0	0	0	0	0	0.00115861429730043	0.00410149461244352	0.00101958058162438	0.00106592515351639	0.00690534121191055	0.000950063723786352	0	0	0	0.00331363689027923	0.00194647201946472	0	0.00660410149461244	0	0.0904182597613254	0.000254895145406094	0	0.000231722859460086	0	0	0.000440273432974163	0.0332522303325223	0	0.00468080176109373	0	0.000417101147028154	0	0	0	0	0	0	0	0	0.000139033715676051	0	0	0	0	0	0	0.000208550573514077	0.000926891437840343	0	0.0064882400648824	0	0.000880546865948326	0.0138570269957131	0.00234040088054687	0.0779283976364268	0.00111226972540841	0.000695168578380257	0	0.00653458463677442	0	0.00551500405515004	0	0	0	0.000254895145406094	0	0	0.00906036380488935	0.013578959564361	0.00354535974973931	0	0	0.0086432626578612	0.0258834434016916	0.000695168578380257	0	0	0	0	0	0.000625651720542232	0	0	0	0	0	0	0	0	0	0	0.000231722859460086	0	0	0.00287336345730506	0	0	0	0.00159888773027459	0	0	0	0	0	0	0	0.000880546865948326	0	0	0	0	0	0
ERR3928952	2.20672610115632e-05	0.000353076176185012	0	0.000419277959219702	0.00034204254567923	0	0.000308941654161885	5.51681525289081e-05	0	0.00599126136463942	0.000970959484508783	0.000165504457586724	0.00172124635890193	0.000132403566069379	0	0.0382425633330391	0.000154470827080943	0	0	0.000463412481242828	0	0.000198605349104069	0	0	0.00116956483361285	0.00447965398534734	0.0128762468002472	0	0	0.000264807132138759	0	0.0273192691323153	0	0	0	0.000132403566069379	0	0	0.000143437196575161	0	0.000308941654161885	0.000827522287933622	0	0.000430311589725483	0.000176538088092506	0	0.000308941654161885	0.0805344690617001	0.000110336305057816	0.018944743578427	0.284171153676406	0.000132403566069379	0	0	0	6.62017830346897e-05	0.00159987642333834	0.0069622208491482	0	0.0150829729014035	0.000275840762644541	8.8269044046253e-05	0	0.000794421396416277	0.00164401094536146	0.00375143437196575	0.000132403566069379	0	4.41345220231265e-05	0	0.000893724070968311	0.0052851090122694	0	3.31008915173449e-05	0	0	0	0.00142333833524583	0.00387280430752935	0.00232809603671992	0	0.0108019242651602	0	0.000253773501632977	0.000209638979609851	0	0.00463412481242828	0.000463412481242828	0.00136817018271692	0.000165504457586724	0.000518580633771736	0.00214052431812163	0.000761320504898932	0.00119163209462442	0	0.000275840762644541	0	0	0.00184261629446553	0.000993026745520346	0	0	0.000628916938829552	0.000198605349104069	0	0	0.000485479742254391	0	4.41345220231265e-05	0	0	0	0	3.31008915173449e-05	0	0	5.51681525289081e-05	0	0.000253773501632977	0.000728219613381587	0	0	0.000551681525289081	0	0.000529614264277518	0.000209638979609851	0.0193419542766352	0.001919851708006	0.000805455026922058	0.000209638979609851	0.000165504457586724	0	0.00604642951716833	3.31008915173449e-05	0.00131300203018801	0	0.000187571718598288	0	0	0	0.00094889222349722	0.000551681525289081	0	0	0.0134941301085709	0.129909965575073	0.000231706240621414	0	0.00703945626268867	0.00146747285726896	0	0.00151160737929208	0.0466170888869274	0.047797687351046	0	0.000761320504898932	0	0.00176538088092506	0.00167711183687881	0.00370729984994263	0.00207432253508695	0.00227292788419101	0.00519683996822314	0.00502030188013064	0.00189778444699444	0.000684085091358461	0.0102171418483538	0	0.00199708712154647	0	0	0.00482169653102657	0	0.00236119692823727	0	0	0	0.00412657780916233	0.0601553535175214	0.00444655309382999	0.0176207079177332	0.0115632447700591	0.00626710212728396	0	0.0162856386265337
ERR3928953	0	0.0176830105754704	0	0.000557959071556105	0.00241209998626562	0	0.000506455157258618	0	9.44238428787254e-05	0.00435208075813762	0.0005751270429886	0.000128759785743717	0.000171679714324955	0	0	0.0120433319598956	6.86718857299821e-05	0	6.86718857299821e-05	0.00023176761433869	0	5.15039142974866e-05	0.000120175800027469	0	0.000377695371514902	0.00590578217277846	0	0	0	0.000171679714324955	0	0.000145927757176212	5.15039142974866e-05	0	0	0	0	0	0	0	0	0.000180263700041203	0	0.000145927757176212	0	0	0.000120175800027469	0.0116656365883807	6.00879000137344e-05	0.00656674907292954	0.194015245158632	0.000111591814311221	4.29199285812388e-05	0	0	0	0.0924752781211372	0.00420615300096141	0	0.00400013734377146	0.000180263700041203	0	0	0.000935654443071007	0.00157945337178959	0.00280696332921302	0.000223183628622442	0.000163095728608708	0	0	0.000291855514352424	0.0514180744403241	0	0	0.000145927757176212	0	0	0	0.00274687542919929	0.000145927757176212	0	0.00418898502952891	0	0	0	0	0.00306448290070045	0	0.000103007828594973	0.000180263700041203	0	0	0	0	0	0.000137343771459964	0	0.00015451174289246	0.00818053838758412	0.000274687542919929	0.000489287185826123	0	0.000163095728608708	0	0	0	0.000248935585771185	0	0	0	6.00879000137344e-05	8.58398571624777e-05	4.29199285812388e-05	0	0	0.00469544018678753	0	0	0.00113308611454471	0.00241209998626562	0	0	9.44238428787254e-05	0	0.000832646614476033	0.000223183628622442	0.0290138717209175	0.00241209998626562	0.000523623128691114	0.000206015657189946	0.00247218788627936	6.00879000137344e-05	0.0531949594835874	0	0.000111591814311221	0	0	0	0	0	0.0118029803598407	0.00238634802911688	0	0	0.0390399670374948	0.123068603213844	0.00015451174289246	0	0.00498729570113995	0.000163095728608708	0	0.000163095728608708	0.0333659524790551	0.0122836835599506	6.00879000137344e-05	0.0025151078148606	0.000334775442933663	0.0204384699903859	4.29199285812388e-05	0.00497871171542371	0.00104724625738223	0.0104552946023898	0.0200006867188573	0.00350226617222909	0.000360527400082406	0.00120175800027469	0.0593153412992721	0	0.0038627935723115	0.00137343771459964	0.000583711028704848	0.00321041065787667	0.000248935585771185	0.000858398571624777	0	0	0	0.00617188572998215	0.0575384562560088	0.00468685620107128	0.00812903447328664	0.00969131987364373	0.00672984480153825	0	0.0105411344595523
ERR3928954	2.5384791125477e-05	0.000203078329003816	0	0.000236924717171119	0	0	0.00152308746752862	0	0	0.00473003274638055	0.0006261581810951	9.30775674600824e-05	0.000110000761543734	0.000101539164501908	0	0.00844467384774202	0.000101539164501908	0	0.000279232702380247	0.000203078329003816	3.38463881673027e-05	0.000110000761543734	6.76927763346054e-05	0	0.000719235748555182	0.0109746913632479	5.0769582250954e-05	0	0	6.76927763346054e-05	0	0.000160770343794688	3.38463881673027e-05	0	0	0	3.38463881673027e-05	0	9.30775674600824e-05	0	0	0.000236924717171119	6.76927763346054e-05	0.000177693537878339	4.23079852091284e-05	6.76927763346054e-05	0	0.00179385857286704	5.92311792927797e-05	0.0288455843155837	0.235469322479925	0.000110000761543734	0	0	0	3.38463881673027e-05	0.00162462663203053	0.0418933669540789	3.38463881673027e-05	0.03795872432963	0.000321540687589376	0	0	0.00117616198881377	0.000456926240258586	0.00308848292026637	0.000406156658007632	0	0.00450156962625126	0	0.000160770343794688	0.0115754647532175	0	0	0	2.5384791125477e-05	0	0	0.00154001066161227	0.000448464643216761	0	0.00556773085352129	0	0.00119308518289742	0	0	0.0024707863362131	0.00610081146715631	0	0.000143847149711036	0	0	0	0.000101539164501908	0	5.0769582250954e-05	0	0	0.0123539316810655	0.000160770343794688	0.00050769582250954	0	0.000414618255049458	0	5.0769582250954e-05	0	0.00148077948231949	0	0	0	5.0769582250954e-05	0	8.46159704182567e-05	0	0	0.000380771866882155	0.000321540687589376	0	0.00256386390367318	0.00344386999602305	0	0	0.00165847302019783	0.000245386314212945	0.000126923955627385	0.000871544495308044	0.00764928372581041	0.000473849434342238	0.00222540002200015	0.00099846845093543	0.00383310345994703	0.0169655020688605	0.0155101073776665	6.76927763346054e-05	0.000634619778136926	0	0.000279232702380247	0	9.30775674600824e-05	0	0.0889652312977551	0.00235232397762754	9.30775674600824e-05	0	0.0116177727384266	0.14493023413239	0.000583850195885972	0.000152308746752862	0.00977314458330865	0	0	0.000736158942638834	0.0583765579915553	0.0396341205439115	0	0.000710774151513357	0	0.014511638926731	0	0.00800467080156709	0.00171770419949061	0.002572325500715	0.00266540306817509	0.00371464110136147	0.00206462967820546	0.0012184699740229	0.0220932298762068	0	0.00179385857286704	0.000380771866882155	0	0.00145539469119402	0.0006261581810951	0.00204770648412181	0	0.000346925478714853	0	0	0.0620911990929168	0	0.0129800898621606	0.00238617036579484	0.00123539316810655	0	0.00795390121931613
ERR3928955	0	0.000227240209734297	0	0.000193574993477364	5.04978243853994e-05	2.52489121926997e-05	0.000269321730055463	0	0	0.0195005765168284	0.000513394547918227	0.000134660865027732	0.000176742385348898	0.000126244560963498	0	0.000201991297541598	0.000143077169091965	0	5.04978243853994e-05	0.000210407601605831	0	0	0.000732218453588291	0	0.00394724660612539	0.000218823905670064	0	0.000109411952835032	0	0	0.000631222804817492	5.89141284496326e-05	0	0	5.04978243853994e-05	0	0	0	9.25793447065656e-05	0	0	0.000555476068239393	0	0	5.89141284496326e-05	0	0	0.117685179730173	5.04978243853994e-05	0.000951042359258355	0.497942213656295	6.73304325138659e-05	0	0	0	8.41630406423323e-05	0.00162434668439701	9.25793447065656e-05	4.20815203211662e-05	0.000698553237331358	0.000218823905670064	7.57467365780991e-05	0	0	9.25793447065656e-05	0.000151493473156198	0	0	5.89141284496326e-05	0	0.000151493473156198	0.145299073364923	0	0	0.000984707575515288	0	0	0	0	0	0	0.021326914498767	0	0	0	0	2.52489121926997e-05	0	0.00759150626593838	0.000159909777220431	0	0	0	5.04978243853994e-05	0	5.04978243853994e-05	5.04978243853994e-05	0	0.000976291271451055	0.00123719669744229	0	0	0	0	8.41630406423323e-05	0.00518444330356767	0.00295412272654586	0	5.04978243853994e-05	0	0.000100995648770799	0	0	0	4.20815203211662e-05	0.000134660865027732	0	0	0	0	0	0	0.00634589326443186	0	0.000159909777220431	0.000925793447065656	0.000824797798294857	7.57467365780991e-05	0	0	0	5.04978243853994e-05	0.000294570642248163	0	0	0	0	0	0	0	0.00100995648770799	0.000168326081284665	0	0	0.000664888021074425	0.00284471077371083	0.000117828256899265	0	0.00732218453588291	0.0341701945007869	0	0	0.00142235538685542	0.000126244560963498	0	0	0	0.01053721268842	6.73304325138659e-05	0.00244072817862764	5.04978243853994e-05	0.000100995648770799	0.00676670846764352	0.000100995648770799	0	0	0.000319819554440863	0	0.00446064115404361	0	0	0	0.00645530521726689	0.00185158689413131	0.000134660865027732	0	0	0	0.0655798412685053	0	0.000294570642248163	0.000100995648770799	0.00927476707878502	0	0.000370317378826262
ERR3928956	5.18583821666432e-05	0.000214841868976093	0	0.000266700251142736	0	0	0.00260032744864168	6.66750627856841e-05	8.1491743404725e-05	0.00864553314121038	0.000518583821666432	0	7.40834030952046e-05	0.000125941785261848	0.000259291910833216	0.00881592496832934	8.1491743404725e-05	0.00031855863330938	2.22250209285614e-05	0.000274108591452257	0.00229658549595134	0.000251883570523696	0.004526495929117	0	0.00149648474252313	0.0274997592289399	0.000118533444952327	0	5.92667224761637e-05	0.00360786173073646	0.000170391827118971	0.00016298348680945	0	0	0	0	0	0	0.000133350125571368	0	0.000192616848047532	0	0	0	0	0	0	0.0153352644407073	0.00015557514649993	0.0470281442848359	0.337272100931228	8.1491743404725e-05	0	0	0.00168910159057066	0.00386715364156968	0.00193357682078484	0.0120015113014231	0	0.0111940022076854	0.000800100753428209	2.96333612380818e-05	0	0.00160020150685642	0.00156315980530882	0.0156390063933977	0	0	0	0	0.000629708926309239	0.00193357682078484	0	4.44500418571228e-05	0.0015557514649993	9.6308424023766e-05	0.00270404421297497	0.00197061852233244	5.18583821666432e-05	0.000903817517761496	0	0.00256328574709408	0	0	0	0	0.00612669743597342	0	0	0.00108161768518999	0	0	0	0	0	0.000140758465880889	0	0.000133350125571368	0.00469688775623597	0.000177800167428491	0.000733425690642525	0	0.000903817517761496	0.000118533444952327	0.000622300585999718	0	0	0	0.00105939266426143	0.000185208507738011	0.000111125104642807	0.00262255246957024	0.00124460117199944	0.000444500418571227	0.000533400502285473	0.00450427090818844	0.00015557514649993	0	0.000133350125571368	0.00201506856418956	0	0.000103716764333286	0.00158538482623738	0.000185208507738011	0.000414867057333146	0.000600075565071157	0.0528585081084285	0.00102235096271382	0.00190394345954676	0.000622300585999718	0.00537845506471185	0.00204470192542765	0.00285221101916538	7.40834030952046e-05	0.00413385389271242	0.000281516931761777	0.000666750627856841	0	0.000200025188357052	0.000103716764333286	0.0413459472674337	0.00234103553780846	6.66750627856841e-05	0	0.0311817043627716	0.0466725439499789	0.00470429609654549	0.000251883570523696	0.0205062859767526	0.000414867057333146	0.00064452560692828	0.000281516931761777	0.052310290925524	0.00248920234399887	0	0.000363008675166502	0.00108161768518999	0.0120311446626612	0	0.00650452279175896	0.00165946822933258	0.00280035263699873	0.00202988524480861	0.00556366357244986	0.00163724320840402	0.00106680100457095	0.00841587459161524	0	0.00240771060059415	0.000674158968166362	0	0.00468947941592645	0	0.00344487824392701	0.00226695213471326	0	0.00114829274797567	0.00508212145233103	0.0517620737426194	0.00280035263699873	0.0128238370757799	0.0105939266426143	0	0.00124460117199944	0.0263440581406547
ERR3928957	0.000416236699936697	0.00318247643493267	0	0.000294834329121827	0.0016129172122547	0	9.53875770688265e-05	8.67159791534786e-05	0	0.0288590778622777	0.024479920915027	0.000147417164560914	0.000416236699936697	0.000104059174984174	0.000199446752053001	0.00131808288313287	0.000147417164560914	0	0.000528967472836219	0.000320849122867871	0	0.000138745566645566	0.00564521024289146	0	0.000277491133291132	0.00179502076847701	0.00674650317814064	0	0	0	0	0.0278878588957587	0	0	0	0.00089317458528083	0.00137878406854031	0	0.00012140237081487	0	0.00077177221446596	0.00816864523625769	0.010943556569169	0	0	7.80443812381307e-05	0.00100590535818035	0.182667210086803	0.00426642617435115	0.00197712432469931	0.0635367979257538	0.0106400506421318	0	0.00128339649147148	2.60147937460436e-05	0.000216789947883697	0.00782178131964377	0.0016302604080854	3.46863916613914e-05	0.00518561555337802	0.000164760360391609	0	0	0.000598340256159002	0.000320849122867871	0.000251476339545088	0	0.000823801801958047	0	0.000130073968730218	0.000780443812381308	0.00200313911844536	0	0.000156088762476261	0	0	0	0.00248874860170484	0.00474336405969528	0.00220258587049836	0.000390221906190654	0.0126692045543232	0.00072841422488922	0	7.80443812381307e-05	0	0.00236734623088997	0.000156088762476261	0.00048560948325948	0.0100677251797189	0.000164760360391609	0.000164760360391609	0	4.33579895767393e-05	8.67159791534786e-05	0.000563653864497611	0	0.00259280777668901	0.0149931927956365	0.00176900597473096	0.00156955922267796	0.00424908297852045	0.000763100616550612	0	0.000303505927037175	0	0.000104059174984174	0	6.93727833227829e-05	3.46863916613914e-05	8.67159791534786e-05	0.000667713039481785	6.93727833227829e-05	0	3.46863916613914e-05	0.00617417771572768	3.46863916613914e-05	0.000216789947883697	0.000763100616550612	0.0012313669039794	0	5.20295874920872e-05	0.000182103556222305	0	0.00780443812381307	0.00100590535818035	0.046167587301312	0.00348598236196984	0.000685056235312481	0	0.0132155152229901	0.000156088762476261	0.0133282459958897	6.0701185407435e-05	0.00164760360391609	8.67159791534786e-05	0.000138745566645566	0	0	0	0.158672898655035	0.00257546458085831	0	0	0.0248701428212177	0.0676384637397133	0.000546310668666915	0	0.00848949435912556	0	0	0.000260147937460436	0.0182276988180612	0.00836809198831069	0	0.000338192318698567	0.000294834329121827	0.00275756813708062	0.0148284324352448	0.00683321915729411	0	0.0142214205811705	0.00108394973941848	0.00186439355179979	0.00371144390776888	0.000511624277005524	0.0182710568076379	0	0.00109262133733383	0.000277491133291132	0	0.00130073968730218	0.000286162731206479	0.000511624277005524	0.000199446752053001	0	0	0.00138745566645566	0.0485262619342866	0.00274022494124992	0.00084981659570409	0.00700665111560107	0	0	0.00773506534049029
ERR3928958	0.00158110793600139	0	0.000116044619156066	0.000333628280073688	0.00674509348844631	0	0.000188572506128606	7.25278869725409e-05	0	0.0083262014244477	0.00108791830458811	0.000174066928734098	0.00293012663369065	0	0	0.0040760672478568	0	8.70334643670491e-05	0	0.000217583660917623	0.000275605970495656	0.000333628280073688	0.000377145012257213	0	0.00079780675669795	0.00129099638811123	0	0	0	0.00242243142488287	0.000406156167046229	0	0	0	0	0	0	0	0.000841323488881475	0	0	0.000188572506128606	0	0.00271254297277303	0	0.000696267714936393	0	0.0289821436342274	5.80223095780328e-05	0.000507695208807787	0.0209025370254863	0	0	0.0063679484761891	0.000536706363596803	0.000101539041761557	0.106253354414772	0	0	0.00702069945894196	0.00031912270267918	0	0	0	0.00063824540535836	0.00130550196550574	0	0.000174066928734098	0	0	0.00120396292374418	0.0106615993849635	0.000304617125284672	0	0.00574420864822524	0	0	8.70334643670491e-05	0	0	0	0.0106325882301745	0	0.000464178476624262	0	0	0.0136062315960487	0	0.00361188877123254	0.000725278869725409	0	0	0	0.000101539041761557	0	0.000246594815706639	0	0	0.0198871466078707	0.00648399309534516	0.00153759120381787	0.000812312334092459	0.000681762137541885	0.000681762137541885	0.00165363582297393	0.00134901869768926	0.00583124211259229	0	0	0	0.000116044619156066	0.00178418601952451	0	0	0	0.00519299670723393	0.000855829066275983	0	0.00332177722334238	0.00217583660917623	0	8.70334643670491e-05	0.00384397800954467	0.00063824540535836	0.00108791830458811	0.000609234250569344	0.0821160736303109	0.00145055773945082	0.00304617125284672	0.000870334643670491	0.0142009602692235	0.016753941890657	0.00829719026965868	0.0100523651343942	0	0.000174066928734098	0.000507695208807787	0	0	0	0.0196550573695586	0.00339430511031492	0	0	0.0147376666328203	0.0612570533370081	0.000348133857468197	0.00158110793600139	0.0100088484022106	0.000609234250569344	0.000681762137541885	0.00646948751795065	0.0260665225779312	0.0332903001203963	0	0.00153759120381787	0	0.00332177722334238	0.0588491274895197	0.00863081854973237	0.00255298162143344	0.0305777571476233	0.0410217728716692	0.00430815648616893	0.0135337037090761	0.0021323198769927	0.0420661744440737	0.000710773292330901	0.00677410464323532	0.000232089238312131	0.0589796776860703	0.00799257314437401	0.000594728673174836	0.00384397800954467	0	0	0	0.0054976138325186	0.0448947620360028	0.00101539041761557	0.00445321226011401	0.0105165436110184	0	0.000304617125284672	0.0146216220136643
ERR3928959	0	0.0157076205287714	4.7852613949037e-05	0.00031104199066874	0	0	7.17789209235554e-05	0	0	0.0044024404833114	0.000574231367388444	0	0.000107668381385333	0.000119631534872592	0	0.00417514056705348	0.000143557841847111	5.98157674362962e-05	0	4.7852613949037e-05	0.000490489292977629	0.000251226223232444	0.00241655700442637	0	0.000323005144156	0.000167484148821629	0.0514774494556765	0	0	0	0	0.000131594688359852	0	0	0	0	0	0	0	0	0.000179447302308889	0.000299078837181481	0.0205885871515732	0	0	0	0	0.0044024404833114	8.37420744108147e-05	0.0285440842206005	0.289615982773059	0.000107668381385333	0	0	0	0	0.00124416796267496	0	0	0.00573035052039718	0.000143557841847111	0	0	0	0.00238066754396459	0.00281134106950592	0	0	0	4.7852613949037e-05	0.000191410455796148	0.141775331977509	0	0	0.0012322048091877	0	0.00101686804641704	0.00318219882761096	0	0	0	0.00222514654863022	0	0	0	0	0.00782390238066754	0	0	9.57052278980739e-05	0.000203373609283407	0	0	0	0	0	0	0	0.00690273956214858	0.000143557841847111	0.000370857758105036	0	0	0.000167484148821629	0.000346931451130518	0	0.00606531881804044	0	9.57052278980739e-05	5.98157674362962e-05	0	0.000909199665031702	0	0	0	0.00186625194401244	0	0.000251226223232444	0	0	0	0.000334968297643259	0.000203373609283407	0	0.00218925708816844	0.00046656298600311	0.0343462136619213	0.000334968297643259	0.000299078837181481	0	0.0163775571240579	0	0.0242253858117	0	0.000538341906926666	0	0	0	0	0.000526378753439407	0.0502930972604379	0.00277545160904414	0	0	0.00714200263189377	0.00957052278980739	0.00238066754396459	0	0.0105993539897117	0	0.000729752362722814	0.00302667783227659	0.0640866132312478	0.00281134106950592	0	0.000275152530206963	0.000179447302308889	0.00994138054791243	0	0.0124416796267496	0.00138772580452207	0	0.0331498983131954	0.00468955616700562	0.000191410455796148	0	0.00384017226941022	0	0.000825457590620888	0.000885273358057184	0	0.00588587151573155	0.000717789209235554	0.00513219284603421	0	0	0.000263189376719703	0.00047852613949037	0.0298839574111736	0	0.0150616102404594	0.0155879889938988	0.00078956813015911	0	0.0130039478406508
ERR3928960	0	0.00102958254019562	0	0.000478875600090986	7.1831340013648e-05	0	0.000826060410156951	0.000203522130038669	0	0.00567467586107819	0.000730285290138754	0	0.000155634570029571	0.00311269140059141	0	0.00390283614074154	0.000107747010020472	0.00051479127009781	0	0.000550706940104634	0.00301691628057321	0.000263381580050042	0	0	0.00466903710088712	0.00525565971099858	0	0.000407044260077338	0.00409438638077793	0.000203522130038669	0	0.000203522130038669	0	0	0	0	0	0.000119718900022747	0.00326832597062098	0.000143662680027296	0	0.000826060410156951	0	0	0	0	0	0.0196458714937327	0	0.0333057979863281	0.116414658382119	0	0	0	0.0168324773431982	0.00158028948030025	0.00410635827078021	7.1831340013648e-05	0.000143662680027296	0.0127380909624202	0.000203522130038669	0	0	0.003400016760646	0.00238240611045266	0	0.00231057477043901	0.00350776377066648	0.00735074046139664	0.000478875600090986	0.00033521292006369	0.00674017407128063	0	0	0.00240634989045721	0	0.00124507656023656	0.00122113278023202	0	0.0139592237426523	0	0.00605777634115098	0	0.00384297669073017	0.000969723090184247	0	0.0025021250104754	0	0	0.00505213758095991	0	0	0	5.98594500113733e-05	8.38032300159226e-05	0.0111338577021154	0	0	0.0340600270564714	0.00186761484035485	0.00380706102072334	0.00301691628057321	0.000383100480072789	8.38032300159226e-05	0.0110979420321086	0.0381304696572448	0.00500425002095081	0	0	0	8.38032300159226e-05	0.0444396556884435	0	0	0	0.00219085587041626	0.00195141807037077	0.000442959930084162	0.000311269140059141	0.000383100480072789	0	0	0	0.000203522130038669	0.00238240611045266	0.0018915586203594	0.0313304361359528	0.000670425840127381	0.000526763160100085	0	0.0262543547749883	0.00409438638077793	0.0112296328221336	0	0.00177183972033665	0	0	0	0	0.000131690790025021	0.0793257431550719	0.0288283111254774	0	0	0.0176345939733506	0.0873349375665936	0	0.00051479127009781	0.00929018664176513	0.000419016150079613	0.000490847490093261	0.00591411366112368	0.0052915753810054	0.00486058734092351	0	0.00053873505010236	0.000215494020040944	0.018089525793437	0	0.00578242287109866	0.00223874343042536	0.00597397311113505	0.0632235511020125	0.00481269978091441	0.00140071113026614	0.000897891750170599	0.00351973566066875	0.00144859869027523	0.00035915670006824	0	0	0.00087394797016605	0.000167606460031845	0.00185564295035257	0.00389086425073926	0	0.00017957835003412	0.00185564295035257	0.028983945695507	0	0.0175148750733278	0.0376994816171629	0.00177183972033665	0	0.00914652396173784
ERR3928961	0.000101796711966203	0.00047505132250895	0	0.000288424017237577	0	0	0.00127245889957754	0	0	0.00522556454759845	0.000661678627780323	0	0.000152695067949305	0.000135728949288271	0	0.00376647834274953	8.48305933051696e-05	0	0.000101796711966203	0.000441119085186882	0.000288424017237577	0.000186627305271373	0	0	0.000135728949288271	0.00955192480616209	0	0.000220559542593441	0	0	0	0.024024024024024	0	0	0	0	0.000203593423932407	0	8.48305933051696e-05	0	0.00140818784886581	0	0	0	0	0	0.000169661186610339	0.003003003003003	0	0.0157445581174395	0.145637162586315	8.48305933051696e-05	0	0	0	0.0297246398941314	0.00152695067949305	0	0	0.00549702244617499	0.00483534381839467	6.78644746441357e-05	0	0.0058533109380567	0.00069561086510239	0.0068543119390577	0	0	0	0	0.00127245889957754	0.168456592185406	0	0	0.00201896812066304	0	0.000542915797153085	0.00276547734174853	0	0.00318963030827438	0	0.0165758979318301	0	0.000203593423932407	0	0	0.0028503079350537	0	0	0.00327446090157955	0	0	0	0	0	0.0130639113689961	0	0	0.0114012317402148	0.000508983559831017	0.00169661186610339	0	0.000424152966525848	0	0.00361378327480022	0.000169661186610339	0.00145908620484892	0	0	0	0	0.0183743065098997	0.000101796711966203	0	0	0.00992517941670484	0.00047505132250895	0	0.001001001001001	0.00274851122308749	0	0.000458085203847916	0.000542915797153085	0	0.00178144245940856	0.000254491779915509	0.0375799528341901	0.00212076483262924	0	0	0.00507286947964914	0	0.0128094195890806	0	0.000763475339746526	0	0.000118762830627237	0.000186627305271373	6.78644746441357e-05	0	0.19986087782698	0.0010518993569841	0	0	0.0205629358171731	0.0340679662713561	0.00039022072920378	0	0.0105868580444852	0	0.00201896812066304	0.000356288491881712	0.0235998710574982	0.00222256154459544	0	0	0.000237525661254475	0.00145908620484892	0.00354591880015609	0.0096537215181283	0	0.000627746390458255	0.0223952766325648	0.00378344446141056	0.00262974839246026	0.000492017441169984	0.00157784903547615	0	0.00147605232350995	0.000593814153136187	0	0.00351198656283402	0.000712576983763424	0.00183234081539166	0	0	0	0.00312176583363024	0.0226667345311413	0	0.00683734582039667	0.00663375239646426	0.00039022072920378	0	0.0147265909977774
ERR3928962	0.000886553932030865	0.0188803152191758	4.9252996223937e-05	0.000525365293055328	0.000771630274175012	0	0.00371039238220325	8.20883270398949e-05	0	0.0461336397964209	0.00080446560499097	0	0.000262682646527664	0	0.000180594319487769	0.000541782958463307	0.000197011984895748	0	0.0159743884419636	0.00829092103102939	0	0	0.00305368576588409	0	0.00876703332786078	0.000525365293055328	0	0	0.000197011984895748	0.000919389262846823	0.00169101953702184	0.00016417665407979	0	0	0	0	0	0	0.000180594319487769	0	0.000377606304383517	0	0	0	0	0	0	0.00348054506649154	0	0.114069939254638	0.25012313249056	0	0.000114923657855853	0	0	0.000935806928254802	0.00126416023641438	0.00597603020850435	0	0.0283204728287638	0.00377606304383517	9.85059924478739e-05	0.0016417665407979	0.0150221638483008	0.010146117222131	0.0323592185191266	0.00032835330815958	0.00016417665407979	0	0.000197011984895748	0.000344770973567559	0.000788047939582991	0	0	0.00458052864882614	0	0.00274175012313249	0	0	0.00185519619110163	0	0.0120998194056805	0	0	0	0	0.00259399113446068	0	0	0	0	0	0	6.56706616319159e-05	0	0.0022656378263011	0.000311935642751601	0	0.14224265309473	0.00197011984895748	0.0131998029880151	0	0.000426859300607454	0	0.00228205549170908	0.00346412740108357	0.00216713183385323	0	0	0	0.000246264981119685	0.00356263339353144	0	0	0.000574618289279264	0.00530290592677721	0.000886553932030865	0.00103431292070268	0	0.00049252996223937	0	0	0.000131341323263832	0.000820883270398949	0.0114595304547693	0.000394023969791496	0.0336726317517649	0.000377606304383517	0.000623871285503201	0	0.00993268757182729	0	0.0114595304547693	0	0.00239697914956493	0.000820883270398949	0	0.00119848957478247	0	0.000295517977343622	0.0450993268757183	0.00971925792152356	0	0	0.0064028895091118	0.00576260055820062	0.00316860942373994	0.00398949269413889	0.00893120998194057	0.00279100311935643	0.000344770973567559	0	0.00213429650303727	0.00298801510425218	0	0.00032835330815958	0.000279100311935643	0.00638647184370383	0	0.00239697914956493	0.00144475455590215	0.000246264981119685	0	0.000935806928254802	0	0.000541782958463307	0.00113281891315055	0	0.000197011984895748	0.000213429650303727	0	0.00264324413068462	0.00144475455590215	0.000837300935806928	0.00339845673945165	0	0.00262682646527664	0	0.0117714660975209	0	0.00049252996223937	0.00417008701362666	0.00543424725004104	0.000311935642751601	0.00116565424396651
ERR3928963	0	0.000214936555334649	0.000122820888762656	0.000184231333143984	6.14104443813282e-05	0	0.000913480360172256	5.37341388336621e-05	0	0.0058954026606075	0.000383815277383301	0	0.000184231333143984	9.97919721196583e-05	0	9.97919721196583e-05	0.000107468277667324	0.00059875183271795	6.90867499289942e-05	0.00011514458321499	0	0.000161202416500986	9.21156665719922e-05	0	0	0.00624851271580014	0	0	0	0	0	0	0	0	1.5352611095332e-05	0	0.000130497194310322	0	0.000168878722048652	0	0	0.000468254638407627	0	0	0	0	0.000107468277667324	0.000591075527170283	5.37341388336621e-05	0.0217085920887995	0.21545854411189	0	0	0	0.000483607249502959	0	0.000859746221338594	0	0	0.0329543797161302	0.000376138971835635	3.07052221906641e-05	0	0.00381512385719001	6.14104443813282e-05	0.00705452479830507	0	0	6.90867499289942e-05	0	0	0.00901965901850757	0.000168878722048652	0	0.00015352611095332	0	0.000284023305263643	0	0	0.000284023305263643	0	0.00497424599488758	0	0	0	3.83815277383301e-05	0.003953297357048	0	0.00059875183271795	0.000545017693884287	0	0	0	5.37341388336621e-05	0	3.07052221906641e-05	0	0	0.0152912006509507	0.00413752869019198	0.000475930943955293	0	0	3.07052221906641e-05	0	0.00109003538776857	0.000330081138549639	0	0	5.37341388336621e-05	0.000107468277667324	3.07052221906641e-05	0.000130497194310322	0	0	0.0074767216034267	0.000591075527170283	0	0.00233359688649047	0.00145082174850888	0	0	0.000560370304979619	0.00109003538776857	0.000974890804553584	0.00100559602674425	0.0324093620222459	0.00151223219289021	0.00136638238748455	0	0.01572107376162	0.00911177468507957	0.00974123173998818	0.000437549416216963	0.000629457054908614	0	0.000284023305263643	0	0	0	0.023351321476	0.00969517390670218	0	0.00116679844324523	0.0401547543198409	0.166499067328876	0.000437549416216963	0.000307052221906641	0.011675660738	0.000376138971835635	0	0.000345433749644971	0.0608040162430625	0.00888916182419725	0	0.00154293741508087	0.000568046610527285	0.023673726309002	0	0.00561905566089153	0.00104397755448258	0.00716966938152006	0.00715431677042473	0.00455972549531362	0.00164272938720053	0.00144314544296121	0.0371763477673465	0	0.00220309969218015	0.00123588519317423	0	0.00432943632888363	0.000521988777241289	0.00331616399659172	0	0	0	0.00264832541394478	0.0689792816513268	0.00782983165861934	0.0287631168871046	0.0214245687835359	0.00015352611095332	0	0.0148075934014478
ERR3928964	0	0.499844385537514	0	0.000246836733598772	0.000193176574120778	0	0.00609579411670011	7.51242232691916e-05	9.65882870603891e-05	0.00556992455381577	0.000590261754257934	0	0.000107320318955988	6.43921913735928e-05	0	0.0174073557346612	0.000128784382747186	0	0.000279032829285569	0.008907586473347	0	0	0.000107320318955988	0	0	0.00690069650887002	0	0	0	0	9.65882870603891e-05	0.00358449865313	0	0	4.29281275823952e-05	0	0	0	8.58562551647904e-05	0	0	0.00528015969263461	0	8.58562551647904e-05	9.65882870603891e-05	0.00107320318955988	0	0.0172785713519141	3.21960956867964e-05	0.0500971248886552	0.0550123954968394	7.51242232691916e-05	0	0	0	0	0.0222153060238895	0.00402451196084955	0	0.021453331759302	0.000203908606016377	0	0	0.00340205411090482	0.00379913929104197	0.000858562551647903	0.00598847379774413	0	9.65882870603891e-05	0	0	0.00228592279376254	0.000160980478433982	0	6.43921913735928e-05	0	0	8.58562551647904e-05	0.000751242232691916	0	0.000794170360274311	0.00543040813917299	0	0	0	0	0.0242543920840533	0	0	0	0	0	0	0.0399016945878363	0	0.000128784382747186	0	0	0.00348791036606961	5.3660159477994e-05	0.000590261754257934	0	0	7.51242232691916e-05	0	0	0.00018244454222518	0	0	0	0	0	0	0	6.43921913735928e-05	0.00452891745994269	0	0	0.000257568765494371	0.00196396183689458	0	0	0.000590261754257934	0.00147028836969703	0.00114832741282907	0.000107320318955988	0.0079953637622211	0.000461477371510748	0.000783438328378712	0	0.000901490679230299	0.000139516414642784	0.0017815172946694	0	0	0	0	0	0	0	0.00246836733598772	0.00612799021238691	7.51242232691916e-05	0	0.00101954303008189	0.0196932785284238	0.000450745339615149	0	0.0113330256817523	0	0	0.000751242232691916	0.018137133903562	0.0148853282391955	0	9.65882870603891e-05	0	0.00214640637911976	0.000944418806812694	0.00433574088582191	0.000665385977527125	0	0.000472209403406347	0.000547333626675539	0.000171712510329581	0	0.00563431674518937	0	0.00112686334903787	0.000450745339615149	6.43921913735928e-05	0.00396011976947595	0.000568797690466736	0.00549480033054658	0.000160980478433982	0.000118052350851587	0	0.00100881099818629	0.0232026529582846	0.00260788375063051	0.00768413483724874	0.00751242232691916	0.000300496893076766	0	0.0138443211453224
ERR3928965	0	0.0081069942948396	0	0.000334840113845639	6.43923295856997e-05	0.00166132210331105	0.00101095957449549	0	0	0.171219204368376	0.00112686576774975	9.65884943785496e-05	0.000206055454674239	9.01492614199797e-05	0	0.00230524539916805	0.000128784659171399	3.21961647928499e-05	0.000257569318342799	0.000257569318342799	3.21961647928499e-05	9.01492614199797e-05	0	0	0.00010946696029569	0.00434004301407616	0	0	4.50746307099898e-05	0	0	7.72707955028397e-05	1.93176988757099e-05	0	0	0.000753390256152687	0	0	0.00010302772733712	0	0	0.000180298522839959	0	0.00010946696029569	0	0	0.0011590619325426	0.005061237105436	0	0.0591636724233409	0.240820873417559	8.37100284614097e-05	0	0	0	1.93176988757099e-05	0.00128140735875543	9.65884943785496e-05	0	0.0117773570812245	0.000251130085384229	3.86353977514199e-05	0.000476503238934178	0.00106247343816405	0.00290409406431506	0.00400520290023052	0.0013715566201754	0	3.86353977514199e-05	0	0.000218933920591379	0.00902780460791511	0	0	0.000276887017218509	0	0	0	0	0.00150678051230537	0	0.00795889193679249	0	5.15138636685598e-05	0	0	0.00148102358047109	0	0.000334840113845639	0.000167420056922819	0	0	0	0.00211850764336952	0	7.08315625442697e-05	0	0	0.0137284446676712	0.00301356102461075	0.000998081108578346	0	0.000289765483135649	0	0	8.37100284614097e-05	0.000141663125088539	0	0	1.93176988757099e-05	7.72707955028397e-05	0	0	0	1.93176988757099e-05	0.00367036278638489	0.00127496812579686	0	0.00123633272804544	0.00113330500070832	0	0	0.000186737755798529	0.000482942471892748	0.00274311324035081	0.00209918994449381	0.0139216216564283	0.00411466986052621	0.000862857216448377	0.000141663125088539	0.0100709603472034	0.000334840113845639	0.0233229017759405	0	0	5.15138636685598e-05	0.000212494687632809	0	7.08315625442697e-05	0	0.0679403469458718	0.00132648198946541	0	0	0.0211013664052338	0.0692861466342129	0.000148102358047109	0.000296204716094219	0.00603356128218007	8.37100284614097e-05	0	0.00398588520135481	0.0730015840513078	0.00579530966271298	7.72707955028397e-05	0.000515138636685598	0.000244690852425659	0.00439799611070329	7.08315625442697e-05	0.00636196216306714	0.00444307074141328	0.0107470798078533	0.00450746307099898	0.00010946696029569	0.00121057579621116	0.000141663125088539	0.00871872142590375	0	0.000495820937809888	0.000895053381241227	0	0.00341923270100066	0.000225373153549949	0.00222797460366521	0	0	0	0	0.0597947172532808	0.00325825187703641	0.00357377429200634	0.00368324125230203	9.01492614199797e-05	0.00010302772733712	0.00180298522839959
ERR3928966	0.000174731088854253	0.00159354753035079	0	0.000272580498612635	0	0	0.000754838303850374	0	0.000104838653312552	0.294827260845559	0.00634623314718648	0.000188709575962594	0.000216666550179274	0.000118817140420892	0	0.00247419221817623	8.38709226500416e-05	0	0	0.000202688063070934	0	2.09677306625104e-05	0	6.29031919875312e-05	0	0.000202688063070934	5.59139484333611e-05	0	0	0	5.59139484333611e-05	9.78494097583819e-05	0	0	0	0	0	0	9.08601662042117e-05	0	0.000118817140420892	0.00264892330703048	0	0	0	0	0	0.00123010686553394	0	0.0304381556784109	0.195503120697247	0.000104838653312552	0	0	4.19354613250208e-05	3.49462177708507e-05	0.00117419291710058	0	0	0.0148940780139366	0.000111827896866722	2.79569742166805e-05	0	2.09677306625104e-05	0.00111128972511305	0.000132795627529233	0	0	0	0	9.08601662042117e-05	0.000992472584692159	0	0	0	0	0	0	0	0.000405376126141868	0	0.00136989173661735	0	0	0	2.09677306625104e-05	0.000496236292346079	0	0.00297741775407648	0.00170537542721751	0	0	0	3.49462177708507e-05	0.000104838653312552	0	0	0	0.00863171578940011	0.00499031989767747	0.000489247048791909	0	0	0	0	9.08601662042117e-05	0.000111827896866722	0	0	0	0	0	2.79569742166805e-05	0	0	0.0011462359428839	0.000754838303850374	0	0.00055215024077944	0.000754838303850374	0	0.000286558985720975	0	0.000230645037287614	0.00053118251011693	0.000216666550179274	0.0260139645086212	0.000237634280841785	0.0015446228254716	0	0.00274677271678886	6.29031919875312e-05	0.0131118209076232	0.00227849339865946	0.000286558985720975	0.000307526716383486	0	0	6.98924355417013e-05	0.000188709575962594	0.00704515750260349	0.00192204197739679	0.000167741845300083	0	0.00906504888975866	0.151911208649888	0.000265591255058465	0.000363440664816847	0.00186612802896343	0.000475268561683569	0	0	0.140553687874361	0.00936558636258798	0	0.000342472934154336	0.000223655793733444	0.00055215024077944	4.19354613250208e-05	0.000272580498612635	0.000754838303850374	0.00136290249306318	0.00152365509480909	0.00790483445976642	0.000377419151925187	0.000461290074575229	0.0012860208139673	4.89247048791909e-05	0.00141881644149654	0.000251612767950125	0	0	0	0.000922580149150457	9.08601662042117e-05	0	0	0.000824730739392076	0.0217295582099149	0	0.00051720402300859	0.00506021233321918	0	0	0.00162849374812164
ERR3928967	0.000112071409265009	0.00137122665453658	0	0.000336214227795028	0.000105478973425891	0	0.000777907429015947	8.57016659085365e-05	7.25167942303001e-05	0.244361819248594	0.00570245700083724	0.0001450335884606	0.000210957946851782	0	0	0.00193817613670075	0.000118663845104128	0	2.63697433564728e-05	0.0002175503826909	0	4.61470508738274e-05	0	3.95546150347092e-05	0	0.000125256280943246	0	0	3.2962179195591e-05	0	0	9.88865375867729e-05	0	0	0	0	0	0	0	0	0.000118663845104128	0.00350717586641088	0	0	0	3.95546150347092e-05	0	0.0028611171541773	7.25167942303001e-05	0.0220648827535286	0.154170704533618	0.000105478973425891	0	0.000105478973425891	2.63697433564728e-05	1.97773075173546e-05	0.001450335884606	0	2.63697433564728e-05	0.0157625140913316	0.000118663845104128	4.61470508738274e-05	0	3.95546150347092e-05	0.000955903196672138	0.000125256280943246	0	0	3.95546150347092e-05	8.57016659085365e-05	0.000230735254369137	0.00168766357481426	0	0	5.93319225520638e-05	0	0.000118663845104128	0	0	0.000461470508738274	0	0.00178655011240103	0	0	3.2962179195591e-05	0	0.000580134353842401	0	0.00245897856799109	0.00221505844194371	0	0	0	5.93319225520638e-05	7.91092300694184e-05	7.25167942303001e-05	0	0	0.0105149351633935	0.00844491030991041	0.00061968896887711	0	0	3.2962179195591e-05	9.22941017476547e-05	0.000204365511012664	0.000138441152621482	0	0	0	7.91092300694184e-05	5.27394867129456e-05	0	0	0	0.00094931076083302	0.00103501242674156	0	0.000461470508738274	0.00103501242674156	0	0.000197773075173546	0	0.00032962179195591	0.000388953714507974	0.000336214227795028	0.0241546849145291	0.0002175503826909	0.00133167203950188	0	0.00331599522707645	0	0.0132639809083058	0.00222824331362195	0.000382361278668855	0.000283474741082082	5.93319225520638e-05	0	0.000283474741082082	0.000112071409265009	0.00961177145343433	0.0021359492118743	0.0001450335884606	0	0.0108841115703841	0.178463830600769	0.000435100765381801	0.000382361278668855	0.00226779792865666	0.000408731022025328	0	0	0.192070618172709	0.00924259504644371	0	0.000164810895977955	0.000336214227795028	0.000764722557337711	6.5924358391182e-05	0.000441693201220919	0.00122619306607598	0.00265015920732551	0.00301274317847702	0.00710664583456942	0.000652651148072701	0.000309844484438555	0.00162173921642308	0	0.00169425601065338	0.000204365511012664	0	0	0	0.00121300819439775	0.000210957946851782	0	0	0.000916348581637429	0.0226186473640145	0	0.000613096533037992	0.00752196929243386	0	0	0.00255127266973874
ERR3928968	0	0.00459987026006959	4.42295217314383e-05	0.00026537713038863	0	0	0.00213038863006428	0	5.89726956419178e-05	0.00521171197735448	0.000597098543374418	0	0.00104676534764404	0	0	0.0154287314973167	9.58306304181164e-05	5.16011086866781e-05	0.000825617738986849	0.000759273456389692	5.16011086866781e-05	0.000169546499970514	0	0	8.1087456507637e-05	0.00551394704251931	5.89726956419178e-05	6.63442825971575e-05	0	8.84590434628767e-05	0.000206404434746712	0.000140060152149555	0	0	0	0	0	0	0.000147431739104794	0	0.000493896326001062	0.000206404434746712	0	0	0.000140060152149555	0	0	0.00754850504216548	8.84590434628767e-05	0.0461756206876216	0.141040573214602	0.000132688565194315	0	0.000103202217373356	0	0	0.122449430913487	0	2.21147608657192e-05	0.0150232942147786	0.00214513180397476	5.89726956419178e-05	0	0.00949460399834876	0.00839623754201805	0.0239945155393053	3.68579347761986e-05	0.00079613139116589	0	0	0.000685557586837294	0.0025800554343339	4.42295217314383e-05	0	0.00333195730376836	0	3.68579347761986e-05	0	0	0.00304446541251401	0	0.0140428731497317	0	0	0	1.47431739104794e-05	0.00379636728194846	0	0.000434923630359144	7.37158695523972e-05	0	0.0005381258477325	0	0.00140797310845079	0	0.000125316978239075	0	0.00221884767352716	0.042865778144719	0.00027274871734387	0.00538863006428024	0	0.000353836173851507	0	0.000294863478209589	0.000884590434628767	0.00121631184761455	0	2.94863478209589e-05	0	5.89726956419178e-05	0.00028012030429911	0	0	0	0.0133130860411629	0.000294863478209589	0.00625847732499853	0.00221884767352716	0.00102465058677832	0	5.16011086866781e-05	0.000582355369463938	0.000132688565194315	0.00145957421713747	0.00398802854278469	0.0885696172672053	0.00121631184761455	0.00292652002123017	0.000132688565194315	0.0205224980833874	0.0113964734328006	0.0222548210178687	0.00588989797723654	0.000442295217314383	0.000427552043403904	0.000744530282479212	0	0.000162174913015274	0.000206404434746712	0.0326045291030253	0.0118608834109807	8.84590434628767e-05	0	0.0173232293448134	0.0479153152090582	0.000582355369463938	0.000368579347761986	0.0123400365630713	0	0	0	0.00771067995518075	0.0121188889544141	0.00153329008668986	0	0.000302235065164829	0.00503479389042873	0.000125316978239075	0.00297074954296161	0	0.00612578875980421	0.00665654302058147	0.00280857462994633	0.0112269269328301	4.42295217314383e-05	0.0175222621926048	0	0.000965677891136404	0.000604470130329657	0.00457775549920387	0.00427552043403904	0.000965677891136404	0.00938403019402017	0.000390694108627705	0.000117945391283836	0.00318452556466356	0.00133425723889839	0.0463156808397712	0.000331721412985788	0.00481364628177154	0.0162838355841246	0	0.00026537713038863	0.0247021878870083
ERR3928969	0	0.00134290344987266	9.26140310257004e-05	0.000246970749401868	0	0	0.000540248514316586	0	0	0.00456895886393455	0.000509377170641352	0	0.00157443852743691	0.000169792390213784	0	0.00716215173265416	0	0	0.00143551748089836	0.000185228062051401	0	0.000617426873504669	0	0	0	0.0101258007254766	0	0	0	0	0.000123485374700934	0.000154356718376167	0	0	0	0	0	0	0.000262406421239484	0	0.000185228062051401	0	0	0	0	0	0	0.0153893648221039	0.000108049702863317	0.0593192868719611	0.209693601914023	0.000138921046538551	0	0	0	0	0.0879061511152273	9.26140310257004e-05	0	0.0234467855213398	0.00197576599521494	9.26140310257004e-05	0	0.0146484525738983	0.0110519410357336	0.00723933009184225	0	0.000370456124102802	0	0.000169792390213784	0.00117311105965887	0.00288647063363433	0.000138921046538551	9.26140310257004e-05	0.00679169560855136	0	0	0	0	0.00767152890329552	0	0.0220267037122791	0	9.26140310257004e-05	0	0	0.00409045303696843	0	0.000123485374700934	0.000200663733889018	0	0	0	0.00163618121478737	0	0.000200663733889018	0	0.00180597360500116	0.0746006019912017	0.000262406421239484	0.00422937408350698	0	0	0	0.000293277764914718	0.000787219263718453	0.00355020452265185	0	4.63070155128502e-05	0	0	0.000154356718376167	0	0	3.08713436752335e-05	0.0120243883615034	0.000833526279231304	0.0074708651694065	0.00487767230068689	0.000185228062051401	0	0	0.000463070155128502	0.000138921046538551	0.00106506135679555	0.00240796480666821	0.0594582079184997	0.000787219263718453	0.00128116076252219	0	0.01288878598441	0.00526356409662731	0.0372771474878444	0.00388978930307942	0.000231535077564251	0.00135833912171027	0.00080265493555607	0	0	0.000308713436752335	0.00214555838542873	0.0222582387898433	0	0	0.0146484525738983	0.0578992050629004	0.000277842093077101	0.000632862545342286	0.0102801574438527	0	0	0	0.00546422783051632	0.00688430963957706	0.00128116076252219	0.000108049702863317	0	0.00702323068611561	0	0	0	0	0.000262406421239484	0.00554140618970441	0.0161611484139847	0	0.0154819788531296	0	0.000463070155128502	0.000509377170641352	0.00464613722312264	0.00231535077564251	0.00084896195106892	0.00554140618970441	0.000293277764914718	0	0.00234622211931774	0.00121941807517172	0.0321833757814309	0	0.00328779810141236	0.015142394072702	0	0	0.0180134290344987
ERR3928970	0.000131451819621813	0.0124024791813181	0.00010516145569745	0.019067086436144	0.00020375032041381	0	0.00131451819621813	0.000473226550638527	0	0.022622858156914	0.000571815415354887	0	0.000144597001583994	0.000184032547470538	0	0.000223468093357082	7.22985007919972e-05	0.000473226550638527	0	0.0239373763531322	0.00717069676036991	0	0	0	0.00280649634892571	0.00010516145569745	0.000992461238144689	0	0	0	0	0.00020375032041381	0	0	3.28629549054533e-05	0	0	0.00090044496440942	0.000131451819621813	4.60081368676346e-05	0.00106475973893669	0.000151169592565085	0	0	0	0	0	0.0227871729314413	9.20162737352692e-05	0.00143282483387776	0.315937875870047	0.00681577684739101	0	0.198321360263429	0.00855094086639894	0.000657259098109066	0.00185347065666757	0	0	0.00407500640827621	0.0541910126390925	3.28629549054533e-05	0	0	0.00518577428408053	0.000722985007919972	0	0	4.60081368676346e-05	3.94355458865439e-05	0.000387782867884349	0.000828146463617423	0.000151169592565085	0	0.00575758969943541	0	0	8.54436827541785e-05	0.000282621412186898	0	0	0.00139338928799122	0	5.91533188298159e-05	0.00374637685922167	0	9.20162737352692e-05	0	0	0.0139536106528555	0	0	0	5.25807278487252e-05	0	0.141744497098201	0.00060467837026034	0.000223468093357082	0.00155113147153739	0.000157742183546176	0.000190605138451629	0	0	0	0.0130728834613893	0	0.000381210276903258	0	0.00020375032041381	0	0	0.0265401223816441	0	0	0.014426837203494	0.00349661840194023	0	0	6.57259098109066e-05	5.91533188298159e-05	0	0	0.00131451819621813	0.000184032547470538	0.000486371732600709	0.000138024410602904	0.00634255029675248	0.000630968734184703	0	0	0.00060467837026034	0.000118306637659632	0.000210322911394901	0	0	0	0	0	0	0	0.00060467837026034	8.54436827541785e-05	0	0	0.000368065094941077	0.00163000256331048	0.00172859142802684	0.0211374525951875	0.000124879228640722	0	0.000867582009503967	0	0.00069669464399561	0.00090044496440942	0	0	0.000144597001583994	0.000177459956489448	0	7.88710917730879e-05	0	0.000151169592565085	0	9.20162737352692e-05	0	0	0.000506089505543981	0	0.00020375032041381	0	0	0.00172859142802684	0	0.00517262910211835	0.00535008905860779	0	0	0	0.00107790492089887	0	0.000276048821205808	0.000111734046678541	0.000538952460449434	0.000230040684338173	0.00020375032041381
ERR3928971	0	0.000832778147901399	0	0.000353930712858095	0	0	0.00168637574950033	0.000104097268487675	0	0.00597518321119254	0.000811958694203864	0	8.32778147901399e-05	0	0	0.000707861425716189	0.000145736175882745	0	0	0.000270652898067955	0.00102015323117921	0	0	0	0	0.0029771818787475	0	0	0	0	0	0	0	0	6.24583610926049e-05	0	0.000145736175882745	0	0	0	0	0	0	0	0	0	0.00020819453697535	0.00849433710859427	0	0.00497584943371086	0.133411059293804	0.0020819453697535	0	0	0	0.000270652898067955	0.121502331778814	0.00816122584943371	0	0.00587108594270486	0.000312291805463025	0	0	0.000395569620253165	0.0016655562958028	0.000270652898067955	0	0	0	0	0.000749500333111259	0.019070619586942	0	0	0.00168637574950033	0	0	0	0.0100974350433045	0.00739090606262492	0.000229013990672885	0.0267529980013324	0	0	0	0	0	0	0	0.00289390406395736	0	0	0	0	0	0	0	0.000874417055296469	0.00262325116588941	0	0	0	0	0	0	0	0.00114506995336442	0	0	6.24583610926049e-05	0.00024983344437042	0	0.000353930712858095	0	0	0.00164473684210526	0	0	0.00151982011992005	0.00158227848101266	0	0	0	0	0.00104097268487675	0	0.00659976682211859	0.00029147235176549	0.000353930712858095	0.00016655562958028	0.000624583610926049	0	0.00285226515656229	0	0	0	0.000458027981345769	0	0	0	0.150024983344437	0.00433044636908728	0	0	0.0154688540972685	0.13563874083944	0.000270652898067955	0	0.0042888074616922	0	0	0.00310209860093271	0.106720519653564	0.0213399400399734	0	0.00126998667554963	0	0.00449700199866756	0	0.00435126582278481	0.00278980679546969	0.0123251165889407	0.0156145902731512	0.00995169886742172	0.000624583610926049	0.00199866755496336	0.00907728181212525	0	0.00478847435043304	0.000811958694203864	0	0.00395569620253165	0	0.00218604263824117	0	0	0	0.00347684876748834	0.0273775816122585	0.00156145902731512	0.00610009993337775	0.0305213191205863	0	0	0.0214232178547635
ERR3928972	0.000447591796281791	0.00314912799526832	0.000127883370366226	0.000431606374986013	0.00377255942580367	7.99271064788913e-05	0.000719343958310021	0	0	0.00561088287481817	0.000687373115718465	0	0.000175839634253561	0.000255766740732452	0.0003676646898029	0.00188627971290183	0	0	9.59125277746695e-05	0.000143868791662004	0	9.59125277746695e-05	0	0	0	0.00255766740732452	0.00973512156912896	0	0	0	0	0.0585545982064357	6.3941685183113e-05	0	0.000239781319436674	0	0	0	0.000751314800901578	7.99271064788913e-05	0	0.000303723004619787	0	0	0	0	0	0.00063941685183113	0	0.0273030995731893	0.0352318685358953	0.00142270249532426	0	0.000175839634253561	0	0	0.182601467461675	0	0	0.0153300190226513	0.000207810476845117	0	0	0.000703358537014243	0.00108700864811292	0.000463577217577569	9.59125277746695e-05	0	0.00260562367121185	0	0	0.00720942500439599	0	0	0	0	0.000607446009239574	0.00113496491200026	0.0196300973512157	0.00193423597678917	0	0.0137634477356651	0.00780088559233979	0	0	0	0.00204613392585962	0	0	0	0	9.59125277746695e-05	0	0	0	0	0	0	0.048084147257701	0.000255766740732452	0.00219000271752162	0	0	0	0	0.0012468628610707	0.00236584235177518	0.000431606374986013	0	0	0	0	0	0	0	0.000719343958310021	0.000815256486084691	0	0.00113496491200026	0.00107102322681714	0	0	0.000751314800901578	0.00054350432405646	0.00575475166648017	0.00063941685183113	0.0503540770817015	0.00108700864811292	0	0	0.0354077081701488	0.00127883370366226	0.0223955752353853	0.000431606374986013	0.000111897949070448	0	0	0	0	0.000895183592563582	0.00091116901385936	0.00286139041194431	0	0.000719343958310021	0.0122768035551577	0.144364339722173	0.000191825055549339	0	0.00593059130073373	0	0	0.000943139856450917	0.0360790958645715	0.0101827133654107	0	0.000415620953690234	0.000191825055549339	0.00420416580078968	0	0.00302124462490209	0.00108700864811292	0.00238182777307096	0.0361750083923462	0.00500343686557859	0	0.000463577217577569	0.0371661045126844	0	0.00105503780552136	0.000623431430535352	0.0156976837124542	0.00274949246287386	0.000511533481464904	0.000751314800901578	0	0	0	0.00374058858321211	0.0241859424205125	0.000191825055549339	0.0114135908051857	0.0182233802771872	0	0	0.0258963824991608
ERR3928973	3.3120625317406e-05	0.00099361875952218	0	0.000231844377221842	0.00155666938991808	0	0.000187683543465301	0	9.9361875952218e-05	0.0049680937976109	0.000552010421956767	0	0.000154562918147895	0	0.000154562918147895	0.00214180043719225	9.9361875952218e-05	0	0.000298085627856654	0.000198723751904436	0.0010929806354744	0	0	0	0	0.000187683543465301	0.0265185806708031	0	0	0	0	0.0158979001523549	0.000320166044734925	0	0	0	0	7.72814590739473e-05	0.00100465896796132	0	0	0.000154562918147895	0.00033120625317406	0	0	8.83216675130826e-05	0.000198723751904436	0.000386407295369737	0.00842367903906026	0.000783854799178608	0.0281304511029168	0.00575194859678951	5.52010421956767e-05	0.00800415111837311	0	5.52010421956767e-05	0.392667093554726	0.00220804168782707	0	0.00361014815959725	0.000187683543465301	4.41608337565413e-05	0	0.00113714146923094	0.000574090838835037	0.000220804168782707	0	0	0	7.72814590739473e-05	0	0.0101017907218088	0.000198723751904436	0	0	6.6241250634812e-05	0	0.004813530879463	0.0199938174832741	0.00457064629380203	0	0.00664620548035947	0	0	0	0	0	0.000121442292830489	0	0.0220583364613924	0.000242884585660977	0	0.0198834153988827	8.83216675130826e-05	0	9.9361875952218e-05	0	0.000176643335026165	0.0109518867716222	0.000463688754443684	0.0010929806354744	0	0	0	0	0.00334518315705801	0.0120779880324141	0.000717613548543797	0	0	0	0	0	0	4.41608337565413e-05	0.000430568129126278	0	0	0.00334518315705801	0.00123650334518316	0	0	0.000209763960343571	0	0.00830223674622977	0.00104881980171786	0.0314314734262183	0.00365430899335379	0	0	0.00757358298924684	0	0.0113934951091877	0.00085009604981342	0	0	7.72814590739473e-05	0	0	0	0.00746318090485548	0.00640332089469849	0	0.00175539314182252	0.00942833800702157	0.105676875179403	0	0	0.0106758815606439	0.000198723751904436	0.00154562918147895	0.000717613548543797	0.0234052418909669	0.0254366402437678	0	0.000408487712248007	0.000474728962882819	0.0108746053125483	0.000960498134204774	0.00320166044734925	0.000839055841374285	0.000518889796639361	0.0146172359734152	0.00178851376713992	0	0.000927377508887368	0.00630395901874627	0	0.000861136258252556	0.000805935216056879	0	0.00164499105743116	0	0.00107090021859613	0	0	0	0.00367638941023207	0.019497008103513	0.000552010421956767	0.00869968425003864	0.0209543156174789	0	0	0.0114486961513833
ERR3928974	0	0.00133739969502287	0	0.00022498312626553	9.99925005624578e-05	0	0.000799940004499663	0	0	0.00389970752193585	0.000537459690523211	9.99925005624578e-05	0.00013748968827338	0	0	0.00783691223158263	0.00143739219558533	0	0.00013748968827338	0.00423718221133415	3.74971877109217e-05	0.000499962502812289	0.00192485563582731	0	0.00174986875984301	0.0312226583006275	0	0	0	0	0.000112491563132765	0	0	0	0	0	6.24953128515361e-05	0	0	0	0.000287478439117066	0	0	0	0	0	0.000174986875984301	0.0265480088993326	6.24953128515361e-05	0.00498712596555258	0.0409344299177562	0.000124990625703072	0	0	0	0	0.190598205134615	3.74971877109217e-05	0	0.0229357798165138	0.000124990625703072	0	0	0.000499962502812289	0.00101242406819489	0.00181236407269455	0.000199985001124916	0.00471214658900582	0.00262480313976452	0.000187485938554608	0.000924930630202735	0.000687448441366897	0.000287478439117066	9.99925005624578e-05	0.000837437192210584	0	0	0	0.0419468539859511	0.0053620978426618	0	0.00979926505512087	0	8.74934379921506e-05	7.49943754218434e-05	4.99962502812289e-05	0.00153738469614779	0	0	0.000149988750843687	0	7.49943754218434e-05	0	0	0	0.000324975626827988	0	0.00036247281453891	0.00244981626378022	0.00112491563132765	0.000124990625703072	0	9.99925005624578e-05	4.99962502812289e-05	0	0	0.00044996625253106	0	0	0	0	9.99925005624578e-05	0	0	0	0.00638702097342699	0	0	0.000712446566507512	0.00428717846161538	0	0	0.000549958753093518	0.000737444691648126	0.000699947503937205	0.00433717471189661	0.00581206409519286	0.00149988750843687	0.000574956878234132	0.00044996625253106	0.000599955003374747	0.00132490063245257	0.000937429692773042	9.99925005624578e-05	0.000649951253655976	0	0.000149988750843687	0	0	0.000387470939679524	0.0146988975826813	0.000199985001124916	0	0	0.0163862710296728	0.0261980351473639	0	0	0.0116866235032373	0.00199985001124916	0	0.00163737719671025	0.0229982751293653	0.0430092743044272	0	0	0.00127490438217134	0.0578081643876709	0	0.00724945629077819	0.000837437192210584	0.00593705472089593	0.0141614378921581	0.00733694972877034	0.00771192160587956	0.00458715596330275	0.0166237532185086	0	0.00183736219783516	0.000262480313976452	0.054758393120516	0.00797440191985601	0.00181236407269455	0.0106492013099018	0.000737444691648126	0.0010374221933355	0.00533709971752119	0.0173237007224458	0.10496712746544	0	0.0183861210409219	0.0284603654725896	0.00287478439117066	0	0.0297727670424718
ERR3928975	0.00199026562028373	0.0205252037428313	5.65952309085421e-05	0.000264111077573196	0	0	0.00191480531240567	0	0.000113190461817084	0.00516903108964685	0.000499924539692122	0.000132055538786598	0.000113190461817084	0.000113190461817084	0.000207515846664654	0.000264111077573196	0.000122623000301841	0	3.77301539390281e-05	0.000179218231210383	0	0.000547087232115907	0	2.82976154542711e-05	0.00169785692725626	0.00621604286145488	0	0	0	0.000132055538786598	0.0010753093872623	0.000113190461817084	0	0	0	0	0	0	0.000122623000301841	0	0	0.000292408693027468	0	0.00210345608210081	0	0	0.00272600362209478	0.0125924388771506	5.65952309085421e-05	0.0368906580138847	0.0402863718683972	0	0	0	4.71626924237851e-05	0.000358436462420767	0.000999849079384244	6.60277693932991e-05	0	0.00439556293389677	0.000141488077271355	0	0	0.000622547539993963	0.00135828554180501	0.00521619378207063	0	6.60277693932991e-05	0.0175916842740718	8.48928463628132e-05	0.00214118623603984	0.0465684424992454	0.00018865076969514	6.60277693932991e-05	0.0014054482342288	5.65952309085421e-05	0.00189594023543616	0.00200913069725324	0	0.000754603078780561	0.000415031693329309	0.0195347872019318	0	5.65952309085421e-05	0	0	0	0	0	0.0232700724418956	0	0	0	4.71626924237851e-05	0	0.000113190461817084	0	0.000848928463628132	0.0585571989133716	0.00072630546332629	0.00220721400543314	0	0.000113190461817084	0	7.54603078780561e-05	0	0.0118189707214005	0	0	0	8.48928463628132e-05	0	0.000103757923332327	9.43253848475702e-05	3.77301539390281e-05	0.00699894355568971	0.000792333232719589	0.000103757923332327	0.00318819800784787	0.00053765469363115	0	0	0.000396166616359795	0.000273543616057954	0.0118567008753396	0.000358436462420767	0.0804784183519469	0.0019525354663447	0.000179218231210383	0	0.0107813914880773	0	0.041616359794748	0.000113190461817084	0	0	0.000669710232417748	0	0.000141488077271355	0.000179218231210383	0.000735738001811047	0.00455591608813764	0	0.00194310292785995	0.0504546483549653	0.065914578931482	0.00160353154240869	0.000565952309085421	0.0111681255659523	0	0	0.000745170540295804	0.0239775128282523	0.0364001660126773	0	0.00125452761847268	0.000273543616057954	0.013469664956233	0	0.0044993208572291	0.00149977361907637	0.0310990793842439	0.0134225022638092	0.00676313009357078	0.00602739209175973	0.000330138846966496	0.0105172804105041	0	0.00105644431029279	0.000660277693932991	0.0555953818291579	0.000745170540295804	0.00190537277392092	0.00104701177180803	0.000216948385149411	0	0	0.00391450347117416	0.0361171898581346	0.00139601569574404	0.041031542408693	0.0334194838514941	0.01106436764262	0.000377301539390281	0.0228927709025053
ERR3928976	0.000745558375634518	0.0247144670050761	0	0.00027760152284264	0	0	0.00279980964467005	0	7.13832487309645e-05	0.00605171319796954	0.000602791878172589	0	0.000190355329949239	9.51776649746193e-05	0.000380710659898477	0.000166560913705584	0.000134835025380711	0	5.55203045685279e-05	0.000245875634517767	0	0.000380710659898477	0	0	0.000809010152284264	0.0058613578680203	0	0	0	0.000134835025380711	0.000452093908629442	0.000174492385786802	0	0	0	0	0	0	0	0	0	0.000222081218274112	0	0.00100729695431472	0	0	0.00184010152284264	0.00803458121827411	7.13832487309645e-05	0.0752934644670051	0.0623096446700508	7.13832487309645e-05	0	0	7.93147208121827e-05	0.000261738578680203	0.00123730964467005	0	0	0.00667829949238579	0.000190355329949239	7.13832487309645e-05	0	0.000769352791878173	0.00281567258883249	0.0124444796954315	0	7.93147208121827e-05	0.0238816624365482	5.55203045685279e-05	0.00122144670050761	0.0194955583756345	0.000111040609137056	0.000103109137055838	0.000563134517766498	0	0.000927982233502538	0.000983502538071066	0	0.000404505076142132	0.000396573604060914	0.00623413705583756	0	0	0	0	0	9.51776649746193e-05	0.000126903553299492	0.0146494289340102	0	0	0	0	0	7.13832487309645e-05	0	0.000888324873096447	0.0623255076142132	0.000602791878172589	0.0024746192893401	0	0.000111040609137056	0	0	9.51776649746193e-05	0.00336294416243655	0	6.34517766497462e-05	0	7.13832487309645e-05	7.13832487309645e-05	3.17258883248731e-05	0	3.96573604060914e-05	0.00705107868020305	0.000594860406091371	0.000214149746192893	0.00283946700507614	0.000547271573604061	0	0	0.000174492385786802	0.000396573604060914	0.00914498730964467	0.000404505076142132	0.100832804568528	0.00369606598984772	0.000452093908629442	0	0.0144511421319797	0.000491751269035533	0.0320352157360406	7.93147208121827e-05	0	0	0.000777284263959391	0	0.000142766497461929	0.000103109137055838	0.00107868020304569	0.00504441624365482	0	0.00150697969543147	0.0339704949238579	0.0966608502538071	0.00111833756345178	0.000396573604060914	0.0057741116751269	0	0	0.000896256345177665	0.0192734771573604	0.0308296319796954	0	0.000816941624365482	0.000348984771573604	0.0078997461928934	0	0.00211770304568528	0.00189562182741117	0.0277363578680203	0.0169892131979695	0.00461611675126904	0.00389435279187817	0.000697969543147208	0.014752538071066	0	0.00162595177664975	0.000309327411167513	0.089316307106599	0.000975571065989848	0.00111833756345178	0.00150697969543147	0.000261738578680203	0	0	0.00317258883248731	0.0217718908629442	0.00122144670050761	0.0228743654822335	0.0246272208121827	0.0049492385786802	0	0.016243654822335
ERR3928977	6.83860048041168e-05	0.0411341818896763	4.2741253002573e-05	0.000282092269816982	0.00173529487190446	0	0.000205158014412351	0	0	0.00705230674542455	0.00123949633707462	0	0.00031628527221904	0	0.000444509031226759	0.00141046134908491	6.83860048041168e-05	0	5.98377542036022e-05	0.000153868510809263	0	0.000495798534829847	0	5.98377542036022e-05	0	0.00114546558046896	0	0	0.000119675508407204	0	0	0.00876195686552747	0	0	0	9.40307566056607e-05	0	6.83860048041168e-05	0.000213706265012865	7.69342554046314e-05	0	0.000247899267414924	0	0	0	0	0	0.000794987305847858	4.2741253002573e-05	0.0174982689792534	0.242898540813622	8.5482506005146e-05	0	0	5.12895036030876e-05	0	0.0732072181428071	5.12895036030876e-05	0	0.00536830137712317	0.000196609763811836	4.2741253002573e-05	0.000136772009608234	0.000393219527623672	0.00109417607686587	0.00510330560850722	0.00087192156125249	0	0	0	0.000435960780626245	0.0847644529547028	0	0	0	0	0	8.5482506005146e-05	0.00297479120897908	0.00482976158929075	0	0.011095629279468	0	0	2.56447518015438e-05	0	0.000273544019216467	0	5.12895036030876e-05	0.00750536402725182	0	0	0	7.69342554046314e-05	0	0	0	0.000179513262610807	0.0142328372498568	0.00570168315054324	0.00129933409127822	0	0.00033338177342007	0	0	0.00033338177342007	0.00282092269816982	0.000179513262610807	0	5.98377542036022e-05	0	0.000290640520417497	0	0	7.69342554046314e-05	0.000196609763811836	0.000324833522819555	0	0.00211141789832711	0.0022823829103374	0	0.000487250284229332	0.00112836907926793	0.000923211064855577	0.00442799381106657	0.000478702033628818	0.0925348127505706	0.00147029910328851	0.000675311797440654	0.000299188771018011	0.0120530333467256	0.00113691732986844	0.0326970585469684	0.000897566313054033	0.00129933409127822	0	0.000162416761409777	0	0	0	0.0348768624500996	0.0049750818494995	0	0	0.0247386372378893	0.0733781831548174	0.000752246052845285	0	0.0126428626381611	0.000692408298641683	0	0.000153868510809263	0.030115486865613	0.00976210218578768	6.83860048041168e-05	0.000589829291435508	0.000256447518015438	0.0042741253002573	0	0.00323978697759504	0.00102579007206175	0.0132925296838002	0	0.0019319046357163	0.00031628527221904	0.000512895036030876	0.00977065043638819	0	0	0.000606925792636537	0	0.000529991537231906	0.000230802766213894	0.000641118795038595	0	0	7.69342554046314e-05	0.000282092269816982	0.0362103895437799	0.00085482506005146	0.0053853978783242	0.0195754938751784	0	0	0.00169255361890189
ERR3928978	0	0.000675788072860351	6.23804374948016e-05	0.000218331531231806	0	0	0.000800548947849954	8.31739166597355e-05	0	0.00455377193712052	0.000571820677035682	0	0.00013515761457207	0	0	0.000842135906179822	9.35706562422024e-05	0	0	0.00412750561423937	0	0.000187141312484405	0	0	6.23804374948016e-05	0.00205855443732845	0	0	0	0	0	0.00230807618730766	0	0	0	0	0	0	0.000301505447891541	0	0	0	0.00301505447891541	0	0	0	9.35706562422024e-05	0.000769358729102553	6.23804374948016e-05	0.0140563919154953	0.295891208517009	8.31739166597355e-05	0	0	0	6.23804374948016e-05	0.00126840222906097	0	0	0.0161773267903186	0.000197538052066872	0	0	0.00185061964567911	0.000946103302004491	0.000228728270814273	0.00074856524993762	0.0129543375197538	0.0337478166846877	0	0.000155951093737004	0.000769358729102553	0	0	0.00184022290609665	0	0.000727771770772686	0	0	0	0	0.00513598935373867	0	0	0	0	5.19836979123347e-05	0	0.000103967395824669	0	0	0	0	0.0141499625717375	0	0	0	0.00161149463528238	0.00185061964567911	0.000124760874989603	0.000124760874989603	0	0.000197538052066872	0	0	0	0.000332695666638942	0	0	0	7.27771770772686e-05	0	0	0	0	0.00107086417699409	0.00013515761457207	0	0.00452258171837312	0.00232886966647259	0	0	0.000415869583298678	0	0.0077663644681028	0.000956500041586958	0.0126216418531149	9.35706562422024e-05	0.00283830990601347	0.000405472843716211	0.000540630458288281	0.000124760874989603	0.0284038925392997	0.00013515761457207	0.000384679364551277	0.000145554354154537	0.000187141312484405	0	0.000218331531231806	0	0.0176432670714464	0.0062588372286451	0.000145554354154537	0	0.0172897779256425	0.17371912168344	0.000665391333277884	0	0.00600931547866589	0	0	0.00511519587457373	0.0588663395159278	0.0269587457373368	0	0.000467853281211012	0.000603010895783082	0.00338933710388422	0.0481265075272395	0.00734009814522166	0.00407552191632704	0	0.0108957830824254	0.00571820677035682	0.00256799467686933	0.000925309822839557	0.0203568161024703	0	0.00158030441653497	0	0	0.00713216335357232	0.000592614156200615	0.0077351742493554	0	0	0	0	0.055508192630791	0.0014451468019629	0.00501122847874906	0.0063524078848873	0.00162189137486484	0	0.00610288613490809
ERR3928979	8.23384108686702e-05	0.000782214903252367	0	0.000247015232606011	0.00322492109235625	0	0.00116646082063949	6.86153423905585e-05	9.60614793467819e-05	0.00558528887059146	0.000548922739124468	0	0.0028132290380129	0.000123507616303005	0	0.0123507616303005	0.000137230684781117	5.48922739124468e-05	0.000123507616303005	0.000274461369562234	0.00219569095649787	0.000109784547824894	0	0	0	0.000247015232606011	0.0474680938657884	0	0	0	0	0.0215863867160697	0	0	0	0	0	0	0.000919445588033484	9.60614793467819e-05	0.00016467682173734	0	0	0	6.86153423905585e-05	0	0.000123507616303005	0.0293399204062028	6.86153423905585e-05	0.00241526005214766	0.157581995334157	0.00754768766296144	0	0	0	2.74461369562234e-05	0.137820776725676	0.00417181281734596	0	0.00853574859338548	0.000109784547824894	0	0	0	0.00064498421847125	0.000356799780430904	0	0.00108412240977082	0	0	0.000494030465212021	0.0823521339371484	0	0	0	0	0	0	0.00186633731302319	0.00177027583367641	0.00016467682173734	0.0059832578564567	0	0	5.48922739124468e-05	0	0	8.23384108686702e-05	0.000260738301084122	0.00786331823795801	0.000150953753259229	0	0	0	0	0	0	0	0.00576368876080692	0.000247015232606011	9.60614793467819e-05	0	0.000192122958693564	0	0	0	0.000631261149993139	0	8.23384108686702e-05	0	0	0	0	0	0	0.000905722519555373	6.86153423905585e-05	0	0.00130369150542061	0.000713599560861809	0	0	0.000178399890215452	0	0.000260738301084122	0.000288184438040346	0.00878276382599149	0.00072732262933992	0.000754768766296144	0	0.00113901468368327	0.000137230684781117	0.00579113489776314	0	0	0	9.60614793467819e-05	0	0	0	0.00354055166735282	0.00393852065321806	0.000205846027171676	0.00157815287498285	0.0300397968985865	0.235131055303966	0	0	0.00680664196514341	9.60614793467819e-05	0	0.0012899684369425	0.0437903115136545	0.0107588856868396	0	0.000205846027171676	0.000288184438040346	0.00267599835323178	0	0.00481679703581721	0.000109784547824894	0	0.00122135309455194	0.00131741457389872	0	0.000219569095649787	0.00402085906408673	0	0.000301907506518458	0.000919445588033484	0	0.000960614793467819	0	0.000452861259777686	0	0	0	0.00161932208041718	0.0270893371757925	0.00282695210649101	0.0101276245368464	0.0128173459585563	0	0	0.0112666392205297
ERR3928980	1.47502415352051e-05	0.000118001932281641	4.42507246056154e-05	0.000265504347633693	4.42507246056154e-05	0	8.85014492112308e-05	8.11263284436283e-05	0	0.0267126874202565	0.0126335818749032	0.000132752173816846	0.000826013525971488	0	0	0.000199128260725269	0.000132752173816846	0	2.95004830704103e-05	0.00522896062423022	0	0.000435132125288552	0	0	0.0183419253490276	0.000147502415352051	6.63760869084231e-05	0	0	0.00250016594021727	0.000582634540640603	0.000132752173816846	0	0	2.21253623028077e-05	3.68756038380129e-05	0	0	0.00025812922686609	0	0.000199128260725269	0.000132752173816846	0	0	0	0	0	0.00702849009152525	0.000118001932281641	0.000936640337485526	0.434733868767101	7.37512076760257e-05	0	0	0	0	0.00146027391198531	0	0	0.057879947784145	0.000140127294584449	0	0	0.00321555265467472	0.000354005796844923	0.000154877536119654	0.0031639268093015	0	0	0.00031713019300691	0.00139389782507689	0.00216091038490755	0.0002876297099365	0.000464632608358962	0.00370968574610409	0	0	0	0	0	0	0.00216828550567516	0	0	5.90009661408206e-05	0	0.00903452294031315	0	0.000177002898422462	0.000110626811514039	0.000206503381492872	0	0	0	0	4.42507246056154e-05	7.37512076760257e-05	0	0.000944015458253129	0.00149714951582332	0	0	0	0	0	0	0.00334092970772396	0	2.95004830704103e-05	0	0	3.68756038380129e-05	2.95004830704103e-05	0	3.68756038380129e-05	0.000103251690746436	0	0	4.42507246056154e-05	0.00210928453953434	0	0	0.00155615048196414	0	0	0.00237478888716803	0.000840763767506693	0.000103251690746436	0.000870264250577103	0	0.000154877536119654	9.58765699788334e-05	0.000236003864563282	0	0	0	0	0	0	5.1625845373218e-05	0.000634260386013821	0.00264766835556932	0	0	0.000619510144478616	0.00132014661740086	0.000346630676077321	0.000582634540640603	0.0104726714899956	0.106769623352582	0	0	0.00834863670892611	0.00317867705083671	0	0	0	0.0160187623072328	0	0.00455044951361079	0	0.000132752173816846	9.58765699788334e-05	7.37512076760257e-05	0	0	0	0.000110626811514039	0	0	0	0.00817163381050365	0.0221622379066457	0.00102514178669676	0	0	0.000479382849894167	0.00912302438952438	0.118628817546887	0	0.0145068625498743	0.00426281980367429	0.00885752004189069	0	0.0435500881326932
ERR3928981	0	0.000167278554008963	6.16289409506704e-05	0.000308144704753352	0.000105649613058292	0	9.68454786367678e-05	0	0	0.0381042937763574	0.0206544993528961	0.000193690957273536	0.00165517727124658	0	0	0.000114453747479817	9.68454786367678e-05	3.52165376860974e-05	0	0.00517683103985632	0	0.000237711629381157	0	0	0.0193955081306181	6.16289409506704e-05	0	0	0	0.00270286926740797	0.000413794317811644	8.80413442152435e-05	0	0	0	0	0	0	0.000167278554008963	0	0.000193690957273536	0	0	0	0	0	0	0.00920912460491447	0.000167278554008963	0.000924434114260057	0.471857584321597	7.92372097937191e-05	0	7.92372097937191e-05	0	0	0.0016991979433542	0	0	0.0402436984407878	0.000308144704753352	0	0	0.00215701293327347	0.000211299226116584	0.000184886822852011	0.00326633387038553	0	1.76082688430487e-05	0.000158474419587438	0.000616289409506704	0.00248276590686987	0	0.000211299226116584	0.0051328103677487	0	7.92372097937191e-05	0	0	0	0	0.00190169303504926	0	0.000132062016322865	0.00014086615074439	0	0.00685842071436747	0	0	0.000132062016322865	0.000431402586654693	0	0	0	0	7.04330753721948e-05	0	0	0.00095084651752463	0.00230668321843938	0	0.000176082688430487	0	0	6.16289409506704e-05	0	0.0105121364993001	0	4.40206721076217e-05	0	0.000105649613058292	0	5.28248065291461e-05	0	0	0	0	0	6.16289409506704e-05	0.00224505427748871	0	0	0.00117094987806274	0	0.000132062016322865	0.00279091061162322	0.000845196904466337	0	0.00066911421603585	0	0.000228907494959633	8.80413442152435e-05	0.00014086615074439	0	0	7.92372097937191e-05	0	0	0	0	0.000721939022564997	0.00492151114163211	0	0	0.00060748527508518	0.001628764867982	0.000730743156986521	0.000369773645704023	0.0109875597580624	0.0907618217514945	0	0	0.00678798763899527	0.00665592562267241	0	0	0	0.0185327029573088	0	0.00241233283149767	7.04330753721948e-05	0	0.000193690957273536	0	0	0	0.000255319898224206	0	0	0	0	0.0111020135055422	0.0179604342199097	0.00122377468459188	0	0	0.000581072871820607	0.00767720521556923	0.0838065555584903	0	0.0219046864407526	0.00541454266923747	0.00666472975709393	0	0.0365811785214337
ERR3928982	0	0.00221874293560622	0	0.00031815936435108	5.86083039594096e-05	0	0.000108843993067475	7.5353533662098e-05	0	0.00396024682468582	0.000443748587121244	6.69809188107538e-05	0.000142334452472852	0	0	0.00553429841673853	8.37261485134422e-05	3.34904594053769e-05	3.34904594053769e-05	0.000150707067324196	0	4.18630742567211e-05	0	0	0	0.00193407403066052	9.20987633647865e-05	0	0	0	0	0.000527474735634686	0	0	0	0	0	0	0.000125589222770163	0	0	0	0	0	0	0	0	0.000326531979202425	6.69809188107538e-05	0.00904242403945176	0.0769527030987048	0.000167452297026884	0	0	4.18630742567211e-05	7.5353533662098e-05	0.568927551763691	8.37261485134422e-05	0	0.0116965429473279	0.000175824911878229	0	0	0.000787025796026357	0.0013061279168097	0.00308949488014602	0.000100471378216131	0	0.000870751944539799	0	0	0.00165777774056616	0	0	0.000100471378216131	0	0	0	0	0.000368395053459146	0	0.00106332208612072	0	0	0	0	0.0016661503554175	0	3.34904594053769e-05	0.00157405159205271	0	6.69809188107538e-05	0	0	0	0	0	8.37261485134422e-05	0.0076107068998719	0.000452121201972588	6.69809188107538e-05	0	0.000100471378216131	0	5.02356891080653e-05	0	0.000795398410877701	0	5.86083039594096e-05	0	0	0	0	0	0	0.000611200884148128	0	0	0.000200942756432261	0.000887497174242488	0	0	0.000125589222770163	0	0.00131450053166104	0.000276296290094359	0.00763582474442593	0.00111355777522878	0.000125589222770163	0.000267923675243015	0.00204291802372799	0.000686554417810226	0.00252015707025461	0	0	0	0	0	0	7.5353533662098e-05	0.011554208494855	0.000519102120783342	0	0	0.0130194160938403	0.104197191824979	0	0	0.000745162721769636	8.37261485134422e-05	0	0.00544219965337374	0.0390749935112235	0.00936058340380284	0	0.000142334452472852	0.000477239046526621	0.00578547686227886	0.00390163852072641	0.00132287314651239	0.000987968552458618	0.00260388321876805	0.0147023116789605	0.00286343427915972	0.000820516255431734	0.000200942756432261	0.00902567880974907	0	0.0013814814504718	0.000569337809891407	0.0150372162730142	0.00192570141580917	0	0.00114704823463416	0	0	0	0.000468866431675276	0.00892520743153294	0.000242805830688982	0.002821571204903	0.0140241298760016	0.00100471378216131	0	0.00232758692867369
ERR3929033	0	0.000126871352448617	0	0.00026280494435785	0	0	0.000389676296806467	6.34356762243086e-05	9.96846340667706e-05	0.00382426505237974	0.000589045564940008	0	0.00150433175046217	0	5.4373436763693e-05	0.00461267988545329	6.34356762243086e-05	0	9.96846340667706e-05	0.000489360930873237	0.000869974988219089	3.6248957842462e-05	0	0	0	9.06223946061551e-05	0.0031536593322942	0	0	0	0	0.00838257150106934	3.6248957842462e-05	0	0	0.00126871352448617	7.24979156849241e-05	0	0	0	0	0.000271867183818465	0.0443143509624098	0	0	0.000154058070830464	0.00216587523108711	0.000434987494109544	6.34356762243086e-05	0.00509297857686592	0.0150161307862399	0.0216043788741074	4.53111973030775e-05	0.0189400804726864	0	0.000190307028672926	0.458059955776271	0	3.6248957842462e-05	0.000969659622285859	0.000154058070830464	0	0	0.00121434008772248	0.000308116141660927	0	0.000208431507594157	0	0	0	0	0.181190415775546	0	0	0	0	0	0.000380614057345851	0.00123246456664371	0.000199369268133541	0.00143183383477725	0.0162939065501867	0	0	0	0	0	0.00044404973357016	0.000126871352448617	0.00370645593939174	0.000308116141660927	0.0253017725740385	0	0.00143183383477725	0	0	0	0.00018124478921231	0.00164026534237141	0.000199369268133541	0.00142277159531663	0	9.06223946061551e-05	0	0.000208431507594157	0	0	0	0	0	2.71867183818465e-05	9.06223946061551e-05	3.6248957842462e-05	0	0	0.000688730199006779	0	0	0.000679667959546163	0.00101497081958894	0.000280929423279081	0.000163120310291079	0.000299053902200312	0	0.000407800775727698	0.00026280494435785	0.0196741218689963	0.000616232283321854	9.96846340667706e-05	0	0.0144452097002211	0.00197556820241418	0.000942472903904013	0	0	0	0	0	0	0	0.00512922753470838	0	0.000144995831369848	0	0.00598107804400624	0.0539656359879653	0	0	0.00404175879943452	0	0.000217493747054772	0	0.0277667017073259	0.00223837314677203	0	0.000534672128176315	0	0.000906223946061551	0	0.00144995831369848	0	0.000525609888715699	0.0010512197774314	0.00149526951100156	0.000217493747054772	0.000154058070830464	0.00306303693768804	0.000126871352448617	0.00101497081958894	0.000126871352448617	0	0.0011690288904194	0	0.000389676296806467	0	0	0	0.000407800775727698	0.0119712183274731	0	0.000634356762243085	0.00129590024286802	0	0	0.00115090441149817
ERR3929034	0	0.000569368001518315	0	0.00026359629699922	9.48946669197191e-05	0	0.000716981927837878	5.2719259399844e-05	0	0.0069589422407794	0.000759157335357753	0	0.000147613926319563	0.000115982370679657	0	0.00490289112418549	0.230161742687839	0	0.000105438518799688	0.000411210223318783	0.000168701630079501	0	0	0	0	0	0.00961599291453154	0	0	0	0	0.00491343497606546	0	0	0	0.00034794711203897	5.2719259399844e-05	0	0.00343729571286983	0	8.43508150397503e-05	9.48946669197191e-05	0.00279412074819173	0	0.000579911853398283	0.000105438518799688	0	0.000548280297758377	0.000105438518799688	0.00179245481959469	0.227947533793045	0	0	0.0151198835958752	0	0	0.00153940237447544	0.00944729128445204	0	0.00807659054005609	0.000822420446637566	0	0	0.000189789333839438	0.00052719259399844	0	0	0.0494928407245735	0	0	0.000200333185719407	0.113251513042745	0	0	0	0	8.43508150397503e-05	0.000210877037599376	0.00142342000379579	0	0.000390122519558845	0.00759157335357753	0	0.00144450770755572	0	0	0.000115982370679657	0.00264650682187217	0	0.00596782016406234	9.48946669197191e-05	0.0129056747010818	0.00181354252335463	0.0436515467830708	0	0.000200333185719407	0.000105438518799688	0	0.00201387570907404	0.000168701630079501	0	0	0	0	0.000158157778199532	0	0	0	0	0	0	0.000463929482718627	0	0	0	0	0	0	0.00105438518799688	0.000590455705278252	0	0	0.000242508593239282	0.000200333185719407	0.000200333185719407	0	0.00197170030155416	0.000485017186478564	0.00069589422407794	0	0.00102275363235697	0	0.0212036861306172	0	0	0	0	0	0	0	0.000759157335357753	0	0	0	0.00389068134370848	0.0688618966280762	7.38069631597815e-05	0	0.00488180342042555	0	0	0.000685350372197971	0.0622298137955758	0	0	0	0	0.000221420889479345	0	0.000980578224837097	0	0.00720145083401868	0	0.00211931422787373	0	0	0.00069589422407794	0	0.000980578224837097	0.000284684000759157	0	0.00107547289175682	0.000548280297758377	0.00630522342422134	0	0	0	0.000769701187237722	0.0271715062946796	0	0.000948946669197191	0.00192952489403429	0	0	0.00175027941207482
ERR3929035	0.000115188204727836	0.000204779030627264	0	0.000140785583556244	0.000985499084893707	0	0.000409558061254528	0	0	0.00367322386187654	0.000908706948408483	0	0.000179181651798856	0	0.000332765924769304	0.00272612084522545	0.00304608808058055	0	5.11947576568159e-05	0	0	0	0	0	0	8.95908258994279e-05	0.00848553108161724	0	0	0	0	0.00145905059321925	0.000115188204727836	0.00166382962384652	0	0	0	0	0.000102389515313632	0	0	0.000307168545940896	0.0035452369677345	0	0	0	0	0.00328926317945042	0.0022525693368999	0.000614337091881791	0.0070648765566406	0.00220137457924309	0.000806317433094851	0.00630975388120256	0	0	0.691589981185927	0	8.95908258994279e-05	0.00110068728962154	0.000115188204727836	0	0	0.000358363303597712	0.000153584272970448	0.000140785583556244	0	0.00538824824337988	0	0	0	0.0521034646052244	0	0	0	0	0	0.000345564614183508	0.000806317433094851	0.000179181651798856	0.0012926676308346	0.00400598978664585	0.000934304327236891	0	0	0	0	8.95908258994279e-05	0	0.00382680813484699	0	0.00637374732827358	0.00398039240781744	0	0	0	0	0.000204779030627264	0.0061049748505753	0.00110068728962154	0.000371161993011916	0	7.67921364852239e-05	0	0.00019198034121306	0	0	0	0	0	0	0	0	0	0	0.000332765924769304	0	0	0.000166382962384652	0.000447954129497139	0	0	0	0.000166382962384652	0.0035324382783203	0.000473551508325547	0.0116596060563398	0.00179181651798856	0.000179181651798856	0	0.0177133861492583	0.000204779030627264	0.0019326021015448	0	0	0	0	0	0	0	0.00112628466844995	0	0	0.000511947576568159	0.00330206186886463	0.0373081796424046	0	0	0.00215017982158627	8.95908258994279e-05	0	0	0.0167662831326072	0.0253542037295381	0	0.000217577720041468	0	0.00122867418376358	0	0.000921505637822687	0	0.000166382962384652	0.000140785583556244	0.0012798689414204	0	0	0.0233064134232655	0.000934304327236891	0.000678330538952811	0	0	0.000230376409455672	0	0	0	0	0	0.000550343644810771	0.0102133541525348	0	0.0012798689414204	0.00149744666146187	0	0	0.000140785583556244
ERR3929036	0	0.00193088832636722	0	0.000388532407134868	0.00194266203567434	0	0.0010949549655619	0	0.000259021604756579	0.019991758403485	0.00115382351209749	0	0.000141284511685406	0	0	0.00354388650144228	3.53211279213516e-05	0	0	0.00899511391063755	0	9.41896744569377e-05	0	0	0.00193088832636722	0.000105963383764055	0	0	0	0	8.24159651498204e-05	0	0	0.000647554011891446	0	0.000164831930299641	0	0	0	0	0.000400306116441985	0.000647554011891446	0	0	0.00460352033908283	0.000306116441985047	0	0.00120091834932596	0	0.0107140754694767	0.413457349738035	0.000117737093071172	0	0	0.000188379348913875	0	0.00241361040795903	0.000941896744569377	0	0.00717018896803438	7.06422558427032e-05	0	0	0	0.00274327426855831	0.00946606228292224	0	0	0	0	0	0.168623064696533	0	0	0.00080061223288397	0	0.000200153058220993	0	0	0	0	0.00501560016483193	0	0	0	0	0.00560428563018779	0.00542767999058103	0.000306116441985047	0	0	0	0	0.0161182080414435	0	0	0	0	0.00080061223288397	0.00021192676752811	0	0	0	0	0.00214281509389533	0.000223700476835227	0.000741743686348384	0	0.000364984988520633	0	0	0.00240183669865191	5.8868546535586e-05	0	4.70948372284688e-05	0.00223700476835227	0	0	0.000235474186142344	0.000659327721198564	0	0	0.0032848648966857	0	0	0.000200153058220993	0.000553364337434509	0	0	0	0	0	0.0354035438865014	0	0	0	0	0	0	0	0.0113145346441396	0	0	0	0.0201330429151704	0.0753988344027786	0	0	0.00372049214104904	0.00344969682698534	0	0.000223700476835227	0.0644728321657738	0.00279036910578678	0	0.000329663860599282	0	0.000941896744569377	0	0.000565138046741626	0	0.00137752398893271	0.0224289162300583	0.00050626950020604	0.000176605639606758	0	0.000482722081591806	0	0.00535703773473833	0	0	0.00115382351209749	0	0.00297874845470065	0.000400306116441985	0	0	0	0.0210631659504327	0	0.00029434273267793	0	0.00113027609348325	0	0.0107023017601695
ERR3929037	0	0.000186325759536256	0	0.000196677190621603	0.000134568604109518	0	8.28114486827804e-05	0	8.28114486827804e-05	0.00626261580663527	0.00153201180063144	0	0.000258785777133689	0	0	0.00115936028155893	0.0548729361834274	4.14057243413902e-05	0	0.000486517261011335	0.000103514310853475	0	0	0	0	0.000165622897365561	0.00464779255732105	0	0	0	0	0.0019150147507893	0.000124217173024171	0.00168728326691165	0	0	0	0	0.00131463174783914	0	0.000248434346048341	0	0.000569328709694115	0	0	0	0	0.00132498317892449	8.28114486827804e-05	0.000527922985352725	0.00610734434035505	0.00346772941359143	0	0.00778427617618136	0	7.24600175974329e-05	0.622990528440557	0	0	0.000434760105584597	7.24600175974329e-05	0	0	5.17571554267377e-05	0	0.000134568604109518	0	0.00279488639304384	0	0	0.000113865741938823	0.00884012214688681	0	0	0	0	0	0.00111795455721754	0.00256715490916619	0.00102479167744941	0.00118006314372962	0.00368510946638373	0.000755654469230371	0	0	0	9.3162879768128e-05	0	0.000238082914962994	0.00263961492676363	0	0.000652140158376896	0.000993737384193365	0	0	0.000196677190621603	0	0	0.00108690026396149	0.0106412711557373	0.000248434346048341	0	0	0	0.000103514310853475	0.000952331659851975	0.0104342425340303	0.00131463174783914	0	0	0	8.28114486827804e-05	0	0	0	0.000496868692096682	0	0	0.000155271466280213	0.000724600175974328	5.17571554267377e-05	0	0.000113865741938823	0.000103514310853475	0.00042440867449925	0.000238082914962994	0.00460638683297966	0.00101444024636406	0	0	0.00306402360126287	0.000134568604109518	0.000672843020547591	0	0	0	0	0	0	0	0.00185290616427721	0.000186325759536256	0	0.000745303038145024	0.00220485482117903	0.0896123389058537	0	0	0.00477200973034522	0	0	0.0018943118886186	0.054386418922416	0.0182909787278091	0	0.000186325759536256	0	0.00186325759536256	0.000455462967755292	0.000745303038145024	0.000621085865120853	0.00794989907354692	0.00536204130221003	0.000848817348998499	0.000217380052792299	0.000527922985352725	0.00576574711453859	0	0.00129392888566844	0.000269137208219036	0.00326070079188448	0.000941980228766627	0.000124217173024171	0	0	0	0	0.00054862584752342	0.00545520418197816	0.000196677190621603	0.000445111536669945	0.00486517261011335	0	0	0.00142849748977796
ERR3929038	0	0.000244312682647222	0	0.000469832082013888	0	0	0.000122156341323611	0	0	0.269345335976922	0.0245346313227652	0	0.000197329474445833	0.000197329474445833	0	0.0149030736414805	9.39664164027776e-05	0.000140949624604166	0	0.000300692532488888	3.75865665611111e-05	0	0	0	0.00193570817789722	0	0	0	0	0	0	9.39664164027776e-05	0	0	3.75865665611111e-05	0.000291295890848611	0	0.000328882457409722	0.000140949624604166	0.000112759699683333	0.00203907123594028	0.000244312682647222	0	0	4.69832082013888e-05	0	0	0.130415989325415	0	0.00101483729715	0.0468046720102235	0.000150346266244444	0	7.51731331222221e-05	0	6.57764914819444e-05	0.446453237612877	8.45697747624999e-05	0	0.000422848873812499	0.000159742907884722	0	0	0	4.69832082013888e-05	0.000103363058043055	0	0	9.39664164027776e-05	0.000620178348258332	0.00182294847821389	0.0283778577536388	0.000526211931855555	9.39664164027776e-05	0	0	0	0	0	0	0	0	0	0	0.000216122757726389	0.000103363058043055	0	0	0.00134371975455972	9.39664164027776e-05	0	0.000328882457409722	0	0	0	0.00104302722207083	0	0	0.000638971631538888	0.00290356226684583	0	0	0	0	9.39664164027776e-05	7.51731331222221e-05	0.00513056633559166	0	0	0	0	2.81899249208333e-05	3.75865665611111e-05	0	0	0	0	0	0	0	0	0	0	0	8.45697747624999e-05	0	0.000732938047941666	0	0	0	0.000187932832805555	0	0.000122156341323611	0	0	0	0	0	0	0	0.000704748123020832	0	0	0	0.00054500521513611	0.00157863579556666	0	0	0.000103363058043055	0.00342977419870138	0	0	0.000817507822704166	0.000150346266244444	0	0	0	0.0002537093242875	0	0	9.39664164027776e-05	0	0.000169139549525	0.000131552982963889	0	0	0.000140949624604166	0.000272502607568055	0	0	0	0	0	0.00380563986431249	0	0	0	0	0.000958457447308332	0	0.000169139549525	0.000159742907884722	3.75865665611111e-05	0	0.000122156341323611
ERR3929039	0	0.000168017025725273	0.000653399544487175	0.0010174364335586	0	0	0.000158682746518314	0	9.33427920695964e-05	0.291500205354143	0.0289269312623679	0.000186685584139193	0.00052271963558974	0.000112011350483516	0	0.0191539409326812	0.000140014188104395	0	1.86685584139193e-05	0.000718739498935892	2.80028376208789e-05	0	0	0	0.00287495799574357	0.000214688421760072	0	0	0	0	0	9.33427920695964e-05	0	0	2.80028376208789e-05	0.000382705447485345	0	0.000289362655415749	0.000569391031624538	0.000224022700967031	0.00243624687301647	0.000354702609864466	0	0	9.33427920695964e-05	0	0	0.127851622297726	0.000121345629690475	0.000550722473210619	0.0480902064742561	0.000242691259380951	0	0	0	5.60056752417578e-05	0.400729940633984	0	0	0.000438711122727103	0.000158682746518314	5.60056752417578e-05	0	0	4.66713960347982e-05	0.000140014188104395	0	0	0	0.00133480192659523	0.00214688421760072	0.0327633200164283	0.00137213904342307	0	0	0	0	0	0	0	0	0.000112011350483516	0	0	0.000158682746518314	6.53399544487175e-05	0	5.60056752417578e-05	0.00206287570473808	0.000140014188104395	0	0.00027069409700183	0	0	0	0.00253892394429302	0	0	0.000830750849419408	0.00297763506702012	0	0	0	0	0.000224022700967031	0	0.00536721054400179	0	4.66713960347982e-05	0	4.66713960347982e-05	0	0	1.86685584139193e-05	5.60056752417578e-05	0.000121345629690475	0	0	0	0	0	0	0	0	6.53399544487175e-05	0	0.000830750849419408	8.40085128626367e-05	0	0	0.000168017025725273	0	0.000177351304932233	0	0	0	0	0	0	0	0.000737408057349811	0	0	0	0.00050405107717582	0.00151215323152746	0	0	0.000214688421760072	0.00451779113616846	0	0	0.000746742336556771	0.000121345629690475	0	0	0	0.00025202553858791	2.80028376208789e-05	8.40085128626367e-05	0	0	7.46742336556771e-05	0	0	0	0.000196019863346152	0.00052271963558974	0	0	0	0	0	0.00542321621924355	0	0	0	0	0.0010174364335586	0	0.000242691259380951	5.60056752417578e-05	0	0	0.00027069409700183
ERR3929040	0.000363159251189054	0.00134720367376584	0	0.000363159251189054	0.000339729622080082	0	0.000656029615051194	0.000117148145544856	0	0.0047210702654577	0.00808322204259507	0	4.68592582179424e-05	0	0.00029287036386214	0.00712260724912725	7.02888873269136e-05	0	0.000175722218317284	0.000164007403762798	0	0	0	5.8574072772428e-05	0	0.000445162953070453	0	0	0	0	0	0.0017103629249549	0	0	3.51444436634568e-05	0	0	0	0	0	0	0.000210866661980741	0.00482650359644807	0	0	0	0	0.000222581476535226	0	0.00943042571636091	0.0328717696398866	0.000175722218317284	0	0	0	9.37185164358848e-05	0.605843349499777	0	0	0.00226095920901572	0.000199151847426255	4.68592582179424e-05	0	0.000117148145544856	0.000538881469506338	0.00380731473020782	0	0.00077317776059605	0	0	0	0.0262646142311567	0	0	0	0	0	0.00010543333099037	0.00029287036386214	0	0.000679459244160165	0.00213209624891638	0	0.0118436775145849	0	0	0	0.000152292589208313	0	0.0111173590122068	0	0.00805979241348609	0.00125348515732996	0.000937185164358848	0	0	0	0	0.0151706848480589	0.000175722218317284	0.000175722218317284	0	0	0	0	0	0.000808322204259507	0	0	0	8.20037018813992e-05	0	0	0	4.68592582179424e-05	0.000269440734753169	0	0	0.000609170356833251	0.00125348515732996	0.000140577774653827	0	0.000269440734753169	0.000175722218317284	0.00747405168576181	0	0.0103676108807198	0.00126519997188445	0.000620885171387737	0	0.0188842810618308	0.000843466647922963	0.00694688503080996	0	0	0	0	0	0	0	0.00818865537358544	0.000128862960099342	0	0	0.0169864811040041	0.0530798247463743	7.02888873269136e-05	0	0.00208523699069844	0	0	0.000503737025842881	0.0193645884585647	0.00194465921604461	0	0.000246011105644198	0	0.000410018509406996	0	0.000714603687823622	0.00220238513624329	0.00246011105644198	0.00661887022328437	0.00193294440149012	0.000246011105644198	0	0.0394320657903985	0	0.00118319627000305	0.000374874065743539	0	0.00216724069257984	0	0.000714603687823622	0	0	0	0.000269440734753169	0.00952414423279679	0.000316299992971111	0.000691174058714651	0.0110587849394344	0	0	0.0011363370117851
ERR3929041	0.000528640741545369	0.00213628792816279	0	0.000275182851763343	0.000506915779564052	0	0.000934173365196611	5.79332319501774e-05	0	0.00530813237743501	0.0142443334057499	0.000115866463900355	0.000115866463900355	9.41415019190383e-05	0.000811065247302484	0.00837859367079441	0.000152074733869216	0	0.000173799695850532	0.000188283003838077	1.44833079875444e-05	0	0	0.00010138315591281	0	0.000774856977333623	0	0	0	0	0	0.00331667752914766	0	0	2.17249619813165e-05	7.24165399377218e-05	0	0	0.000144833079875444	0	0	0.000253457889782026	0.00772684481135491	0	2.89666159750887e-05	0	0	0.000282424505757115	5.06915779564052e-05	0.00696647114200883	0.0318777608805851	0.000202766311825621	0	0	0	0	0.464863494822217	0	0	0.00275182851763343	0.000159316387862988	0	0	0.000152074733869216	0.000369324353682381	0.00215801289014411	5.06915779564052e-05	0.0009631399811717	0	0	8.68998479252661e-05	0.0318270693026287	0	0	0	0	0	0.000152074733869216	0.000506915779564052	0	0.000890723441233978	0.00259251212977044	0	0.0182706930262872	0	0	0	0.000260699543775798	0	0.0283800420015932	0.000144833079875444	0.0187703671518575	0.00225215439206315	0.00152074733869216	0	0	0	7.24165399377218e-05	0.0197190238250416	0.00039829096965747	0.00039829096965747	0	4.34499239626331e-05	0	6.51748859439496e-05	0.000115866463900355	0.00120211456296618	0	0	0	0	5.06915779564052e-05	0	0	0	0.000325874429719748	0	0	0.00160040553262365	0.00177420522847418	0.000238974581794482	0	0.000217249619813165	0.00016655804185676	0.00926931711202839	0.000260699543775798	0.011919762473749	0.00229560431602578	0.000789340285321167	0	0.019103483235571	0.000811065247302484	0.0102831486711565	0	0	0	0	0	0	0	0.0167571873415888	0.000383807661669925	0	0	0.024252299225143	0.0645231370845101	0.000144833079875444	0	0.0048663914838149	0	0	0.000658990513433268	0.0262147874574553	0.00426533420233181	0	0.000296907813744659	0	0.000550365703526686	0	0.00189731334636831	0.00388152654066189	0.00648852197841987	0.00993554927945543	0.00259251212977044	0.000492432471576508	0.000202766311825621	0.0397494387718155	0	0.0019262799623434	0.000724165399377218	0	0.00251285393583895	0.00023173292780071	0.00089796509522775	0	0	0.000318632775725976	0.000282424505757115	0.0159823303642552	0.00066623216742704	0.00120211456296618	0.0209645883119705	0	0	0.00203490477224998
ERR3929042	0	0.000137392125713795	0	0.000334893306427375	0	0	0.000566742518569405	0.000120218109999571	7.72830707140097e-05	0.00541840195783779	0.000532394487140956	0	0	0.000120218109999571	0	0.00463698424284058	7.72830707140097e-05	0	0	0.000154566141428019	8.58700785711219e-05	0	0	0	8.58700785711219e-05	0	0	0	0	0	0.000446524408569834	0.00552144605212314	0.000103044094285346	0.000206088188570693	0	0.00206946889356404	0	0.000163153149285132	0	0	0.000395002361427161	0.000309132282856039	0	0	0.000154566141428019	0.000283371259284702	0	0.00236142716070585	0	0.00413035077927096	0.0410458975569963	0.000996092911425014	0.000180327164999356	0.00125370314713838	0.00243871023141986	0.00270490747499034	0.0154909621742304	0	0	0.0122880082435275	0.000111631102142458	0	0	0	0.000583916534283629	0.000120218109999571	0	0	0	4.29350392855609e-05	0.00062685157356919	0.29836417500322	6.86960628568975e-05	8.58700785711219e-05	0	0	7.72830707140097e-05	0.0023957751921343	0.00217251298784938	0.000386415353570049	0	0.00736765274140226	0	0	0	0.000128805117856683	0	0	0	0.00361513030784423	3.43480314284488e-05	0	0	6.86960628568975e-05	0	8.58700785711219e-05	0	0	0.00176892361856511	0.000120218109999571	0.00106478897428191	0	0	0	0.000815765746425658	0.000764243699282985	0.000128805117856683	0	0.000420763384998497	0	8.58700785711219e-05	0	6.01090549997853e-05	0	0.00103902795071057	0.000609677557854965	0	0	8.58700785711219e-05	9.44570864282341e-05	0	0.000145979133570907	0.00109913700571036	0.000214675196427805	0.00114207204499592	0	0.125739556051694	0.00441372203855566	0.00027478425142759	0	0.0160577046927998	0.000111631102142458	0.00333175904855953	0.000145979133570907	0	0.000206088188570693	0	0	0	0	0.0253059121549096	0.000128805117856683	0.000128805117856683	0	0.00572753424069383	0.0570606672105105	0.000429350392855609	0.000326306298570263	0.00390708857498605	0.000171740157142244	0	0	0.265484521918338	0.00228414408999184	0	0	0.000686960628568975	0.000360654329998712	3.43480314284488e-05	0.00395002361427161	0	0.000180327164999356	0.00250740629427676	0.000154566141428019	0	0	0.0148641106006612	0	0.00468850628998326	0	0	0.00263621141213344	0.000764243699282985	0.00710145549783178	0.000644025589283414	0.000154566141428019	0.00261045038856211	0.00282512558498991	0.00904211927353914	0	0.001760336610708	0.0010562019664248	6.01090549997853e-05	0	0.00179468464213645
ERR3929043	0	8.84103813434449e-05	0	0.000265231144030335	0	0	0.00330065423682194	4.9116878524136e-05	8.84103813434449e-05	0.0139786636279691	0.0020236153951944	0.000127703884162754	0.000186644138391717	7.85870056386176e-05	0	0.0020236153951944	5.89402542289632e-05	3.92935028193088e-05	0	0.00201379201948958	0	0	0	0	0	1.96467514096544e-05	0.00719071101593352	0	0	0	7.85870056386176e-05	0.0132615572015167	0	0.000186644138391717	0	0	4.9116878524136e-05	0	0.000157174011277235	0	0	0	0.0133401442071553	0	0	0	0	0.000677812923633077	0	0.00487239434959429	0.0271125169453231	0.16090689404507	3.92935028193088e-05	0.0838032181378809	0.000108057132753099	0.000275054519735162	0.449154207351814	0.0079078174423859	0	0.0108253600267196	6.87636299337905e-05	0	0	0.000628696045108941	0.000520638912355842	8.84103813434449e-05	0	0	3.92935028193088e-05	0	0.000520638912355842	0.00679777598774043	0	0.000275054519735162	0	0	0	0.000618872669404114	0.00177803100257372	0.000117880508457926	0.00325153735829781	0.00432228531012397	0	0	0	6.87636299337905e-05	0	0.00100198432189238	8.84103813434449e-05	0.00893927189139276	0.000982337570482721	0.0290771920862885	0.00644413446236665	0.0233796341774888	0	0	0.000933220691958585	0	0.000618872669404114	0	0	0	0	0	0.000392935028193088	0	0	0	0	0	0	0.000392935028193088	0	0	8.84103813434449e-05	7.85870056386176e-05	0	0	0	0.00145385960431443	0	0	0.00319259710406884	0	0	0.000530462288060669	0.000373288276783434	0.00290771920862885	0	0	0.00017682076268689	0	0	0	0	0	0	0	0	0	0.000736753177862041	5.89402542289632e-05	0	0	0.00809446158077762	0.0314348022554471	4.9116878524136e-05	0	0.00283895557869506	0	0.000127703884162754	0	0.021945421324584	0.000677812923633077	0	0	0	0.00169944399693511	0	0	0	0	0	0	0	0	0	0	0.00194502838955579	0	0	0.00496080473093774	0	0.00174856087545924	0.00017682076268689	0	0	0	0.01847776970078	0	0.000589402542289632	0	0	0	0
ERR3929044	0	0.000136538392440085	0.000150910854802199	0.000194028241888542	0	0	0.00255829830045633	3.59311559052855e-05	5.74898494484568e-05	0.012460924867953	0.00200495849951493	0	0.000158097085983256	8.62347741726851e-05	0	0.00206244834896339	8.62347741726851e-05	0	0	0.00209119327368761	1.43724623621142e-05	0	0	0	0	0.000136538392440085	0.00627357982106284	0	0	0	0.000186842010707484	0.0134454385397578	0	9.34210053537422e-05	0	0	7.9048542991628e-05	0	6.46760806295139e-05	0	5.03036182673997e-05	8.62347741726851e-05	0.0114620387337861	0	0	0	0	0.00120010060723653	4.31173870863426e-05	0.00409615177320254	0.0290108152779275	0.134274729618052	4.31173870863426e-05	0.0544572598900507	6.46760806295139e-05	0.000179655779526427	0.462671122129999	0.0113829901907944	0	0.00878157450325177	6.46760806295139e-05	0	0	0.000553339800941396	0.000481477489130825	0.000122165930077971	0	0	3.59311559052855e-05	0	0.000100607236534799	0.00416801408501311	0.000186842010707484	0.000150910854802199	0	0	0	0.000582084725665625	0.00176781287054005	0.000409615177320254	0.00326973518738098	0.00276669900470698	0	3.59311559052855e-05	0	2.15586935431713e-05	5.03036182673997e-05	0.00104918975243434	5.74898494484568e-05	0.0172110236786317	0.00084078904818368	0.0342711365024613	0.0109086989328447	0.0201501922316841	0	0	0.00112105206424491	0	0.000524594876217168	0.000143724623621142	0	3.59311559052855e-05	0	0	0.00044554633322554	0	0	0	0	0	4.31173870863426e-05	0.000503036182673997	0	0	0.000237145628974884	0	0	0	0	0.00201214473069599	0	0	0.00309726563903561	0	0	0.000524594876217168	0.000481477489130825	0.00246487729510258	0	0	9.34210053537422e-05	0	0.00017246954834537	0	0	0	0	0	0	0.000330566634328626	0.000359311559052855	0	0	0	0.00993855772340196	0.0348460349969459	0	0	0.00801983399805972	0	0.000280263016061227	0	0.0263519097409364	0.000754554274010995	0	0	5.03036182673997e-05	0.00256548453163738	0	0	0	0	0	7.9048542991628e-05	0	0	0.000179655779526427	0	0.00380870252596026	0	0	0.00593582695555316	0	0.00564837770831088	0.00017246954834537	0	0	0	0.0277388523588804	0	0.00134382523085768	0	0	0	0.000258704322518055
ERR3929045	0.000583993275228952	0.0156793346016016	0	0.000283148254656462	0.0064416227934345	0	0.000557448126354909	0	0	0.0161571472813343	0.0011060478697518	0.000123877361412202	0.000849444763969385	0.000106180595496173	0	0.00545060390213688	0.000106180595496173	0	0	0.000787506083263284	0.000725567402557183	0	0.000389328850152635	0	0.000132725744370216	0.00076096093438924	0.00155731540061054	0	0	0	0	0.000150422510286245	0.000530902977480865	0	3.53935318320577e-05	0.000318541786488519	0	0	0.0116002300579569	0	0	0.000495509445648808	0.0135999646064682	0	0.000283148254656462	0	0	0.00030084502057249	0.00015927089324426	0.00875105074547626	0.121895323629607	0	0	0	0	0.00206167322921736	0.393522983674733	0.000725567402557183	0	0.00523824271114454	0.00982170508339601	2.65451488740433e-05	0	0.000327390169446534	0.00352165641728974	0.00283148254656462	0.00416758837322479	0	6.1938680706101e-05	0	0	0.0583196920762731	0	0	0.00030084502057249	0	0	0.000451267530858736	0.000530902977480865	0	0.0010441091890457	0.00785736406671681	0	0	0	0	0	0	0.000132725744370216	0.0099367340618502	0	0	0	0	0	0	0	0.000902535061717471	0.0039906207140645	0.00144228642215635	0.0064416227934345	0.000557448126354909	0.000203512808034332	0	0.00323850816263328	0.000937928593549529	0.000946776976507543	0.00038048046719462	2.65451488740433e-05	0	0	0.0025748794407822	0.000212361190992346	0	0	0.0075476706631863	0	0.000628235190019024	0.000831747998053356	0.00103526080608769	0.000893686678759457	0.000132725744370216	0.00396407556519046	0	0.00107950272087776	0.00107065433791975	0.0661593593770738	0.00436225279830111	0.000601690041144981	0	0.00660974206963677	9.73322125381586e-05	0.0149980091138344	0.00153961863469451	0	0	0	0	0	0	0.00233597310091581	0.000230057956908375	0	0	0.00603459717736584	0.0608326328363492	0	3.53935318320577e-05	0.00461885590408353	0	8.84838295801442e-05	0.000858293146927399	0.022678405521391	0.00766269964164049	0	0.000468964296774764	0.000345086935362563	0.00195549263372119	0	0.00155731540061054	0.000415873999026678	0.00492854930761403	0.0109366013361058	0.000477812679732779	0.000150422510286245	0.000238906339866389	0.00399946909702252	0	0.00358359509799584	0.000513206211564836	0	0.00207052161217538	0	0.000575144892270937	0	0	0	0.000495509445648808	0.00923771180816706	0	0.00107950272087776	0.00589302305003761	0	0.000132725744370216	0.00136265097553422
ERR3929046	0	0.000174003828084218	0	0.000243605359317905	0	0	5.22011484252654e-05	0	0.000104402296850531	0.00410649034278754	0.000696015312336871	0	0	0	0	0.00276666086653906	6.96015312336871e-05	0	0	0.000365408038976858	3.48007656168436e-05	0	0	0	0	0.00334087349921698	0	0	0	0	0	0	0.00128762832782321	0	0	0.000348007656168436	0	0	0.000139203062467374	0	0	0.00170523751522533	0.00443709761614755	0	0	0	0	0.00161823560118323	0	0.000661214546720028	0.0100748216460762	0.00019140421089264	0.00193144249173482	0.00930920480250566	0	0	0.726866191056203	0	0	0.00301026622585697	0.00019140421089264	0	0	0	0.000226204976509483	0.000174003828084218	0	0	0	8.70019140421089e-05	0.000330607273360014	0.057177657908474	0	0	0.00019140421089264	0	0	0	0	0.00127022794501479	0	0.00984861666956673	0	0	0	0	0	0	0	0.00690795197494345	0	0.0067861492952845	0	0	0	0	0	0	0.00234905167913694	0.000452409953018966	0.000226204976509483	0	0	0	0	0.000208804593701061	0.00269705933530538	0	3.48007656168436e-05	0	0	0	0	0	0	8.70019140421089e-05	0	0	0.00146163215590743	0.00144423177309901	0.00121802679658952	0	0	0.000174003828084218	0.000313206890551592	0	0.00266225856968853	0.000400208804593701	0	0.00019140421089264	0.000591613015486341	0.00019140421089264	0.00219244823386114	0	0	0	0	0	0	0.000400208804593701	0.000730816077953715	0	0	0	0.00243605359317905	0.0264137811031843	0	0	0.00475030450669915	0	0	0.00048721071863581	0.00682095006090134	0.00890899599791195	0	0	0	0.0132938924656342	0	0.00360187924134331	0.00078301722637898	0.0117278580128763	0.0109274404036889	0.00203584478858535	0	0	0.00481990603793283	0	0.00104402296850531	0.000313206890551592	0	0.000382808421785279	0	0.00100922220288846	0	0	0	0.00130502871063163	0.00991821820080042	0.00118322603097268	0.000887419523229511	0.0101792239429267	0	0	0.00201844440577693
ERR3929047	0.000310354673320671	0.000310354673320671	0	0.000223455364790883	0	0	0.000682780281305476	0	0	0.00783335195461373	0.0033766588457289	0	0.000223455364790883	0	0	0.00244559482576689	0.1053964470597	0	0	0.000248283738656537	0	0	0	0	0	0.000124141869328268	0.0035628716497213	0	0	0	0	0.0025449083212295	8.68993085297878e-05	0.00135314637567813	3.72425607984805e-05	0.000645537720506995	0	0	0.000124141869328268	0	0	0.000211041177858056	0.0282671036460467	0	0	0	0	0.0171067495934354	0.000260697925589364	0.000397253981850459	0.00628157858801038	9.93134954626147e-05	0	0.00260697925589364	0	4.96567477313073e-05	0.234305364170174	0.00121659031941703	0	0.00197385572231947	3.72425607984805e-05	0	0	0.00167591523593162	0.000422082355716112	0.000918649833029186	8.68993085297878e-05	0.00456842079128027	0	0	0	0.127890953781982	0	0	0	0	0	0.000211041177858056	0.00116693357168572	0	0.000918649833029186	0.00659193326133105	0	0.0191675046242846	0	0	8.68993085297878e-05	0	0	0.0107879284446265	0.000111727682395442	0.0426427321142602	0.00289250555534865	0	0	0	0	0.000322768860253498	0.00518913013792162	0.000211041177858056	0.00103037751542463	0	0	0	0	0	0	0	0	0	0	0	0	0	0	0.00110486263702159	0	0	0.00341390140652738	0.00199868409618512	0.00027311211252219	0.000223455364790883	0.000173798617059576	0.000769679589835264	0.00288009136841583	0.0005089816642459	0.0357776867404069	0.000794507963700917	0.000297940486387844	0	0.00898787133936663	0.000186212803992403	0.00572294017603317	0	0	0	0	0	0	0	0.00409668168783286	0.000397253981850459	0	0	0.0105644730798356	0.136990552803744	0	0	0.0062443360272119	0	0	0.000322768860253498	0.0820453614390526	0.00824302012339702	0	0.000384839794917632	0.000372425607984805	0.000198626990925229	0.00047173910344742	0.000608295159708515	0.000136556056261095	0.00219731108711035	0.00141521731034226	0.00112969101088724	0.000583466785842861	0.000682780281305476	0.00615743671868211	0	0.00326493116333346	0.000633123533574169	0	0.00141521731034226	0	0.000546224225044381	0	0	0	0.000434496542648939	0.0132707658311919	0.000223455364790883	0.00122900450634986	0.00296699067694561	0	0	0.000422082355716112
ERR3929048	0	0.000257713843919125	0	0.000773141531757374	9.37141250614999e-05	0	0.0002811423751845	0.000515427687838249	0	0.00387742192441956	0.000737998734859312	0.000117142656326875	0.000304570906449875	0.000257713843919125	0	0.00325656584588712	0.000749713000491999	0.000117142656326875	0	0.000199142515755687	0.00138228334465712	0	0	0	0	0.000304570906449875	0.0296722348475974	0	0	0	0	0.00746198720802193	0.00195628236065881	0	0	0.00023428531265375	0	0.000445142094042124	8.19998594288124e-05	0	0.000316285172082562	0.00176885411053581	0.00760255839561418	0	0	0.000796570063022749	0	0.00185085396996462	0	0.00023428531265375	0.00472084904997306	0.000456856359674812	7.02855937961249e-05	0.032272801818054	9.37141250614999e-05	0	0.555467047770775	4.68570625307499e-05	0	0.000316285172082562	0.000152285453224937	0	0	0	7.02855937961249e-05	0	0	0	8.19998594288124e-05	0.000269428109551812	0.000257713843919125	0.017278541808214	0	0.000105428390694187	0	0	0	0.0045919921280135	0.00641941756671274	0.00312770892392756	0.000878569922451561	0.00270599536115081	0.00162828292294356	0	0	0	0	0	0	0.00961741208443643	0	0.00791884356769674	0.0108005529133379	0	0	0.00014057118759225	0	0	0.00160485439167819	0.00679427406695874	0	0.000199142515755687	0	0	0	0	0.0531359089098704	0	0	0	0	0	0	0	0	0.00014057118759225	0	0	0.000632570344165124	0.00189771103249537	0.000632570344165124	0	0	0.000339713703347937	0.000737998734859312	0.000222571047021062	0.00283485228311037	0.000491999156572874	0	0	0.000655998875430499	0.000105428390694187	0.00330342290841787	0	0	0	0	0	0	0	0.000726284469226624	0	0	0	0.000960569781880374	0.0237565307030902	5.85713281634374e-05	0	0.00620856078532437	0	0.000339713703347937	0.00475599184687112	0.0795984349741115	0.0319682309116042	0	0	0	0.000937141250614999	0	0.000655998875430499	0	0.00301056626760068	0.0163648290888644	0.000199142515755687	0.000257713843919125	0.000433427828409437	0.00495513436262681	0	0.000925426984982311	0	0	0.00208513928261837	0	0.000609141812899749	0	0	0	0.000433427828409437	0.0109645526321955	0	0.000901998453716937	0.00829370006794274	0	0	0.00173371131363775
ERR3929049	0	0.000352582281973848	0	0.000398571275274784	0.00013796697990281	0	0.000383241610841139	0.000153296644336455	0.00013796697990281	0.00823202980086766	0.00323455919549921	0	0.000367911946407493	0.000245274630938329	0	0.000582527248478531	0	0	0	0.000291263624239265	0	0	0	0	0	0	0.000199285637637392	0	0	0	0.000107307651035519	0.0276087256449956	0.00542670120951052	0	0	0	0	0.000168626308770101	0.0015482961077982	0	0	0.000337252617540202	0.000950439194886024	0	0	0	0	0.000475219597443012	0.000521208590743949	0.00110373583922248	0.016479389266169	0.000337252617540202	0	0	0	0	0.475480201738384	0.000398571275274784	0	0.00159428510109914	0.000260604295371974	3.06593288672911e-05	0	0.000444560268575721	0.000659175570646759	0.00180890040317017	0	0	6.13186577345822e-05	0.000291263624239265	0	0.0704398080726013	0	0.000199285637637392	0.000122637315469164	0	0.00013796697990281	0.00623917342449374	0.0160961476553278	0	0.00441494335688992	0.00323455919549921	0	0	0	0	0.000168626308770101	0.000291263624239265	0	0.0025907132892861	0	0.0410681710177364	0.00147164778562997	0	0	0	0	0.000889120537151442	0.0206950469854215	0.0022228013428786	0.0112059847009949	0	0.000858461208284151	0	0	0.0048135146321647	0.00749620590805267	0.000260604295371974	0	0	0.000107307651035519	9.19779866018733e-05	0	6.13186577345822e-05	0	0.000475219597443012	0.00125703248355893	0	0.0112826330231631	0.000812472214983214	0	0.000153296644336455	0.00145631812119633	0.000321922953106556	0.0107767540968528	0.000260604295371974	0.0193460365152607	0.00148697745006362	0.00027593395980562	0	0.0197139484616682	0.022274002422087	0.00676038201523769	0	0	0	0.000260604295371974	0	0	0	0.0079101068477611	0.000337252617540202	0	0.000291263624239265	0.00208483436297579	0.037021139607254	0.000199285637637392	0	0.0188401575889504	0.000505878926310303	0	0	0.00902917235141723	0.00272868026918891	0	0.000229944966504683	0.000168626308770101	0.00921312832462097	0.000935109530452378	0.00141032912789539	0.000766483221682277	0	0.000735823892814986	0.00150230711449726	0	0.000260604295371974	0.0322076249750893	0	0.000705164563947695	0.000935109530452378	0	0.00110373583922248	0	0.00164027409440007	0	0	0	0.00124170281912529	0.014793126178468	0.000214615302071038	0.000597856912912176	0.00853862308954057	0	0	0.000950439194886024
ERR3929050	0	0.0002617669267556	0	0.000151019380820539	0	0	8.05436697709539e-05	0	8.05436697709539e-05	0.00506418323684873	0.000694689151774478	0.000110747545935062	0.00126856279889252	0.000201359174427385	0	0.000704757110495847	9.06116284923232e-05	0	0	0.000191291215706016	0.00111754341807199	0	0	0	0	0.000100679587213692	0.00760130883463378	0	0	0	0	0.00205386357915933	0	0.00454064938333753	3.02038761641077e-05	5.03397936068462e-05	0	0.000302038761641077	0.000191291215706016	0	0	0.000211427133148754	0.00185250440473194	0	0	0	0	0.000453058142461616	0.00269821293732696	0.000543669770953939	0.00462119305310848	0.000563805688396678	7.04757110495847e-05	0.0122829096400705	0	7.04757110495847e-05	0.770863327460357	0	4.0271834885477e-05	0.000412786307576139	0.000171155298263277	0	0	0	5.03397936068462e-05	0.000181223256984646	0	0	0	0	0.000151019380820539	0.0647067707022401	0	0	0	0	0	0.00124842688144979	0.00569846463629499	0	0.00326201862572363	0.00092625220236597	0	0	0	0	7.04757110495847e-05	0	8.05436697709539e-05	0.00106720362446514	0	0.00439969796123836	0.00093632016108734	0	0	0	0	0	0.00160080543669771	0.000815504656430909	0.0002617669267556	0	0	0	0	0	0.00197331990938837	0	0	0	4.0271834885477e-05	0	5.03397936068462e-05	0	0	0.000322174679083816	0	0	0	0.000372514472690662	0	0	7.04757110495847e-05	0	0.000372514472690662	7.04757110495847e-05	0.00189277623961742	0.000100679587213692	0	0	0.00132897055122074	0	0.000463126101182985	0	0	0	0	0	0	0	0.0020941354140448	0	0	0.000110747545935062	0.00228542662975082	0.054669015857035	0	0	0.000835640573873647	0	0.000674553234331739	0	0.0046816008054367	0.000221495091870123	0	0	0	0.00040271834885477	0.000503397936068462	0.000432922225018877	0	0.000654417316889001	0.00883966775736219	0.00126856279889252	0.000110747545935062	0	0.00224515479486534	0.000563805688396678	0.000473194059904354	0.0001308834633778	0	0.000362446513969293	0	0	0	0	0	0	0.00432922225018877	0	0.000442990183740247	0.00102693178957966	0	0	0.000382582431412031
ERR3929051	0	0.00504372283844226	0	0.000296067588000804	0.000359510642572404	0	0	0	7.40168970002009e-05	0.00446216150486925	0.000518118279001406	0	0.000105738424286001	0	0	0	9.51645818574012e-05	0	0	0.000169181478857602	0	0.000338362957715204	0	0.000179755321286202	0.000338362957715204	0.000148033794000402	0	0	0	0	0.000348936800143804	0.000137459951571802	0	0	0	0.000285493745572203	0	0	0.000105738424286001	0	0	0.000200903006143402	0.0111765514470303	0	0	0	0	0.00155435483700422	0	0.00131115646114642	0.289162868894928	0.000105738424286001	0	0	0	0	0.00107853192771721	7.40168970002009e-05	0	0.00131115646114642	0.000169181478857602	0	0	0	7.40168970002009e-05	0	0	0	3.17215272858004e-05	0	8.4590739428801e-05	0.106922694638005	0	0	0	0	0	0	0.00136402567328942	0.000338362957715204	0	0.00399691243801085	0	0	0	0	0	0.000105738424286001	0	0.00171296247343322	0.000158607636429002	0.013407632199465	0.00205132543114843	9.51645818574012e-05	0	9.51645818574012e-05	0	0	0.000993941188288412	0.000317215272858004	0	0	0	0	0	0.000496970594144206	0.000507544436572806	0	0	0	0	0	3.17215272858004e-05	0	1.05738424286001e-05	0	0	0	0.00361625411058124	0.00139574720057522	0	0	0.00208304695843423	0	0	0	0.00078246433971641	6.34430545716008e-05	0.00215706385543443	0	0.000306641430429404	8.4590739428801e-05	0.00134287798843222	0	0	0	0	0	0	0	0.0306641430429404	0.000370084485001004	0	0	0.0571516183265837	0.272593657809311	0.000148033794000402	0	0.00347879415900944	0.00289723282543644	0	0.00171296247343322	0.0953760587059732	0.00164951941886162	0	0.000359510642572404	0	0.0101931841011705	0	0.00216763769786303	0	0.000169181478857602	0.0081630063548793	0.00326731731043744	0.000296067588000804	0	0	0	0.00344707263172364	0.000433527539572605	0	0.00137459951571802	0.000380658327429605	0.00083533355185941	0	0	0	0.00163894557643302	0.0192549670624808	0.00229452380700623	0.0118955727321751	0.000232624533429203	0.00146976409757542	0	0.00230509764943483
ERR3929052	0	0.00030910921066189	0	0.000340812719447725	4.75552631787523e-05	0	8.71846491610459e-05	6.34070175716697e-05	0.000110962280750422	0.00668944035381116	0.000752958333663578	0.000150591666732716	0.000174369298322092	9.51105263575046e-05	0	0.000800513596842331	0.000103036403553963	0	4.75552631787523e-05	0.00030910921066189	0	0	0	0	0	0.000412145614215853	0.00466041579151773	0	0	0	0	0.000103036403553963	0	0.000602366666930863	0	5.5481140375211e-05	4.75552631787523e-05	0.000134739912339798	0.000348738596644184	3.17035087858349e-05	0	0.000229850438697303	0.00680832851175804	0	0.000752958333663578	0	0	0.00406597500178332	3.96293859822936e-05	0.001727841228828	0.0147183539538238	0.000198146929911468	0	0	0	0.000198146929911468	0.603507993247153	0.000665773684502532	0	0.00120473333386173	0.000182295175518551	0	0	7.13328947681285e-05	0.000142665789536257	0.00024570219309022	5.5481140375211e-05	0	4.75552631787523e-05	0	0	0.11116835355753	0	0	0	0	0	0.00296427807147556	0	0.000491404386180441	0.00250457719408095	0.0079100254420658	0	0.0195055837804849	0	0	0	0.000649921930109615	0	0.00638033114314927	0	0.0178252978148357	0.0331301666811974	0.000150591666732716	0	6.34070175716697e-05	0	0	0.00103828991273609	0.000848068860021083	0	0	0	0	0	0.000134739912339798	0.00424827017730187	0	3.17035087858349e-05	0	3.96293859822936e-05	0	0	0	3.96293859822936e-05	0	0	0	0.000689551316091908	0.000523107894966275	0	0	0	0	0.000475552631787523	4.75552631787523e-05	0.00128399210582631	0.000483478508983982	0	0	0.000213998684304385	7.92587719645872e-05	0.00154554605330945	0	0	0	0	0	0	0	0.00645958991511386	0	0	0	0.00849654035460375	0.0584137149379008	0	0	0.00607914780968384	0.000134739912339798	0	0	0.014115987286893	0.00202902456229343	0	0	0	0.0012285109654511	0	0.00118888157946881	0.000110962280750422	0	0.00807646886319143	0.000523107894966275	0.000277405701876055	0.000190221052715009	0.000832217105628165	0	0.00196561754472176	0	0	0.000792587719645872	0.000182295175518551	0.0015931013164882	0	0	0	0.000974882895164422	0.0130539197425675	0.000356664473840642	0.00133154736900506	0.00517559780928754	3.96293859822936e-05	0	0.000570663158145028
ERR3929053	0	0.000210949036275421	0	0.000148445618119741	0	0	0	0	0	0.00407834803465815	0.000476588563437063	0.000164071472658661	0.000101568054502981	6.25034181556804e-05	0	0.000742228090598705	9.37551272335206e-05	0	0	8.59421999640605e-05	1.56258545389201e-05	0	0	0	0	0.000203136109005961	0.00168759229020337	0	0	0	0	0.000109380981772441	0	0.000500027345245443	0	0	0	0	0.000226574890814341	0	0	0	0.00123444250857469	0	0.000265639527161642	0	0	0.00103911932683819	7.81292726946005e-05	0.00149226910846687	0.00976615908682506	0.000273452454431102	4.68775636167603e-05	0.000171884399928121	0	0.000125006836311361	0.848085442172619	0.000750041017868165	0	0.000929738345065746	0.000125006836311361	3.12517090778402e-05	0	0	0.000101568054502981	0.000218761963544881	3.90646363473002e-05	0	4.68775636167603e-05	0	0	0.0418304126006891	0	0	0	0	0	0.00117193909041901	0	5.46904908862203e-05	0.000757853945137625	0.00162508887204769	0	0.00375801801661028	0	0	0	0.000164071472658661	0	0.00123444250857469	0	0.00306266748962834	0.0090551827053042	6.25034181556804e-05	0	0	0	0	0.000617221254287344	0.000195323181736501	0	0	0	0	0	7.81292726946005e-05	0.00136726227215551	0	0	0	2.34387818083801e-05	0	0	1.56258545389201e-05	4.68775636167603e-05	0	0	0	0.000125006836311361	0.000210949036275421	0	0	0	0	0.000242200745353262	6.25034181556804e-05	0.000898486635987906	0.000257826599892182	0	0	0.000109380981772441	7.03163454251404e-05	0.000523466127053823	0	0	0	0	0	0	0	0.00185166376286203	4.68775636167603e-05	0	0	0.00278921503519724	0.0311345151687983	0	0	0.00159383716296985	0	0	0	0.00604720570656208	0.00144539154485011	0	0	0	0.000359394654395162	0	0.000250013672622722	0	0	0.00454712367082575	0.000218761963544881	8.59421999640605e-05	0	0.000367207581664622	0	0.000593782472478964	0	0	0.000414085145281383	0	0.000640660036095724	0	0	0	0.000210949036275421	0.00321111310774808	0.000164071472658661	0.000445336854359223	0.00223449719906557	0	0	0
ERR3929054	0	0.000149321902888061	0	0.000272292881737053	0	0	0.000439182067317827	6.14854894244958e-05	5.27018480781393e-05	0.00498032464338416	0.000667556742323097	0	0.00076417679713302	5.27018480781393e-05	3.51345653854262e-05	0.00429520061836835	0.000351345653854262	0	4.39182067317827e-05	0.000122970978848992	0	7.90527721172089e-05	0	0	0	0.000729042231747593	0	0	0	0	0	0	0	0	0	0.000122970978848992	0	0	0.000210807392312557	0	0	0	0.00252968870775069	0	5.27018480781393e-05	0	0	0.000834445927903872	5.27018480781393e-05	0.0112518445646827	0.0289420982362448	0.000219591033658914	0	0	7.02691307708524e-05	0.00345197104911812	0.530575855526667	8.78364134635655e-05	1.75672826927131e-05	0.00116822429906542	0.000114187337502635	0	0	0.00022837467500527	0.00025472559904434	0.00324994729815192	0	0	1.75672826927131e-05	0	0	0.15870283184597	0	0	0	0	0	0	0	0.000386480219239688	7.02691307708524e-05	0.000948633265406507	0	0.00197631930293022	0	0	0	0.000667556742323097	0	0.00864310308481484	0	0.0138166678378188	0.00987281287330476	0	0	0	0	0	0.0018796992481203	0.000491883915395967	7.90527721172089e-05	0	0	0	0	0.000535802122127749	0.00168645913850046	0	0	0	0	0	4.39182067317827e-05	0	3.51345653854262e-05	0.000439182067317827	0	0	0.0114538683156489	0.00076417679713302	0	0	0	0.000333778371161549	0.000342562012507905	0.000158105544234418	0.00866945400885391	0.0010716042442555	0	0	0.0032148127327665	0	0.0195172510716042	0	0	0	4.39182067317827e-05	0	0	0	0.00713231677324151	0.000641205818284028	0	0	0.00260874147986789	0.0578666291897969	0.000114187337502635	0	0.00424249877029021	0.000105403696156279	0	0.00221347761928185	0.0199915677043075	0.0146598974070691	0	0.000852013210596585	0	0.00607827981167873	0	0.00170402642119317	0	0.000535802122127749	0.00267022696929239	0.00136146440868526	0.000166889185580774	0.000518234839435036	0.00645597638957206	0	0.0018182137586958	0.000377696577893331	0	0.0010716042442555	0	0.00099255147213829	0	0	0	0.00196753566158387	0.0137200477830089	0.000368912936546975	0.000746609514440306	0.00318846180872743	0.000685124025015811	0	0.0027492797414096
ERR3929055	0	0.000213724264036539	0	0.000292881398864887	0	0	0.000213724264036539	0	5.54099943798434e-05	0.00592095368516041	0.000593678511212608	0	0.000110819988759687	0.000110819988759687	0	0.00459111382004417	0.101756496821841	5.54099943798434e-05	0	0.000150398556173861	0	0	0.000957801331423008	0	0	0.00227180976957358	0	0	0	0	9.49885617940173e-05	0.000126651415725356	0	0	0	3.95785674141739e-05	0	0	9.49885617940173e-05	0	0	0.000245387117967878	0.00516896090429111	0	0.000657004219075286	0.000229555691002208	0	0.000261218544933548	0	0.00102112703928569	0.0550854501270472	0.000126651415725356	0	0.0669115260704023	0	0.000308712825830556	0.345006372149354	0	0	0.0043694738425248	0.000221639977519374	0	0	0	0.00016622998313953	0.000150398556173861	0	0	4.74942808970087e-05	0	0.000126651415725356	0.0535893802787914	0	0	0.000316628539313391	0	0	0	0	0.00034829139324473	0.000965717044905843	0.0114698688366276	0.00352249249986148	0.00781280920755792	0	0	0	0.00598427939302309	0	0.0653679619412496	0.000641172792109617	0.0686292358961775	0.00445654669083598	0.00205808550553704	0	0	0	0	0.00105278989321703	0	0.000174145696622365	0	0.000229555691002208	0	0	0	0.0172008453982	0	4.74942808970087e-05	6.33257078626782e-05	0	0	9.49885617940173e-05	0	0	0	0	0	0.000237471404485043	0.00194726551677735	0.000118735702242522	0	0.000482858522452921	0	0.00119527273590805	0	0.000585762797729773	0.000269134258416382	0.000189977123588035	0	0.000277049971899217	6.33257078626782e-05	0.000562015657281269	0	0	0	0	0	0	0	0.000633257078626782	0	0	0	0.0121427044826685	0.0398081231051761	0	0	0.0156335341285987	0.000237471404485043	0.000823234202214817	0	0.00907932336481149	0.00632465507278499	0	0.000237471404485043	0	0.000300797112347721	7.91571348283477e-05	0.00374413247738085	0	0.000284965685382052	0.00156731126960129	0.000625341365143947	0.00417949671893676	0	0.000253302831450713	0	0.00425073814028227	0.00108445274714836	0	0.000791571348283477	0.000395785674141739	0.00920597478053684	0	0	0	0.00351457678637864	0.0247603517743072	0.000340375679761895	0.00889726195470629	0.000395785674141739	0.000205808550553704	0	0.00249344974709295
ERR3929056	0	0.000139563953664767	0	0.000376215875096329	3.6407987912548e-05	0	0.000200243933519014	0	9.70879677667947e-05	0.00569785010831376	0.000770635744148933	0.000145631951650192	0.000157767947621041	0.000103155965752219	0	0.00766994945357678	0.210468510124455	0	0	0.000266991911358685	0	0	0.000206311931504439	0	4.85439838833974e-05	0.000776703742134358	0	0	0	0	0	0.000103155965752219	0	0	2.42719919416987e-05	0	0	0	0	0	0	0.000121359959708493	0.00242719919416987	0	7.88839738105207e-05	6.67479778396714e-05	8.49519717959454e-05	0.000254855915387836	7.2815975825096e-05	0.00104976365147847	0.0349759403879878	0.00018203993956274	0	0.104090437441975	3.6407987912548e-05	6.06799798542467e-05	0.44744810344723	4.85439838833974e-05	1.8203993956274e-05	0.00278521107530992	0.000188107937548165	6.06799798542467e-05	0	0	9.101996978137e-05	0.000109223963737644	0	0	4.24759858979727e-05	0	7.2815975825096e-05	0.0287744464468838	0	0	0.000175971941577315	0	0	0	0	0.000145631951650192	0.000260923913373261	0.00292477502897469	0.00103762765550762	0.00168083544196263	0	0	3.6407987912548e-05	0.00246360718208242	0	0.0131250796424736	0.000388351871067179	0.00751824950394116	0.00159588347016669	0.00199030333921929	0	0	0	0	0.000946607685726248	0.000333739889198357	0	0	6.06799798542467e-05	0	0	0	0.0196663814707614	0	0	0	6.67479778396714e-05	0	0	0	3.6407987912548e-05	6.67479778396714e-05	0	0	7.88839738105207e-05	0.000424759858979727	0	0	7.2815975825096e-05	0	0.000297331901285809	0	0.000631071790484166	7.2815975825096e-05	7.88839738105207e-05	0	0.000236651921431562	7.88839738105207e-05	0.000236651921431562	0	0	0	0	0	0	0	0.000691751770338412	0	0	0	0.00283375505919332	0.0245450518510428	0	0	0.0082646132561484	0.000194175935533589	0.000194175935533589	0	0.00524275025940691	0.00327671891212932	0	9.70879677667947e-05	0	0.000212379929489863	0	0.00152306749434159	0	0.000200243933519014	0.00209345930497151	0.000394419869052604	0.0063713978846959	0	0.000194175935533589	0	0.00767601745156221	0.00036407987912548	0	0.000673547776382138	0	0.00683256573158818	0	0	0	0.00158374747419584	0.0125182798439311	0.000115291961723069	0.00540051820702796	0.000418691860994302	9.70879677667947e-05	0	0.00083131572400318
ERR3929057	0	0	0	0.000163109076476409	0	0	9.78654458858454e-05	0	0.000108739384317606	0.00403423115818318	0.00418646629622783	0.000130487261181127	0.000250100583930494	0	0	0.000130487261181127	5.4369692158803e-05	8.69915074540848e-05	0	0.000108739384317606	0	0	0	0	8.69915074540848e-05	8.69915074540848e-05	0.0174309233061122	0	0	0	0	0.00170720833378641	0	0	0	0	0	0.000108739384317606	0	0	0	0	0.00581755706099192	0	0	0	0	0.00782923567086763	0	0.000674184182769157	0.0086121592379544	0.00018485695333993	0	0.0418755369007101	0.000130487261181127	0.000315344214521057	0.677609473375162	0	0	0.0003588399682481	0.00018485695333993	0	0	0	0	0	4.34957537270424e-05	0	0	0	0.000163109076476409	0.0570446810130161	0	0	0	0	0	0.00159846894946881	0.000608940552178594	0	0	0.0084164283461827	0	0	0	2.17478768635212e-05	0	0	0	0.0361775931624675	0	0.00437132324956776	0.00119613322749367	0	0	0	0	0	0.00072855387492796	0.000250100583930494	0	0	0	0	0	0	0.000260974522362254	0	6.52436305905636e-05	0	4.34957537270424e-05	0	9.78654458858454e-05	0	0	0.000521949044724509	0	0	0	0.000935158705131412	0	0	0.000565444798451551	0	7.61175690223242e-05	0	0.000391461783543382	0	0	0	0.00018485695333993	7.61175690223242e-05	9.78654458858454e-05	0	0	0	0	0	0	0	0.000532822983156269	0.000206604830203451	0	0	0.00331655122168698	0.0301208094559769	0	0	0.00560007829235671	0.000924284766699651	0	0	0.0104716027097855	0.00365364331307156	0	0	0	0.00490414623272403	0	0.003588399682481	0	0	0.00959081369681285	0.000239226645498733	0	0.000347966029816339	0	0	0.00278372823853071	0.000130487261181127	0	0.00552396072333438	0	0.0141578678381523	0	0	0	0.00146798168828768	0.0093842088666094	0	0.000837293259245566	0.00118525928906191	0	0	0.00473016321781586
ERR3929058	0.000717221889183866	0.000235505694955896	0	0.000246210499272073	0.000845679540977991	0	0.000524535411492678	7.49336302132397e-05	0	0.00680825554508864	0.0153935086066627	0.000171276869058834	0.000535240215808855	0.000139162456110302	0.000267620107904428	0.0379485313008478	0.000181981673375011	4.28192172647084e-05	0	0.000385372955382376	0	0.000160572064742657	0	0	0	0.000203391282007365	0.00675473152350775	0	0	0	0.000107048043161771	0.0248993748394279	0.000139162456110302	0	0	0.000535240215808855	0	0	0.000171276869058834	0	0.000192686477691188	0.00033184893380149	0	0.000181981673375011	0.0039714824013017	0.0398004624475465	0	0.0443928234991864	0.000117752847477948	0.00594116639547829	0.02973794639034	0.000128457651794125	0.0148368587822215	0.0812173503468357	0	0.000107048043161771	0.152575575918472	0.000588764237389741	0	0.0445962147811938	0.000321144129485313	4.28192172647084e-05	0	0.00475293311638263	0.000299734520852959	0.000235505694955896	0	0	4.28192172647084e-05	0	0	0.0188725700094202	0	0	0	7.49336302132397e-05	5.35240215808855e-05	0.00169135908195598	0.00209814164597071	0	0	0.0130170420484714	0	0.000235505694955896	0	0	0.0149546116296994	0.00489209557249293	0.000149867260426479	0	0.000920613171191231	0.000834974736661814	0	0.00651922582855185	0	8.56384345294168e-05	9.63432388455939e-05	0.0039714824013017	0.0026654962747281	0.00073863149781622	0.00259056264451486	0.00671191230624304	0.000652993063286803	0	0	0.000374668151066198	0.000535240215808855	0	5.35240215808855e-05	0	8.56384345294168e-05	0	4.28192172647084e-05	0	0	0.00268690588336045	0	0	0.00148796779994862	0.00326496531643402	0	0.00107048043161771	0.00107048043161771	9.63432388455939e-05	0.00462447546458851	0.00250492420998544	0.0632760983129228	0.00505266763723559	0.00480645713796352	0.00066369786760298	0.0164104650166995	0.000117752847477948	0.00606962404727242	0.000214096086323542	0.00073863149781622	0	0	0	0	0	0.000984841997088293	0.000695812280551512	0	0	0.0118073991607433	0.104393251691359	0.000374668151066198	0	0.0113577973794639	0	0	0.00129528132225743	0.0361180097627815	0.0153399845850818	0	0.000631583454654449	0.000492420998544147	0.00108118523593389	0.016196368930376	0.00784662156375781	0	0	0.0052346493106106	0.00184122634238246	0	0.000845679540977991	0.00408923524877965	0	0.00152008221289715	0.000706517084867689	0	0.008039308041449	0	0.00282606833947075	0	0	0	0.00081356512802946	0.0240215808855014	0.000299734520852959	0.00259056264451486	0.015168707716023	5.35240215808855e-05	0	0.00435685535668408
ERR3929059	0.000107108429433396	0.0715662822664144	0	0.000348102395658538	0.00878289121353851	0	0.00691741940090685	0	0	0.0202434931629119	0.00581955799921454	0.000249919668677925	0.000249919668677925	0.191670534471063	3.57028098111321e-05	0.00427541147488307	0.000169588346602878	0	0.000535542147166982	9.81827269806134e-05	0	0.000276696776036274	0	0	8.92570245278303e-05	0.000151736941697312	0	0.000249919668677925	0	0	0	0.000124959834338962	8.92570245278303e-05	0	0	0	0	0	7.14056196222643e-05	0	0	0.000151736941697312	0.00367738941054661	0	0	0.000187439751508444	0	0.000571244956978114	0.0425041950801528	0.0512067549716163	0.160689421257453	7.14056196222643e-05	0	0.00358813238601878	0.0021064657788568	0.00454318254846656	0.0209843264664929	0	0.00260630511621265	0.029329858259845	0.0121835838480488	0	0	0.00979149559070299	0.00275804205790996	0.000187439751508444	0	0	0	0	0	0.0798671855475026	0	0	0	0	6.24799171694812e-05	0.000116034131886179	0.000178514049055661	7.14056196222643e-05	0	0.000651576279053162	0	0.0126120175657824	0	0	6.24799171694812e-05	0	0	0.0236709629047806	0	0	0	0.0110053911242815	0	0	0	3.57028098111321e-05	0.00354350387375486	0.000303473883394623	0	0.00292763040451284	0.000669427683958728	0.000107108429433396	0	0	0.000124959834338962	0	0	0	3.57028098111321e-05	0	5.35542147166982e-05	0	0	0.000124959834338962	0	0	0	0.000874718840372737	0	0	0.00058909636188368	0.00606055196543968	0.00182084330036774	0.0111392766610732	0.0314809525509658	0.000133885536791746	0	0.000455210825091935	0.00368631511299939	0	0.000687279088864294	0.000160662644150095	0	0.000758684708486558	0.000303473883394623	0	0	0	0.0018386947052733	0.000107108429433396	0.000116034131886179	0	0.0168785033382127	0.0737709307722518	0.000160662644150095	0	0.00225820272055411	0.000151736941697312	0	0	0.00124959834338962	0.00219572280338463	0	0.000178514049055661	0	0.00122282123603128	0	0.00088364454282552	0	0.00400764040129958	0	0.000178514049055661	0.00787246956335464	0	0.000464136527544718	0	0.00548038130600878	0	0	0.00141026098753972	0	0.000526616444714199	0.000660501981505945	0	0	0	0.018431575564997	0	0.000276696776036274	0.00175836338319826	0.000365953800564104	0	0.00391838337677175
ERR3929060	0	0.000173694481624146	0	0.000306519673454375	0	0	0.000173694481624146	0	9.19559020363124e-05	0.00492474942016695	0.00173694481624146	0	0.000214563771418062	0.000173694481624146	0	0.00946124058729169	0.00012260786938175	0	3.06519673454375e-05	0.000296302351005895	0	0	0	0	0.000163477159175666	0.00012260786938175	0	0	0	0	0	0	0	0	2.04346448969583e-05	5.10866122423958e-05	0	0	0	0	0	0.000132825191830229	0.00275867706108937	0	4.08692897939166e-05	0	0	0.000970645632605519	0	0.00103194956729639	0.0190859583337591	0.000173694481624146	0	0.0471120738099374	0	0.000173694481624146	0.449827838116743	8.17385795878332e-05	0.000102173224484792	0.0205879047336855	0.000173694481624146	5.10866122423958e-05	0	0	0.00012260786938175	0.000224781093866541	0	0	0	0	0	0.000664125959151145	0	0	0	0	0	0	0.00134868656319925	0	0	0.0067127808486508	0	0	0	0	0.00321845657127093	0	0.000316736995902854	9.19559020363124e-05	0.000337171640799812	7.15212571393541e-05	0	0.0804409796368764	0	0	0	0	0.00111368814688423	0.015438374219652	9.19559020363124e-05	0	7.15212571393541e-05	0	0	0.000541518089769395	0.000766299183635936	0	4.08692897939166e-05	0	0	0	0	2.04346448969583e-05	0	0.00133846924075077	0	0	8.17385795878332e-05	0.00299367547740439	0	0	0.000132825191830229	0	0.000132825191830229	0.000429127542836124	0.000909341697914645	0.00159390230196275	0	0	0.000132825191830229	5.10866122423958e-05	0.00124651333871446	0	0	0	0	0	0	0	0.00102173224484792	0.000112390546933271	0	0	0.0074484280649413	0.0852431211876616	0	0	0.0114229664973997	0.000183911804072625	0.0002452157387635	0	0.0444044833610904	0.00764255719146241	0	0.000316736995902854	0	0.0497379256791965	0	0.0028404156406772	0	0.00355562821207074	0.00728495090576564	0.0062223493711238	0	0.000275867706108937	0.00469996832630041	0	0.00335128176310116	0.00023499841631502	0	0.011279923983121	0.000337171640799812	0.00360671482431314	0	0	0	0.0112084027259816	0.0388053906593238	0.00150194639992644	0.00393366914266447	0.00474083761609433	0	0	0.00729516822821411
ERR3929061	0	0.000141964792731403	0	0.000239565587734242	0.00141077512776831	0	0.00262634866553095	0	0.00013309199318569	0.059598594548552	0.000647714366837024	0	0.000514622373651334	0.00153499432140829	0	0.000647714366837024	0.000141964792731403	0	0.000106473594548552	0.00260860306643952	0.000372657580919932	0.000212947189097104	0.000150837592277115	0	0.000230692788188529	0.000186328790459966	0.0316315303804656	0	0	0	0	0.0267692362294151	0	0	5.3236797274276e-05	0	0	0	0	0	0	0.000275056785917093	0.000115346394094265	0	0	0	0	0.00165034071550256	7.09823963657013e-05	0.0147377200454287	0.0685246308915389	8.87279954571266e-05	0	0.0129631601362862	0	0.000212947189097104	0.0674332765474162	0.00268845826235094	2.6618398637138e-05	0.0145247728563316	0.00103811754684838	0	0	0.00404599659284497	0.00575844690516752	0.000159710391822828	0	0	0	0	0.000541240772288472	0.311825667234526	0	0.000150837592277115	0.000417021578648495	0.000168583191368541	0	0.000319420783645656	0.0149329216354344	0	0	0.0382950028392959	0	0	7.09823963657013e-05	0	0.0161662407722885	0.000248438387279955	0	0.000479131175468484	0.000221819988642817	0.0394839579784214	0	0	0	0.00166808631459398	0.00135753833049404	0.000674332765474162	0.00618434128336173	0.000106473594548552	0.00206736229415105	0	0	0	0.000745315161839864	0.00013309199318569	0.000177455990914253	0	0	0	7.09823963657013e-05	0.00557211811470755	0	0	0.000124219193639977	7.09823963657013e-05	0	0	4.43639977285633e-05	0.00323857183418512	0	0.000488003975014196	0.000470258375922771	0.000168583191368541	0.000851788756388416	0.00416134298693924	0.0538578932424759	0.00183666950596252	0.000816297558205565	0	0.00428556218057922	0.000141964792731403	0.0013309199318569	0	0.00279493185689949	0.000585604770017036	0	0	8.87279954571266e-05	0.000354911981828507	0.00106473594548552	0.00149950312322544	0	0	0.0245599091425327	0.0205316581487791	0.000319420783645656	0.000186328790459966	0.00747977001703577	0	0	0	0.00374432140829074	0.00194314310051107	0	0	0	0.00204074389551391	0	0.003921777399205	6.21095968199886e-05	0	0.000718696763202726	0.000212947189097104	7.9855195911414e-05	0	0.00156161272004543	0.000106473594548552	0.00220045428733674	0.000337166382737081	0	0.00142852072685974	0.00306111584327087	0.00896152754116979	0.000319420783645656	0	0	0.000354911981828507	0.0145602640545145	0.000106473594548552	0.00039927597955707	0.0173285775127768	0.000363784781374219	0	0.0384813316297558
ERR3929062	0	0.000285175273110165	0	0.000394858070460229	0.00156846400210591	0	0.000899398938270522	0	7.67779581450445e-05	0.111108673715614	0.00253367261878647	0	0.000175492475760102	0	0.000186460755495108	0.0186460755495108	0.0236147062694687	0	5.48413986750318e-05	0.000998113455885579	0	0	0	0	0	0.00309305488527179	0	0	0	0	0	0.0573531347343483	0	0	3.29048392050191e-05	0.000109682797350064	0	0	0	0	0	0.000197429035230115	0.000548413986750318	0	0	0	0	0.00100908173562059	0.000131619356820076	0.0055170447067082	0.0892379239240118	9.87145176150573e-05	0	0.0476791120080727	0	4.38731189400254e-05	0.303437458868951	0.0197977449216865	0	0.00797393936734963	0.000153555916290089	0	0	0.00102005001535559	0.00167814679945597	0.000131619356820076	0	0	0	0	0	0.000976176896415566	0	0	0	0	0	0	0.000833589259860484	0.000263238713640153	0	0.00390470758566226	0	0	0	0	0.000109682797350064	0	7.67779581450445e-05	0.0110340894134164	0.000230333874435134	0	0	0.000263238713640153	0	0	0	0	0.00562672750405826	0.00730487430351424	0.000548413986750318	0	0.000340016671785197	6.58096784100382e-05	0	0	0.000691001623305401	0	0	0	0	9.87145176150573e-05	5.48413986750318e-05	0	0	0.00230333874435134	0	0	0.000526477427280305	0.00161233712104594	0	0.000186460755495108	0.000230333874435134	0	0.00116263765191067	0.000175492475760102	0.0152459088316588	0.00163427368051595	0.000274206993375159	0	0.00369631027069714	0	0.0182841223182556	0.000636160224630369	0.00179879787654104	0	0	0	4.38731189400254e-05	0	0.000800684420655464	0.000614223665160356	0	0	0.00481507480366779	0.0484688281489931	0.00012065107708507	0	0.00751327161847936	0.000153555916290089	0	0.000998113455885579	0.0401658403895933	0.0203132540692318	0	0.000131619356820076	0	0.00149168604396087	0.000416794629930242	0.00315886456368183	0	0.00559382266485324	0.00726100118457421	0.00340016671785197	0.000625191944895363	0.000526477427280305	0.00529767911200807	0	0.000658096784100382	0.000614223665160356	0	0.00400342210327732	0	0.000680033343570394	0	0.000263238713640153	0	0	0.0298666257184223	0.00420085113850744	0.00250076777958145	0.0195235379283113	0.000219365594700127	0	0.00558285438511824
ERR3929063	0.00613195319692866	0.1476674443342	0	0.000884932021131104	0.00559563075987951	0	0.00419225371626755	8.04483655573731e-05	0.00233300260116382	0.0514958926640029	0.00354866679180857	0.000107264487409831	0.000107264487409831	0.000134080609262288	0	0.00584591456383578	8.93870728415257e-05	0	0.000187712852967204	0.00241345096672119	0	0.000259222511240424	0.00542579532148061	0.000178774145683051	0.00174304792040975	0.000160896731114746	0.000294977340377035	0	9.83257801256782e-05	0	0.00134080609262288	0.000688280460879748	0	0	2.68161218524577e-05	0.000321793462229492	0	0	0	6.2570950989068e-05	0.00235088001573212	0.000572077266185764	0.00188606723695619	0	0.000214528974819662	0.000706157875448053	0	0.00284250891636052	0.0376498350808506	0.00809846879944223	0.143207029399408	0.000187712852967204	0	0.0769890858384061	0	9.83257801256782e-05	0.00195757689522941	0.000125141901978136	0	0.0261725349279987	0.0176986404226221	3.57548291366103e-05	4.46935364207628e-05	0.00285144762364467	0.145504277171435	0	0	0	4.46935364207628e-05	0	0.000187712852967204	0.00929625557551867	2.68161218524577e-05	0	0.00165366084756822	8.93870728415257e-05	0	0.000196651560251356	0.000366486998650255	0.000518445022480849	9.83257801256782e-05	0.00656101114656798	0	0	0	0	0.00699900780349146	0	4.46935364207628e-05	8.04483655573731e-05	0	0	0	0	0.0316519624931842	0	0.00143913187274856	0.00143019316546441	0.0687475977224174	0.00968955869602138	0.0253322964432884	0.00568501783272103	0.000598893388038222	0	0.00128717384891797	0	0.00062570950989068	0.000500567607912544	0	0	2.68161218524577e-05	7.15096582732205e-05	7.15096582732205e-05	0	0.000107264487409831	0.00364699257193425	8.04483655573731e-05	0	0.00038436441321856	0.000545261144333306	0	0	0.00119778677607644	0.00463025037319103	0.00202908655350263	0.000446935364207628	0.0199422559509444	0.000268161218524577	0.000554199851617459	0.000715096582732205	0.0129968803911578	0.000160896731114746	0.000724035290016358	0	0.00183243499325128	0.00027709992580873	3.57548291366103e-05	0.00109052228866661	0	0	0.00143913187274856	0.000366486998650255	0	0	0.0019039446515245	0.00160002860386331	0.000232406389387967	0.00034860958408195	8.93870728415257e-05	0.000482690193344239	5.36322437049154e-05	0	0.000902809435699409	0.0128181062454748	0.000196651560251356	0.000134080609262288	0	0	0.000491628900628391	0.000822361070142036	0	0.000125141901978136	0	0	0	0	0.000169835438398899	0	0.00265479606339331	0	0	0.00306597659846433	0	0.00236875743030043	0.00355760549909272	0	0.00972531352515799	0	0.00269055089252992	0	0.000294977340377035	0.00277993796537145	0.00925156203909791	0	0.00583697585655163
ERR3929064	3.61503493027501e-05	0.000144601397211001	0	0.000361503493027501	0.00507008648971071	0	0.00511527442633914	0	0.00010845104790825	0.191407061970736	0.000894721145243066	0.000162676571862376	0.000198826921165126	9.94134605825629e-05	0	0.0189337454473154	0	2.71127619770626e-05	3.61503493027501e-05	0.138510063353487	0.00450975607551808	0	7.23006986055003e-05	0	0.000641668700123815	0.000135563809885313	0	0	0	0.000858570795940316	0.000415729016981627	0	0	0	0	0	0	0	0.000162676571862376	0	0.000180751746513751	0	0	0	0	0	0	0.000506104890238502	0.000957984256522879	0.00344332077108695	0.0698695876148903	0.0584189644732442	0	0.0377228894974198	0.000189789333839438	0.00385001220074289	0.00169906641722926	0	0	0.00342524559643558	0.112508924617484	5.42255239541252e-05	0	0.00159965295664669	0.0113060217444351	0.000189789333839438	7.23006986055003e-05	0	0	0	0	0.000533217652215565	0	0	8.13382859311878e-05	0	0	0.000244014857793563	0.000316315556399064	0	0	0.00562137931657765	0	0	0	0	0	7.23006986055003e-05	0	0.0150746956592468	0	6.32631112798127e-05	0	0	0	0.0085585951974261	3.61503493027501e-05	0.000632631112798127	0.00285587759491726	0.00187981816374301	0.00805249030718759	0.000849533208614628	0.000948946669197191	0	0.0427568256378277	0	0.000207864508490813	0	0.0148035680394762	0.000180751746513751	9.03758732568753e-05	0.0351742898715759	0.000488029715587127	0.00289202794422001	0.0190421964952236	0	0	0	0.00010845104790825	0.000668781462100878	0	0.000126526222559625	6.32631112798127e-05	0.000117488635233938	0.000433804191633002	0.000786270097334815	0.0303662934143101	0.00313604280201357	0.00318123073864201	7.23006986055003e-05	0.0039132753120227	7.23006986055003e-05	0.000189789333839438	0	0	0.00112066082838525	0	0	0	0	0.000741082160706378	0.000262090032444938	0	0	0.000442841778958689	0.00415729016981627	0.00195211886234851	0.000262090032444938	0.000497067302912814	0.000144601397211001	8.13382859311878e-05	0	0.00065974387477519	0.00163580330594944	0	0	0	0.000262090032444938	0	0.00010845104790825	0	0	9.03758732568753e-05	7.23006986055003e-05	0	0	0.00619978490542165	0	0	0	0	0.0070312429393849	0	0.00219613372014207	0.00307277969073376	0	0.000216902095816501	0	0.00109354806640819	0	0.000198826921165126	0.000234977270467876	0.0714511653968856	0.000370541080353189	0.0168551003624073
ERR3929065	2.93132635189107e-05	0.000168551265233737	0	0.000366415793986384	0.00483668848062027	0	0.00405255868148941	7.32831587972768e-05	0	0.133170156166411	0.000784129799130862	0.000212521160512103	8.06114746770045e-05	5.86265270378214e-05	0	0.0183501029628381	0.000131909685835098	4.39698952783661e-05	0	0.11761214155375	0.00300460951068835	2.1984947639183e-05	0	0	0.000762144851491679	0.000117253054075643	0	0	0	0.000732831587972768	0.000593593586257942	0	0	0	0	0	0	0	0.000102596422316188	0	0.000205192844632375	0	0	0	0	0	0	0.000974666012003781	0.00101863590728215	0.00357621814930711	0.101467861670709	0.0962940706596217	0	0.0732172039543593	0.000131909685835098	0.00774602988487216	0.001641542757059	8.06114746770045e-05	3.66415793986384e-05	0.00333438372527609	0.0985585202664576	5.12982111580938e-05	0	0.00164887107293873	0.0112049949801036	8.79397905567322e-05	0.000139238001714826	0	0	0	0	0.000498325479821482	0	0	0.000124581369955371	0	0	0.000161222949354009	0.000366415793986384	0	0	0.00617777028661043	0	0	0	0	8.79397905567322e-05	9.52681064364598e-05	0	0.0116886638281656	0	0	0	3.66415793986384e-05	0	0.00839824999816792	0	0.000622906849776853	0.00268949192786006	0.00228643455447504	0.0091603948496596	0.000740159903852496	0.00114321727723752	0	0.0218676945851074	0	7.32831587972768e-05	0	0.00833229515525037	0.000212521160512103	5.12982111580938e-05	0.0227617491224342	0.000534967059220121	0.00329774214587746	0.0152135837663147	0	0	0	8.79397905567322e-05	0.000417714005144478	0	8.79397905567322e-05	6.59548429175491e-05	0.000271147687549924	0.000227177792271558	0.000622906849776853	0.0477732912199447	0.00516646269520801	0.00344430846347201	0.000366415793986384	0.00385469415273676	0	0.000212521160512103	0	0	0.00091603948496596	0	0	0	0	0.000586265270378214	0.000388400741625567	0	0	0.000461683900422844	0.00400126047033131	0.00206658507808321	0.000175879581113464	0.000432370636903933	0.000117253054075643	4.39698952783661e-05	0	0.000747488219732223	0.00471943542654463	0	0	0.000146566317594554	0.000300460951068835	0	0	0	0	0	8.06114746770045e-05	0	0	0.0236045054486029	0	0	0	0	0.00512982111580938	0	0.00213986823688048	0.0029386546677708	0	0.000307789266948563	0	0.00133375349011044	0	0.000205192844632375	0.000205192844632375	0.064262001949332	0.000351759162226929	0.0183940728581165
ERR3929066	0.00497490989981204	0.000163818523564001	0	0.000456967460468004	0.00765636046972806	3.44881102240003e-05	0.00880309013467607	0	9.48423031160008e-05	0.0204255832801642	0.00795813143418806	0.000198306633788002	0.000155196496008001	8.62202755600007e-05	0.000801848562708006	0.0133986308220241	0.000172440551120001	0.000198306633788002	0.000344881102240003	0.152135676225621	0.00254349812902002	0	8.62202755600007e-05	0	0	0.00123294994050801	0.000517321653360004	0	0	0	0	0.00653549688744805	0.000646652066700005	0	0.000137952440896001	0	0	0	0.00249176596368402	0	0	0.000224172716456002	0	0	0.000284526909348002	0.000344881102240003	6.89762204480006e-05	0.000939801003604007	0.0189770826507562	0.00309530789260402	0.166879343346381	0.00411270714421203	0	0.0580865996447725	0	8.62202755600007e-05	0.00643203255677605	0	3.44881102240003e-05	0.0121915469641841	0.00313841803038403	0	0.000146574468452001	0.00221586108189202	0.00546636547050404	0.000836336672932007	0	0.00279353692814402	0	0	0	0.000784604507596006	0	0	0	0	0	0.000129330413340001	0.00155196496008001	0.000206928661344002	3.44881102240003e-05	0.00463002879757204	0	0	0	0	0.00340570088462003	0	0	0.00137090238140401	0	0	0	0	0.000301770964460002	0.0148557534789881	0.000112086358228001	0	0.218007966753462	0.00196582228276802	0.0155282716283561	0	0.000465589488024004	0	0.0115621389525961	0.00376782604197203	0.00166405131830801	0.00220723905433602	0.000362125157352003	0	8.62202755600007e-05	0.0519218499422324	0	0	0.000405235295132003	0.00613026159231605	0	0	0.000715628287148006	0.000603541928920005	0	0.000577675846252005	0.00134503629873601	0.000551809763584004	0.00448345432912004	0.00139676846407201	0.0211498335948682	0.00254349812902002	0.000405235295132003	0	0.0110879274370161	0.000319015019572003	0.00294873342415202	9.48423031160008e-05	0.000250038799124002	0	0	0.000344881102240003	0	6.89762204480006e-05	0.00799261954441206	0.000482833543136004	0	0	0.00233656946767602	0.0120535945232881	0.000853580728044007	0	0.00378507009708403	0	0.000456967460468004	0	0.00225034919211602	0.00134503629873601	0	0.000103464330672001	0.000163818523564001	0.00225034919211602	0.000189684606232002	0.00332810263661603	0	0.00524219275404804	0.000732872342260006	0.000482833543136004	0.000120708385784001	0	0.00399199875842803	0	0.000267282854236002	0.000646652066700005	0.00432825783311203	0.00274180476280802	0.00104326533427601	0.000879446810712007	0.000422479350244003	0	0	0.00207790864099602	0.0133986308220241	0	0.000715628287148006	0.00632856822610405	0.000620785984032005	0	0.00941525409115208
ERR3929067	0.00394866732477789	0.000192191772444941	1.74719793131765e-05	0.00020092776210153	0.0127108649503359	0	0.010142483991299	0	9.60958862224707e-05	0.0174370353545501	0.00872725366693166	0.000157247813818588	0.000192191772444941	0.000139775834505412	0.000891070944972001	0.0156286854956364	0.000131039844848824	0.000174719793131765	0.00069887917252706	0.108754335234867	0.00190444574513624	5.24159379395295e-05	0	0	0	0.00102211078982082	0.000463007451799177	0	0	0	0	0.00986293232228813	0.000777503079436354	0	0.000244607710384471	0	0	0	0.000960958862224707	0	0	0.000297023648324	0	0	0.000611519275961177	0.000113567865535647	0	0.000725087141496824	0.0186775458857857	0.003415771955726	0.151997484034979	0.00292655653495706	0	0.061527575151351	0	0.000270815679354236	0.00987166831194472	8.73598965658825e-05	0	0.0161091649267487	0.00284793262804777	7.86239069092942e-05	0.000262079689697647	0.00225388533139977	0.00551240947330718	0.0015637421485293	6.11519275961177e-05	0.00366037966611048	0	0	0	0.000873598965658825	0	0	0	0	5.24159379395295e-05	6.11519275961177e-05	0.000969694851881295	0.000122303855192235	0	0.00301391643152295	0	0	0	0	0.00227135731071294	0	6.11519275961177e-05	0.000987166831194472	0	0	0	5.24159379395295e-05	0.00105705474844718	0.00695384776664424	7.86239069092942e-05	0	0.287903275122522	0.00165983803475177	0.0161266369060619	0	0.000532895369051883	0	0.00777503079436354	0.00278678070045165	0.000952222872568119	0.00128419047951847	0.000305759637980589	0	0.000139775834505412	0.0308030995291302	0	0	0.000192191772444941	0.00504066603185142	0	0	0.000934750893254942	0.000515423389738707	0	0.000725087141496824	0.00110947068638671	0.000410591513859648	0.00491836217665918	0.00103084677947741	0.0215691584621164	0.00241986913487494	0.000690143182870472	0	0.0114965623880701	0.000419327503516236	0.00437673081795071	0.000131039844848824	0.000253343700041059	9.60958862224707e-05	0	0.00064646323458753	0	0.000139775834505412	0.0077313508460806	0.000262079689697647	0	0	0.00243734111418812	0.0123090094261328	0.000681407193213883	0	0.00359049174885777	0.000157247813818588	0.000288287658667412	0	0.0027518367418253	0.00069887917252706	0	0.000235871720727883	0	0.00265574085560283	0	0.00343324393503918	7.86239069092942e-05	0.00662188015969389	0.00064646323458753	0.000375647555233295	0.000279551669010824	0.000148511824162	0.00348565987297871	0	0.000384383544889883	0.00100463881050765	0.00739064724947366	0.00286540460736094	0.000690143182870472	0.00136281438642777	0.000436799482829412	0	0	0.00187823777616647	0.0152617739300597	0	0.000637727244930942	0.00845643798757742	0.000524159379395295	0	0.00789733464955577
ERR3929068	0	0.000267657268922558	0	0.000332543879570451	0.00109496155468319	0	0.00116795899166207	0	0.000105440742302826	0.0314132303799111	0.0183385783343607	0.000283878921584531	0.000567757843169062	0.000137884047626772	0	0.0114443759530221	0.0974191350614801	0	7.29974369788794e-05	0.000300100574246504	0	5.67757843169062e-05	0	0	5.67757843169062e-05	0.000300100574246504	0.00150861369756351	0	0	0	0	0.0045420627453525	0.00107062907569023	0	0	0	0	0	0.00291989747915518	0	0	0.000275768095253544	0	0	0	0	0	0.00487460662492295	0.00759173344580346	0.0013950621289297	0.00739707361385978	0.000340654705901437	4.86649579859196e-05	0.0311374622846576	0	0.0112821594264024	0.490923985335626	0.000186549005612692	4.0554131654933e-05	0.00259546442591571	0.000186549005612692	4.86649579859196e-05	0	0.000259546442591571	0.000867858417415566	0.000218992310936638	0	0	7.29974369788794e-05	0	0.000300100574246504	0.000932745028063459	0	0	0	0	0	0.000373098011225384	0.000648866106478928	0.000308211400577491	0.00040554131654933	0.00426629465009895	0	0	0	0	0.00463939266132434	0	0.000145994873957759	0.000113551568633812	0	0	0	0	0	0.000324433053239464	0	3.24433053239464e-05	0.00527203711514129	0.0263601855757065	0.000227103137267625	0.000121662394964799	0.000105440742302826	7.29974369788794e-05	0.00122473477597898	0.00292800830548616	0.00608311974823995	0	4.86649579859196e-05	0	2.43324789929598e-05	0.000559647016838075	4.86649579859196e-05	0	0	0.00184115757713396	0	0	0	0.00135450799727476	0	0.000178438179281705	9.73299159718392e-05	0.000145994873957759	7.29974369788794e-05	0.00035687635856341	0.0135613016254096	0.00111929403367615	0.000624533627485968	8.92190896408526e-05	0.00325244135872563	0.000105440742302826	0.00311455731109885	5.67757843169062e-05	0.000251435616260585	0	0	0	0	4.0554131654933e-05	0.00789994484638095	0.000527203711514129	0	0	0.00531259124679622	0.0425899490640106	0.000324433053239464	0	0.00798105310969082	0.000129773221295786	7.29974369788794e-05	0	0.0336274859682704	0.0218911202673328	0	0	0	0.000510982058852156	0.000275768095253544	0.00218992310936638	0	0.0022385880673523	0.00112740486000714	0.000600201148493008	0.000364987184894397	0.000437984621873276	0.014502157479804	0	0.00188982253511988	0.000194659831943678	0	0.00105440742302826	0.000389319663887357	0.000535314537845116	0	0	0	0.00115984816533108	0.0246893553515232	0.000227103137267625	0.000981409986049379	0.00921389871200078	2.43324789929598e-05	0	0.0020601498880706
ERR3929069	0	0.000115473441108545	0	0.000277136258660508	0.00188221709006928	0	0.00106235565819861	0	0	0.0201501154734411	0.0156928406466513	0.000288683602771363	0.000612009237875289	8.08314087759815e-05	0	0.0122401847575058	0.110854503464203	4.6189376443418e-05	0.000150115473441109	0.000300230946882217	0	5.77367205542725e-05	0	0	0	0.000254041570438799	0.000981524249422633	0	0	0	0	0.00290993071593533	0.0012933025404157	0	0	0	0	0	0.00329099307159353	0	0	0	0	0	0	4.6189376443418e-05	0	0.00479214780600462	0.00719399538106236	0.00131639722863741	0.00669745958429561	0.000196304849884527	0	0.0225288683602771	0	0.00672055427251732	0.564168591224019	0.000207852193995381	0	0.00214780600461894	0.000138568129330254	0	0	0.000450346420323326	0.000739030023094688	0.000196304849884527	0	0	0	0	0.000184757505773672	0.000404157043879908	0	0	0	0	0	0.000138568129330254	0.000323325635103926	0.000161662817551963	0.000161662817551963	0.00229792147806005	0	0	0	0	0.00415704387990762	0	0.0001270207852194	0.00023094688221709	0	0	0	0	0	0.000150115473441109	0	0	0.0047459584295612	0.0269976905311778	0.000277136258660508	4.6189376443418e-05	0.000150115473441109	0	0.00069284064665127	0.00215935334872979	0.00591224018475751	0	0	0	0	0.00035796766743649	3.46420323325635e-05	0	4.6189376443418e-05	0.00092378752886836	0	0	0	0.000808314087759815	0	0.0001270207852194	9.2378752886836e-05	0	0	0.000484988452655889	0.0131177829099307	0.00131639722863741	0.000531177829099307	0.000103926096997691	0.00361431870669746	0	0.00271362586605081	0.000138568129330254	0.000438799076212471	0	0	0	0	0	0.00645496535796767	0.000658198614318707	0	0	0.00419168591224018	0.0330715935334873	0.000219399538106236	0	0.00393764434180139	0	0	0	0.0222632794457275	0.021189376443418	0	0.000219399538106236	0	0.000254041570438799	0.000219399538106236	0.0015473441108545	0	0.00334872979214781	0.00102771362586605	0.000265588914549654	0.000184757505773672	0.000277136258660508	0.00934180138568129	0	0.00131639722863741	0	0	0.000438799076212471	0.000254041570438799	0	0	0	0	0.000681293302540416	0.0143302540415704	0.0001270207852194	0.00035796766743649	0.00852193995381062	0	0	0.00105080831408776
ERR3929070	0.000986775446912362	0.000264314851851526	0	0.000449335248147593	0.00286341089505819	7.92944555554577e-05	0.00205284534938018	0	0	0.0518850054184545	0.0320790125197135	0	0.000405282772839006	0.000149778416049198	0	0.0304843129135426	0.00010572594074061	0	0.00192068792345442	0.00376208139135338	0	9.69154456788927e-05	0	0	0.000502198218517898	0.00141848970493652	0.00651976634567096	2.64314851851526e-05	0	0	0	0.0161408269530665	0.00101320693209751	0	0	0.000687218614813966	0	0	0.00272244297407071	0	0.000185020396296068	0.000202641386419503	0.0163346578444243	0	0.000149778416049198	0.00214976079505907	0	0.00601756812715307	5.28629703703051e-05	0.00485458277900635	0.0249337010246606	0.00170042554691148	0	0.0121408621950467	0	0.000722460595060837	0.0878670672505088	6.16734654320226e-05	0	0.00925983030986511	0.0014096792098748	0	0.000440524753085876	0.000995585941974079	0.000643166139505379	0.000405282772839006	0	0	7.04839604937401e-05	8.81049506171752e-05	0.000255504356789808	0.000651976634567096	0	0	0.000237883366666373	0	0	0.00296032634073709	0.00133038475431935	0.000907480991356904	0.000502198218517898	0.00949771367653148	0	0	0	0	0.000845807525924882	0	0.000185020396296068	0.0235768847851561	0.00156826812098572	0	0	0	0.00021145188148122	0.000246693861728091	6.16734654320226e-05	0.000370040792592136	0.0733473713887983	0.0205636954740487	0.00359468198518075	0.00999991189504938	0.00021145188148122	0	0.00294270535061365	0.00702196456418886	0.0283697940987304	0.000484577228394463	2.64314851851526e-05	0	0	0.00263433802345354	3.52419802468701e-05	0	0	0.00295151584567537	0.00021145188148122	0	0.00280173742962617	0.0027664954493793	0	0.0021145188148122	0.000819376040739729	0.00660787129628814	0.0151099990308455	0.00474004634320402	0.0761050563431159	0.0012070378234553	0.000185020396296068	0	0.0133126580382552	0.00299556832098396	0.0241759984493529	0.00118941683333186	0.00879287407159408	0	0	0.000237883366666373	9.69154456788927e-05	0.000167399406172633	0.00199998237900988	0.000792944555554577	7.04839604937401e-05	0	0.0056827693148078	0.129708108298605	0.000466956238271028	0	0.0095065241715932	0.000775323565431142	0.00021145188148122	0.000158588911110915	0.0113391071444304	0.00630831446418974	0	0.000308367327160113	0.000361230297530418	0.00103963841728267	0.0181143778468912	0.0108016669456657	0.000158588911110915	0.00972678654813614	0.00559466436419062	0.00214095029999736	0.00103963841728267	0.000193830891357785	0.00204403485431846	4.40524753085876e-05	0.00257266455802152	0.000352419802468701	0.0079470665456692	0.00681932317776936	0.000370040792592136	0.000678408119752249	0.000387661782715571	0	0	0.000167399406172633	0.0394269654011859	0.00014096792098748	0.00259909604320667	0.0274182606320649	0	0	0.00599994713702963
ERR3929071	0.000320122927204046	0.000213415284802698	0	0.000426830569605395	0.00516464989222528	0	0.000448172098085665	7.46953496809442e-05	8.5366113921079e-05	0.087735023582389	0.226679044753185	0.00039481827688499	0.000426830569605395	0.000106707642401349	0.000490855155046204	0.00293446016603709	0.000192073756322428	0.000106707642401349	0.000597562797447553	8.5366113921079e-05	0	0	0	0	0	0.000714941204089037	0	0	3.20122927204046e-05	0	0	0.0181829822651898	0	0	0	0.00661587382888362	0	0	0	0	0.000192073756322428	0.00301982627995817	0	0	0	0	0.00420428111061314	0.00756557184625563	0.000128049170881619	0.0110869240455001	0.01661437992189	0	0	0.0167530998570118	6.40245854408093e-05	0	0.233775102972875	0.000661587382888362	0	0.0229741554090104	9.60368781612139e-05	0	6.40245854408093e-05	0.00223018972618819	0.00126982094457605	0.000128049170881619	0	0	0	0	0.0004588428623258	0.000800307318010116	0	5.33538212006744e-05	0	5.33538212006744e-05	0	0.00419361034637301	0.000576221268967283	0.000384147512644856	0	0.00161128540026037	0	0	0	0	0.00929423565315748	0	0.000992381074332544	0.000181402992082293	8.5366113921079e-05	0	0	0	0	0.000277439870243507	7.46953496809442e-05	0.00176067609962225	0.0111082655739804	0.00039481827688499	0.000245427577523102	0.000128049170881619	0.00100305183857268	9.60368781612139e-05	0	0.00192073756322428	0.000181402992082293	0	0	0	0	8.5366113921079e-05	0	0	0	0.000810978082250251	0	0	0.000256098341763237	0.00171799304266172	0	0	0.000160061463602023	0.00120579635913524	0.00146189470089848	0.00173933457114199	0.0527989414601874	0.00153659005057942	0.000330793691444181	0	0.0242546471178266	0.000352135219924451	0.00743752267537401	0	0.00172866380690185	0	0	9.60368781612139e-05	0	0	0.000907014960411465	0.000298781398723777	0	0	0.00420428111061314	0.100614636020232	0.000106707642401349	0	0.00499391766438312	0	9.60368781612139e-05	0.000778965789529846	0.00815246387946305	0.00297714322299763	0	0.000160061463602023	0.000160061463602023	0.000234756813282967	0.00261433723883305	0.000928356488891734	0.000181402992082293	0.0092408818319568	0.00786435324497941	0.00131250400153659	0.00087500266769106	0.000181402992082293	0.00864331903450925	0	0.00210214055530657	0.000266769106003372	0	0.00306250933691871	0.000170732227842158	0.000330793691444181	0.000106707642401349	0	0	0.000992381074332544	0.0128369293808823	0.000554879740487014	0.000682928911368632	0.0087500266769106	0.000234756813282967	0	0.00967838316580233
ERR3929072	0	0.000262424976085466	0	0.000389404803223595	0.000101583861710503	0	0.00171846032726934	5.925725266446e-05	0.000101583861710503	0.00970125879335303	0.00298825859865063	0.000152375792565754	0.000152375792565754	8.46532180920858e-05	0	0.023093397895521	0.298334871200129	0	5.925725266446e-05	0.0326084196090714	0	9.31185399012944e-05	0	0	0.000135445148947337	8.46532180920858e-05	0.00939650720822152	0	0	0	0	0.00583260672654471	0	0	0	0	0	0	0.00011851450532892	0	0	0.000101583861710503	0	0	0	0	0	0.00249726993371653	0	0.000617968492072226	0.0626349160663343	0.000101583861710503	3.38612872368343e-05	0.0458397175968644	0	0	0.405886784786124	0.00317449567845322	1.69306436184172e-05	0.00198088530335481	0.000126979827138129	3.38612872368343e-05	0	0	0.000380939481414386	0.000110049183519712	3.38612872368343e-05	0	5.07919308552515e-05	0	0	0.00357236580348602	0	0	0	0	0	0.0002962862633223	0	0	0	0.00143063938575625	0	0	0	0	0.00220944899220344	0	0	0	7.61878962828772e-05	7.61878962828772e-05	0	0.00863462824539275	0	0	5.07919308552515e-05	0	0.000677225744736686	0.000211633045230214	0	0	0	0	0	0	0.000804205571874815	0	0	0	0	0	0	0	1.69306436184172e-05	0.00023702901065784	0	0	0	0.000821136215493232	0	0	0.000228563688848632	0	0	0.00011851450532892	0.000685691066545895	7.61878962828772e-05	5.07919308552515e-05	0	0.000186237079802589	0	8.46532180920858e-05	0	0.000110049183519712	0	0	0	0	0	0.000601037848453809	0.000135445148947337	0	0	0.000575641883026183	0.0252097283478231	0.000152375792565754	0	0.000626433813881435	0.00999754505667533	0	0	0.00319142632207163	0.000194702401611797	0	0	0	0.000321682228749926	0	0.000643364457499852	0	0.0046389963514463	4.23266090460429e-05	9.31185399012944e-05	0	0	0.00035554351598676	0	0.00047405802131568	0	0	0.00309830778217034	0.000110049183519712	0.000440196734078846	0	0	0	0.00543473660151191	0.0112673433280566	0	0.000465592699506472	0.000220098367039423	0.000601037848453809	0	0.00136291681128258
ERR3929073	0	0.00012976676586615	0	0.0001730223544882	0.00010381341269292	0	8.65111772440999e-05	0	0	0.00444667451034674	0.0005190670634646	0.00019032458993702	0.00014706900131497	8.65111772440999e-05	0	0.0172676309779223	6.920894179528e-05	0	5.190670634646e-05	0.00020762682538584	0	0	0	0	0.000847809536992179	0	0	0	0	0	0	0	0	0	0	3.460447089764e-05	0	0	0.00019897570766143	0	0	0.0001730223544882	0.00019897570766143	0	2.595335317323e-05	0	0	0.00792442383555955	0	0.000804553948370129	0.331839573672919	7.78600595196899e-05	0	0	0	1.730223544882e-05	0.00145338777770088	0	0	0.0183663229289224	0.00018167347221261	6.055782407087e-05	0	6.055782407087e-05	2.595335317323e-05	0.0001730223544882	0.00049311371029137	0	4.325558862205e-05	7.78600595196899e-05	0.00019897570766143	0.150304519343899	6.055782407087e-05	0	7.78600595196899e-05	0	0	0	0.0052771818118901	0	0	0.00985362308810298	0	0	0	0	0.00477541698387432	0	0	0	0.00029413800262994	0	0	5.190670634646e-05	0	4.325558862205e-05	0	0	0.00075264724202367	0.00525987957644128	0	0	0	0	0	0.00053636929891342	0.0003460447089764	0.00016437123676379	4.325558862205e-05	0	2.595335317323e-05	0	0	0	0	0.00020762682538584	0	0	0.00198110595888989	0.00212817496020486	0	0	0.00053636929891342	0	0	5.190670634646e-05	0.00042390476849609	6.920894179528e-05	0	0	0	8.65111772440999e-05	4.325558862205e-05	0	0	0	0	0	0	0	0.00068343830022839	0.00019032458993702	0	0	0.00490518374974047	0.180557478026161	0	0	0.00446397674579556	0.00910097584607931	0	0.0159613122015364	0.0033739359125199	0.0507734099245623	0	0	0	0.0198110595888989	0	0.00243961519828362	0	0.0488096062011212	0.0228562530278912	0.00824451519136272	0.00171292130943318	0	0.00032009135580317	0	0.00515606616374836	0	0	0.00390165409370891	0	0.00178213025122846	0	0.00040660253304727	0	0	0.0154162917848986	0	0.0176050245691743	0.00371132950377189	0.00756107689113433	0	0.00010381341269292
ERR3929074	0	0.000320058129476489	0	0.000207605273173939	0.00173869416283174	0	0.000129753295733712	6.92017577246462e-05	0	0.0658887235735788	0.000570914501228331	0.00011245285630255	8.65021971558078e-05	7.7851977440227e-05	0	0.00622815819521816	0	0	6.05515380090654e-05	0.000103802636586969	0	0	0	0	6.05515380090654e-05	6.92017577246462e-05	0	0	0	0	0	0.00056226428151275	0	0	0	0	0	0	0	0	0	0.000173004394311616	0	0	0	0	0.000129753295733712	0.000346008788623231	0.000190304833742777	0.00133213383619944	0.0202674647936058	0.000233555932320681	0	0.00215390470917961	0	0	0.591034912286772	0.00149648801079547	0	0.00481817238157849	0.000147053735164873	3.46008788623231e-05	0	8.65021971558078e-05	0.000164354174596035	0.000103802636586969	0	0	3.46008788623231e-05	0	0.000207605273173939	0.00261236635410539	0	0	0	0	0	0.000233555932320681	0	0.000397910106916716	0.000147053735164873	0.00637521193038303	0	3.46008788623231e-05	0	0	0	0	0	0.0126552714438947	0	0	0	5.19013182934847e-05	0	2.59506591467423e-05	0	0.000916923289851562	0.00218850558804194	0.000458461644925781	0.000536313622366008	0	0	0	0	0.00421265700148784	0.000605515380090654	0	2.59506591467423e-05	0	0	6.05515380090654e-05	0	0	0	9.51524168713885e-05	0	0	0.00228365800491332	0.00219715580775752	0	6.05515380090654e-05	0.000458461644925781	0	0.000640116258952977	0.000536313622366008	0.0143939656067264	0.000735268675824366	0.000570914501228331	0.000406560326632296	0.00680772291616207	0	0.0119027023286391	0.000423860766063458	0.000570914501228331	0	6.92017577246462e-05	0	0	0	0.00461921732812013	0.00032870834919207	0	0	0.00761219334971108	0.046529531850109	0.00011245285630255	0	0.00469706930556036	0.000346008788623231	0.000147053735164873	0.000674717137815301	0.0766668973391924	0.0270751877097678	0	0	0	0.000769869554686689	0.000129753295733712	0.00181654614027196	0	0.00126293207847479	0.0051295802913394	0.00114182900245666	0.000155703954880454	0.000579564720943912	0.00524203314764195	0	0.000484412304072523	0.000129753295733712	0	0.00203280163316148	0	0.00032870834919207	0	0.00055361406179717	0.000138403515449292	0.00123698141932805	0.0185806719490675	0.00341683678765441	0.00121103076018131	0.00935088751254282	0	0	0.00456731600982665
ERR3929075	0	0.000166866906955013	0	0.000275330396475771	1.66866906955013e-05	0	0.000158523561607262	0	0	0.0107462288079028	0.0232278734481378	0.000358763849953277	0.0136997730610065	4.17167267387532e-05	0	0.00169369910559338	0.0321218795888399	0	0	0.000108463489520758	0	0	0	0	0	0.00210252302763316	0.00208583633693766	0	0	0	0	0.00296188759845148	0	0	0	5.00600720865038e-05	0	0	0	0	0.00026698705112802	0	0.0198571619276465	0	0.00628253904685623	0.0108797223334668	0	0.0189977973568282	7.50901081297557e-05	0.000800961153384061	0.00492257375517287	0.000225270324389267	0	0.0276832198638366	0	8.34334534775063e-05	0.530152850086771	6.67467627820051e-05	2.50300360432519e-05	0.000842677880122814	0.00025864370578027	1.66866906955013e-05	0	0	5.00600720865038e-05	0.000116806834868509	0	0	5.00600720865038e-05	6.67467627820051e-05	0.000325390468562275	0.00114303831264184	0.00013349352556401	5.00600720865038e-05	0	0	0	0.00012515018021626	0	0	0	0.00272827392871446	0	0	0	5.00600720865038e-05	0.00149345881724736	0	0.000191896942998265	0	0	0	0	0.00052563075690829	0	0.00013349352556401	0	0	0.000625750901081298	0.000208583633693766	0	0	0	0	0	0.00013349352556401	0.000116806834868509	0	0	2.50300360432519e-05	5.00600720865038e-05	0	0	0	0	0.000350420504605527	0	0	0	0.000692497663863303	0	0	8.34334534775063e-05	0	7.50901081297557e-05	0	0.00105126151381658	0.000191896942998265	0	0	0.000191896942998265	0.000116806834868509	0.000200240288346015	0	0	0	0	0	0	0	0.00078427446268856	0	0	0	0.00524796422373515	0.0219096248831932	0	0	0.00820150847683887	0.00157689227072487	0	0	0.118642370845014	0.0303614337204646	0	8.34334534775063e-05	0	0.00100954478707783	0.000100120144173008	0.00110132158590308	0	0.0511196769456681	0.0112384861834201	0.00013349352556401	0	0.000325390468562275	0.00103457482312108	0	0.000433853958083033	0.000250300360432519	0	0.00123481511146709	0	0.000725871045254305	0	0	0	0.0012681884928581	0.0151598584968629	0	0.000442197303430784	0.0045804965959151	0	0	0.000483914030169537
ERR3929076	1.79179358537896e-05	0.000197097294391686	0	0.000295645941587529	0	0	0.00125425550976528	0	0	0.0249417667084752	0.00263393657050708	0.000143343486830317	0.000170220390611002	9.8548647195843e-05	0	0.0134742877620498	8.95896792689482e-05	0	0	0.000689840530370901	0.000394194588783372	0	0	0	0	0.00141551693244938	0.00677297975273249	2.68769037806845e-05	0	0	0	0.00274144418562982	0	0	0	8.06307113420534e-05	3.58358717075793e-05	0	0	6.27127754882638e-05	5.37538075613689e-05	0	0	0	0	0	6.27127754882638e-05	0.0020695215911127	4.47948396344741e-05	0.00705966672639312	0.0616018634653288	0.000197097294391686	0	0.0911485396882279	0	9.8548647195843e-05	0.322030102132234	0.00104819924744669	0	0.00618168786955743	0.000134384518903422	3.58358717075793e-05	0	0.00221286507794302	0.0015499014513528	9.8548647195843e-05	0	2.68769037806845e-05	0	3.58358717075793e-05	0.000170220390611002	0.00183658842501344	0	9.8548647195843e-05	0	0	0	0.000573373947321269	0.00192617810428239	0.00118258376635012	0.000403153556710267	0.00305500806307113	0	0	0	0	0.00119154273427701	0	8.95896792689482e-05	0.000152302454757212	0	0	0	0.000125425550976528	0	0	0	0.000421071492564057	0.0036283820103924	0.00413008421429851	0.00133488622110733	0.000994445439885325	0.000385235620856477	0	0	0	0.000188138326464791	0	0	0	0	0	7.16717434151586e-05	0	0	0.0024278803081885	0	0	0.000627127754882638	0.00441677118795915	0	0.000385235620856477	0.000474825300125426	0	0.000107507615122738	0.00135280415696112	0.0192976169145314	0.00409424834259093	0.00112882995878875	0	0.00880666547213761	0.00024189213402616	0.0273158932091023	0	0.00163949113062175	0	6.27127754882638e-05	0	0.000152302454757212	0	0.000752553305859165	0.000268769037806845	0	0	0.026321447769217	0.0914083497581079	0.000161261422684107	0	0.00890521411933345	0.000125425550976528	8.95896792689482e-05	0.0143343486830317	0.0406557964522487	0.0157857014871887	0	0.000403153556710267	0	0.000967568536104641	0.000671922594517112	0.00652212865077943	0	0.0144328973302276	0.017461028489518	0.00584124708833542	0.00102132234366601	0.00154094248342591	0.0122737860598459	0	0.00405841247088335	0.00112882995878875	0	0.00735531266798065	0.000645045690736427	0.000949650600250851	9.8548647195843e-05	0	0.000232933166099265	0.00506181687869557	0.0447500447948396	0.000304604909514424	0.00416592008600609	0.022746819566386	0.000215015230245476	0	0.00262497760258018
ERR3929077	0	0.000213807919038068	0	0.000274895895906087	0	0	0.000977407629888311	5.09066473900162e-05	0	0.015811604679339	0.00196499658925462	0	0.000244351907472078	0.000111994624258036	0	0.0158930553151631	9.16319653020291e-05	0	5.09066473900162e-05	0.000763599710850243	0.000641423757114204	0	0	0	0	0.00244351907472078	0.0072185625999043	0	0	0	0	0.00743237051894236	0	0	0	0.000132357283214042	0	0	0.000162901271648052	0	0	0.000122175953736039	0	0	0	0	7.12693063460227e-05	0.00101813294780032	4.0725317912013e-05	0.00896975127012085	0.0638776611449923	0.000162901271648052	0	0.0477504352518352	0	0	0.308239749946548	0.00115049023101437	0	0.0053451979759517	0.000183263930604058	0	0	0.00245370040419878	0.00231116179150674	8.14506358240259e-05	0	0	0	0	0	0.00121157820788239	0	0	0	7.12693063460227e-05	0	0.000213807919038068	0.000946863641454301	0.000590517109724188	0.000111994624258036	0.00166973803439253	0	0	0	0	0.00357364664677914	0	5.09066473900162e-05	0	7.12693063460227e-05	0	0	5.09066473900162e-05	0	0	0	0.000447978497032142	0.00602734705097792	0.00619024832262597	0.00175118867021656	0.000946863641454301	0.000203626589560065	0	6.10879768680194e-05	0	0.000152719942170049	0	6.10879768680194e-05	0	0	0	6.10879768680194e-05	0	0	0.00239261242733076	0	0	0.000570154450768181	0.0034514706930431	0	0.000305439884340097	0.0003156212138181	0	0	0.00130321017318441	0.0293731355440393	0.00689276005660819	0.0012421221963164	0	0.0152312688990928	0.000264714566428084	0.0331911340982906	0	0.00202608456612264	0	0	0	0.000111994624258036	0	0.000814506358240259	0.000213807919038068	0	0	0.0171657214999135	0.109744550443397	0.0003156212138181	0	0.00728983190625032	0.000111994624258036	0.000213807919038068	0.0152923568759609	0.0434640955415958	0.0224091061810851	0	0.000529429132856168	0	0.000824687687718262	0.000814506358240259	0.00562009387185779	0	0.0173489854305175	0.0257994888972602	0.00834869017196265	0.00108940225414635	0.00199554057768863	0.0192834380313381	0	0.00363473462364716	0.00108940225414635	0	0.00549791791812175	0.000712693063460227	0.000407253179120129	0	0	0.000213807919038068	0.00431688369867337	0.0342805363524369	0.000285077225384091	0.00426597705128336	0.0264510939838524	0.000366527861208117	0	0.00239261242733076
ERR3929078	0	0.000253547478951188	0	0.000428407809262352	9.61731816711402e-05	0	0.000104916198186698	0.000209832396373397	0	0.158860610087692	0.0671026517569092	0.00135516755991152	0.000690698304729098	0.000174860330311164	0	0.0393086022539497	0.000157374297280048	0.000201089379857839	0	0.000227318429404513	5.24580990933492e-05	0.000209832396373397	0.000104916198186698	0	0.0118642734116125	0.000174860330311164	0	0	0	0	0.00191472061690725	0	0	0	0	6.99441321244656e-05	0	0.000166117313795606	0.00977469246439406	0.000113659214702257	0.000227318429404513	0.00104916198186698	0.000839329585493587	0	0	0.000279776528497862	0.000830586568978029	0.00630371490771746	0	0.000559553056995725	0.0884530980879023	0.000148631280764489	0	0.000113659214702257	7.86871486400238e-05	0.000139888264248931	0.00174860330311164	0	0	0.000900530701102494	0.000236061445920071	0	0	4.3715082577791e-05	4.3715082577791e-05	8.7430165155582e-05	0	0	6.99441321244656e-05	0	0.000463379875324584	0.0280738260314574	0.000104916198186698	0	0.00130270946081817	0	0	0	0	0	0	0.000183603346826722	0	0	6.12011156089074e-05	9.61731816711402e-05	9.61731816711402e-05	0	0.0220149155861755	0	0	0.00034097764410677	0	0	0	0.000253547478951188	2.62290495466746e-05	0	0.0012764804112715	0.0359512839119753	0	0	0	0	0	0.00190597760039169	0.0231602507497137	0.00386441329987672	0	0	0.000122402231217815	0	0	7.86871486400238e-05	0	0.00053332400744905	0	0	0	0	0	0	0.00367206693653444	0	7.86871486400238e-05	0.00034097764410677	0.00110162008096033	0	0	0	0.000349720660622328	0	0.000515837974417934	0	0	0	0	0	0	0	0.000961731816711402	9.61731816711402e-05	0	0.00358463677137886	0.000716927354275772	0.00181854743523611	0.000751899420338005	0	0.000183603346826722	0.082245556361856	0	0	0.00112784913050701	0.0931655839897882	0	0	0	0.000673212271697981	9.61731816711402e-05	0	0.000209832396373397	0.000174860330311164	0.159577537441968	0.000139888264248931	0	0	0.0197767033581926	0	0	0	0	0.00403927363018789	0.00945994386983397	0.00177483235265831	0.000655726238666865	0.00274530718588527	0	0	0.030792904167796	0	0.0281525131800974	0.000349720660622328	0.0248389099207008	0	0.0101506421745631
ERR3929079	0	0	0	0.00134631317315659	0	0	0	0	0	0.0315865782932891	0.0384217067108534	0	0	0	0	0.0301367025683513	0.120753935376968	0	0	0.101905550952775	0	0	0	0	0	0.00352112676056338	0.00134631317315659	0	0	0	0	0	0	0	0	0	0	0	0	0	0	0	0	0	0	0	0	0.00662800331400166	0	0.00144987572493786	0.418289146644573	0	0	0	0	0	0.00144987572493786	0	0	0.0367647058823529	0	0	0	0.000310687655343828	0	0	0	0	0	0	0.000310687655343828	0.0114954432477216	0	0	0	0	0	0	0.00155343827671914	0	0	0.00507456503728252	0	0	0.000310687655343828	0	0.0125310687655344	0.00196768848384424	0	0	0	0.0117025683512842	0	0.073943661971831	0	0	0	0	0.00103562551781276	0	0	0	0	0	0	0	0.000932062966031483	0	0	0	0	0	0	0	0	0	0	0	0	0.00155343827671914	0	0	0.00186412593206297	0	0	0	0	0	0	0	0	0	0	0	0	0	0	0	0	0	0.00186412593206297	0	0	0	0	0.0123239436619718	0	0	0	0.00134631317315659	0	0	0.0241300745650373	0.0215410107705054	0	0	0	0.000517812758906379	0	0	0	0	0	0	0.00103562551781276	0	0	0	0	0	0	0.00124275062137531	0	0	0	0	0	0	0.0146023198011599	0	0	0	0.00165700082850041	0	0.00155343827671914
ERR3929080	0	0.000214567024509091	2.07645507589443e-05	0.000394526464419942	0	0	0.000643701073527274	8.30582030357773e-05	0	0.0413906711794957	0.0382136949133772	0.000207645507589443	0.000166116406071555	0	0	0.0320950739564083	0.181378350879379	0	4.15291015178887e-05	0.0635810544238875	2.76860676785924e-05	0	0.000872111131875662	0	0	0.00494196308062875	0.00213874872817127	0	0	0	0.000166116406071555	0.000103822753794722	0	0	3.46075845982406e-05	9.69012368750735e-05	0	0	8.30582030357773e-05	0	0	0.0012804806301349	0	0	0	0	7.61366861161292e-05	0.00616015005848682	0	0.00230486513424282	0.31156516262104	4.15291015178887e-05	0	6.92151691964811e-05	0	2.07645507589443e-05	0.000996698436429328	0	0	0.0111574852744728	0.000186880956830499	3.46075845982406e-05	0	3.46075845982406e-05	7.61366861161292e-05	0.000138430338392962	4.15291015178887e-05	0	5.53721353571849e-05	7.61366861161292e-05	0.000505270735134312	0.00388297099192259	0.000186880956830499	0	0.00022148854142874	0	0	0	0.00543339078192377	0	0	0.0130955100119742	0	0	5.53721353571849e-05	0	0.00820199754978301	0.00231178665116247	4.84506184375368e-05	0	0.000948247817991791	0.0193387182734968	0	0.0424496632682019	0	8.99797199554254e-05	0	0	0.000913640233393551	0.000429134049018183	6.2293652276833e-05	0	0	0	0	8.99797199554254e-05	0.0022010423804481	0	3.46075845982406e-05	0	6.92151691964811e-05	0	4.15291015178887e-05	0	0	0.00014535185531261	0	0	0.00014535185531261	0.00176498681451027	0	0	0.00152965523924223	0	6.92151691964811e-05	0.000671387141205867	0.00065754410736657	0	0	0.000304546744464517	0.000207645507589443	4.15291015178887e-05	0.000200723990669795	0	0.000373761913660998	0	0	0	0	0	0.000678308658125515	0.000263017642946628	0	0	0.000532956802812904	0.00601479820317421	0	0	0.0113997383666604	0.00594558303397773	0	0	0.0233324335361338	0.0278244980169854	0	5.53721353571849e-05	0	0.000754445344241644	0	0.000851346581116718	0	0.000103822753794722	0.00387604947500294	0.00051219225205396	0.000602171972009386	0	0.000311468261384165	0	0.00025609612602698	0	0	0.0109775258345619	0.00321158385071672	0.000325311295223461	6.92151691964811e-05	0	0.00281013586937713	0.000775209895000588	0.0685022529537574	0.000823660513438125	0.00616707157540647	6.92151691964811e-05	0.00230486513424282	0	0.0127148265813936
ERR3929081	0	0.000284788448364775	0	0.000477213075638272	0	0	0.000892850270549026	7.69698509093988e-05	0.000130848746545978	0.0820344670992372	0.081426405277053	0.000215515582546317	0.000215515582546317	0.000161636686909737	0	0.0191193109658947	0.076177061445032	0	2.30909552728196e-05	0.125737948445594	4.61819105456393e-05	0	0.00130848746545978	0	0	0.00621916395347942	0.00371764379892396	0	0	7.69698509093988e-05	0.000269394478182896	0.000100060806182218	0	0	0	0.000130848746545978	0	0	0	0	0.000153939701818798	0.00184727642182557	0	0	0	0	0.000153939701818798	0.00838971374912447	0.000107757791273158	0.00197042818328061	0.212559940271396	9.23638210912785e-05	3.07879403637595e-05	0	0	0	0.00135466937600542	7.69698509093988e-05	0	0.00661171019311736	0.000138545731636918	3.07879403637595e-05	0	0	7.69698509093988e-05	6.92728658184589e-05	0	0	0	0	0.000815880419639627	0.00574195087784115	0.000315576388728535	0	0.000192424627273497	0	0	0	0.00705813532839187	0	0	0.0381154701703343	0	0	6.92728658184589e-05	0	0.00808953133057781	0.000754304538912108	6.92728658184589e-05	0	0.00180879149637087	0.0130079048036884	0	0.0372149229146943	0	8.46668360003387e-05	0	0	0.00130079048036884	0.000377152269456054	0	3.84849254546994e-05	0	0	0	0.000246303522910076	0.00534940463820322	0	0	0	3.84849254546994e-05	0	0	0	0	0.000146242716727858	0	0	0.000123151761455038	0.00137776033127824	0	0	0.00284018749855682	0	0	0.000869759315276206	0.000923638210912785	0	0	0.000269394478182896	0.000230909552728196	9.23638210912785e-05	0.000200121612364437	0	0.000431031165092633	0.000123151761455038	0	0	0	0	0.000869759315276206	0.00060806182218425	0	0	0.000731213583639288	0.00808183434548687	0.000153939701818798	0	0.0201584039531715	0.00645007350620762	0	0	0.0294024830473903	0.0324504891434025	0	0	0	0.000769698509093988	0	0.00122382062945944	0	0	0.00251691412473734	0.000700425643275529	0.000800486449457747	0	0.000484910060729212	0	0.000223212567637256	0	0	0.0180340360680721	0.00366376490328738	0.000600364837093311	0.000107757791273158	0	0.00363297696292362	0.00122382062945944	0.0801640997221388	0.00062345579236613	0.00674255893966333	0.000184727642182557	0.00270933875201084	0	0.0158634862724271
ERR3929082	0	0.000224498386417848	0	0.000233852485851925	0	0	0.00359197418268556	0	0	0.0144240213273467	0.0101585519854076	0.000130957392077078	0.00058930826434685	8.41868949066929e-05	0	0.0250222159861559	0.000112249193208924	1.8708198868154e-05	0.000149665590945232	0.000233852485851925	0	0.000177727889247463	0.000430288573967541	0.000261914784154156	0.0019082362845517	0.000168373789813386	0	0.000121603292643001	0	0	0	0.000102895093774847	0	0	2.8062298302231e-05	3.74163977363079e-05	0	0	0.000318039380758617	0	0	0.00216079696927178	0.000673495159253543	0	8.41868949066929e-05	0.000102895093774847	7.48327954726159e-05	0.00334876759739956	3.74163977363079e-05	0.0142462934380992	0.0735232215518451	9.35409943407698e-05	0	0.000420934474533464	2.8062298302231e-05	0.000168373789813386	0.0243113044291661	6.54786960385389e-05	5.61245966044619e-05	0.0243767831252046	0.000177727889247463	3.74163977363079e-05	0	0.00224498386417848	0.000579954164912773	0.0170992937654927	0	0.00766100743650905	0	0	0.000121603292643001	0.147121275899163	0	0.000205790187549694	0.00049576727000608	0	0.000364809877929002	0	0	0	0	0.0107478602497545	0	0	0	0	0.00179598709134278	0.00295589542116833	9.35409943407698e-05	0.0460876479116973	0	0	0	5.61245966044619e-05	0	0	3.74163977363079e-05	0.000972826341144006	0.0472569103409569	0.000692203358121697	0.00049576727000608	0	0.00049576727000608	6.54786960385389e-05	7.48327954726159e-05	0.000795098451896544	0.000514475468874234	0.000121603292643001	6.54786960385389e-05	0	0	0	5.61245966044619e-05	0	0	0	0.0016650296992657	0	0.00115990832982555	0.00232917075908517	0	0.000710911556989851	0.00129086572190262	0.000907347645105467	0.00220756746644217	0.00279687573078902	0.021869884476872	0.00018708198868154	0.00360132828211964	0.00168373789813386	0.00357326598381741	0.000383518076797156	0.0115803750993873	0.000224498386417848	0.00114120013095739	0	0.000224498386417848	0	0	0	0.0152565361769796	0.000411580375099387	0.000177727889247463	0	0.00881156166690052	0.292549459800758	0.00030868528132454	0.000224498386417848	0.00462092512043403	0.000823160750198775	0.00018708198868154	0	0.00941022403068145	0.00159019690379309	0.000420934474533464	0.000561245966044619	0	0.00129086572190262	0.0052850661802535	0.00621112202422712	0.000112249193208924	0.0243206585286002	0.00379776437023526	0.00245077405172817	0	0.000561245966044619	0.0105420700622048	0	0.00478929891024742	0.000420934474533464	0	0.00253496094663486	0	0.00103830503718255	0.000233852485851925	0	0	0.00299331181890463	0.0345540433094804	0	0.0018708198868154	0.00551891866610542	0.00193629858285394	0	0.00485477760628595
ERR3929083	0	0.000261188999730386	0	0.000193785386896738	0	0	0.00188730115934214	4.21272580210299e-05	0.000134807225667296	0.00987462928012942	0.00610002696144513	0.000117956322458884	0.000825694257212187	0	0	0.0387233755729307	0.00012638177406309	2.5276354812618e-05	0.00021063629010515	0.00025276354812618	0	9.26799676462658e-05	0.000278039902938798	5.05527096252359e-05	0.000884672418441628	0.000151658128875708	0	0.000151658128875708	0	0	0	9.26799676462658e-05	0	0	3.37018064168239e-05	0	0	0	0.000193785386896738	0	0.000109530870854678	0.000775141547586951	0.000303316257751415	0	0	0	0	0.00186202480452952	0	0.0174996629819358	0.0682882852520895	6.74036128336479e-05	0	0.000960501482879482	0	0.000143232677271502	0.0776152601779455	0	0	0.0229425047182529	0.000143232677271502	0	0	0.00236755190078188	0.000572930709086007	0.0141042059854408	0	0.0140452278242114	0	3.37018064168239e-05	0	0.0733688325694257	0	0.000143232677271502	0.000353868967376651	0	0.000109530870854678	0	0	0	0	0.00499629280129415	0	0	0	0	0.00117956322458884	0.002249595578323	9.26799676462658e-05	0.0184011863035859	0	0	0	5.05527096252359e-05	0	0	0	0.000648759773523861	0.0531645996225398	0.00119641412779725	0.000429698031814505	0	0.000202210838500944	0	0	0.000606632515502831	0.000370719870585063	0.000219061741709356	0	0	5.89781612294419e-05	0	4.21272580210299e-05	0	0	0.000117956322458884	0.000724588837961715	0	0.0019715556753842	0.00122169048260987	0	0.000707737934753303	0.000766716095982745	0.000623483418711243	0.0030921407387436	0.00245180641682394	0.0188393097870046	0.000454974386627123	0.00326064977082772	0.00214006470746832	0.00484463467241844	0.000564505257481801	0.00883829873281208	0.000185359935292532	0.000867821515233217	0	0	0	0	0	0.00725431383122135	0.000134807225667296	0	0	0.00610002696144513	0.374283836613643	0.000219061741709356	9.26799676462658e-05	0.00205581019142626	0.000429698031814505	0.000160083580479914	0	0.00873719331356161	0.00259503909409544	0.00012638177406309	0.000741439741170127	0	0.000850970612024805	0.0049288891884605	0.0053501617686708	0	0.0161263143704503	0.00797047721757886	0.00294890806147209	0	0.000741439741170127	0.0252847802642222	0	0.00623483418711243	0.00025276354812618	0	0.00301631167430574	0	0.000834119708816393	0.000151658128875708	0	0	0.00164296306282017	0.0177440010784578	0	0.00162611215961176	0.00439808573739552	0.00118798867619304	0	0.00368192235103802
ERR3929084	0	0.000278857225100748	0	0.000224884858952216	0.000773603914795625	0.000224884858952216	0.000377806563039724	0	0	0.0137269717904433	0.00133131836499712	0.000170912492803685	0.000152921704087507	8.99539435808866e-05	0	0.0118199481865285	0.0770635434657455	0	0.000143926309729419	0.00199697754749568	0	0	0	0	0	0.0008725532527346	0.00053972366148532	0	0	0	0	0.00215889464594128	0	0	0	0	0	0	9.89493379389752e-05	0	0.000116940126655153	0.000188903281519862	0	0	0	0	0	0.00216789004029937	0.000530728267127231	0.00116940126655153	0.0155350460564191	0.000278857225100748	0	0.04423934945308	0	5.39723661485319e-05	0.535927605066206	0.00132232297063903	2.6986183074266e-05	0.00331930051813472	0.000125935521013241	0	0	0.00026986183074266	0.000440774323546344	7.19631548647093e-05	0	0	1.79907887161773e-05	8.09585492227979e-05	0	0.00144825849165227	0	0	0	0	0	0	0.000557714450201497	6.29677605066206e-05	0	0.00354418537708693	0.00013493091537133	0	0	0	0.00026986183074266	0	0	0.00013493091537133	0	0	0	0.00290551237766264	0	0	0	0.000143926309729419	0.00238377950489349	0.00148424006908463	0.000296848013816926	0	0.000224884858952216	0	0	0.000638672999424295	0.00257268278641336	0.000278857225100748	3.59815774323546e-05	0	0	0	0	0	0	0.00213190846286701	0	0	0.000278857225100748	0.00447071099597006	0	0	0.000188903281519862	0	0	0.000323834196891192	0.0107674870466321	0.00161917098445596	0.000530728267127231	0.000179907887161773	0.00198798215313759	0.00116040587219344	0.00201496833621186	0.000296848013816926	0.000503742084052965	0	0	0	0	0	0.0134391191709845	0.000278857225100748	0	0	0.00460564191134139	0.0291450777202073	0	0	0.0107225100748417	0.000260866436384571	8.09585492227979e-05	0.00259966896948762	0.0316637881404721	0.0162007052389177	0	0.000251871042026482	0	0.00128634139320668	0.014608520437536	0.00236578871617732	0.00136729994242948	0.0152292026482441	0.0107494962579159	0.00307642487046632	0.0127284830166955	0.000710636154289004	0.00600892343120322	0	0.00131332757628094	0.000377806563039724	0	0.00456966033390904	0.000746617731721359	0.00219487622337363	0	0	0	0.00247373344847438	0.0284434369602763	0	0.000791594703511802	0.0182516551525619	0	0	0.00195200057570524
ERR3929085	0	0.000313914249090957	0	0.000366233290606116	0.00132541571838404	0.000174396805050531	0.000296474568585904	0	9.59182427777923e-05	0.0102283726162137	0.00108998003156582	0.000165676964798005	0.000366233290606116	8.71984025252657e-05	6.97587220202126e-05	0.0138732658417698	0.0562604093093015	0	0.00151725220393962	0.00212764102161648	0	7.84785622727392e-05	0.000113357923282845	0	0	0.00495286926343509	0.00088942370575771	0	0	0	0	0.00488311054141488	0	0	2.61595207575797e-05	0	0	0	0.000749906261717285	0	0	0.000165676964798005	0	0	0	0	0	0.000802225303232445	0.00224971878515186	0.00160445060646489	0.0173001630610127	0.000139517444040425	7.84785622727392e-05	0.0529381501730888	0	0.000165676964798005	0.560563650473923	0.0021973997436367	0	0.00460407565333403	0.000165676964798005	0	0	0.00063654833843444	0.000732466581212232	0.000156957124545478	0	0	0	6.97587220202126e-05	0.000130797603787899	0.00110741971207087	0	0	0	0	0	0	0.0015434117246972	0	0	0.0035751345035359	6.97587220202126e-05	0	0	0	0.00261595207575797	0	0	0	0	0	0	0.000898143546010237	0	5.23190415151594e-05	0	0.000810945143484971	0.0052842231930311	0.00536270175530384	0.000104638083030319	0	0.000244155527070744	0	0	0.000497030894394015	0.00216252038262659	0.000226715846565691	0	0	4.35992012626329e-05	3.48793610101063e-05	6.1038881767686e-05	0	0	0.00211892118136396	0	0	0.000148237284292952	0.0016742093284851	0	0	0.000183116645303058	0	0.000104638083030319	0.000340073769848536	0.0165240972785379	0.00235435686818217	0.000863264185000131	0.000383672971111169	0.00436863996651581	0.00129925619762646	0.00204044261909122	0.000566789616414227	0.000470871373636435	0	0	0	0	0	0.00524062399176847	0.000209276166060638	0	0	0.00203172277883869	0.0371639591562683	0.000139517444040425	0	0.0045604764520714	0	7.84785622727392e-05	0.00197940373732353	0.0211107332513668	0.0250259415247513	0	0.000322634089343483	0	0.000653988018939493	0.0183203843705583	0.00170036884924268	0.00104638083030319	0.00591205169121302	0.00742058405490011	0.00320890121292978	0.0107515630313653	0.000749906261717285	0.00888551721732458	0	0.00217124022287912	0.000287754728333377	0	0.00429016140424307	0.000383672971111169	0.00172652837000026	0	0	0	0.00131669587813151	0.0115799478553553	0	0.000540630095656648	0.0168031321666187	0	0	0.00149981252343457
ERR3928932	0	0.000225415139548669	0	0.000434132861352992	0.00655373646465574	0.00146102405263026	0.0057021681596941	5.84409621052104e-05	0.000233763848420842	0.00713814608570785	0.000818173469472946	0.000158625468571285	0.000768081216239908	0.000100184506466075	0.00014192805082694	0.00025880997503736	0.000100184506466075	2.50461266165188e-05	0.000317250937142571	0.00991826614014143	4.17435443608646e-05	0.000275507392781706	0	0	0	0.00397398542315431	5.00922532330375e-05	0	0	0	5.00922532330375e-05	0.00667061838886616	0	0	0	0	0	0	0.000125230633082594	0	0.000225415139548669	0	0.0109869008757796	0.00156955726796851	0.000158625468571285	0.00262984329473447	0	0.0331944664757595	0	0.0418687749939472	0.278379348633734	7.51383798495563e-05	0	0	0	0.00014192805082694	0.00140258309052505	0.00341462192871872	0	0.00706300770585829	0.000292204810526052	4.17435443608646e-05	0	0.00294709423187704	0.00108533215338248	0.00530977884270198	0.000826522178345119	0	0	0	0.000392389316992127	0.000868265722705984	0	0	0.000325599646014744	0	0	0.000793127342856427	0.00173653144541197	0.000559363494435586	0	0.0154952036667529	0	0	0	0	0.00451665149984555	0	0.000133579341954767	0	0	0	0	6.67896709773833e-05	0	0.000125230633082594	0	0.00116881924210421	0.00596097813473146	0.000626153165412969	0.00117716795097638	0	0.000225415139548669	0	0	0	0.000876614431578156	0	0	0	0	0	0	0	0	0.00722163317442957	0	0	0.00147772147037461	0.00525968658946894	0	0	0.000392389316992127	7.51383798495563e-05	0.000717988963006871	0.00180332111638935	0.0172150376944206	0.00282186359879445	0.00136918825503636	0.000425784152480819	0.0036066422327787	0.000100184506466075	0.000208717721804323	0.000367343190375608	0.00235433590195276	0	0.000225415139548669	0	0.000225415139548669	9.18357975939021e-05	0.0294375474832817	0.00224580268661452	0	0	0.012456273637282	0.0856410556107498	0.00054266607669124	0.000133579341954767	0.0145601482730696	0.00020036901293215	0	0	0.0697534626270047	0.0594177610432547	0	0.000734686380751217	0.000684594127518179	0.00475876405713856	8.34870887217292e-05	0.0101770761151788	0	0.000158625468571285	0.00590253717262625	0.00275507392781706	0.00304727873834312	0.000717988963006871	0.010235517077284	0.000133579341954767	0.00317250937142571	0.000417435443608646	0	0.00821512953021815	0.000584409621052104	0.0114627772814934	0.000166974177443458	0	0.0010185424824051	0.00608620876781406	0.0817255111497007	0.00914183621502935	0.0142595947536713	0.0142011537915661	0.000325599646014744	0	0.0172233864032927
