feature	Methanobrevibacter	Akkermansia	Sphingobium	Pseudomonas	Desulfovibrio	Mailhella	Bilophila	Acinetobacter	Morganella	Escherichia.Shigella	Klebsiella	Aeromonas	Haemophilus	Comamonas	Oxalobacter	Sutterella	Succinivibrio	Campylobacter	Victivallis	Fusobacterium	Solobacterium	Holdemania	Coprobacillus	Massiliomicrobiota	Thomasclavelia	Erysipelotrichaceae_UCG.003	Catenibacterium	Dielma	Merdibacter	Faecalitalea	X.Clostridium._innocuum_group	Holdemanella	UCG.004	Asteroleplasma	Anaeroplasma	Weissella	Leuconostoc	Parageobacillus	Turicibacter	Staphylococcus	Granulicatella	Enterococcus	Ligilactobacillus	Lacticaseibacillus	Lactobacillus	Limosilactobacillus	Lactococcus	Streptococcus	Rikenellaceae_RC9_gut_group	Alistipes	Bacteroides	Massiliprevotella	Prevotellaceae_NK3B31_group	Leyella	Hoylesella	Prevotella	Segatella	Paraprevotella	Alloprevotella	Parabacteroides	Porphyromonas	CAG.873	Gabonibacter	Butyricimonas	Odoribacter	Barnesiella	Coprobacter	Zag_111	CAG.196	Corynebacterium	Schaalia	Bifidobacterium	Actinomyces	Rothia	Eggerthella	Raoultibacter	Gordonibacter	Slackia	Senegalimassilia	Adlercreutzia	Tractidigestivibacter	Collinsella	Parolsenella	Olsenella	Lancefieldella	Thermus	Phascolarctobacterium	Acidaminococcus	Veillonella	Dialister	Allisonella	Megasphaera	Mitsuokella	Megamonas	Cloacibacillus	Gemella	Eubacterium	Peptococcus	Christensenellaceae_R.7_group	Clostridium	Family_XIII_AD3011_group	Mogibacterium	Family_XIII_UCG.001	X.Eubacterium._brachy_group	Peptostreptococcus	Intestinibacter	Romboutsia	Terrisporobacter	Peptoniphilus	Murdochiella	Finegoldia	Parvimonas	Fenollaria	Ezakiella	Anaerococcus	Lachnospiraceae_UCG.010	Defluviitaleaceae_UCG.011	Ruminiclostridium	Monoglobus	Agathobaculum	UCG.008	UCG.009	Flavonifractor	Intestinimonas	NK4A214_group	Colidextribacter	UCG.002	UCG.003	Oscillibacter	Oscillospira	UCG.005	X.Eubacterium._siraeum_group	Ruminococcus	Paludicola	Negativibacillus	Anaerotruncus	Angelakisella	Hydrogenoanaerobacterium	Phocea	Candidatus_Soleaferrea	CAG.352	Acutalibacter	DTU089	Fournierella	Gemmiger	Faecalibacterium	Ruthenibacterium	Eisenbergiella	Dorea	X.Ruminococcus._gnavus_group	Howardella	Butyribacter	Agathobacter	Roseburia	Catenibacillus	GCA.900066575	Moryella	Anaerostipes	X.Eubacterium._ruminantium_group	Anaerobutyricum	X.Eubacterium._xylanophilum_group	X.Eubacterium._eligens_group	Lachnospira	Lachnospiraceae_ND3007_group	X.Eubacterium._ventriosum_group	Lachnospiraceae_UCG.008	Lachnospiraceae_NK4A136_group	Oribacterium	Lachnospiraceae_UCG.004	Lachnospiraceae_FCS020_group	Butyrivibrio	Lachnoclostridium	Faecalimonas	Enterocloster	Hungatella	Sellimonas	Extibacter	X.Ruminococcus._gauvreauii_group	Blautia	CAG.56	Fusicatenibacter	Coprococcus	Tyzzerella	Faecalicatena	Mediterraneibacter
ERR3928931	-17.0489018956376	-11.9483924075314	-16.8045974212163	-11.5584458892154	-7.08015524332681	-9.08527421395182	-7.61902132945851	-15.7644051268507	-11.8521770922721	-6.35001898755072	-10.2064605604719	-14.8658903080872	-10.8290934791591	-13.3469417840217	-12.8994828070505	-12.9990184806014	-13.806373402659	-14.806373402659	-10.8521770922721	-7.09384640221918	-15.2214109019379	-12.2214109019379	-14.9299848578272	-16.1089599873599	-15.6835429492821	-7.96716961456206	-15.4475675741951	-16.2073829821454	-15.9310144680342	-15.6835429492821	-15.285052966554	-7.64902646729616	-16.6597172238616	-16.7373397798848	-16.9911564316146	-15.8186820283333	-15.8506385860173	-14.8359393666587	-15.0270096477109	-15.9449979549621	-13.4844453077716	-12.9990184806014	-6.82909347915909	-9.28281144660199	-12.2214109019379	-8.74028421220123	-15.4154116849974	-5.65789682048073	-14.2214109019379	-4.24914905320456	-1.33895890005571	-13.3469417840217	-15.9872751165175	-14.8185522208775	-14.806373402659	-16.8186820283333	-9.44005118841319	-7.83195881285348	-16.8500036561088	-6.82909347915909	-12.1625172128843	-14.2214109019379	-15.6835429492821	-7.61902132945851	-9.48444530777164	-7.17883951818621	-10.1481619199072	-16.1832735252166	-13.9990184806014	-15.856814552503	-12.0514859004955	-10.0784529480958	-16.1865398646658	-14.2214109019379	-11.4844453077716	-16.350283136402	-17.9672712973138	-10.4140559798802	-9.43133397131208	-10.9483924075314	-15.823541395947	-6.07251068298046	-14.807266864253	-16.0270096477109	-14.2214109019379	-17.0495933331794	-7.49349044737465	-15.1240674467615	-13.806373402659	-13.9990184806014	-15.8294130574836	-15.1609349952268	-12.9378084827105	-16.1523772791636	-15.1599163752562	-13.9990184806014	-16.218474944346	-10.1339480606875	-7.33673158541949	-11.5969200370301	-9.85217709227213	-15.7644051268507	-12.7189105614087	-15.9911564316146	-15.2809278073661	-14.8355460427272	-10.3969824665213	-14.0055300864964	-16.2338692909342	-16.6597172238616	-14.2214109019379	-13.806373402659	-13.9990184806014	-16.9657053851196	-17.5291407414866	-7.6515552936069	-15.8152707059652	-14.2344908694437	-9.67709038571404	-7.9145896994407	-15.504831398927	-15.2422384111218	-10.8994828070505	-14.7000904658328	-10.5395868619641	-8.9360086830756	-5.79374886379395	-8.29067356437496	-8.92985645609401	-10.3801086479569	-8.02829627312365	-12.7189105614087	-12.1625172128843	-11.3801086479569	-8.92985645609401	-15.2446797245828	-11.8521770922721	-15.504831398927	-12.8994828070505	-13.806373402659	-5.595093455177	-8.72955780560818	-14.8724931961221	-14.5078396786765	-6.5811659657155	-3.79113259932633	-10.616548843779	-15.7861547425589	-6.77157444008174	-13.2214109019379	-15.4731243779008	-13.9385425738904	-4.26044363357354	-4.53024899738477	-15.0225659718147	-10.8521770922721	-10.4488213980409	-8.05818055306955	-16.1240674467615	-6.81485155658331	-15.2734192413448	-14.2734192413448	-7.9640230592452	-8.57755471216313	-8.86973546365644	-10.5584458892154	-6.77570626641207	-15.4704173879792	-8.77846740608912	-11.5584458892154	-14.9227547263086	-7.40549396637682	-11.4140559798802	-7.36550423504814	-12.0514859004955	-14.0495933331794	-10.2365177943281	-7.82053146565567	-3.97130991065391	-7.45322657716092	-6.44992143243725	-6.9145896994407	-11.4844453077716	-14.2446797245828	-6.53841631825617
ERR3928933	-15.2417969930932	-11.9198688982059	-16.8045974212163	-11.6974764768694	-8.8211349446205	-16.2734192413448	-8.4736126683163	-15.7644051268507	-15.2117869211812	-2.29464712301938	-10.4173685576767	-12.504831398927	-13.2417969930932	-13.0194045717568	-13.504831398927	-14.2907167134735	-15.7891090606532	-16.7059698046375	-11.6974764768694	-11.6974764768694	-17.0863332217381	-12.8267594938144	-12.0194045717568	-16.1089599873599	-10.2721706421367	-8.72872741085386	-15.4475675741951	-16.2073829821454	-11.7823653744559	-14.504831398927	-12.3673278751771	-6.82958001287676	-16.6597172238616	-16.7373397798848	-16.9911564316146	-15.8186820283333	-15.8506385860173	-14.8359393666587	-15.0270096477109	-15.9449979549621	-13.504831398927	-12.9198688982059	-13.0194045717568	-14.5077172270297	-6.58477634412005	-7.54367114079038	-15.4154116849974	-7.30319753775737	-13.3673278751771	-4.94411644445254	-2.40554934640533	-14.0194045717568	-15.9872751165175	-14.8185522208775	-16.230308205244	-13.2417969930932	-8.71301732776519	-15.702858076899	-16.8500036561088	-5.32343063718772	-12.1263197756733	-16.8709426066494	-15.6835429492821	-7.32293375581863	-9.02585959389408	-12.4344420710356	-14.2417969930932	-11.8725631834275	-16.7967494219023	-15.856814552503	-12.1263197756733	-10.5979408033185	-13.1263197756733	-15.8827704002946	-13.8267594938144	-16.350283136402	-17.9672712973138	-14.0194045717568	-9.14025896663116	-10.0065805313992	-15.823541395947	-8.38381599796565	-14.807266864253	-16.0270096477109	-16.2509768659375	-17.0495933331794	-13.8267594938144	-13.504831398927	-13.504831398927	-6.93194173050644	-15.8294130574836	-15.1609349952268	-12.9378084827105	-16.1523772791636	-15.1599163752562	-13.8267594938144	-16.218474944346	-12.2417969930932	-5.72741168341119	-14.0194045717568	-10.5599729531195	-15.7644051268507	-12.3031975377574	-15.9911564316146	-14.2417969930932	-14.8355460427272	-14.7361587837346	-14.0055300864964	-16.2338692909342	-16.6597172238616	-13.3673278751771	-13.8267594938144	-14.8267594938144	-16.9657053851196	-17.5291407414866	-6.72609715480918	-13.2417969930932	-14.2344908694437	-8.50934688004951	-8.4692074891963	-14.504831398927	-15.2422384111218	-13.0194045717568	-12.4344420710356	-8.26451706959331	-11.6568344923721	-5.69233317359346	-7.89012155481181	-11.1543341518429	-12.504831398927	-6.30417796255955	-15.5555178150437	-6.58716096456526	-13.504831398927	-9.34294371655013	-15.2446797245828	-12.504831398927	-14.504831398927	-12.8267594938144	-14.504831398927	-7.05527002431378	-8.84947957031446	-13.8267594938144	-14.5078396786765	-5.95024254724938	-3.28046789008064	-10.9198688982059	-15.7861547425589	-6.34093018511248	-12.6568344923721	-11.3673278751771	-7.11251397614826	-6.17301871510781	-7.10395196264484	-15.0225659718147	-11.6173061281854	-15.2789782996805	-8.27217064213674	-5.16542674101919	-8.12631977567329	-8.27217064213674	-6.30221777877853	-8.14025896663116	-6.43444207103562	-14.6122541923889	-9.80439168078593	-5.56525218461233	-15.4704173879792	-7.40890697892848	-9.68720814141559	-14.9227547263086	-7.8183308717438	-10.5229787456373	-7.57173092399565	-11.7823653744559	-10.8494795703145	-8.54135727495213	-7.1667636013844	-4.1127286788856	-14.1972166931101	-5.57409406136413	-6.48802311124047	-10.0065805313992	-14.2446797245828	-6.13763508890112
ERR3928934	-17.0489018956376	-11.9978370265035	-16.8045974212163	-11.8134124553661	-9.15348789696373	-16.2734192413448	-8.6434874539238	-14.1353405502535	-15.2117869211812	-2.20216628961485	-10.0997166405228	-12.6499137230832	-12.7568289269997	-13.1353405502535	-12.8723061444197	-11.8134124553661	-12.7568289269997	-16.7059698046375	-11.3279856281959	-12.8723061444197	-17.0863332217381	-12.8723061444197	-12.5503780495323	-16.1089599873599	-9.63708968272565	-8.95742275805763	-15.4475675741951	-13.8723061444197	-11.4572686451408	-12.9978370265035	-12.7568289269997	-6.5191593189216	-16.6597172238616	-16.7373397798848	-16.9911564316146	-15.8186820283333	-15.8506385860173	-14.8359393666587	-12.9978370265035	-15.9449979549621	-15.2789782996805	-12.2093411316973	-13.6499137230832	-14.5077172270297	-6.61491830172703	-7.48572509119006	-15.4154116849974	-7.00399801113021	-13.6499137230832	-5.19752538145005	-2.54681328983101	-14.1353405502535	-15.9872751165175	-13.6499137230832	-16.230308205244	-16.8186820283333	-8.55640183716009	-15.702858076899	-14.4572686451408	-5.40605970422607	-11.9337066890838	-16.8709426066494	-15.6835429492821	-7.47142670813749	-9.00605753330851	-12.4572686451408	-15.8500036561088	-11.1718664262786	-16.7967494219023	-15.856814552503	-11.1353405502535	-10.2873436436985	-16.1865398646658	-15.8827704002946	-14.1353405502535	-16.350283136402	-17.9672712973138	-13.4572686451408	-9.45726864514084	-10.0822292137939	-15.823541395947	-8.56245088183289	-14.807266864253	-16.0270096477109	-16.2509768659375	-17.0495933331794	-13.8723061444197	-15.1240674467615	-13.2873436436985	-7.0268160934753	-15.8294130574836	-13.4572686451408	-12.9378084827105	-16.1523772791636	-15.1599163752562	-16.2338692909342	-16.218474944346	-12.1353405502535	-5.73190238724519	-12.6499137230832	-10.503072334754	-15.7644051268507	-12.6499137230832	-15.9911564316146	-14.1353405502535	-14.8355460427272	-12.9978370265035	-14.0055300864964	-16.2338692909342	-16.6597172238616	-16.3807428843985	-12.5503780495323	-14.1353405502535	-16.9657053851196	-17.5291407414866	-6.9123042123516	-12.9978370265035	-14.2344908694437	-8.45164409594696	-8.63072015784992	-15.504831398927	-13.4572686451408	-14.9482759650946	-14.7000904658328	-8.36451150422098	-11.8134124553661	-5.65879684403922	-7.94551599137346	-11.1353405502535	-11.8723061444197	-6.52063070613826	-15.5555178150437	-6.26991657194034	-12.9978370265035	-8.86481160787275	-12.0649512223621	-12.7568289269997	-15.504831398927	-12.8723061444197	-14.8723061444197	-6.79193272795566	-8.9026797934632	-13.2873436436985	-14.5078396786765	-5.80801246762352	-3.07924479421535	-10.4128745257824	-15.7861547425589	-6.55640183716009	-12.1353405502535	-11.4128745257824	-6.9142368248856	-5.92979163908044	-6.64830447022157	-15.0225659718147	-11.3279856281959	-15.2789782996805	-8.79193272795566	-5.58459376487023	-9.03100389043874	-8.50890141355616	-5.8143144216605	-8.65636874522053	-6.60395908973716	-14.6122541923889	-9.67590893161618	-5.60786354419308	-15.4704173879792	-7.60551960372478	-9.61177859419646	-14.9227547263086	-7.96541554881116	-10.7568289269997	-8.28234296264016	-11.8723061444197	-10.3698058038905	-9.03100389043874	-7.13985603137597	-4.10605332328523	-14.1972166931101	-6.02786190362685	-6.63230990461231	-10.1718664262786	-14.2446797245828	-5.89121460696974
ERR3928935	-7.36168509632609	-4.50842047039651	-16.8045974212163	-11.3168712489754	-13.7015350992107	-16.2734192413448	-10.2864975999319	-13.7015350992107	-9.65229158019086	-2.10866283815479	-10.0641051785954	-12.4791426778743	-11.7015350992107	-13.5495320057657	-10.7217129811483	-7.96456950504451	-12.0134791055255	-10.1032757758761	-7.40181828341351	-8.0868252550955	-8.10990886820855	-16.5414697474375	-14.9299848578272	-16.1089599873599	-15.6835429492821	-8.54953200576566	-13.5495320057657	-16.2073829821454	-15.9310144680342	-13.2864975999319	-15.285052966554	-5.97891728400447	-16.6597172238616	-16.7373397798848	-13.7015350992107	-15.8186820283333	-15.8506385860173	-14.8359393666587	-10.8941801771531	-15.9449979549621	-11.5495320057657	-11.7839972594027	-14.8506385860173	-14.5077172270297	-13.871460100653	-15.6257944434743	-15.4154116849974	-8.97664233734508	-13.7015350992107	-4.71695840678826	-2.34532769502462	-15.5555178150437	-7.21503523737525	-14.8185522208775	-16.230308205244	-12.6235325872094	-9.24210348057342	-8.79464450360219	-7.47058066437084	-6.47806964320904	-7.35379071251921	-14.5495320057657	-15.6835429492821	-7.84632053837452	-7.29025951872807	-6.05687763474675	-12.347898144596	-14.871460100653	-16.7967494219023	-14.2864975999319	-14.8682438177046	-6.46419233640829	-12.347898144596	-15.8827704002946	-13.871460100653	-16.350283136402	-17.9672712973138	-9.92894559531378	-9.72171298114834	-10.0770442343029	-15.823541395947	-7.20080385153459	-14.807266864253	-16.0270096477109	-16.2509768659375	-17.0495933331794	-13.4120284820157	-12.4120284820157	-12.4791426778743	-6.44519534595093	-15.8294130574836	-15.1609349952268	-12.9378084827105	-16.1523772791636	-10.0385700864883	-8.28649759993187	-16.218474944346	-8.67178775581666	-4.07400121473792	-9.47914267787426	-10.6620067350241	-15.7644051268507	-14.5495320057657	-12.871460100653	-8.54054322253841	-12.7839972594027	-11.1710203825119	-14.0055300864964	-14.2864975999319	-15.2864975999319	-13.5495320057657	-9.36366546045433	-14.2864975999319	-14.5495320057657	-14.5495320057657	-7.92894559531379	-15.8152707059652	-8.64264141015714	-10.3796070043234	-9.80537091019525	-7.98881705129118	-13.5495320057657	-11.5495320057657	-8.37560507376585	-6.78665171284866	-9.5316100977684	-4.76915628344038	-10.0641051785954	-10.871460100653	-9.74217708370806	-6.48991714946844	-11.7421770837081	-7.96456950504451	-15.8827704002946	-14.1495639379677	-15.2446797245828	-12.4791426778743	-10.8490922876246	-15.4763032032435	-12.9645695050445	-10.0385700864883	-8.99494315408803	-13.2864975999319	-14.5078396786765	-6.31879100313875	-4.57397059949205	-11.5495320057657	-15.7861547425589	-7.65714097985226	-14.5442400064417	-10.3016044923221	-12.4791426778743	-7.52716419273721	-9.61407225796037	-15.0225659718147	-12.5495320057657	-9.17102038251193	-8.05767890943599	-6.57454389377374	-7.79731863790052	-10.0901003871284	-5.969084986167	-5.96231705331313	-8.11657259848956	-9.05128113823784	-15.4646308324583	-7.40589369584363	-15.4704173879792	-13.1710203825119	-12.1710203825119	-6.5316100977684	-10.4451953459509	-11.0134791055255	-9.58605788179078	-12.1710203825119	-14.0495933331794	-14.6660143652164	-11.3168712489754	-5.7999977380964	-10.3016044923221	-8.02283716022369	-6.68658475774474	-16.3267571649019	-13.0641051785954	-7.00109538106962
ERR3928936	-6.625659618606	-5.40437867270271	-16.8045974212163	-11.745897495948	-16.8709426066494	-16.2734192413448	-10.7917011855611	-13.5759724945056	-10.0593969687647	-2.56109961941502	-10.0179770413848	-12.4239694010606	-12.0454577778069	-15.549014511762	-11.2540443996183	-8.21062211932715	-12.4239694010606	-10.0593969687647	-6.86784658321942	-6.59361265364137	-7.9645377824233	-13.9385425738904	-14.9299848578272	-16.1089599873599	-15.6835429492821	-7.92571853353277	-14.1609349952268	-16.2073829821454	-15.9310144680342	-13.745897495948	-15.285052966554	-5.82182731036261	-16.6597172238616	-16.7373397798848	-16.9911564316146	-15.8186820283333	-15.8506385860173	-14.8359393666587	-10.3029540000992	-15.9449979549621	-10.8390069003394	-11.3883454913299	-14.8506385860173	-14.5077172270297	-12.5759724945056	-15.6257944434743	-15.4154116849974	-8.19900303606032	-13.745897495948	-4.62695642322445	-2.27136765704139	-13.1609349952268	-7.33226956692378	-14.8185522208775	-16.230308205244	-13.745897495948	-9.31126926831123	-8.31126926831123	-7.6505004731554	-6.39716934171688	-7.07524124682952	-13.9385425738904	-15.6835429492821	-7.35143480133764	-7.3133555955597	-5.73957141742302	-11.4239694010606	-16.1832735252166	-16.7967494219023	-13.745897495948	-12.1609349952268	-6.48380265057778	-12.2864658773107	-15.8827704002946	-12.9385425738904	-14.745897495948	-17.9672712973138	-9.76861757244804	-9.50749275662288	-9.91300748178321	-15.823541395947	-7.21842048988756	-14.807266864253	-16.0270096477109	-16.2509768659375	-17.0495933331794	-16.2734192413448	-13.0454577778069	-13.4239694010606	-6.7235296829195	-15.8294130574836	-14.1609349952268	-12.9378084827105	-14.4239694010606	-10.1913086442703	-8.31126926831123	-16.218474944346	-8.50749275662288	-4.06400026916172	-9.37957528170214	-10.7015033765895	-15.7644051268507	-15.5495320057657	-15.9911564316146	-8.05241053844863	-13.1609349952268	-10.3029540000992	-14.0055300864964	-13.5759724945056	-16.6597172238616	-16.3807428843985	-9.11654087586835	-16.1264322481587	-13.9385425738904	-15.1609349952268	-8.21451603543164	-12.4979699825044	-8.65843465469762	-10.2223355398909	-10.0593969687647	-8.112902298805	-15.2422384111218	-11.616614479003	-9.25404439961828	-6.7830014906107	-9.83900690033944	-5.00400922321271	-10.1459846537608	-10.9645377824233	-9.9645377824233	-6.32383272977514	-11.2223355398909	-7.51227781918825	-14.4239694010606	-12.1609349952268	-13.5759724945056	-13.0454577778069	-10.9645377824233	-15.4763032032435	-13.4239694010606	-10.1459846537608	-9.00443050954681	-13.1609349952268	-14.5078396786765	-6.00022317194582	-4.01182300451991	-11.4979699825044	-15.7861547425589	-7.62955353471049	-13.2864658773107	-9.88791650082038	-12.9385425738904	-7.13856718219835	-9.85107973264001	-15.0225659718147	-13.0454577778069	-8.80338299060872	-7.78589556387988	-5.92971381451561	-7.98102590521187	-9.63737303916979	-5.63410976014694	-5.82331309323429	-8.44211674777085	-8.46049527708571	-15.4646308324583	-6.79461278098098	-15.4704173879792	-14.1710203825119	-12.745897495948	-6.09574328227286	-9.81516015838507	-11.2223355398909	-8.84503068796721	-11.1609349952268	-14.0495933331794	-14.6660143652164	-10.8390069003394	-5.61468359086168	-10.2701640649816	-8.14227115096176	-6.40493473169626	-13.9385425738904	-12.2864658773107	-7.05939696876474
ERR3928937	-17.0489018956376	-12.4758140184858	-16.8045974212163	-12.350283136402	-16.8709426066494	-16.2734192413448	-7.43939061023594	-15.7644051268507	-15.2117869211812	-7.47991841681855	-9.84778279587277	-13.234805918982	-12.0772646419955	-14.350283136402	-16.0054710441695	-6.02535255335306	-13.6133175422357	-14.9352456371231	-14.350283136402	-12.6873181236795	-14.350283136402	-16.5414697474375	-12.234805918982	-16.1089599873599	-9.23480591898201	-12.5429282143443	-15.4475675741951	-11.6498434182609	-15.9310144680342	-11.1538859235984	-10.0404278738152	-15.0740438745602	-16.6597172238616	-16.7373397798848	-14.6133175422357	-15.8186820283333	-15.8506385860173	-14.8359393666587	-13.1278907150655	-15.9449979549621	-15.2789782996805	-11.6498434182609	-14.8506385860173	-12.350283136402	-14.6133175422357	-15.6257944434743	-12.1278907150655	-8.25225105344142	-15.9227547263086	-2.76094409265548	-1.09951593851805	-13.7653206356808	-15.9872751165175	-13.234805918982	-16.230308205244	-16.8186820283333	-9.79569428472431	-13.6133175422357	-16.8500036561088	-4.10512661167859	-12.1278907150655	-14.6133175422357	-15.6835429492821	-16.5414697474375	-7.8611041743706	-13.234805918982	-8.84248849620325	-16.1832735252166	-15.350283136402	-15.856814552503	-14.8682438177046	-6.11108242737895	-12.4116836810661	-15.8827704002946	-9.26282029515161	-15.350283136402	-12.2913894473484	-15.0194045717568	-15.2350632755068	-15.158350463062	-15.823541395947	-8.33161929213692	-14.807266864253	-16.0270096477109	-16.2509768659375	-17.0495933331794	-8.6544748669925	-3.98468974007559	-13.350283136402	-12.8477827958728	-10.9579657136232	-15.1609349952268	-12.9378084827105	-14.6133175422357	-15.1599163752562	-13.9352456371231	-8.72092651632234	-15.9117196656231	-10.350283136402	-13.9352456371231	-11.9810493267362	-9.16706131234618	-15.5495320057657	-15.9911564316146	-15.2809278073661	-6.71486730942788	-9.75533654710817	-14.0055300864964	-16.2338692909342	-16.6597172238616	-14.350283136402	-16.1144608389012	-14.9352456371231	-16.9657053851196	-17.5291407414866	-12.8477827958728	-15.8152707059652	-14.2344908694437	-15.4639393949165	-10.350283136402	-15.504831398927	-15.2422384111218	-6.28150485841654	-9.64984341826086	-14.1278907150655	-15.3600354542409	-7.57989454069829	-14.9441782407655	-6.86781127636659	-14.7556308871522	-13.0283550415146	-15.5555178150437	-12.5429282143443	-13.1278907150655	-14.1495639379677	-10.2487451099399	-15.7715023653869	-15.504831398927	-14.350283136402	-16.2680545868555	-10.5953956342385	-13.4758140184858	-14.8724931961221	-14.5078396786765	-10.9579657136232	-9.18705278753365	-7.51739312223721	-9.77537430034472	-11.0283550415146	-7.61783302335824	-15.4731243779008	-13.9385425738904	-8.20732518255991	-7.96083104731758	-15.0225659718147	-15.1404803157648	-15.2789782996805	-8.76532063568079	-16.1240674467615	-13.234805918982	-15.2734192413448	-14.2734192413448	-7.631464888946	-13.234805918982	-14.6122541923889	-15.4646308324583	-10.5258547009854	-15.4704173879792	-14.1710203825119	-13.9443460341378	-14.9227547263086	-7.68021706730438	-14.1495639379677	-5.04422144697361	-6.35876129032626	-9.35028313640195	-14.6660143652164	-13.7521157796728	-4.31915632354099	-14.1972166931101	-11.7653206356808	-12.350283136402	-9.05872869055811	-12.4116836810661	-5.78232706098648
ERR3928938	-17.0489018956376	-12.3294551315197	-16.8045974212163	-11.8086229682182	-8.19123898980471	-16.2734192413448	-8.56761486871445	-15.7644051268507	-15.2117869211812	-7.81684347502321	-10.443626151439	-14.8658903080872	-12.9461264919682	-15.549014511762	-16.0054710441695	-12.7655542463264	-13.3935854689394	-14.8530170875767	-11.8530170875767	-9.87573716407678	-15.2680545868555	-13.6830920861344	-13.1525773694356	-16.1089599873599	-15.6835429492821	-6.86575307550416	-15.4475675741951	-16.2073829821454	-13.6830920861344	-15.6835429492821	-15.285052966554	-12.5310889926893	-16.6597172238616	-16.7373397798848	-16.9911564316146	-15.8186820283333	-15.8506385860173	-14.8359393666587	-15.0270096477109	-15.9449979549621	-15.2789782996805	-11.9950360924491	-14.8506385860173	-14.5077172270297	-16.2337195276121	-15.6257944434743	-14.0456621655191	-9.56761486871445	-12.8530170875767	-5.32602888214469	-1.95309377256064	-14.5310889926893	-15.9872751165175	-14.8185522208775	-16.230308205244	-10.2236604674971	-9.30612262768906	-7.07165737405204	-15.2680545868555	-6.13362826663462	-11.9461264919682	-14.5310889926893	-15.6835429492821	-8.23830724346149	-8.19480560482491	-5.2521749731894	-11.1805917456052	-8.46499980223157	-8.58155405967232	-15.856814552503	-13.2680545868555	-7.54240430591717	-16.1865398646658	-15.8827704002946	-12.8530170875767	-16.350283136402	-11.361163991247	-15.0194045717568	-15.2350632755068	-9.64356372194775	-15.823541395947	-13.2680545868555	-14.807266864253	-14.8530170875767	-16.2509768659375	-17.0495933331794	-7.26430245199444	-15.1240674467615	-15.8658903080872	-10.8086229682182	-15.8294130574836	-14.0456621655191	-12.9378084827105	-13.8530170875767	-15.1599163752562	-12.209160897802	-16.218474944346	-10.9461264919682	-5.64052070238275	-12.5310889926893	-14.9813888961172	-15.7644051268507	-11.2383072434615	-14.0456621655191	-11.3294551315197	-14.8355460427272	-12.6830920861344	-14.0055300864964	-14.0456621655191	-16.6597172238616	-13.6830920861344	-12.3294551315197	-16.1264322481587	-16.9657053851196	-17.5291407414866	-6.60746438132102	-15.8152707059652	-14.2344908694437	-7.72631261473351	-6.51762673288277	-15.504831398927	-15.2422384111218	-10.7869278971189	-8.40180597574437	-11.1805917456052	-8.83620879989015	-6.09812958541323	-8.87573716407678	-10.3935854689394	-10.9461264919682	-8.45213765129452	-8.3732368235476	-5.4152650152531	-15.8827704002946	-14.1495639379677	-15.2446797245828	-14.0456621655191	-15.504831398927	-15.4763032032435	-15.2680545868555	-4.93639116536546	-8.52210020946208	-14.8724931961221	-14.5078396786765	-4.17595817186475	-2.72720005474191	-11.9950360924491	-15.7861547425589	-6.46284813137652	-14.5442400064417	-15.4731243779008	-8.96427383867844	-6.06511452818527	-6.42047518718844	-15.0225659718147	-8.27558825954095	-11.361163991247	-6.35416788104498	-13.8530170875767	-7.01381329947976	-15.2734192413448	-6.32066116228785	-7.22366046749709	-6.58389040842728	-9.73407601485319	-9.91050258223746	-5.10021832914118	-15.4704173879792	-6.73797343741499	-8.5492363393996	-14.9227547263086	-7.21096539464872	-10.6830920861344	-7.67559754958746	-14.8185522208775	-14.0495933331794	-14.6660143652164	-13.7521157796728	-3.84353834168863	-7.58155405967232	-5.94462446680295	-6.55380906918942	-6.80044903677255	-14.2446797245828	-6.43938915855253
ERR3928939	-17.0489018956376	-2.81153149214844	-16.8045974212163	-11.8351992257102	-15.250236724989	-16.2734192413448	-9.03429932578985	-15.7644051268507	-13.0278443036526	-7.34334612938048	-9.88100291532328	-12.8351992257102	-12.8351992257102	-13.1347595075691	-16.0054710441695	-5.51948356768795	-13.3757676070729	-16.7059698046375	-14.5132711308228	-11.8351992257102	-17.0863332217381	-13.250236724989	-14.9299848578272	-16.1089599873599	-10.1627738837387	-9.07364799326568	-14.0278443036526	-16.2073829821454	-15.9310144680342	-11.2806103740325	-13.3757676070729	-12.7477363844598	-16.6597172238616	-16.7373397798848	-16.9911564316146	-15.8186820283333	-15.8506385860173	-14.8359393666587	-15.0270096477109	-15.9449979549621	-15.2789782996805	-10.1627738837387	-8.08031172354669	-10.3116372696531	-10.5132711308228	-8.24648459012789	-15.4154116849974	-8.86941494104807	-13.5132711308228	-6.36555740847064	-1.94203992337447	-13.3757676070729	-15.9872751165175	-13.1347595075691	-16.230308205244	-16.8186820283333	-9.33535333862695	-15.702858076899	-16.8500036561088	-5.67343748240548	-12.1913430359354	-15.250236724989	-15.6835429492821	-8.14869869852694	-9.26534361737921	-12.0803117235467	-15.8500036561088	-10.6063805352143	-10.2204893815949	-15.856814552503	-14.8682438177046	-3.78756405198513	-12.1347595075691	-14.8351992257102	-9.31949938742611	-16.350283136402	-11.8810029153233	-15.0194045717568	-15.2350632755068	-11.6652742242678	-15.823541395947	-9.25777039767441	-14.807266864253	-16.0270096477109	-16.2509768659375	-17.0495933331794	-13.1347595075691	-15.1240674467615	-15.8658903080872	-6.32938767179056	-10.5132711308228	-15.1609349952268	-12.9378084827105	-5.74574874459425	-15.1599163752562	-16.2338692909342	-16.218474944346	-12.1347595075691	-8.28445244032691	-11.1627738837387	-10.6257458600812	-15.7644051268507	-12.3116372696531	-13.8351992257102	-15.2809278073661	-11.6652742242678	-7.11581040476807	-14.0055300864964	-13.8351992257102	-16.6597172238616	-14.0278443036526	-14.0278443036526	-16.1264322481587	-16.9657053851196	-14.8351992257102	-12.6652742242678	-13.1347595075691	-14.2344908694437	-10.1627738837387	-8.13475950756906	-15.504831398927	-15.2422384111218	-8.89856128670758	-13.0278443036526	-15.1278907150655	-8.00230921154541	-10.107278771147	-13.0278443036526	-9.4428818029314	-11.7908051063517	-11.9283086301016	-12.9283086301016	-6.7908051063517	-12.0278443036526	-10.3594657947438	-12.9283086301016	-12.0278443036526	-13.0278443036526	-15.4763032032435	-13.250236724989	-9.8239719702869	-9.10048960548432	-13.5132711308228	-10.3922557298614	-10.4258082895725	-3.50596348397636	-10.8351992257102	-9.70591620876519	-6.70205701330956	-10.8810029153233	-15.4731243779008	-13.9385425738904	-4.21246100783901	-3.90705100954112	-15.0225659718147	-11.4089344710081	-15.2789782996805	-8.85220565101585	-16.1240674467615	-7.97101308105588	-9.98970917476578	-8.32344657194278	-7.79354007407294	-7.30967841661509	-8.27677851244149	-10.120953708044	-5.8128314126817	-15.4704173879792	-9.40057099807343	-11.4776472210921	-14.9227547263086	-8.80729322914027	-12.0278443036526	-8.07032763497407	-11.4776472210921	-14.0495933331794	-10.6652742242678	-13.7521157796728	-4.04525809731924	-14.1972166931101	-8.71625815298665	-6.90298447374177	-7.76373686315353	-12.0803117235467	-6.54979700684791
ERR3928940	-9.45470161302908	-11.9078742411947	-16.8045974212163	-12.2127288227231	-8.73033605564251	-10.1916672071953	-9.266768662436	-13.9782635690861	-12.4928367419159	-7.54530416180998	-10.54530416181	-14.8658903080872	-11.9078742411947	-12.9782635690861	-10.1916672071953	-8.35767715863421	-12.5997519458324	-16.7059698046375	-9.99641091579635	-9.51883195044879	-7.82851644958141	-12.7152291632523	-14.9299848578272	-16.1089599873599	-13.4928367419159	-10.54530416181	-3.84435075484706	-16.2073829821454	-13.7152291632523	-15.6835429492821	-15.285052966554	-7.00557091508183	-11.255797544615	-16.7373397798848	-16.9911564316146	-15.8186820283333	-15.8506385860173	-14.8359393666587	-12.1302666625311	-15.9449979549621	-15.2789782996805	-11.7766297079164	-5.20545415892536	-14.5077172270297	-12.0522641505299	-12.0522641505299	-15.4154116849974	-7.67083504389384	-15.9227547263086	-7.78055541113024	-2.96591837866626	-15.5555178150437	-15.9872751165175	-6.06298170321843	-16.230308205244	-9.92515223262653	-7.43600551931917	-15.702858076899	-16.8500036561088	-6.48801435845901	-8.80833856764378	-16.8709426066494	-15.6835429492821	-7.8531084377638	-7.62071156446801	-10.9782635690861	-15.8500036561088	-16.1832735252166	-13.7152291632523	-15.856814552503	-14.8682438177046	-2.47374248454979	-16.1865398646658	-15.8827704002946	-13.9782635690861	-16.350283136402	-17.9672712973138	-9.67083504389384	-8.89931222769127	-9.32291174047354	-15.823541395947	-5.2476236131693	-14.807266864253	-16.0270096477109	-16.2509768659375	-17.0495933331794	-7.70400190782904	-11.1302666625311	-15.8658903080872	-11.5997519458324	-15.8294130574836	-6.29036304660535	-12.9378084827105	-16.1523772791636	-15.1599163752562	-12.9782635690861	-16.218474944346	-12.8407600453362	-4.62291247266128	-9.64198018122166	-9.35767715863421	-8.86556343633673	-11.8407600453362	-15.9911564316146	-10.4175486146116	-14.8355460427272	-10.3001916639735	-14.0055300864964	-13.3001916639735	-16.6597172238616	-13.9782635690861	-10.1709086470285	-13.1302666625311	-16.9657053851196	-17.5291407414866	-7.6671964668305	-13.3001916639735	-9.266768662436	-9.58594614630733	-9.94263965935537	-15.504831398927	-12.7152291632523	-11.3459953535866	-8.87392690927136	-8.08102314351129	-10.0334051232786	-4.76151771089079	-9.02406725869922	-11.4422106688459	-12.3933010683649	-7.7189910820485	-10.8083385676438	-6.93386944972764	-15.8827704002946	-11.5997519458324	-15.2446797245828	-11.6563354741987	-15.504831398927	-15.4763032032435	-16.2680545868555	-3.51576129648883	-9.76103285286542	-14.8724931961221	-14.5078396786765	-5.0136339023655	-3.46433862752896	-11.4422106688459	-15.7861547425589	-6.96927478585884	-14.5442400064417	-9.79239702377476	-10.4928367419159	-6.37093325533648	-9.85724816812473	-15.0225659718147	-11.255797544615	-12.3001916639735	-7.50253013811969	-8.78449182568941	-7.71147702839119	-12.8407600453362	-8.61369113679024	-10.3694543264106	-8.78449182568941	-9.31150697720129	-10.627766322002	-6.43136910919845	-14.3001916639735	-10.3229117404735	-10.3933010683649	-14.9227547263086	-9.21272882272311	-12.9782635690861	-11.7152291632523	-14.8185522208775	-14.0495933331794	-14.6660143652164	-9.33440737931137	-4.66628825462493	-11.6563354741987	-6.47682442392722	-6.59110785142311	-16.3267571649019	-14.2446797245828	-7.45470161302908
ERR3928941	-17.0489018956376	-12.4110788618377	-16.8045974212163	-11.9585666571402	-16.8709426066494	-9.39221983458642	-9.70481006489445	-13.6590063752813	-15.2117869211812	-7.53230190243813	-11.0740438745602	-12.571543534031	-12.6590063752813	-14.0740438745602	-16.0054710441695	-4.93876211699376	-13.6590063752813	-16.7059698046375	-11.6590063752813	-15.3510427403564	-17.0863332217381	-12.0151501855066	-13.0740438745602	-16.1089599873599	-9.18327294431493	-12.489081373839	-14.0740438745602	-13.6590063752813	-15.9310144680342	-8.80102538015375	-15.285052966554	-14.0740438745602	-16.6597172238616	-16.7373397798848	-16.9911564316146	-15.8186820283333	-15.8506385860173	-14.8359393666587	-12.7521157796728	-15.9449979549621	-15.2789782996805	-12.337078280394	-14.8506385860173	-14.5077172270297	-16.2337195276121	-15.6257944434743	-12.6590063752813	-8.59831044359377	-13.337078280394	-5.84602690402984	-1.19778274766795	-12.7521157796728	-15.9872751165175	-14.8185522208775	-16.230308205244	-13.8516514532237	-9.43983785481916	-13.8516514532237	-16.8500036561088	-6.7566312607953	-12.9585666571402	-16.8709426066494	-12.0740438745602	-16.5414697474375	-8.58219077823049	-14.8173501150752	-14.0740438745602	-16.1832735252166	-14.337078280394	-15.856814552503	-13.199574756644	-8.08915076695038	-16.1865398646658	-15.8827704002946	-10.7763633259195	-16.350283136402	-11.337078280394	-15.0194045717568	-15.2350632755068	-15.158350463062	-15.823541395947	-7.8743715297238	-14.807266864253	-16.0270096477109	-16.2509768659375	-17.0495933331794	-7.67316443827798	-15.1240674467615	-15.8658903080872	-12.489081373839	-15.8294130574836	-15.1609349952268	-12.9378084827105	-16.1523772791636	-15.1599163752562	-16.2338692909342	-16.218474944346	-11.1354444192243	-8.88421931568015	-15.1857891321423	-12.8516514532237	-15.7644051268507	-12.0151501855066	-15.9911564316146	-15.2809278073661	-14.8355460427272	-11.8010253801538	-14.0055300864964	-16.2338692909342	-16.6597172238616	-14.337078280394	-16.1144608389012	-14.337078280394	-16.9657053851196	-15.6590063752813	-14.8709163440766	-13.6590063752813	-14.2344908694437	-10.7521157796728	-9.11211191539369	-15.504831398927	-15.2422384111218	-10.2327416205792	-11.3736041564191	-15.1278907150655	-8.62558337374387	-6.78402502762755	-10.199574756644	-8.71063914369665	-12.0151501855066	-9.70481006489445	-12.1354444192243	-11.9585666571402	-13.199574756644	-9.17519059801707	-15.2446797245828	-11.4110788618377	-15.504831398927	-15.4763032032435	-16.2680545868555	-5.4194078460322	-8.44468725448056	-14.8724931961221	-14.5078396786765	-3.55817980438558	-5.29706260154608	-10.4495530096524	-13.6590063752813	-7.74911329151128	-10.4110788618377	-15.4731243779008	-13.9385425738904	-7.18124810883744	-3.40545431264386	-10.2666889525026	-10.8261163611166	-15.2789782996805	-6.97776796350352	-16.1240674467615	-7.69322209061924	-15.2734192413448	-7.87764666175666	-8.82611636111658	-6.46548101478011	-9.05167606153171	-10.9865810333098	-4.04337673831323	-15.4704173879792	-11.337078280394	-13.9443460341378	-14.9227547263086	-7.62833923903438	-10.8010253801538	-7.14527877932889	-14.8185522208775	-11.0151501855066	-9.78864165569792	-12.7521157796728	-3.83106829513633	-14.1972166931101	-7.59831044359377	-7.965519417782	-8.25386491214498	-14.2446797245828	-7.41821504311937
ERR3928942	-17.0489018956376	-4.38701272981403	-16.8045974212163	-11.8379882803689	-7.28427671363214	-7.78239595440554	-12.5078396786765	-13.3823087965927	-12.7973462958715	-7.18100166966536	-10.4754182009841	-14.8658903080872	-13.5078396786765	-13.1599163752562	-16.0054710441695	-6.91606235639906	-13.1599163752562	-16.7059698046375	-13.7973462958715	-12.6453432024265	-15.3823087965927	-13.3823087965927	-9.94490348428537	-16.1089599873599	-15.6835429492821	-10.3823087965927	-4.45403718350777	-16.2073829821454	-14.6453432024265	-11.1343812831491	-15.285052966554	-4.92014738519979	-16.6597172238616	-16.7373397798848	-14.9672712973138	-15.8186820283333	-13.6453432024265	-14.8359393666587	-15.0270096477109	-15.9449979549621	-15.2789782996805	-12.2668315791727	-14.8506385860173	-14.5077172270297	-16.2337195276121	-15.6257944434743	-12.0130749869269	-9.26683157917273	-15.9227547263086	-4.03173788436307	-3.02054774656622	-13.1599163752562	-15.9872751165175	-14.8185522208775	-16.230308205244	-16.8186820283333	-7.17285543096371	-7.34338980730036	-16.8500036561088	-5.41316214473982	-11.9672712973138	-16.8709426066494	-15.6835429492821	-9.08462824795198	-9.95604404189057	-12.5749538745351	-11.5749538745351	-16.1832735252166	-16.7967494219023	-15.856814552503	-11.3823087965927	-10.3823087965927	-16.1865398646658	-15.8827704002946	-15.1353405502535	-13.9672712973138	-16.9672712973138	-6.57602770788638	-5.57817777540935	-7.04097530253271	-15.823541395947	-6.34156245424936	-14.807266864253	-16.0270096477109	-16.2509768659375	-17.0495933331794	-7.95325082699889	-15.1240674467615	-15.8658903080872	-12.5078396786765	-15.8294130574836	-14.1599163752562	-12.9378084827105	-13.7973462958715	-14.1599163752562	-13.9672712973138	-13.1599163752562	-6.98570401541081	-4.56000353306909	-11.2123837951504	-9.55788036117612	-9.09690657773042	-10.0130749869269	-14.9672712973138	-15.2809278073661	-13.1599163752562	-9.5922318659669	-14.0055300864964	-14.6453432024265	-16.6597172238616	-16.3807428843985	-13.3823087965927	-13.6453432024265	-16.9657053851196	-17.5291407414866	-9.31621960613489	-15.8152707059652	-11.1859115837892	-9.55788036117612	-7.44175048821875	-13.1599163752562	-10.5578803611761	-11.0130749869269	-12.8798084560635	-7.32702636109147	-8.36364495232763	-4.96269968214616	-10.9228771779554	-9.79734629587151	-9.34521947785744	-5.51091688220553	-10.6274212944292	-6.91606235639906	-13.2668315791727	-9.49966574723082	-15.2446797245828	-11.5749538745351	-15.504831398927	-15.4763032032435	-14.9672712973138	-4.33905361709039	-8.68650052718322	-12.8798084560635	-13.5078396786765	-4.47717254242958	-3.9732715055213	-10.8379882803689	-15.7861547425589	-5.39979049617078	-14.5442400064417	-11.1599163752562	-13.9385425738904	-3.92526999103469	-6.97150414643602	-13.7973462958715	-11.6453432024265	-12.0130749869269	-6.23256167708798	-7.78736220729889	-6.01453005012733	-10.1092903021862	-8.54520653114101	-8.97291786045496	-8.18591158378916	-14.6122541923889	-9.89045570026299	-7.40885058404516	-15.4704173879792	-8.80739996053543	-9.38984246927807	-14.9227547263086	-8.84833022459031	-11.5410065426117	-10.1092903021862	-14.8185522208775	-14.0495933331794	-14.6660143652164	-9.44370934125681	-3.8661163187133	-7.95046300962727	-7.84056682447063	-6.66349054913672	-16.3267571649019	-14.2446797245828	-6.53891112460953
ERR3928943	-9.2577430153151	-7.8001091477402	-16.8045974212163	-10.9557144778654	-7.53767449042508	-16.2734192413448	-10.2776425727528	-15.7644051268507	-12.0552501514164	-5.60757650365523	-10.1996400607515	-14.8658903080872	-8.62738861177993	-7.733322056529	-13.4475675741951	-7.89297872251748	-12.9881359555578	-13.6402126521375	-12.6402126521375	-15.3510427403564	-13.4475675741951	-13.2776425727528	-14.9299848578272	-16.1089599873599	-15.6835429492821	-9.10771757131049	-14.4475675741951	-16.2073829821454	-13.4475675741951	-15.6835429492821	-15.285052966554	-6.51535282222673	-16.6597172238616	-16.7373397798848	-13.862605073474	-15.8186820283333	-14.4475675741951	-14.8359393666587	-8.12113808707281	-15.9449979549621	-12.1256394793078	-14.5013707210169	-14.8506385860173	-14.5077172270297	-16.2337195276121	-10.8037113844204	-10.4031734548367	-7.8001091477402	-13.862605073474	-4.61665629445234	-2.30362639642662	-6.51387691924288	-15.9872751165175	-14.8185522208775	-16.230308205244	-16.8186820283333	-9.29782045469044	-5.2181478859647	-16.8500036561088	-5.67195729343558	-12.5406769785866	-13.6402126521375	-12.1996400607515	-10.090015569577	-7.84394122920893	-7.52275507058934	-8.64666767427481	-16.1832735252166	-9.92400561813811	-15.856814552503	-8.38687164250756	-8.53467823796516	-9.56492452483328	-12.9881359555578	-15.1353405502535	-16.350283136402	-17.9672712973138	-10.2577430153151	-10.6926800720316	-12.6402126521375	-15.823541395947	-7.61784483910906	-14.807266864253	-16.0270096477109	-12.3601047329448	-17.0495933331794	-8.9161861136788	-8.60207752325074	-7.06170517355366	-8.19490214174487	-15.8294130574836	-15.1609349952268	-12.9378084827105	-16.1523772791636	-10.862605073474	-16.2338692909342	-16.218474944346	-15.9117196656231	-4.59075302169211	-7.21634639348393	-10.9557144778654	-11.747127856054	-11.5895865790675	-12.747127856054	-15.2809278073661	-7.60521723078131	-7.14378682601801	-7.56187120085572	-16.2338692909342	-16.6597172238616	-14.1256394793078	-16.1144608389012	-16.1264322481587	-16.9657053851196	-17.5291407414866	-10.3182845572502	-12.862605073474	-14.2344908694437	-8.93186773591107	-8.85511053692704	-6.92596713447139	-11.6926800720316	-12.2776425727528	-12.862605073474	-8.61467756003038	-10.6926800720316	-5.35217055140256	-9.16216535533287	-11.1256394793078	-9.84765473200799	-5.99326828057522	-10.1077175713105	-5.1144122238845	-15.8827704002946	-11.3601047329448	-14.1256394793078	-11.6926800720316	-12.6402126521375	-15.4763032032435	-16.2680545868555	-6.80551588126714	-7.75408061669579	-14.8724931961221	-14.5078396786765	-6.0531048795848	-2.83527498008561	-11.9881359555578	-15.7861547425589	-7.12563947930775	-14.5442400064417	-12.0552501514164	-9.65315170784501	-3.9390299788478	-8.30290933136324	-15.0225659718147	-11.5895865790675	-15.2789782996805	-8.86260507347396	-16.1240674467615	-6.94772168711191	-5.44545579771527	-5.73590060063077	-6.66949044465976	-7.8739203867018	-8.0812453599493	-10.8037113844204	-6.10438185874724	-12.747127856054	-10.021302819493	-10.0046240783464	-6.40180791281243	-9.15294682530349	-11.6926800720316	-11.5895865790675	-14.8185522208775	-14.0495933331794	-10.143786826018	-9.90840876308709	-4.46849970271461	-9.64021265213751	-8.2577430153151	-5.89201980254805	-16.3267571649019	-10.8328577300799	-6.79293154566715
ERR3928944	-17.0489018956376	-12.3964263953961	-16.8045974212163	-12.2265013939537	-13.5219572774799	-16.2734192413448	-12.8939260548669	-14.3964263953961	-15.2117869211812	-7.64153889323258	-10.872864439339	-12.8114638946749	-12.3375327063425	-13.3964263953961	-16.0054710441695	-12.6594608012298	-13.0744983005087	-16.7059698046375	-16.7090299474826	-12.0744983005087	-17.0863332217381	-16.5414697474375	-14.9299848578272	-10.2399219097161	-10.7334613826736	-12.1740339740596	-15.4475675741951	-16.2073829821454	-15.9310144680342	-9.35933707666083	-12.2265013939537	-12.5890714733384	-16.6597172238616	-16.7373397798848	-14.6594608012298	-15.8186820283333	-15.8506385860173	-14.8359393666587	-12.7334613826736	-15.9449979549621	-15.2789782996805	-11.8939260548669	-14.8506385860173	-14.5077172270297	-16.2337195276121	-15.6257944434743	-15.4154116849974	-9.91529970565943	-13.2809491779761	-4.62989748679719	-2.15484040882629	-11.9813888961172	-15.9872751165175	-11.2809491779761	-16.230308205244	-14.1740339740596	-2.0494971992928	-12.5890714733384	-16.8500036561088	-5.33393046966229	-12.0744983005087	-14.1740339740596	-15.6835429492821	-13.8114638946749	-14.1740339740596	-12.8939260548669	-15.8500036561088	-16.1832735252166	-13.2809491779761	-15.856814552503	-13.5219572774799	-10.4735942559185	-16.1865398646658	-15.8827704002946	-9.09874584675537	-16.350283136402	-11.6594608012298	-15.0194045717568	-15.2350632755068	-10.294888368934	-15.823541395947	-6.06178065751395	-14.807266864253	-16.0270096477109	-16.2509768659375	-17.0495933331794	-5.56617529735192	-5.54623955775028	-15.8658903080872	-11.5890714733384	-12.3964263953961	-5.08922558625524	-12.9378084827105	-16.1523772791636	-15.1599163752562	-13.9813888961172	-16.218474944346	-15.9117196656231	-9.02719258573033	-11.2265013939537	-13.9813888961172	-15.7644051268507	-15.5495320057657	-12.9813888961172	-15.2809278073661	-13.5219572774799	-12.0744983005087	-14.0055300864964	-16.2338692909342	-16.6597172238616	-14.6594608012298	-16.1144608389012	-16.1264322481587	-16.9657053851196	-17.5291407414866	-12.8939260548669	-15.8152707059652	-14.2344908694437	-15.4639393949165	-7.66623933386091	-15.504831398927	-15.2422384111218	-7.76222037565504	-10.6238368914991	-10.5219572774799	-7.81397075028547	-10.3231774133654	-12.3964263953961	-8.56353638123131	-14.7556308871522	-10.4115332877863	-11.5219572774799	-11.8939260548669	-15.8827704002946	-14.1495639379677	-12.2265013939537	-15.7715023653869	-15.504831398927	-15.4763032032435	-16.2680545868555	-9.51378334603421	-9.98138889611721	-11.8114638946749	-14.5078396786765	-10.1110241765338	-4.24308548464257	-9.46568905783316	-11.4268000444396	-6.15087368914037	-7.67077611445768	-15.4731243779008	-13.9385425738904	-4.10161421878028	-10.0156046114551	-11.0271925857303	-11.8521058791722	-15.2789782996805	-5.8246737518925	-16.1240674467615	-7.26371247305081	-15.2734192413448	-12.2265013939537	-12.1234079009896	-8.50160863208811	-9.8624478233937	-15.4646308324583	-10.9369947767588	-15.4704173879792	-14.1710203825119	-13.9443460341378	-14.9227547263086	-8.94796589457976	-10.1234079009896	-6.07600189109908	-14.8185522208775	-10.161209933702	-11.4578269400602	-13.7521157796728	-3.3608253944956	-8.00984534216643	-6.66850594083285	-5.79589397190634	-8.59768460364315	-14.2446797245828	-5.39548744642643
ERR3928945	-17.0489018956376	-12.3536706448749	-16.8045974212163	-12.1520367837052	-16.8709426066494	-16.2734192413448	-13.5056737383199	-14.3536706448749	-15.2117869211812	-8.04260354261928	-10.7687081441537	-12.7687081441537	-13.3536706448749	-13.5056737383199	-16.0054710441695	-11.8176177446347	-13.5056737383199	-16.7059698046375	-15.0906362390411	-12.3536706448749	-17.0863332217381	-16.5414697474375	-14.9299848578272	-10.4276712263187	-10.8942390262376	-12.5881358985119	-15.4475675741951	-16.2073829821454	-15.9310144680342	-9.5881358985119	-12.6755987397622	-12.5881358985119	-16.6597172238616	-16.7373397798848	-14.3536706448749	-15.8186820283333	-15.8506385860173	-14.8359393666587	-13.3536706448749	-15.9449979549621	-13.0906362390411	-11.7214024293754	-14.8506385860173	-14.5077172270297	-16.2337195276121	-15.6257944434743	-15.4154116849974	-9.69831881626232	-14.6755987397622	-4.99172687113964	-2.48700989405489	-15.5555178150437	-13.8682438177046	-13.2161671211249	-16.230308205244	-13.2161671211249	-1.65770292240601	-13.3536706448749	-14.6755987397622	-5.73896080075967	-12.4276712263187	-16.8709426066494	-15.6835429492821	-16.5414697474375	-16.2337195276121	-12.9751590216211	-15.8500036561088	-16.1832735252166	-14.6755987397622	-15.856814552503	-13.8682438177046	-10.8682438177046	-16.1865398646658	-15.8827704002946	-9.09063623904108	-16.350283136402	-11.1210098880846	-15.0194045717568	-15.2350632755068	-9.76870814415372	-15.823541395947	-5.68904559000558	-14.807266864253	-16.0270096477109	-16.2509768659375	-17.0495933331794	-6.45643021930008	-6.22438762792991	-15.8658903080872	-14.9990184806014	-12.0317425499875	-5.79142822065381	-12.9378084827105	-14.6755987397622	-15.1599163752562	-16.2338692909342	-16.218474944346	-15.9117196656231	-9.43719400043716	-12.3536706448749	-13.6755987397622	-15.7644051268507	-15.5495320057657	-12.4276712263187	-15.2809278073661	-14.8355460427272	-14.7361587837346	-14.0055300864964	-14.6755987397622	-16.6597172238616	-16.3807428843985	-16.1144608389012	-14.0906362390411	-16.9657053851196	-17.5291407414866	-14.8709163440766	-15.8152707059652	-14.2344908694437	-15.4639393949165	-7.820730356502	-15.504831398927	-15.2422384111218	-8.60950954930447	-11.9207112375988	-11.6312046204038	-8.70405518581147	-10.3901965209	-14.9441782407655	-9.04624211968263	-14.7556308871522	-11.4661453741333	-15.5555178150437	-12.5881358985119	-15.8827704002946	-14.1495639379677	-12.7687081441537	-15.7715023653869	-15.504831398927	-15.4763032032435	-16.2680545868555	-9.90741441498531	-10.3901965209	-12.2161671211249	-14.5078396786765	-10.4467800492664	-4.2506451685012	-9.63120462040379	-12.0317425499875	-6.29730388385035	-8.08688410417998	-15.4731243779008	-13.9385425738904	-3.61997736498053	-11.2832813169835	-10.5881358985119	-11.7214024293754	-15.2789782996805	-5.646311512794	-16.1240674467615	-7.01738725701045	-15.2734192413448	-12.5881358985119	-15.5280755612214	-8.42767122631865	-9.70981445510015	-15.4646308324583	-11.9751590216211	-15.4704173879792	-14.1710203825119	-13.9443460341378	-14.9227547263086	-9.42767122631865	-10.8942390262376	-6.66997419056836	-14.8185522208775	-10.4088121990673	-11.2493339850601	-13.7521157796728	-3.21143592109369	-7.98211178226292	-6.65879045207569	-6.07382795135453	-8.8427087255975	-14.2446797245828	-5.53349168245969
ERR3928946	-12.072813337324	-12.072813337324	-16.8045974212163	-10.9395468064606	-6.32570318575228	-16.2734192413448	-9.45715403937996	-13.5675780290736	-13.3265699295698	-6.96901792495173	-10.049729724211	-12.3831534579362	-12.2196547256533	-12.4420471469897	-16.0054710441695	-6.02841921796557	-1.34895975654553	-16.7059698046375	-8.8721915386588	-13.1201190521024	-17.0863332217381	-16.5414697474375	-14.9299848578272	-16.1089599873599	-12.5675780290736	-10.798190957215	-15.4475675741951	-16.2073829821454	-15.9310144680342	-15.6835429492821	-15.285052966554	-10.8772625282062	-16.6597172238616	-5.69161929301698	-7.01438510884584	-15.8186820283333	-15.8506385860173	-14.8359393666587	-14.0270096477109	-15.9449979549621	-15.2789782996805	-14.5013707210169	-14.8506385860173	-14.5077172270297	-16.2337195276121	-15.6257944434743	-15.4154116849974	-10.9184851909327	-13.7050815528235	-4.80905194984679	-4.41898589725441	-6.86084656506479	-15.9872751165175	-14.8185522208775	-16.230308205244	-13.3265699295698	-9.20046116041999	-4.70254779173359	-16.8500036561088	-5.70395488736926	-11.6346922249321	-16.8709426066494	-15.6835429492821	-9.14436659834906	-11.072813337324	-5.97172721220971	-11.0270096477109	-6.15279671288003	-7.78383566423795	-15.856814552503	-13.8570846462686	-8.17838670728157	-16.1865398646658	-15.8827704002946	-15.1353405502535	-16.350283136402	-17.9672712973138	-13.1201190521024	-11.072813337324	-11.096272310148	-15.823541395947	-8.47626286232766	-11.072813337324	-15.0270096477109	-16.2509768659375	-17.0495933331794	-8.34752954820546	-15.1240674467615	-13.8570846462686	-5.94419531003863	-13.5675780290736	-15.1609349952268	-12.9378084827105	-13.7050815528235	-15.1599163752562	-16.2338692909342	-16.218474944346	-14.7050815528235	-5.932931962039	-7.18623172411585	-9.25882532293398	-13.1201190521024	-11.1941196335462	-15.9911564316146	-15.2809278073661	-13.0270096477109	-12.7790821342673	-14.0055300864964	-15.0270096477109	-16.6597172238616	-14.7050815528235	-16.1144608389012	-16.1264322481587	-16.9657053851196	-15.0270096477109	-8.42338330272471	-13.0270096477109	-14.2344908694437	-11.7790821342673	-8.51921500751221	-6.85583285005913	-15.2422384111218	-10.8977266307659	-9.2325937813608	-9.14436659834906	-10.096272310148	-3.60100703438154	-8.8721915386588	-9.63469222493214	-12.1201190521024	-7.67165855128609	-8.85208396521023	-9.39038502716726	-15.8827704002946	-14.1495639379677	-15.2446797245828	-13.4420471469897	-15.504831398927	-15.4763032032435	-13.8570846462686	-8.33701167629146	-10.1690286525833	-13.5675780290736	-10.9184851909327	-7.24564993418624	-4.99806760438849	-11.1690286525833	-15.7861547425589	-6.89643908490548	-13.0270096477109	-13.3265699295698	-13.9385425738904	-7.6176187115732	-8.06990760614862	-15.0225659718147	-13.0270096477109	-10.7790821342673	-6.18230388329897	-16.1240674467615	-7.99083603515742	-8.63040486652904	-7.13067724380096	-9.09627231014802	-10.7050815528235	-12.1201190521024	-10.049729724211	-7.25882532293398	-15.4704173879792	-11.4420471469897	-11.6694576430928	-14.9227547263086	-9.55940409762791	-11.4724207960333	-10.2990891931477	-14.8185522208775	-14.0495933331794	-11.7416074288487	-7.73009344083161	-4.69189847928604	-12.5034476916539	-5.46000427746387	-6.60179374441152	-16.3267571649019	-14.2446797245828	-8.70959703394603
ERR3928947	-11.3343930126928	-14.4654246904157	-16.8045974212163	-11.3691584308535	-6.52581183043309	-16.2734192413448	-10.7267104354715	-15.7644051268507	-15.2117869211812	-7.36696087514921	-10.0684989527197	-12.4787829220279	-12.6392475942212	-12.819819839863	-16.0054710441695	-6.06493233769955	-0.993615649076283	-16.7059698046375	-7.65524807291491	-12.7267104354715	-17.0863332217381	-16.5414697474375	-14.9299848578272	-16.1089599873599	-13.0262707173304	-10.4047823405842	-13.9193555134139	-16.2073829821454	-15.9310144680342	-15.6835429492821	-15.285052966554	-9.83189267216359	-16.6597172238616	-5.48353645199858	-6.28273089287028	-15.8186820283333	-15.8506385860173	-14.8359393666587	-15.0270096477109	-15.9449979549621	-15.2789782996805	-12.4047823405842	-14.8506385860173	-14.5077172270297	-16.2337195276121	-15.6257944434743	-15.4154116849974	-10.5567854340292	-13.9193555134139	-4.79634268803258	-4.5897193233913	-6.91935551341393	-15.9872751165175	-14.8185522208775	-16.230308205244	-13.0262707173304	-9.14928160743579	-4.92257941428822	-16.8500036561088	-6.02887407750916	-12.2672788168342	-16.8709426066494	-15.6835429492821	-8.91935551341393	-11.2348573391419	-5.90175169494301	-11.1721215837939	-5.88987107572282	-7.42750241708426	-15.856814552503	-14.8682438177046	-8.06137451828636	-16.1865398646658	-15.8827704002946	-15.1353405502535	-16.350283136402	-17.9672712973138	-12.9193555134139	-10.7959730979086	-10.5567854340292	-15.823541395947	-8.19143505885073	-10.8938204213068	-16.0270096477109	-16.2509768659375	-17.0495933331794	-9.13425339820345	-15.1240674467615	-13.9193555134139	-6.7827305211278	-13.2672788168342	-15.1609349952268	-12.9378084827105	-16.1523772791636	-15.1599163752562	-16.2338692909342	-16.218474944346	-15.9117196656231	-6.21002548616192	-6.46109538898708	-9.04723033596609	-12.3343930126928	-11.6392475942212	-15.9911564316146	-15.2809278073661	-13.7267104354715	-12.3343930126928	-14.0055300864964	-16.2338692909342	-16.6597172238616	-14.7267104354715	-16.1144608389012	-14.4047823405842	-16.9657053851196	-15.1417479347504	-8.96515920302705	-14.1417479347504	-14.2344908694437	-11.9193555134139	-9.00561124676435	-7.43208968657991	-15.2422384111218	-11.6392475942212	-11.4047823405842	-9.25910488538854	-10.5368858765915	-5.17596365008829	-9.55678543402922	-10.819819839863	-12.6392475942212	-9.1721215837939	-8.61296826942235	-9.01935130339065	-15.8827704002946	-14.1495639379677	-15.2446797245828	-15.7715023653869	-15.504831398927	-15.4763032032435	-16.2680545868555	-8.14174793475038	-10.3173194993338	-12.9193555134139	-11.3004456807694	-7.11384193818049	-4.9856648584617	-11.868729440344	-15.7861547425589	-8.16828972220287	-12.7267104354715	-12.9193555134139	-13.9385425738904	-7.28584126786066	-8.00561124676435	-15.0225659718147	-13.9193555134139	-11.7267104354715	-6.31519944745946	-16.1240674467615	-8.04723033596609	-7.27549932363921	-7.51725706984258	-10.4229296872944	-10.5769633159669	-12.4787829220279	-10.6823163161131	-7.9920008152457	-15.4704173879792	-10.9453507219469	-11.9718229333081	-14.9227547263086	-10.0124649178054	-12.4047823405842	-11.7267104354715	-14.8185522208775	-14.0495933331794	-11.868729440344	-8.4505860301973	-5.38075083906742	-12.7267104354715	-6.23385581529679	-7.08646549924919	-16.3267571649019	-14.2446797245828	-8.9388078760801
ERR3928948	-17.0489018956376	-11.9180082029192	-16.8045974212163	-11.7200688253073	-9.33304570219801	-9.60459160788732	-10.8761880272245	-15.7644051268507	-15.2117869211812	-7.74808320147686	-11.4205085434484	-12.9180082029192	-10.3907612000543	-13.5460394255322	-15.0054710441695	-7.18210380412327	-12.8355460427272	-16.7059698046375	-12.1981161221119	-12.3616148543948	-6.82183566269629	-14.6835429492821	-14.9299848578272	-16.1089599873599	-14.6835429492821	-7.9366927661841	-15.4475675741951	-16.2073829821454	-12.8355460427272	-14.6835429492821	-15.285052966554	-5.82867456602191	-16.6597172238616	-16.7373397798848	-16.9911564316146	-15.8186820283333	-15.8506385860173	-14.8359393666587	-15.0270096477109	-15.9449979549621	-15.2789782996805	-12.4205085434484	-14.8506385860173	-14.5077172270297	-16.2337195276121	-15.6257944434743	-15.4154116849974	-7.28608222322743	-14.1981161221119	-8.6790415570472	-4.45328228461236	-12.1981161221119	-7.8506529351174	-4.28010478627387	-16.230308205244	-16.8186820283333	-1.38814707493575	-7.39444624686216	-16.8500036561088	-6.63043161282258	-12.4819090881125	-16.8709426066494	-14.6835429492821	-11.9610769248111	-10.8761880272245	-12.6131536213907	-14.6835429492821	-16.1832735252166	-14.4205085434484	-15.856814552503	-12.0512747337826	-7.56875950203229	-16.1865398646658	-15.8827704002946	-15.1353405502535	-16.350283136402	-17.9672712973138	-9.12895409760451	-9.24391981172503	-15.158350463062	-15.823541395947	-7.44513820995707	-14.807266864253	-16.0270096477109	-16.2509768659375	-17.0495933331794	-6.54501514785987	-7.70397484918696	-11.4819090881125	-10.2912255265034	-11.9180082029192	-15.1609349952268	-12.9378084827105	-14.4205085434484	-15.1599163752562	-14.6835429492821	-16.218474944346	-15.9117196656231	-8.26063720666996	-11.0512747337826	-12.7575435307259	-9.72006882530726	-11.7575435307259	-14.0054710441695	-15.2809278073661	-13.8355460427272	-12.7575435307259	-14.0055300864964	-14.6835429492821	-16.6597172238616	-16.3807428843985	-16.1144608389012	-14.6835429492821	-16.9657053851196	-17.5291407414866	-8.107625588164	-15.8152707059652	-14.2344908694437	-8.88134973234032	-7.26400405776836	-15.504831398927	-12.9180082029192	-13.3050313260284	-14.7000904658328	-12.6835429492821	-9.98310323114105	-6.942075962881	-9.1981161221119	-10.6656210412849	-12.3050313260284	-9.42804221613376	-15.5555178150437	-8.40555820198238	-15.8827704002946	-10.1351063245861	-15.2446797245828	-13.5460394255322	-15.504831398927	-15.4763032032435	-16.2680545868555	-10.2372867193926	-11.1474900490419	-14.8724931961221	-14.5078396786765	-5.65232421867143	-3.18938738665934	-13.3050313260284	-15.7861547425589	-6.45376278254882	-14.5442400064417	-12.4205085434484	-7.4701956675487	-3.50886688959391	-5.55735473876005	-15.0225659718147	-10.8969465873913	-10.8557239246648	-8.72934663889527	-8.44705033090084	-8.1136873409512	-13.3050313260284	-11.2775505896063	-6.11444685402001	-7.91271390324966	-9.31897051698629	-9.24391981172503	-6.56356433962727	-15.4704173879792	-7.88393752682948	-10.5297376132031	-14.9227547263086	-7.24724782944278	-11.3907612000543	-8.80579869933314	-14.8185522208775	-14.0495933331794	-14.6660143652164	-9.15998099322513	-4.81719129220537	-14.1972166931101	-8.15060266090927	-6.52771277772562	-16.3267571649019	-14.2446797245828	-6.77065361305218
ERR3928949	-17.0489018956376	-10.4844872667066	-16.8045974212163	-10.9439188853439	-7.89952476598547	-7.42035692928691	-10.171329381447	-15.7644051268507	-11.7215264640075	-6.42035692928691	-9.42035692928691	-11.5288813860651	-8.87066990331329	-12.7215264640075	-12.5288813860651	-5.81291939580994	-12.2069532911777	-13.2069532911777	-10.2434791672028	-11.1365639632863	-5.53877742220758	-16.5414697474375	-14.9299848578272	-16.1089599873599	-15.6835429492821	-6.48722223442787	-15.4475675741951	-16.2073829821454	-11.4414185448147	-15.6835429492821	-15.285052966554	-4.64089925300663	-16.6597172238616	-16.7373397798848	-14.5288813860651	-15.8186820283333	-12.3589563846228	-14.8359393666587	-11.0053194300081	-15.9449979549621	-15.2789782996805	-11.3589563846228	-14.8506385860173	-14.5077172270297	-16.2337195276121	-15.6257944434743	-15.4154116849974	-5.73284177723531	-13.5288813860651	-6.91049588380647	-4.15764925769546	-12.7215264640075	-7.28570740259213	-6.85999640179883	-16.230308205244	-16.8186820283333	-3.70471817632092	-9.00531943000807	-16.8500036561088	-5.64623833670324	-11.2069532911777	-16.8709426066494	-15.6835429492821	-9.57468507567821	-9.24347916720283	-11.5288813860651	-15.8500036561088	-16.1832735252166	-16.7967494219023	-15.856814552503	-10.0370282897354	-5.95145255802933	-12.3589563846228	-15.8827704002946	-15.1353405502535	-16.350283136402	-17.9672712973138	-7.3440060431568	-7.63406362275714	-12.7215264640075	-15.823541395947	-6.05112311962119	-14.807266864253	-16.0270096477109	-16.2509768659375	-17.0495933331794	-5.4831217246824	-6.89952476598547	-11.828441667924	-8.94391888534392	-11.0053194300081	-15.1609349952268	-12.9378084827105	-16.1523772791636	-15.1599163752562	-12.3589563846228	-16.218474944346	-15.9117196656231	-6.5805141544804	-10.3194280204361	-10.3589563846228	-7.78741439966393	-11.828441667924	-12.9439188853439	-15.2809278073661	-11.5288813860651	-10.6709003909375	-14.0055300864964	-16.2338692909342	-16.6597172238616	-12.3589563846228	-16.1144608389012	-12.7215264640075	-16.9657053851196	-12.9439188853439	-8.59814404850219	-12.2069532911777	-14.2344908694437	-8.09425315842836	-5.94204159810325	-15.504831398927	-12.0694497674278	-11.9439188853439	-12.7215264640075	-9.82844166792399	-7.87782969488615	-4.99847504896601	-7.29526170930538	-8.98972257495705	-10.7215264640075	-7.83539442856576	-12.0694497674278	-11.5288813860651	-15.8827704002946	-14.1495639379677	-15.2446797245828	-15.7715023653869	-15.504831398927	-15.4763032032435	-16.2680545868555	-8.88502519629036	-9.57468507567821	-14.8724931961221	-14.5078396786765	-5.10156854193012	-4.5805141544804	-12.5288813860651	-15.7861547425589	-5.46548630477657	-12.5288813860651	-10.9439188853439	-6.02903549898188	-2.33982902387475	-4.4927077735116	-15.0225659718147	-11.828441667924	-15.2789782996805	-7.34897229605015	-7.04104135224203	-6.73121986021132	-15.2734192413448	-9.33905682718506	-4.39445506584415	-8.76069706128816	-14.6122541923889	-9.02108674586638	-6.97046067279642	-15.4704173879792	-6.74752167254042	-10.2434791672028	-14.9227547263086	-8.08593789021635	-11.4414185448147	-7.0653570127939	-14.8185522208775	-14.0495933331794	-14.6660143652164	-10.7739938839016	-5.99945083191893	-14.1972166931101	-7.0653570127939	-5.63557985520452	-16.3267571649019	-14.2446797245828	-8.63406362275714
ERR3928950	-17.0489018956376	-11.2137778238278	-16.8045974212163	-11.6080567629398	-13.9299848578272	-16.2734192413448	-8.44271903099318	-15.7644051268507	-13.5674147784425	-7.77733784781672	-10.7600598563849	-13.2779081612475	-13.1523772791636	-13.5674147784425	-16.0054710441695	-7.41766765893781	-13.4154116849974	-16.7059698046375	-13.2779081612475	-4.49774125063568	-17.0863332217381	-14.1523772791636	-13.9299848578272	-16.1089599873599	-13.9299848578272	-6.10434458274185	-15.4475675741951	-14.1523772791636	-15.9310144680342	-15.6835429492821	-15.285052966554	-15.0740438745602	-16.6597172238616	-15.7373397798848	-16.9911564316146	-15.8186820283333	-15.8506385860173	-14.8359393666587	-13.5674147784425	-15.9449979549621	-15.2789782996805	-11.8304491842763	-14.8506385860173	-14.5077172270297	-16.2337195276121	-15.6257944434743	-14.4154116849974	-9.67125058942703	-15.9227547263086	-5.66052418283397	-1.62608182490501	-15.5555178150437	-14.1523772791636	-14.8185522208775	-16.230308205244	-14.1523772791636	-3.54381441938359	-15.702858076899	-16.8500036561088	-5.25201359064428	-13.2779081612475	-14.4154116849974	-15.6835429492821	-8.12631498257745	-9.91716081746962	-8.03690006174371	-15.8500036561088	-7.00093784856651	-16.7967494219023	-15.856814552503	-14.8682438177046	-7.05785968037936	-16.1865398646658	-15.8827704002946	-15.1353405502535	-16.350283136402	-17.9672712973138	-10.079128297133	-15.2350632755068	-10.2943962840361	-15.823541395947	-7.64458263896495	-14.807266864253	-16.0270096477109	-16.2509768659375	-17.0495933331794	-6.45540975292936	-15.1240674467615	-15.8658903080872	-13.4154116849974	-12.6498769386345	-15.1609349952268	-12.9378084827105	-15.1523772791636	-15.1599163752562	-16.2338692909342	-16.218474944346	-15.9117196656231	-7.30479787949654	-12.5674147784425	-13.4154116849974	-15.7644051268507	-15.5495320057657	-12.6498769386345	-15.2809278073661	-14.8355460427272	-12.5674147784425	-14.0055300864964	-14.7373397798848	-16.6597172238616	-13.9299848578272	-16.1144608389012	-16.1264322481587	-16.9657053851196	-17.5291407414866	-8.23351404188905	-15.8152707059652	-14.2344908694437	-10.2137778238278	-8.38419295438672	-15.504831398927	-12.2779081612475	-11.6929456605263	-14.7000904658328	-11.6929456605263	-9.81847654261021	-5.57306134158363	-8.96255272028363	-10.1523772791636	-11.8793587847572	-10.0369000617437	-10.4335590317077	-7.4728971796582	-15.8827704002946	-9.2374938928016	-15.2446797245828	-13.0369000617437	-15.504831398927	-12.7373397798848	-14.4154116849974	-10.1981809687768	-10.0649144379133	-14.8724931961221	-14.5078396786765	-6.43127809045646	-2.99587279348366	-12.4154116849974	-15.7861547425589	-7.30479787949654	-9.99587279348366	-15.4731243779008	-10.4335590317077	-5.77083432797906	-3.74972046796048	-15.0225659718147	-11.2779081612475	-15.2789782996805	-7.5825216708327	-9.06491443791331	-8.91716081746962	-9.07912829713301	-8.46121537461057	-9.34502235710604	-8.98914693029534	-9.02309426221868	-12.2779081612475	-5.6485515411679	-15.4704173879792	-9.84252201657686	-10.5278864142559	-14.9227547263086	-7.87625287388941	-11.5674147784425	-9.34502235710604	-14.8185522208775	-14.0495933331794	-14.6660143652164	-8.07912829713301	-4.08628808870588	-8.76005985638489	-7.66052418283397	-6.07912829713301	-16.3267571649019	-14.2446797245828	-7.7686729866896
ERR3928951	-6.87367814529079	-11.6968003832067	-16.8045974212163	-11.3972401013478	-5.81981127331206	-11.1493125879042	-10.1493125879042	-15.7644051268507	-15.2117869211812	-7.49637329336706	-10.1493125879042	-14.8658903080872	-11.8122776006266	-15.549014511762	-10.6968003832067	-6.96678754968227	-5.19511627751734	-16.7059698046375	-8.49034950573929	-10.1877867357189	-10.3528459819894	-16.5414697474375	-14.9299848578272	-16.1089599873599	-15.6835429492821	-11.3097772600975	-3.78529315952782	-16.2073829821454	-15.9310144680342	-15.6835429492821	-15.285052966554	-11.6968003832067	-6.71424551766612	-8.68299458368168	-16.9911564316146	-15.8186820283333	-15.8506385860173	-14.8359393666587	-15.0270096477109	-15.9449979549621	-15.2789782996805	-14.5013707210169	-14.8506385860173	-14.5077172270297	-16.2337195276121	-15.6257944434743	-15.4154116849974	-13.1333788444739	-4.58586540783786	-11.6968003832067	-4.36244113877054	-9.97097534664571	-3.75248250883155	-5.68988096926692	-16.230308205244	-13.3972401013478	-1.80384897855607	-7.81981127331206	-16.8500036561088	-6.51154372800841	-12.8122776006266	-9.87367814529079	-11.8122776006266	-8.9878491652101	-11.4903495057393	-9.61588038782315	-15.8500036561088	-10.5898851792902	-16.7967494219023	-15.856814552503	-14.8682438177046	-7.47837686407321	-16.1865398646658	-15.8827704002946	-15.1353405502535	-16.350283136402	-17.9672712973138	-9.75338391157308	-7.92963455126481	-9.93780848271051	-9.87367814529079	-7.17807158088564	-10.0396880967297	-16.0270096477109	-16.2509768659375	-17.0495933331794	-8.23736876456942	-9.00492267856905	-15.8658903080872	-7.2424219922957	-15.8294130574836	-3.46724203873878	-11.9378084827105	-16.1523772791636	-12.0753120064604	-16.2338692909342	-16.218474944346	-11.1493125879042	-4.91040507978476	-15.1857891321423	-7.73902861859601	-15.7644051268507	-11.2273150999055	-15.9911564316146	-15.2809278073661	-14.8355460427272	-14.7361587837346	-14.0055300864964	-16.2338692909342	-16.6597172238616	-16.3807428843985	-12.8122776006266	-16.1264322481587	-16.9657053851196	-17.5291407414866	-14.8709163440766	-15.8152707059652	-14.2344908694437	-12.2273150999055	-10.0753120064604	-15.504831398927	-7.26795708440284	-14.9482759650946	-10.1493125879042	-6.1732384271497	-8.73902861859601	-3.68170703782122	-9.81227760062665	-10.4903495057393	-14.7556308871522	-7.25768874894901	-15.5555178150437	-7.50242233803986	-15.8827704002946	-14.1495639379677	-15.2446797245828	-11.9378084827105	-15.504831398927	-15.4763032032435	-6.78621530404045	-6.20248324692556	-8.13985225865515	-14.8724931961221	-14.5078396786765	-6.85420828109257	-5.27182663086449	-10.4903495057393	-15.7861547425589	-14.4495742704995	-14.5442400064417	-15.4731243779008	-13.9385425738904	-10.6423525991843	-14.0085902293415	-15.0225659718147	-15.1404803157648	-15.2789782996805	-13.4602188596731	-16.1240674467615	-14.6301438611154	-15.2734192413448	-14.2734192413448	-15.5280755612214	-12.0753120064604	-14.6122541923889	-15.4646308324583	-8.44304379096093	-15.4704173879792	-14.1710203825119	-13.9443460341378	-9.28871564456964	-13.083719387178	-14.1495639379677	-12.7267104354715	-14.8185522208775	-14.0495933331794	-14.6660143652164	-13.7521157796728	-10.1493125879042	-14.1972166931101	-13.52949833818	-15.1240674467615	-16.3267571649019	-14.2446797245828	-14.2337195276121
ERR3928952	-15.4677329010158	-11.4677329010158	-16.8045974212163	-11.2198053875722	-11.5135365906289	-16.2734192413448	-11.6603779789582	-14.1458048061284	-15.2117869211812	-7.3829245132114	-10.0083012823785	-12.5608423054072	-9.18233068215351	-12.8827704002946	-16.0054710441695	-4.70867696185559	-12.6603779789582	-16.7059698046375	-16.7090299474826	-11.075415478237	-17.0863332217381	-12.2978078995734	-14.9299848578272	-16.1089599873599	-9.73981244645256	-7.80239698383059	-6.27914405530841	-16.2073829821454	-15.9310144680342	-11.8827704002946	-15.285052966554	-5.1939373018015	-16.6597172238616	-16.7373397798848	-16.9911564316146	-12.8827704002946	-15.8506385860173	-14.8359393666587	-12.7672931828747	-15.9449979549621	-11.6603779789582	-10.2389142105199	-14.8506385860173	-11.1823306821535	-12.4677329010158	-15.6257944434743	-11.6603779789582	-3.63424979535618	-13.1458048061284	-5.72205857701363	-1.81516798140511	-12.8827704002946	-15.9872751165175	-14.8185522208775	-16.230308205244	-13.8827704002946	-9.28782381100083	-7.16623670603321	-16.8500036561088	-6.0509353734097	-11.823876711241	-13.4677329010158	-15.6835429492821	-10.2978078995734	-9.2485643805536	-8.05834196487806	-12.8827704002946	-16.1832735252166	-14.4677329010158	-15.856814552503	-10.1278828981311	-7.56385105527958	-16.1865398646658	-14.8827704002946	-15.1353405502535	-16.350283136402	-17.9672712973138	-9.45650564559251	-8.0124056807112	-8.74663371230858	-15.823541395947	-6.53256785141207	-14.807266864253	-11.9441709449587	-12.2198053875722	-17.0495933331794	-7.75348738334964	-11.075415478237	-9.51353659062889	-12.5608423054072	-10.9131440493381	-8.86782005882863	-10.3592084442376	-9.71284539885229	-15.1599163752562	-11.823876711241	-16.218474944346	-15.9117196656231	-9.08402860854171	-9.97587980468609	-14.9813888961172	-15.7644051268507	-10.634842886851	-12.2978078995734	-15.2809278073661	-14.8355460427272	-11.0083012823785	-14.0055300864964	-14.4677329010158	-16.6597172238616	-16.3807428843985	-16.1144608389012	-16.1264322481587	-14.8827704002946	-17.5291407414866	-14.8709163440766	-14.1458048061284	-14.2344908694437	-11.9441709449587	-10.4233387816573	-15.504831398927	-15.2422384111218	-10.823876711241	-14.7000904658328	-10.8827704002946	-12.2198053875722	-5.69212262025622	-9.02478940516703	-10.2779083421357	-12.2198053875722	-12.5608423054072	-15.5555178150437	-7.36970081805524	-14.8827704002946	-9.57291513770782	-15.2446797245828	-12.3802700597654	-15.504831398927	-15.4763032032435	-16.2680545868555	-10.0414681463137	-10.823876711241	-14.8724931961221	-14.5078396786765	-6.21152421248838	-2.94441598870301	-12.075415478237	-15.7861547425589	-7.15032028725089	-9.41245046551457	-15.4731243779008	-9.36970081805524	-4.42299727495885	-4.38691537340743	-15.0225659718147	-10.3592084442376	-15.2789782996805	-9.1458048061284	-9.21980538757218	-8.075415478237	-8.91314404933813	-8.78123237383254	-7.58814965140298	-7.6380101659297	-9.04146814631366	-10.5135365906289	-6.61286451775553	-15.4704173879792	-8.96788701393256	-13.9443460341378	-14.9227547263086	-7.69624343151516	-14.1495639379677	-8.72626591461461	-14.8185522208775	-14.0495933331794	-14.6660143652164	-7.92083844112813	-4.05516305421055	-7.81309687248779	-5.82658430360453	-6.43430989947831	-7.31798578151108	-14.2446797245828	-5.94025589495537
ERR3928953	-17.0489018956376	-5.82149227180171	-16.8045974212163	-10.8075530808438	-8.69549457365136	-16.2734192413448	-10.9472778445104	-15.7644051268507	-13.370489275235	-7.84407895686895	-10.7638317034145	-12.9230302982638	-12.5079927989849	-15.549014511762	-16.0054710441695	-6.37562160025239	-13.8299208938723	-16.7059698046375	-13.8299208938723	-12.0750333917088	-17.0863332217381	-14.2449583931511	-13.0225659718147	-16.1089599873599	-11.370489275235	-7.40365613917019	-15.4475675741951	-16.2073829821454	-15.9310144680342	-12.5079927989849	-15.285052966554	-12.742458052622	-14.2449583931511	-16.7373397798848	-16.9911564316146	-15.8186820283333	-15.8506385860173	-14.8359393666587	-15.0270096477109	-15.9449979549621	-15.2789782996805	-12.4376034710935	-14.8506385860173	-12.742458052622	-16.2337195276121	-15.6257944434743	-13.0225659718147	-6.4215911531049	-14.0225659718147	-7.25060495629228	-2.36575807520374	-13.1294811757312	-14.5079927989849	-14.8185522208775	-16.230308205244	-16.8186820283333	-3.43478845548648	-7.89328295486972	-16.8500036561088	-7.96573474921801	-12.4376034710935	-16.8709426066494	-15.6835429492821	-10.0617365690954	-9.30635893781528	-8.47677406837421	-12.1294811757312	-12.5819933804287	-16.7967494219023	-15.856814552503	-11.742458052622	-4.28158060619614	-16.1865398646658	-15.8827704002946	-12.742458052622	-16.350283136402	-17.9672712973138	-15.0194045717568	-8.50799279898493	-12.742458052622	-15.823541395947	-7.8991835563094	-14.807266864253	-16.0270096477109	-16.2509768659375	-17.0495933331794	-8.35014062984319	-15.1240674467615	-13.2449583931511	-12.4376034710935	-15.8294130574836	-15.1609349952268	-12.9378084827105	-16.1523772791636	-15.1599163752562	-12.8299208938723	-16.218474944346	-12.65999589243	-6.93358848996235	-11.8299208938723	-10.9970308797075	-15.7644051268507	-12.5819933804287	-15.9911564316146	-15.2809278073661	-14.8355460427272	-11.9719398987447	-14.0055300864964	-16.2338692909342	-16.6597172238616	-14.0225659718147	-13.5079927989849	-14.5079927989849	-16.9657053851196	-17.5291407414866	-7.73452387107973	-15.8152707059652	-14.2344908694437	-9.78552677451384	-8.69549457365136	-15.504831398927	-15.2422384111218	-13.370489275235	-14.7000904658328	-10.2300080516852	-12.1294811757312	-5.10711336270274	-8.69549457365136	-10.8991835563094	-12.2449583931511	-8.65999589242998	-14.0225659718147	-4.23256664090068	-15.8827704002946	-13.1294811757312	-15.2446797245828	-15.7715023653869	-15.504831398927	-15.4763032032435	-16.2680545868555	-6.40470499057291	-8.71097982114878	-14.8724931961221	-14.5078396786765	-4.67890435498004	-3.02246534090467	-12.65999589243	-15.7861547425589	-7.64752654046776	-12.5819933804287	-15.4731243779008	-12.5819933804287	-4.90547950153309	-6.34711293714562	-14.0225659718147	-8.63516403945004	-11.54451867501	-5.61256898860196	-14.5079927989849	-7.65001180385736	-9.8991835563094	-6.57962247596596	-5.64380665433065	-8.15749555190079	-11.4376034710935	-9.70063787692732	-4.07545089859667	-15.4704173879792	-8.01613970265525	-9.50799279898493	-10.742458052622	-8.28302643398465	-11.9719398987447	-10.1860647040976	-14.8185522208775	-14.0495933331794	-14.6660143652164	-7.34007293343299	-4.11932967536553	-7.73716375295244	-6.9427002784039	-6.68909112309929	-7.21521104975708	-14.2446797245828	-6.56782604850211
ERR3928954	-15.2656760852961	-12.2656760852961	-16.8045974212163	-12.0432836639597	-16.8709426066494	-16.2734192413448	-9.35878548968761	-15.7644051268507	-15.2117869211812	-7.7239341131741	-10.6411852203883	-13.39120696738	-13.1501988678762	-13.2656760852961	-16.0054710441695	-6.88774258068003	-13.2656760852961	-16.7059698046375	-11.8062444666588	-12.2656760852961	-14.8506385860173	-13.1501988678762	-13.8506385860173	-16.1089599873599	-10.4412476498796	-6.50967582176559	-14.2656760852961	-16.2073829821454	-15.9310144680342	-13.8506385860173	-15.285052966554	-12.6027110725737	-14.8506385860173	-16.7373397798848	-16.9911564316146	-15.8186820283333	-14.8506385860173	-14.8359393666587	-13.39120696738	-15.9449979549621	-15.2789782996805	-12.0432836639597	-13.8506385860173	-12.4583211632385	-14.5287104911299	-13.8506385860173	-15.4154116849974	-9.12271813145409	-14.0432836639597	-5.11550570187734	-2.08638898065013	-13.1501988678762	-15.9872751165175	-14.8185522208775	-16.230308205244	-14.8506385860173	-9.26567608529613	-4.57713435205513	-14.8506385860173	-4.71942468093102	-11.6027110725737	-16.8709426066494	-15.6835429492821	-9.73169751329378	-11.0957510838538	-8.33888593224991	-11.2656760852961	-16.1832735252166	-7.7953561505161	-15.856814552503	-12.6027110725737	-6.43278607113139	-16.1865398646658	-15.8827704002946	-15.1353405502535	-15.2656760852961	-17.9672712973138	-15.0194045717568	-9.34284394581859	-11.1227181314541	-15.823541395947	-7.48869481228205	-14.807266864253	-9.71108723361849	-16.2509768659375	-17.0495933331794	-8.66081402713727	-7.35678313677647	-15.8658903080872	-12.7631757447669	-15.8294130574836	-15.1609349952268	-12.9378084827105	-13.2656760852961	-15.1599163752562	-14.2656760852961	-16.218474944346	-15.9117196656231	-6.33888593224991	-12.6027110725737	-10.9437479904088	-15.7644051268507	-11.2359287419021	-15.9911564316146	-14.2656760852961	-14.8355460427272	-9.39942747418496	-14.0055300864964	-16.2338692909342	-16.6597172238616	-14.2656760852961	-16.1144608389012	-13.5287104911299	-16.9657053851196	-17.5291407414866	-11.3587854896876	-11.6027110725737	-14.2344908694437	-8.60746460254434	-8.18175360175104	-15.504831398927	-15.2422384111218	-9.23592874190208	-11.9926575908897	-12.9437479904088	-10.1641380588341	-7.0304596236021	-11.0432836639597	-8.81171959672499	-9.96799553665545	-8.02727134597105	-5.88125206467501	-6.0106475154774	-13.8506385860173	-10.6218198955214	-15.2446797245828	-11.8062444666588	-15.504831398927	-13.39120696738	-16.2680545868555	-3.49061456644541	-8.73169751329378	-13.39120696738	-14.5078396786765	-6.42752267587019	-2.78656950563178	-10.7421141292391	-12.680713584575	-6.67696144971387	-14.5442400064417	-15.4731243779008	-10.4076950901686	-4.09846704085485	-4.65711322551607	-15.0225659718147	-10.4583211632385	-15.2789782996805	-6.10664572495711	-16.1240674467615	-6.96494221267789	-9.18530266883211	-8.6027110725737	-8.55143056763001	-8.07256145648193	-8.9199012484544	-9.68071358457498	-5.50025184370445	-15.4704173879792	-9.12271813145409	-11.3587854896876	-14.9227547263086	-9.42437383131519	-10.6411852203883	-8.93177534874269	-14.8185522208775	-11.4930865813992	-14.6660143652164	-13.7521157796728	-4.00946739676875	-14.1972166931101	-6.26755581851435	-8.71108723361849	-9.66081402713727	-14.2446797245828	-6.97412163945229
ERR3928955	-17.0489018956376	-12.1034942399025	-16.8045974212163	-12.334819786009	-14.2734192413448	-15.2734192413448	-11.858381742066	-15.7644051268507	-15.2117869211812	-5.68033941320115	-10.9276444045031	-12.858381742066	-12.4660643192872	-12.9514911464575	-16.0054710441695	-12.2734192413448	-12.7709189008156	-16.7059698046375	-14.2734192413448	-12.2145255522912	-17.0863332217381	-16.5414697474375	-10.4154382462172	-16.1089599873599	-7.9849376295506	-12.1579420239249	-15.4475675741951	-13.1579420239249	-15.9310144680342	-15.6835429492821	-10.6295630515701	-14.0510268200084	-16.6597172238616	-16.7373397798848	-14.2734192413448	-15.8186820283333	-15.8506385860173	-14.8359393666587	-13.3989501234287	-15.9449979549621	-15.2789782996805	-10.8139876227075	-14.8506385860173	-14.5077172270297	-14.0510268200084	-15.6257944434743	-15.4154116849974	-3.08699544380587	-14.2734192413448	-10.0382027796508	-1.00594976807343	-13.858381742066	-15.9872751165175	-14.8185522208775	-16.230308205244	-13.5364536471786	-9.26592470479789	-13.3989501234287	-14.5364536471786	-10.483342310719	-12.1579420239249	-13.6884567406237	-15.6835429492821	-16.5414697474375	-13.3989501234287	-12.6884567406237	-15.8500036561088	-16.1832735252166	-14.0510268200084	-15.856814552503	-12.6884567406237	-2.78290259257796	-16.1865398646658	-15.8827704002946	-9.98801702248257	-16.350283136402	-17.9672712973138	-15.0194045717568	-15.2350632755068	-15.158350463062	-15.823541395947	-5.55118093292516	-14.807266864253	-16.0270096477109	-16.2509768659375	-17.0495933331794	-15.2734192413448	-15.1240674467615	-7.04139811881059	-12.6104542286224	-15.8294130574836	-15.1609349952268	-12.9378084827105	-14.2734192413448	-15.1599163752562	-14.2734192413448	-14.2734192413448	-15.9117196656231	-10.0004007469384	-9.65870939722961	-14.9813888961172	-15.7644051268507	-15.5495320057657	-15.9911564316146	-13.5364536471786	-7.59159520137107	-8.40305452176141	-14.0055300864964	-14.2734192413448	-16.6597172238616	-13.2734192413448	-16.1144608389012	-16.1264322481587	-16.9657053851196	-14.5364536471786	-12.858381742066	-15.8152707059652	-14.2344908694437	-15.4639393949165	-15.0451813603942	-15.504831398927	-15.2422384111218	-7.29996102879731	-14.7000904658328	-12.6104542286224	-10.0770220285413	-10.2436718979508	-13.6884567406237	-15.2650411553876	-14.7556308871522	-14.385893503597	-14.2734192413448	-11.729098725121	-15.8827704002946	-14.1495639379677	-15.2446797245828	-15.7715023653869	-15.504831398927	-15.4763032032435	-16.2680545868555	-9.95149114645745	-12.5364536471786	-14.8724931961221	-14.5078396786765	-10.5546009938889	-8.45750230578379	-13.0510268200084	-15.7861547425589	-7.09351015132988	-4.87111772999343	-15.4731243779008	-13.9385425738904	-9.45750230578379	-12.9514911464575	-15.0225659718147	-15.1404803157648	-15.2789782996805	-6.56836289513335	-13.858381742066	-8.67847265205104	-14.2734192413448	-13.2734192413448	-7.20733005088704	-13.2734192413448	-14.6122541923889	-15.4646308324583	-11.6104542286224	-15.4704173879792	-7.80853319261541	-13.9443460341378	-14.9227547263086	-13.083719387178	-7.27529897456304	-9.07702202854131	-12.858381742066	-14.0495933331794	-14.6660143652164	-13.7521157796728	-3.93060377998363	-14.1972166931101	-11.729098725121	-13.2734192413448	-6.75247323349482	-14.2446797245828	-11.3989501234287
ERR3928956	-14.2350632755068	-12.1844372024369	-16.8045974212163	-11.8724931961221	-16.8709426066494	-16.2734192413448	-8.58709097725989	-13.8724931961221	-13.5829865789272	-6.8538293518571	-10.9131351806195	-14.8658903080872	-13.7204901026771	-12.9549553563141	-11.9131351806195	-6.82567233936915	-13.5829865789272	-11.6161534428624	-15.4574556968433	-11.8329648319355	-8.76629379229021	-11.9549553563141	-7.78738962774572	-16.1089599873599	-9.38420671481266	-5.18443720243688	-13.0424181975645	-16.2073829821454	-14.0424181975645	-8.11464023548211	-12.5188562415074	-12.5829865789272	-16.6597172238616	-16.7373397798848	-16.9911564316146	-15.8186820283333	-15.8506385860173	-14.8359393666587	-12.8724931961221	-15.9449979549621	-12.3419784794234	-14.5013707210169	-14.8506385860173	-14.5077172270297	-16.2337195276121	-15.6257944434743	-15.4154116849974	-6.02700314517777	-12.6501007747857	-4.41033178472927	-1.5680151109898	-13.5829865789272	-15.9872751165175	-14.8185522208775	-9.20952818339971	-8.01451220099457	-9.01451220099457	-6.38064009979247	-16.8500036561088	-6.48113025239962	-10.287530695401	-15.0424181975645	-15.6835429492821	-9.28753069540099	-9.32131900885727	-5.9987073342173	-15.8500036561088	-16.1832735252166	-16.7967494219023	-15.856814552503	-10.6330272614268	-9.01451220099457	-16.1865398646658	-14.4574556968433	-9.32817267989833	-13.3419784794234	-8.53066554379707	-8.98713576206326	-14.2350632755068	-10.1116808600016	-15.823541395947	-8.60778996992773	-14.807266864253	-16.0270096477109	-16.2509768659375	-17.0495933331794	-7.35067467839318	-15.1240674467615	-15.8658903080872	-9.85259363868444	-15.8294130574836	-15.1609349952268	-12.9378084827105	-16.1523772791636	-15.1599163752562	-12.7944906841209	-16.218474944346	-12.8724931961221	-7.73407916742505	-12.4574556968433	-10.4130615774848	-15.7644051268507	-10.1116808600016	-13.0424181975645	-10.6501007747857	-14.8355460427272	-14.7361587837346	-14.0055300864964	-9.88254686078606	-12.3985620077897	-13.1355276019559	-8.57481264748145	-9.65010077478569	-11.1355276019559	-10.8724931961221	-7.79449068412087	-12.6501007747857	-14.2344908694437	-12.8724931961221	-8.95495535631411	-15.504831398927	-13.2350632755068	-9.30095121116331	-12.3985620077897	-11.2350632755068	-10.7025681946798	-4.24172048320133	-9.93389374078628	-9.03679364837057	-10.6501007747857	-7.5385924595687	-8.93389374078628	-8.45370356198219	-13.7204901026771	-7.91829688573527	-11.7944906841209	-10.5505651012348	-15.504831398927	-12.287530695401	-13.2350632755068	-4.59611026651411	-8.73863744938735	-13.8724931961221	-14.5078396786765	-5.0031564032234	-4.42128208428981	-7.73180541590492	-11.9549553563141	-5.60778996992773	-11.2350632755068	-10.5994747017157	-11.7944906841209	-4.25676139613726	-8.65010077478569	-15.0225659718147	-11.4277083534492	-9.85259363868444	-6.37708228037928	-16.1240674467615	-7.26434106802909	-9.23506327550685	-8.48017577334338	-8.94438611460393	-7.48974910005018	-9.25451563817302	-9.87249319612214	-6.89267107805977	-15.4704173879792	-8.69812228964864	-10.5346235573658	-14.9227547263086	-7.73635650813611	-14.1495639379677	-8.18133129156906	-8.7850303548718	-14.0495933331794	-9.76629379229021	-7.62035343139164	-4.27196077263243	-8.48017577334338	-6.28502818819781	-6.5606187658987	-16.3267571649019	-9.65010077478569	-5.24637858873468
ERR3928957	-11.230308205244	-8.29563445312199	-16.8045974212163	-11.7278078647149	-9.27611189485717	-16.2734192413448	-13.3558390873279	-13.4933426110778	-15.2117869211812	-5.11483098782411	-5.35225729251551	-12.7278078647149	-11.230308205244	-13.230308205244	-12.2917087499082	-9.56734319252162	-12.7278078647149	-16.7059698046375	-10.8845333684023	-11.6058173403363	-17.0863332217381	-12.8152707059652	-7.46875697279957	-16.1089599873599	-11.8152707059652	-9.12178374846588	-7.21164436097901	-16.2073829821454	-15.9310144680342	-15.6835429492821	-15.285052966554	-5.16421901478627	-16.6597172238616	-16.7373397798848	-16.9911564316146	-10.128770178782	-9.50238775068085	-14.8359393666587	-13.0079157839076	-15.9449979549621	-10.3395372749988	-6.93568745635242	-6.51377451098265	-14.5077172270297	-16.2337195276121	-13.6453457045229	-9.95728971083763	-2.45271041051559	-7.87275620062596	-8.98238069180046	-3.97626380562576	-6.5543511723023	-15.9872751165175	-9.60581734033625	-15.230308205244	-12.1714145161905	-6.99828708270982	-9.26068185428757	-14.8152707059652	-7.5912690317671	-12.5673431925216	-16.8709426066494	-15.6835429492821	-10.706746249187	-11.6058173403363	-11.9572897108376	-15.8500036561088	-10.2454150976343	-16.7967494219023	-12.9083801103567	-10.3234176096355	-8.96352166454914	-16.1865398646658	-12.6453457045229	-15.1353405502535	-16.350283136402	-17.9672712973138	-8.65036377928952	-7.71987368317265	-8.82658601919304	-11.3234176096355	-6.3025302431617	-10.4229532831864	-16.0270096477109	-13.6453457045229	-17.0495933331794	-8.72251356504535	-12.6453457045229	-11.0079157839076	-6.63411844909964	-12.5673431925216	-12.5673431925216	-12.9378084827105	-14.4933426110778	-13.4933426110778	-10.7929028929367	-16.218474944346	-8.5912690317671	-6.05954855232292	-9.14284536399371	-9.315424818882	-7.87863276696263	-10.3558390873279	-15.9911564316146	-11.6859876890202	-14.8355460427272	-13.230308205244	-14.0055300864964	-13.8152707059652	-14.8152707059652	-13.4933426110778	-10.5484841652703	-13.8152707059652	-16.9657053851196	-14.8152707059652	-7.33953727499881	-14.8152707059652	-12.1714145161905	-10.3558390873279	-9.66552358646052	-15.504831398927	-14.230308205244	-12.4229532831864	-14.7000904658328	-7.00148951474817	-9.95728971083763	-4.43697585005331	-8.16421901478627	-10.5114899577881	-14.7556308871522	-6.24162351847188	-12.6453457045229	-6.22936925627443	-14.0079157839076	-9.24541509763425	-13.4933426110778	-12.8152707059652	-15.504831398927	-15.4763032032435	-16.2680545868555	-2.65587235811217	-8.60095158516444	-14.8724931961221	-14.5078396786765	-5.3294413972633	-3.88601229732823	-10.8379907824653	-15.7861547425589	-6.88010565636151	-14.5442400064417	-15.4731243779008	-11.9083801103567	-5.77772375200302	-6.90088557380976	-15.0225659718147	-11.529868487103	-11.7278078647149	-8.50238775068085	-6.07549009619194	-7.19321888650883	-15.2734192413448	-6.13579060645976	-9.84948642130312	-9.06707785637574	-8.07380371956406	-10.9326276566034	-5.7742961071479	-15.4704173879792	-9.83799078246529	-11.8152707059652	-14.9227547263086	-9.58645201546932	-11.7708765866067	-10.9326276566034	-12.2917087499082	-14.0495933331794	-14.6660143652164	-9.49334261107784	-4.36509045880045	-8.5114899577881	-10.20056086185	-7.15705922321341	-16.3267571649019	-14.2446797245828	-7.0143708060449
ERR3928958	-9.30484842650491	-14.4654246904157	-13.0730327512818	-11.5494707952248	-7.21194584528644	-16.2734192413448	-12.3725930331407	-13.7511046563945	-15.2117869211812	-6.90812582460615	-9.84421406078596	-12.4880702505607	-8.41482126853004	-15.549014511762	-16.0054710441695	-7.93860643106091	-15.7891090606532	-13.4880702505607	-16.7090299474826	-12.1661421556733	-11.8251052378383	-11.5494707952248	-11.3725930331407	-16.1089599873599	-10.2916730377572	-9.59729932031544	-15.4475675741951	-16.2073829821454	-15.9310144680342	-8.68932845880779	-11.2656778292242	-15.0740438745602	-16.6597172238616	-16.7373397798848	-16.9911564316146	-15.8186820283333	-15.8506385860173	-14.8359393666587	-10.2150517561543	-15.9449979549621	-15.2789782996805	-12.3725930331407	-14.8506385860173	-8.5261382913942	-16.2337195276121	-10.4880702505607	-15.4154116849974	-5.10869188348942	-14.0730327512818	-10.9437497343369	-5.58017813110709	-15.5555178150437	-15.9872751165175	-7.29495562174648	-10.8635793856529	-13.2656778292242	-3.23441970708487	-15.702858076899	-16.8500036561088	-7.15416951400724	-11.6136011326445	-16.8709426066494	-15.6835429492821	-16.5414697474375	-10.6136011326445	-9.58117965495216	-15.8500036561088	-12.4880702505607	-16.7967494219023	-15.856814552503	-9.69799331993491	-6.55143231155811	-11.6807153285031	-15.8827704002946	-7.44367613120223	-16.350283136402	-17.9672712973138	-13.4880702505607	-15.2350632755068	-15.158350463062	-15.823541395947	-6.55536336314803	-14.807266864253	-11.0730327512818	-16.2509768659375	-17.0495933331794	-6.19958863876646	-15.1240674467615	-8.11303081921376	-10.4291765615071	-15.8294130574836	-15.1609349952268	-12.9378084827105	-13.2656778292242	-15.1599163752562	-11.9855699100315	-16.218474944346	-15.9117196656231	-5.65201989550261	-7.26890173009852	-9.34511229671864	-10.2656778292242	-10.5184438996042	-10.5184438996042	-9.2401427371171	-9.53387394017381	-7.42198106010291	-14.0055300864964	-16.2338692909342	-16.6597172238616	-13.0730327512818	-9.1305182459426	-16.1264322481587	-16.9657053851196	-17.5291407414866	-7.58921697401758	-10.19038970192	-14.2344908694437	-8.23382896318489	-8.84421406078596	-15.504831398927	-13.4880702505607	-8.02318420183128	-10.6136011326445	-9.84421406078596	-10.6807153285031	-3.60619154296024	-9.42917656150711	-8.35878723361571	-10.1661421556733	-6.13786770167814	-5.89935561497842	-6.91316141450345	-6.63632120914462	-14.1495639379677	-12.4880702505607	-10.9437497343369	-15.504831398927	-15.4763032032435	-16.2680545868555	-5.6689556150406	-8.20266803169843	-14.8724931961221	-14.5078396786765	-6.08434806450967	-4.02898021948054	-11.4880702505607	-9.30484842650491	-6.64258019961631	-10.6807153285031	-10.5184438996042	-7.27213285136153	-5.2616580577719	-4.90875431298067	-15.0225659718147	-9.34511229671864	-15.2789782996805	-8.23382896318489	-4.08683516407557	-6.85628689308653	-8.61360113264454	-5.03137359964462	-4.60746634647244	-7.85871363048107	-6.20729948043008	-8.87336040644547	-4.57119556637954	-10.4583229071666	-7.20575401157218	-12.0730327512818	-4.08363825143711	-6.96712424271068	-10.7154807466638	-8.02318420183128	-14.8185522208775	-14.0495933331794	-14.6660143652164	-7.50697871311075	-4.47730905718021	-9.94374973433687	-7.81093790591166	-6.57119556637954	-16.3267571649019	-11.6807153285031	-6.09575282778192
ERR3928959	-17.0489018956376	-5.99239153946352	-14.3510427403564	-11.6506030222153	-16.8709426066494	-16.2734192413448	-13.7660802396352	-15.7644051268507	-15.2117869211812	-7.82748078429939	-10.7660802396352	-14.8658903080872	-13.1811177389141	-13.029114645469	-16.0054710441695	-7.90395951414675	-12.7660802396352	-14.029114645469	-16.7090299474826	-14.3510427403564	-10.9934907357383	-11.9587253175776	-8.69283125760461	-16.1089599873599	-11.5961552381929	-12.5436878182988	-4.27991561540809	-16.2073829821454	-15.9310144680342	-15.6835429492821	-15.285052966554	-12.8916111217191	-16.6597172238616	-16.7373397798848	-16.9911564316146	-15.8186820283333	-15.8506385860173	-14.8359393666587	-15.0270096477109	-15.9449979549621	-12.4441521447479	-11.7071865505817	-5.6020113583162	-14.5077172270297	-16.2337195276121	-15.6257944434743	-15.4154116849974	-7.82748078429939	-13.5436878182988	-5.13066441266117	-1.78778687357407	-13.1811177389141	-15.9872751165175	-14.8185522208775	-16.230308205244	-16.8186820283333	-9.65060302221531	-15.702858076899	-16.8500036561088	-7.44716089462022	-12.7660802396352	-16.8709426066494	-15.6835429492821	-16.5414697474375	-8.71441811981275	-8.4745257937914	-15.8500036561088	-16.1832735252166	-16.7967494219023	-14.3510427403564	-12.3510427403564	-2.81832156040316	-16.1865398646658	-15.8827704002946	-9.66454221317318	-16.350283136402	-9.9416518042187	-8.29576030485521	-15.2350632755068	-15.158350463062	-15.823541395947	-8.81188392924837	-14.807266864253	-16.0270096477109	-16.2509768659375	-17.0495933331794	-6.99789591485832	-15.1240674467615	-15.8658903080872	-13.3510427403564	-12.2635798991061	-15.1609349952268	-12.9378084827105	-16.1523772791636	-15.1599163752562	-16.2338692909342	-16.218474944346	-15.9117196656231	-7.17861523171092	-12.7660802396352	-11.3968464299695	-15.7644051268507	-15.5495320057657	-12.5436878182988	-11.4930617452288	-14.8355460427272	-7.36520080335306	-14.0055300864964	-13.3510427403564	-14.029114645469	-16.3807428843985	-10.1031152269128	-16.1264322481587	-16.9657053851196	-17.5291407414866	-9.06564052149415	-15.8152707059652	-11.9587253175776	-15.4639393949165	-15.0451813603942	-15.504831398927	-11.5436878182988	-12.2635798991061	-14.7000904658328	-8.83534290207236	-11.0656405214942	-4.86370512514922	-11.5436878182988	-11.7071865505817	-14.7556308871522	-5.9321360090985	-15.5555178150437	-5.36733654769705	-15.8827704002946	-10.8591896440267	-15.2446797245828	-15.7715023653869	-15.504831398927	-15.4763032032435	-10.8916111217191	-4.31349578639422	-8.49306174522883	-14.8724931961221	-14.5078396786765	-7.1294556190916	-6.70718655058168	-8.71441811981275	-15.7861547425589	-6.55987985180138	-14.5442400064417	-10.4203054027935	-8.36804916566209	-3.96383315963676	-8.4745257937914	-15.0225659718147	-11.8274807842994	-12.4441521447479	-6.65233807358606	-16.1240674467615	-6.32867492732795	-9.49306174522883	-14.2734192413448	-4.91485174487499	-7.73633289624119	-12.3510427403564	-15.4646308324583	-8.0246132532341	-15.4704173879792	-10.2425182835782	-10.1415893747275	-14.9227547263086	-7.40852823501716	-10.4441521447479	-7.60620890285686	-14.8185522208775	-14.0495933331794	-11.8916111217191	-11.029114645469	-5.06448497874844	-14.1972166931101	-6.05298017263739	-6.00342137178827	-10.3066486209979	-14.2446797245828	-6.26490651532909
ERR3928960	-17.0489018956376	-9.9237247912072	-16.8045974212163	-11.0280614510219	-13.7650270451881	-16.2734192413448	-10.2414650891311	-12.262526704659	-15.2117869211812	-7.46124629701104	-10.4192522083464	-14.8658903080872	-12.6495498277682	-8.32762173288085	-16.0054710441695	-8.00126139167822	-13.180064544467	-10.9237247912072	-16.7090299474826	-10.8264275898523	-8.37270962240938	-11.890557927272	-14.9299848578272	-16.1089599873599	-7.74265923215969	-7.57191241637394	-15.4475675741951	-11.262526704659	-7.9321370310234	-12.262526704659	-15.285052966554	-12.262526704659	-16.6597172238616	-16.7373397798848	-16.9911564316146	-15.8186820283333	-15.8506385860173	-13.0280614510219	-8.25723240498945	-12.7650270451881	-15.2789782996805	-10.2414650891311	-14.8506385860173	-14.5077172270297	-16.2337195276121	-15.6257944434743	-15.4154116849974	-5.66963002239559	-15.9227547263086	-4.90808284136706	-3.10265536788057	-15.5555178150437	-15.9872751165175	-14.8185522208775	-5.89260866683677	-9.30559542655085	-7.92792477973649	-13.7650270451881	-12.7650270451881	-6.29470711040811	-12.262526704659	-16.8709426066494	-15.6835429492821	-8.20024242640462	-8.71336492536565	-14.8173501150752	-8.75753250864122	-8.15523269148705	-7.08789470053912	-11.0280614510219	-11.5426346238517	-7.21299843382907	-16.1865398646658	-15.8827704002946	-8.69893785473037	-16.350283136402	-9.64954982776821	-9.67756420393781	-15.2350632755068	-6.1626374727088	-15.823541395947	-7.36699597121499	-14.807266864253	-8.023560058787	-10.0101395430247	-17.0495933331794	-8.64263041382842	-15.1240674467615	-15.8658903080872	-7.62889035720212	-15.8294130574836	-15.1609349952268	-12.9378084827105	-14.0280614510219	-13.5426346238517	-6.48890263991391	-16.218474944346	-15.9117196656231	-4.87577660871536	-9.06458732704705	-8.03710659062495	-8.37270962240938	-11.3499895459093	-13.5426346238517	-6.49356401728377	-4.71291188876564	-7.64263041382842	-14.0055300864964	-16.2338692909342	-16.6597172238616	-13.5426346238517	-4.49200855078173	-16.1264322481587	-16.9657053851196	-17.5291407414866	-8.83428970762526	-9.00126139167822	-11.1405361802804	-11.6495498277682	-11.3499895459093	-15.504831398927	-15.2422384111218	-14.9482759650946	-12.262526704659	-8.71336492536565	-9.0462087977322	-4.99629133686127	-10.5426346238517	-10.890557927272	-14.7556308871522	-5.25129944923571	-7.9321370310234	-6.47654543339392	-15.8827704002946	-9.14053618028035	-15.2446797245828	-15.7715023653869	-15.504831398927	-15.4763032032435	-12.890557927272	-3.65606705782829	-5.1163698691496	-14.8724931961221	-14.5078396786765	-5.82544783087345	-3.51729728310405	-15.3134215969707	-10.9237247912072	-6.75007670372217	-11.2207065289643	-10.9924375412912	-7.40162231432462	-7.56208698651787	-7.68465362872412	-15.0225659718147	-10.8581364495796	-12.180064544467	-5.78870160074447	-16.1240674467615	-7.43411016707353	-8.80309508602166	-7.38709354057204	-3.98339411983786	-7.69893785473037	-9.4796248263259	-10.1211708554134	-8.15031720107294	-9.43112630863471	-11.4430989503008	-13.9443460341378	-14.9227547263086	-10.1601649870293	-12.5426346238517	-9.07386514063506	-8.00569363799348	-14.0495933331794	-12.4430989503008	-9.07386514063506	-5.10860218191036	-14.1972166931101	-5.83527549177081	-4.72931150377389	-9.14053618028035	-14.2446797245828	-6.77256071787355
ERR3928961	-13.2620214164331	-11.0396289950967	-16.8045974212163	-11.7595210759039	-16.8709426066494	-16.2734192413448	-9.61816522665838	-15.7644051268507	-15.2117869211812	-7.58019737645936	-10.561581698292	-14.8658903080872	-12.6770589157119	-12.8469839171543	-16.0054710441695	-8.05256805080415	-13.5250558222669	-16.7059698046375	-13.2620214164331	-11.1465441990132	-11.7595210759039	-12.387552298517	-14.9299848578272	-16.1089599873599	-12.8469839171543	-6.70999280507403	-15.4475675741951	-12.1465441990132	-15.9310144680342	-15.6835429492821	-15.285052966554	-5.37937836707126	-16.6597172238616	-16.7373397798848	-16.9911564316146	-15.8186820283333	-12.2620214164331	-14.8359393666587	-13.5250558222669	-15.9449979549621	-9.47194448580733	-14.5013707210169	-14.8506385860173	-14.5077172270297	-16.2337195276121	-15.6257944434743	-12.5250558222669	-8.37937836707126	-15.9227547263086	-5.98900292202669	-2.77954955639774	-13.5250558222669	-15.9872751165175	-14.8185522208775	-16.230308205244	-5.07219685755309	-9.35513082082458	-15.702858076899	-16.8500036561088	-7.50713391426963	-7.69216580810216	-13.8469839171543	-15.6835429492821	-7.41653136548873	-10.4894319125362	-7.18877243440247	-15.8500036561088	-16.1832735252166	-16.7967494219023	-15.856814552503	-9.61816522665838	-2.56955120856421	-16.1865398646658	-15.8827704002946	-8.95216615384632	-16.350283136402	-10.8469839171543	-8.49825576292318	-15.2350632755068	-8.29239506547662	-15.823541395947	-5.91476916518587	-14.807266864253	-12.2620214164331	-16.2509768659375	-17.0495933331794	-8.4546664943755	-15.1240674467615	-15.8658903080872	-8.25452687988618	-15.8294130574836	-15.1609349952268	-12.9378084827105	-16.1523772791636	-15.1599163752562	-6.258269281572	-16.218474944346	-15.9117196656231	-6.4546664943755	-10.9400933215457	-9.20312772737953	-15.7644051268507	-11.2031277273795	-15.9911564316146	-8.11227429692842	-12.5250558222669	-9.42071916245216	-14.0055300864964	-16.2338692909342	-16.6597172238616	-16.3807428843985	-5.76616638954593	-13.2620214164331	-16.9657053851196	-17.5291407414866	-6.65469110268349	-11.0396289950967	-14.2344908694437	-9.96434086779242	-8.50713391426964	-15.504831398927	-11.0920964149908	-10.8469839171543	-14.7000904658328	-9.13273839948814	-11.9400933215457	-4.73389293371188	-8.88119963249217	-15.2650411553876	-14.7556308871522	-7.62298224295615	-15.5555178150437	-6.28665108294182	-15.8827704002946	-10.3551308208246	-15.2446797245828	-13.0396289950967	-12.387552298517	-13.8469839171543	-16.2680545868555	-2.32293199843644	-9.89278760676739	-14.8724931961221	-14.5078396786765	-5.60380993368131	-4.87544036320349	-11.3234219610972	-15.7861547425589	-6.56158169829201	-14.5442400064417	-8.95216615384632	-11.4546664943755	-5.40507721261202	-8.81356091561681	-15.0225659718147	-15.1404803157648	-12.0396289950967	-9.42071916245216	-8.13962478507338	-6.69469907484768	-15.2734192413448	-10.6375305515253	-5.48066170290844	-8.04608401723396	-8.57085951188002	-10.9890029220267	-9.30782510604623	-15.4704173879792	-9.40404042130553	-10.7177009002093	-14.9227547263086	-8.15349695965493	-10.4546664943755	-9.09209641499079	-14.8185522208775	-14.0495933331794	-14.6660143652164	-8.32342196109725	-5.46327962468021	-14.1972166931101	-7.19234788862629	-7.23595911984691	-11.3234219610972	-14.2446797245828	-6.08543268470978
ERR3928962	-10.1395039818076	-5.7269733381393	-14.3094289832499	-10.894391483971	-10.3398026322934	-16.2734192413448	-8.07421252155585	-13.5724633890837	-15.2117869211812	-4.43803706886275	-10.2796816398558	-14.8658903080872	-11.894391483971	-15.549014511762	-12.4349598653337	-10.8499973646126	-12.3094289832499	-16.7059698046375	-5.96809548918993	-6.91425190633188	-17.0863332217381	-16.5414697474375	-8.35523267286301	-16.1089599873599	-6.83369555228348	-10.894391483971	-15.4475675741951	-16.2073829821454	-12.3094289832499	-10.0870365619134	-9.20789095678782	-12.5724633890837	-16.6597172238616	-16.7373397798848	-16.9911564316146	-15.8186820283333	-15.8506385860173	-14.8359393666587	-12.4349598653337	-15.9449979549621	-11.370829527914	-14.5013707210169	-14.8506385860173	-14.5077172270297	-16.2337195276121	-15.6257944434743	-15.4154116849974	-8.16647102940784	-15.9227547263086	-3.13200944526065	-1.99928960439719	-15.5555178150437	-13.0870365619134	-14.8185522208775	-16.230308205244	-10.0615014698063	-9.62760494327614	-7.38659684377234	-16.8500036561088	-5.14201083741814	-8.04890143302666	-13.3094289832499	-9.25053529419631	-6.05676355079963	-6.62292845606666	-4.94967942292755	-11.5724633890837	-12.5724633890837	-16.7967494219023	-12.3094289832499	-11.5020740611923	-10.3094289832499	-16.1865398646658	-15.8827704002946	-7.77027017214185	-16.350283136402	-8.51068719149699	-15.0194045717568	-15.2350632755068	-9.07421252155585	-15.823541395947	-6.36887067487597	-14.807266864253	-16.0270096477109	-16.2509768659375	-17.0495933331794	-8.59061073579394	-15.1240674467615	-15.8658903080872	-14.9990184806014	-15.8294130574836	-15.1609349952268	-12.9378084827105	-13.894391483971	-15.1599163752562	-8.78586702719287	-11.6464639705275	-15.9117196656231	-2.81357395636271	-8.98750088836252	-6.24333979279211	-15.7644051268507	-11.1939517658299	-15.9911564316146	-8.77545041124753	-8.17329229526385	-8.84999736461259	-14.0055300864964	-16.2338692909342	-16.6597172238616	-11.9875008883625	-8.13284025152656	-16.1264322481587	-16.9657053851196	-10.7651084670261	-7.55900112927711	-10.1395039818076	-9.91711156047112	-15.4639393949165	-10.9875008883625	-15.504831398927	-15.2422384111218	-12.894391483971	-10.2505352941963	-6.44730825776139	-11.3094289832499	-4.89227970749119	-11.370829527914	-10.6464639705275	-14.7556308871522	-6.65360015180908	-15.5555178150437	-6.44730825776139	-15.8827704002946	-8.70456692509102	-10.2505352941963	-15.7715023653869	-9.70456692509102	-15.4763032032435	-11.7244664825287	-4.47075028889518	-6.68493811834209	-14.8724931961221	-14.5078396786765	-7.28706117022143	-7.43906426366648	-8.30193444670296	-7.96957898036526	-6.8069286427207	-8.48500054783334	-11.5020740611923	-13.9385425738904	-8.87202367094258	-8.38659684377234	-15.0225659718147	-11.5724633890837	-11.8069286427207	-7.29076513898485	-16.1240674467615	-8.70456692509102	-9.43495986533374	-11.9875008883625	-15.5280755612214	-10.0615014698063	-14.6122541923889	-10.8499973646126	-9.78586702719287	-15.4704173879792	-12.3094289832499	-12.1939517658299	-14.9227547263086	-8.56347460585642	-9.43495986533374	-10.2219661419995	-8.20090452647171	-14.0495933331794	-8.57246338908368	-13.7521157796728	-6.40856217526913	-14.1972166931101	-10.9875008883625	-7.90570679719887	-7.52370407716382	-11.6464639705275	-9.74464436446636
ERR3928963	-17.0489018956376	-12.183801509557	-12.9911564316146	-12.4061939308934	-13.9911564316146	-16.2734192413448	-10.0963386683066	-14.183801509557	-15.2117869211812	-7.40619393089341	-11.3473002418398	-14.8658903080872	-12.4061939308934	-13.2907167134735	-16.0054710441695	-13.2907167134735	-13.183801509557	-10.7057542127523	-13.8212314301723	-13.0842658360061	-17.0863332217381	-12.5988390088358	-13.4061939308934	-16.1089599873599	-15.6835429492821	-7.32227144734832	-15.4475675741951	-16.2073829821454	-15.9310144680342	-15.6835429492821	-15.285052966554	-15.0740438745602	-16.6597172238616	-16.7373397798848	-15.9911564316146	-15.8186820283333	-12.9036935903642	-14.8359393666587	-12.5317248129773	-15.9449979549621	-15.2789782996805	-11.0604190940517	-14.8506385860173	-14.5077172270297	-16.2337195276121	-15.6257944434743	-13.183801509557	-10.7243698909197	-14.183801509557	-5.52559002680517	-2.21451778454099	-15.5555178150437	-15.9872751165175	-14.8185522208775	-11.0138765081147	-16.8186820283333	-10.183801509557	-15.702858076899	-16.8500036561088	-4.92338597416675	-11.3764465874994	-14.9911564316146	-15.6835429492821	-8.03405439005228	-13.9911564316146	-7.14723538032554	-15.8500036561088	-16.1832735252166	-13.8212314301723	-15.856814552503	-14.8682438177046	-6.79271139016221	-12.5317248129773	-15.8827704002946	-12.6692283367272	-16.350283136402	-11.7817030659856	-15.0194045717568	-15.2350632755068	-11.7817030659856	-15.823541395947	-7.65130642872994	-14.807266864253	-16.0270096477109	-16.2509768659375	-14.6692283367272	-7.98272780954399	-15.1240674467615	-10.7057542127523	-10.8414093121099	-15.8294130574836	-15.1609349952268	-12.9378084827105	-14.183801509557	-15.1599163752562	-14.9911564316146	-16.218474944346	-15.9117196656231	-6.03115449954649	-7.91701496886206	-11.0369601212277	-15.7644051268507	-15.5495320057657	-14.9911564316146	-15.2809278073661	-9.84140931210989	-11.5648916769125	-14.0055300864964	-16.2338692909342	-14.183801509557	-13.183801509557	-14.9911564316146	-12.9036935903642	-16.9657053851196	-17.5291407414866	-7.06337846953223	-10.7243698909197	-14.2344908694437	-8.74322891817098	-9.4289140073935	-15.504831398927	-15.2422384111218	-10.8013318727346	-9.84140931210989	-10.0024717448424	-9.95773343007712	-4.94744556826741	-9.36910461215819	-9.51542300064817	-14.7556308871522	-5.99115643161457	-6.77805221197266	-6.68168007777346	-11.1582664174498	-10.6336044269965	-15.2446797245828	-11.7817030659856	-15.504831398927	-15.4763032032435	-16.2680545868555	-5.42035199389007	-6.68851750782702	-14.8724931961221	-9.74322891817098	-4.63828537693657	-2.58641399905493	-11.1582664174498	-11.6692283367272	-6.42035199389007	-11.3764465874994	-15.4731243779008	-11.4993033352849	-4.03968956968177	-6.81373689362533	-15.0225659718147	-9.34010474043564	-10.7817030659856	-5.40056938169954	-16.1240674467615	-7.47545659333053	-9.90369359036423	-7.12387769190491	-7.12697028696029	-7.7768373108138	-9.24968944521342	-9.43656757993693	-4.74947114401295	-15.4704173879792	-8.82624950493888	-9.66023955349995	-14.9227547263086	-7.85160507921578	-10.9036935903642	-8.2362689294511	-14.8185522208775	-14.0495933331794	-14.6660143652164	-8.56070387994904	-3.85769308509113	-6.99680299475571	-5.11963616928546	-5.5445900225485	-12.6692283367272	-14.2446797245828	-6.07751900356547
ERR3928964	-17.0489018956376	-1.00044907831334	-16.8045974212163	-11.9841552709727	-12.3377922255874	-16.2734192413448	-7.35797010752503	-13.7003623049721	-13.3377922255874	-7.48812649867183	-10.726357513505	-14.8658903080872	-13.1857891321423	-13.9227547263086	-16.0054710441695	-5.84415912281243	-12.9227547263086	-16.7059698046375	-11.8072775088886	-6.81074970079542	-17.0863332217381	-16.5414697474375	-13.1857891321423	-16.1089599873599	-15.6835429492821	-7.17904229970176	-15.4475675741951	-16.2073829821454	-15.9310144680342	-15.6835429492821	-13.3377922255874	-8.12401293455565	-16.6597172238616	-16.7373397798848	-14.5077172270297	-15.8186820283333	-15.8506385860173	-14.8359393666587	-13.5077172270297	-15.9449979549621	-15.2789782996805	-7.56520272169047	-14.8506385860173	-13.5077172270297	-13.3377922255874	-9.86386103725498	-15.4154116849974	-5.85487225402773	-14.9227547263086	-4.31912838132236	-4.18409946373813	-13.7003623049721	-15.9872751165175	-14.8185522208775	-16.230308205244	-16.8186820283333	-5.49230217464302	-7.95697044164646	-16.8500036561088	-5.54265447028508	-12.2597897135861	-16.8709426066494	-15.6835429492821	-8.1993781968903	-8.04011167694671	-10.1857891321423	-7.38359591520052	-16.1832735252166	-13.3377922255874	-15.856814552503	-14.8682438177046	-8.77300760680387	-12.6008266314212	-15.8827704002946	-13.9227547263086	-16.350283136402	-17.9672712973138	-13.5077172270297	-10.3784342100847	-15.158350463062	-10.2982638614008	-7.5247236523354	-14.807266864253	-16.0270096477109	-16.2509768659375	-17.0495933331794	-5.36561016972716	-15.1240674467615	-15.8658903080872	-14.9990184806014	-15.8294130574836	-15.1609349952268	-12.9378084827105	-4.64740617211023	-15.1599163752562	-12.9227547263086	-16.218474944346	-15.9117196656231	-8.16342131911389	-14.1857891321423	-10.726357513505	-15.7644051268507	-15.5495320057657	-13.7003623049721	-15.2809278073661	-14.8355460427272	-12.4202543857794	-14.0055300864964	-16.2338692909342	-16.6597172238616	-16.3807428843985	-16.1144608389012	-16.1264322481587	-16.9657053851196	-13.9227547263086	-7.78661803832252	-15.8152707059652	-14.2344908694437	-11.9227547263086	-8.99201738874566	-15.504831398927	-15.2422384111218	-10.726357513505	-9.40968514406918	-9.76625024062856	-13.1857891321423	-6.96662061168018	-11.0814524723276	-10.3178926681497	-14.7556308871522	-10.1153998042509	-12.8072775088886	-9.13267779568278	-15.8827704002946	-14.1495639379677	-15.2446797245828	-15.7715023653869	-15.504831398927	-15.4763032032435	-16.2680545868555	-8.66222717608533	-7.35037029166686	-13.7003623049721	-14.5078396786765	-9.93786161869876	-5.66615287929913	-11.1153998042509	-15.7861547425589	-6.46332310767125	-14.5442400064417	-15.4731243779008	-10.3784342100847	-5.78490969586016	-6.0699651547061	-15.0225659718147	-13.3377922255874	-15.2789782996805	-8.86386103725498	-10.0482856083924	-7.84950574427791	-10.5535209166428	-14.2734192413448	-11.0482856083924	-10.8352918850582	-12.5077172270297	-15.4646308324583	-7.47154361447622	-15.4704173879792	-9.79347170936359	-11.1153998042509	-13.9227547263086	-7.98024022096931	-10.7797967724665	-7.50771722702971	-12.6008266314212	-13.0482856083924	-14.6660143652164	-9.95312837535207	-5.42956641929506	-8.58290472342393	-7.02390144976545	-7.05650611519738	-11.7003623049721	-14.2446797245828	-6.17456187671909
ERR3928965	-17.0489018956376	-6.94661715686373	-16.8045974212163	-11.5442400064417	-13.9227516296954	-9.2334524691595	-9.95005897569112	-15.7644051268507	-15.2117869211812	-2.54608356783772	-9.79346861275042	-13.3377891289742	-12.2446797245828	-13.4373248025251	-16.0054710441695	-8.76086394731849	-12.9227516296954	-14.9227516296954	-11.9227516296954	-11.9227516296954	-14.9227516296954	-13.4373248025251	-14.9299848578272	-16.1089599873599	-13.1572168833324	-7.84807494340089	-15.4475675741951	-16.2073829821454	-14.4373248025251	-15.6835429492821	-15.285052966554	-13.6597172238616	-15.6597172238616	-16.7373397798848	-16.9911564316146	-10.3743150049993	-15.8506385860173	-14.8359393666587	-13.2446797245828	-15.9449979549621	-15.2789782996805	-12.4373248025251	-14.8506385860173	-13.1572168833324	-16.2337195276121	-15.6257944434743	-9.75282662825308	-7.62629422232414	-15.9227547263086	-4.07914458320483	-2.05396765016982	-13.5442400064417	-15.9872751165175	-14.8185522208775	-16.230308205244	-15.6597172238616	-9.6080551040391	-13.3377891289742	-16.8500036561088	-6.40784036483403	-11.9592775057205	-14.6597172238616	-11.0352263589538	-9.87835751033693	-8.42769610132737	-7.96390895445215	-9.50997010435691	-16.1832735252166	-14.6597172238616	-15.856814552503	-12.1572168833324	-6.79140909057213	-16.1865398646658	-15.8827704002946	-11.8184149698807	-16.350283136402	-17.9672712973138	-15.0194045717568	-15.2350632755068	-9.37431500499935	-15.823541395947	-6.97321669667838	-14.807266864253	-14.2446797245828	-16.2509768659375	-17.0495933331794	-9.39918967363838	-15.1240674467615	-11.5442400064417	-12.5442400064417	-15.8294130574836	-15.1609349952268	-12.9378084827105	-8.88273595084751	-15.1599163752562	-13.7852481059455	-16.218474944346	-15.9117196656231	-6.18668800182358	-8.37431500499935	-9.96855531930851	-15.7644051268507	-11.7528266282531	-15.9911564316146	-15.2809278073661	-13.5442400064417	-12.7852481059455	-14.0055300864964	-16.2338692909342	-15.6597172238616	-13.6597172238616	-16.1144608389012	-16.1264322481587	-16.9657053851196	-15.6597172238616	-8.08986161553065	-9.61532310450314	-14.2344908694437	-9.65971722386159	-9.78524810594545	-15.504831398927	-15.2422384111218	-12.3866987294552	-11.0158610340869	-8.50997010435691	-8.89595157035167	-6.1665289168481	-7.92500760363576	-10.178590534125	-12.7852481059455	-6.6336549272754	-11.5442400064417	-5.42210889363258	-15.8827704002946	-14.1495639379677	-14.2446797245828	-12.2002856052243	-15.504831398927	-13.7852481059455	-16.2680545868555	-3.87958760423629	-9.55817919739953	-14.8724931961221	-14.5078396786765	-5.56651976703999	-3.85128926713876	-12.7211177685257	-11.7211177685257	-7.37277448692356	-13.5442400064417	-15.4731243779008	-7.97088412536849	-3.77592842060163	-7.43089853336571	-13.6597172238616	-10.9227516296954	-11.9967522111392	-7.82893795629266	-13.7852481059455	-7.29631249299807	-7.81422717291722	-6.53991148522015	-7.79346861275042	-13.1572168833324	-9.69009087290511	-12.7852481059455	-6.84166770100775	-15.4704173879792	-10.9778931838878	-10.1257386518592	-14.9227547263086	-8.1921116737786	-12.1153967076378	-8.81005149694603	-14.8185522208775	-14.0495933331794	-14.6660143652164	-13.7521157796728	-4.06383815901609	-8.26168614988844	-8.12833576334528	-8.08480838780436	-13.4373248025251	-13.2446797245828	-9.11539670763779
ERR3928966	-12.482576058384	-9.29354223399393	-16.8045974212163	-11.8410300292964	-16.8709426066494	-16.2734192413448	-10.3715447459952	-15.7644051268507	-13.2195416525502	-1.76205816723734	-7.29988376086776	-12.3715447459952	-12.1722359377718	-13.0389694069083	-16.0054710441695	-8.65882669807568	-13.5414697474375	-16.7059698046375	-16.7090299474826	-12.2684512530311	-17.0863332217381	-15.5414697474375	-14.9299848578272	-13.9565072467164	-15.6835429492821	-12.2684512530311	-14.1264322481587	-16.2073829821454	-15.9310144680342	-15.6835429492821	-14.1264322481587	-13.3190773261011	-16.6597172238616	-16.7373397798848	-16.9911564316146	-15.8186820283333	-15.8506385860173	-14.8359393666587	-13.4259925300176	-15.9449979549621	-13.0389694069083	-8.56037820998758	-14.8506385860173	-14.5077172270297	-16.2337195276121	-15.6257944434743	-15.4154116849974	-9.66700062952138	-15.9227547263086	-5.03797524467245	-2.35473645830865	-13.2195416525502	-15.9872751165175	-14.8185522208775	-14.5414697474375	-14.8045041532713	-9.73411482537992	-15.702858076899	-16.8500036561088	-6.06911737037597	-13.1264322481587	-15.1264322481587	-15.6835429492821	-15.5414697474375	-9.81354929287432	-12.8785047347151	-15.8500036561088	-16.1832735252166	-16.7967494219023	-15.856814552503	-13.4259925300176	-9.97668512865399	-16.1865398646658	-15.8827704002946	-15.1353405502535	-16.350283136402	-17.9672712973138	-15.0194045717568	-15.2350632755068	-11.2684512530311	-15.823541395947	-9.51172240404347	-14.807266864253	-16.0270096477109	-16.2509768659375	-15.5414697474375	-10.976685128654	-15.1240674467615	-8.39172262793284	-9.19569491059579	-15.8294130574836	-15.1609349952268	-12.9378084827105	-14.8045041532713	-13.2195416525502	-16.2338692909342	-16.218474944346	-15.9117196656231	-6.85613692168664	-7.64665198412958	-10.9971492312137	-15.7644051268507	-15.5495320057657	-15.9911564316146	-15.2809278073661	-13.4259925300176	-13.1264322481587	-14.0055300864964	-16.2338692909342	-16.6597172238616	-16.3807428843985	-16.1144608389012	-15.1264322481587	-16.9657053851196	-17.5291407414866	-9.76888024354059	-10.3715447459952	-14.2344908694437	-10.8226514999816	-10.3715447459952	-15.504831398927	-11.7688802435406	-14.9482759650946	-12.0820381288002	-10.8785047347151	-12.1722359377718	-5.26456990809952	-12.0389694069083	-9.33852968876724	-14.7556308871522	-8.50804674590007	-13.9565072467164	-6.2529881356433	-8.7777040939276	-11.7688802435406	-11.6670006295214	-15.7715023653869	-15.504831398927	-13.8045041532713	-12.3715447459952	-7.14915232465876	-9.02314443974665	-12.5414697474375	-14.5078396786765	-6.78546948390698	-2.71869977299323	-11.8785047347151	-11.4259925300176	-9.06573631647112	-11.0389694069083	-15.4731243779008	-13.9385425738904	-2.83080678696596	-6.73841496281354	-15.0225659718147	-11.5117224040435	-12.1264322481587	-10.8226514999816	-14.5414697474375	-11.8410300292964	-10.3715447459952	-9.51910193440906	-9.35824792338175	-6.98304903416885	-11.3715447459952	-11.0820381288002	-9.60287029210166	-14.3190773261011	-9.4610963309735	-11.9565072467164	-14.9227547263086	-13.083719387178	-14.1495639379677	-10.0820381288002	-13.4259925300176	-14.0495933331794	-14.6660143652164	-10.2437891987968	-5.52419734681761	-14.1972166931101	-10.9169788825297	-7.62658636107547	-16.3267571649019	-14.2446797245828	-9.2622461035044
ERR3928967	-13.1232941029452	-9.5103172260544	-16.8045974212163	-11.538331602224	-13.2107569441955	-16.2734192413448	-10.3281138948337	-13.5103172260544	-13.7513253255582	-2.03290920860049	-7.45420062167141	-12.7513253255582	-12.2107569441955	-15.549014511762	-16.0054710441695	-9.01108459935913	-13.0408319427532	-16.7059698046375	-15.2107569441955	-12.166362824837	-17.0863332217381	-14.4034020221379	-14.9299848578272	-14.6257944434743	-15.6835429492821	-12.9628294307519	-15.4475675741951	-16.2073829821454	-14.8888288493081	-15.6835429492821	-15.285052966554	-13.303866348587	-16.6597172238616	-16.7373397798848	-16.9911564316146	-15.8186820283333	-15.8506385860173	-14.8359393666587	-15.0270096477109	-15.9449979549621	-13.0408319427532	-8.15547450869431	-14.8506385860173	-14.5077172270297	-16.2337195276121	-14.6257944434743	-15.4154116849974	-8.44920571175102	-13.7513253255582	-5.50210410850897	-2.6973994440271	-13.2107569441955	-15.9872751165175	-13.2107569441955	-15.2107569441955	-15.6257944434743	-9.42939723067084	-15.702858076899	-15.2107569441955	-5.98735852948387	-13.0408319427532	-14.4034020221379	-15.6835429492821	-14.6257944434743	-10.0308478541806	-12.9628294307519	-15.8500036561088	-16.1832735252166	-14.6257944434743	-13.5103172260544	-12.0814739272505	-9.2107569441955	-16.1865398646658	-15.8827704002946	-14.0408319427532	-16.350283136402	-13.0408319427532	-15.0194045717568	-15.2350632755068	-11.0814739272505	-15.823541395947	-9.12860790284163	-14.807266864253	-16.0270096477109	-14.8888288493081	-17.0495933331794	-10.7513253255582	-15.1240674467615	-8.66772512394026	-8.81843952141674	-15.8294130574836	-15.1609349952268	-12.9378084827105	-14.0408319427532	-13.6257944434743	-13.7513253255582	-16.218474944346	-15.9117196656231	-6.57141623554327	-6.88770218385385	-10.6561680925179	-15.7644051268507	-15.5495320057657	-14.8888288493081	-13.4034020221379	-12.2565606338086	-12.8184395214167	-14.0055300864964	-16.2338692909342	-16.6597172238616	-13.6257944434743	-14.2107569441955	-16.1264322481587	-16.9657053851196	-17.5291407414866	-10.0408319427532	-9.91613619530387	-14.2344908694437	-11.0814739272505	-9.91613619530387	-15.504831398927	-12.303866348587	-14.9482759650946	-11.5669007544208	-11.3281138948337	-11.538331602224	-5.37155315609855	-12.166362824837	-9.5525454614437	-14.7556308871522	-8.23634235438997	-15.5555178150437	-6.23634235438997	-8.80987750791331	-11.3527759490679	-11.7844921894934	-14.0408319427532	-15.504831398927	-11.7844921894934	-13.1232941029452	-6.70098193986856	-8.87090694131087	-12.7513253255582	-14.5078396786765	-6.52163253928224	-2.48629638310004	-11.166362824837	-11.3527759490679	-8.7844921894934	-11.2565606338086	-15.4731243779008	-13.9385425738904	-2.38029125396081	-6.75748631018487	-15.0225659718147	-12.5669007544208	-11.538331602224	-10.3527759490679	-13.8888288493081	-11.1446677537377	-9.67159813308747	-8.55970525301657	-8.37470658913743	-7.13661548144299	-10.5814003241159	-11.6561680925179	-9.26824243885626	-15.4704173879792	-9.20513239500162	-12.2565606338086	-14.9227547263086	-13.083719387178	-14.1495639379677	-9.68719498813848	-12.2107569441955	-14.0495933331794	-14.6660143652164	-10.091815871472	-5.46634353363784	-14.1972166931101	-10.6715981330875	-7.05467386790682	-16.3267571649019	-14.2446797245828	-8.61456718805109
ERR3928968	-17.0489018956376	-7.76419111431718	-14.4646308324583	-11.8796683317371	-16.8709426066494	-16.2734192413448	-8.87466765067875	-15.7644051268507	-14.0495933331794	-7.58402692837003	-10.7097433302948	-14.8658903080872	-9.89984621367475	-15.549014511762	-16.0054710441695	-6.01823673692372	-13.3491536150383	-14.2422384111218	-10.2422384111218	-10.3630928059962	-14.2422384111218	-12.5260313771224	-14.9299848578272	-16.1089599873599	-13.5901617145421	-7.50269887329179	-14.0495933331794	-13.8796683317371	-15.9310144680342	-13.4646308324583	-12.2422384111218	-12.8016658197358	-16.6597172238616	-16.7373397798848	-16.9911564316146	-15.8186820283333	-15.8506385860173	-14.8359393666587	-12.7276652382921	-15.9449979549621	-10.9835041427217	-12.2422384111218	-14.8506385860173	-14.5077172270297	-12.8016658197358	-15.6257944434743	-15.4154116849974	-7.04959333317943	-13.4646308324583	-4.43672483588839	-2.82581785172906	-12.8796683317371	-15.9872751165175	-13.2422384111218	-16.230308205244	-16.8186820283333	-3.02974202592788	-15.702858076899	-15.4646308324583	-6.05665499701362	-8.86471799027115	-14.0495933331794	-15.6835429492821	-6.71867645506481	-6.89604130147132	-5.38115150512643	-14.7276652382921	-10.294705831016	-16.7967494219023	-15.856814552503	-10.5104345220714	-8.5983822213471	-14.4646308324583	-15.8827704002946	-8.22941437076424	-16.350283136402	-14.7276652382921	-15.0194045717568	-15.2350632755068	-8.35959536175999	-15.823541395947	-6.15401805079875	-14.807266864253	-16.0270096477109	-16.2509768659375	-16.0495933331794	-8.04116471110885	-15.1240674467615	-11.1669502838176	-13.7276652382921	-15.8294130574836	-10.8597687742994	-12.9378084827105	-9.47216450514368	-15.1599163752562	-12.9621304919291	-16.218474944346	-8.81597365641973	-4.54402985681885	-11.8401399675505	-7.53586573722699	-15.7644051268507	-11.4646308324583	-15.9911564316146	-11.7276652382921	-10.1427027375709	-9.68327111893362	-14.0055300864964	-15.0495933331794	-16.6597172238616	-14.0495933331794	-11.8016658197358	-16.1264322481587	-16.9657053851196	-17.5291407414866	-6.23101115569857	-11.7276652382921	-7.31997258962639	-8.81597365641973	-9.93065226045592	-15.504831398927	-14.2422384111218	-10.7458125850023	-12.8796683317371	-9.42023671309982	-7.97010854935262	-3.4970443051622	-9.68327111893362	-8.41659813603647	-12.8796683317371	-5.6066498373307	-6.45526872925458	-5.48973829166581	-7.40754164025145	-11.1427027375709	-11.1916123380519	-10.3913818504276	-15.504831398927	-12.5901617145421	-12.2422384111218	-4.93878380628078	-6.39764472245599	-13.4646308324583	-14.5078396786765	-5.85114829172707	-4.38336933037625	-10.7458125850023	-11.4057371434047	-6.34050952062909	-14.5442400064417	-15.4731243779008	-13.9385425738904	-7.01892619693249	-6.36659874949775	-9.34915361503834	-15.1404803157648	-11.6920413285613	-7.63385156488934	-12.9621304919291	-8.39495730465146	-15.2734192413448	-7.35088866640909	-7.23101115569857	-8.47594614568611	-6.47689310669214	-14.4646308324583	-5.834667145237	-15.4704173879792	-10.016170331642	-10.6920413285613	-7.77114387495895	-7.8696842431645	-10.016170331642	-6.73557662927807	-11.3216728786162	-13.0495933331794	-8.29470583101596	-9.54974744609623	-4.43235546843333	-11.5577402368498	-7.698654151633	-5.94041562982416	-16.3267571649019	-11.8796683317371	-5.33921736197496
ERR3928969	-17.0489018956376	-9.54042870096681	-13.3984096960944	-11.9833721968155	-16.8709426066494	-16.2734192413448	-10.8540891798706	-15.7644051268507	-15.2117869211812	-7.77391883118659	-10.9389780774571	-14.8658903080872	-9.31094685484405	-12.5239405781782	-16.0054710441695	-7.12539120168797	-15.7891090606532	-16.7059698046375	-9.44421338570751	-12.3984096960944	-17.0863332217381	-10.6614441019282	-14.9299848578272	-16.1089599873599	-15.6835429492821	-6.62582019219746	-15.4475675741951	-16.2073829821454	-15.9310144680342	-15.6835429492821	-12.9833721968155	-12.6614441019282	-16.6597172238616	-16.7373397798848	-16.9911564316146	-15.8186820283333	-15.8506385860173	-14.8359393666587	-11.8959093555652	-15.9449979549621	-12.3984096960944	-14.5013707210169	-14.8506385860173	-14.5077172270297	-16.2337195276121	-15.6257944434743	-15.4154116849974	-6.02192250241734	-13.1760172747579	-4.07535493575274	-2.2536452517062	-12.8134471953732	-15.9872751165175	-14.8185522208775	-16.230308205244	-16.8186820283333	-3.50789207022007	-13.3984096960944	-16.8500036561088	-5.41446604231346	-8.98337219681554	-13.3984096960944	-15.6835429492821	-6.09310791979443	-6.49955641955128	-7.10992808430016	-15.8500036561088	-11.3984096960944	-16.7967494219023	-12.5239405781782	-9.73544468337196	-8.4364777369279	-12.8134471953732	-13.3984096960944	-7.20201248329088	-16.350283136402	-17.9672712973138	-15.0194045717568	-15.2350632755068	-7.02627015525325	-15.823541395947	-5.50460257733978	-14.807266864253	-13.3984096960944	-16.2509768659375	-17.0495933331794	-7.93352364736498	-15.1240674467615	-12.9833721968155	-12.2829324786744	-15.8294130574836	-15.1609349952268	-12.9378084827105	-9.25545174225234	-15.1599163752562	-12.2829324786744	-16.218474944346	-9.11300747723214	-3.74466891738782	-11.8959093555652	-7.88534011385501	-15.7644051268507	-15.5495320057657	-15.9911564316146	-11.735444683372	-10.310946854844	-8.13788214587117	-14.0055300864964	-14.3984096960944	-16.6597172238616	-16.3807428843985	-12.6614441019282	-16.1264322481587	-16.9657053851196	-14.9833721968155	-6.37789267875387	-10.2284846946521	-7.06450895954095	-7.67959144863844	-12.3984096960944	-15.504831398927	-15.2422384111218	-11.076481601207	-12.8134471953732	-9.87484774003737	-8.69796997795329	-4.07198020897208	-10.310946854844	-9.60833276546862	-14.7556308871522	-6.27773980945413	-7.56974426779137	-4.74556472309241	-8.00609227331562	-12.076481601207	-9.52394057817824	-10.2829324786744	-15.504831398927	-15.4763032032435	-11.6614441019282	-8.86443112409203	-5.48951674757472	-14.8724931961221	-14.5078396786765	-6.09310791979443	-4.11031264915407	-11.8134471953732	-10.6258201921975	-6.60399382974428	-14.5442400064417	-15.4731243779008	-13.9385425738904	-7.51576664673254	-7.18247229689524	-9.60833276546862	-13.1760172747579	-15.2789782996805	-7.15364946172948	-16.1240674467615	-14.6301438611154	-15.2734192413448	-14.2734192413448	-11.8959093555652	-7.49553216299249	-5.95132646988473	-15.4646308324583	-6.01326630620336	-15.4704173879792	-11.076481601207	-10.9389780774571	-7.74975252005584	-8.75455350631966	-10.2020124832909	-7.49553216299249	-11.735444683372	-14.0495933331794	-8.73544468337196	-9.67959144863844	-4.95754052848351	-14.1972166931101	-8.2486625765897	-6.0452628705963	-16.3267571649019	-14.2446797245828	-5.79478335110819
ERR3928970	-12.8931782669492	-6.33322765423608	-13.2151063618365	-5.71277178163853	-12.2609100514497	-16.2734192413448	-9.5712501720618	-11.0451813603942	-15.2117869211812	-5.46607497979632	-10.7721628659878	-14.8658903080872	-12.7556747431992	-12.4077514397789	-16.0054710441695	-12.1276435205862	-13.7556747431992	-11.0451813603942	-16.7090299474826	-5.38459115485969	-7.12367097551292	-16.5414697474375	-14.9299848578272	-16.1089599873599	-8.47701410221604	-13.2151063618365	-9.97670162251145	-16.2073829821454	-15.9310144680342	-15.6835429492821	-15.285052966554	-12.2609100514497	-16.6597172238616	-16.7373397798848	-14.8931782669492	-15.8186820283333	-15.8506385860173	-10.117074278876	-12.8931782669492	-14.4077514397789	-9.8752563589519	-12.6915444057795	-14.8506385860173	-14.5077172270297	-16.2337195276121	-15.6257944434743	-15.4154116849974	-5.45563424063369	-13.4077514397789	-9.4469220370596	-1.66228719150208	-7.1969061830233	-15.9872751165175	-2.33408802303659	-6.86970111511873	-10.5712501720618	-9.07555500943773	-15.702858076899	-16.8500036561088	-7.93898195656229	-4.2058025835117	-14.8931782669492	-15.6835429492821	-16.5414697474375	-7.59122487182307	-10.4337466483119	-15.8500036561088	-16.1832735252166	-14.4077514397789	-14.6301438611154	-11.3324633124747	-10.2378264383366	-12.6915444057795	-15.8827704002946	-7.44031930223535	-16.350283136402	-17.9672712973138	-13.5146666436954	-11.7888416071344	-15.158350463062	-15.823541395947	-9.48718590727333	-14.807266864253	-14.0451813603942	-8.06028825278442	-17.0495933331794	-13.4077514397789	-15.1240674467615	-15.8658903080872	-6.16321770593115	-15.8294130574836	-15.1609349952268	-12.9378084827105	-14.2151063618365	-15.1599163752562	-2.81863536792614	-10.6915444057795	-12.1276435205862	-9.33246331247469	-12.6301438611154	-12.357125366709	-15.7644051268507	-15.5495320057657	-15.9911564316146	-6.25727880100278	-14.8355460427272	-11.357125366709	-14.0055300864964	-12.2609100514497	-16.6597172238616	-16.3807428843985	-5.23568116650505	-16.1264322481587	-16.9657053851196	-6.11510113741381	-8.15982392633534	-15.8152707059652	-14.2344908694437	-13.8931782669492	-14.0451813603942	-15.504831398927	-15.2422384111218	-9.5712501720618	-12.4077514397789	-11.0056529962076	-12.8227889390578	-7.30072122968108	-10.6301438611154	-15.2650411553876	-14.7556308871522	-10.6915444057795	-13.0451813603942	-12.2151063618365	-15.8827704002946	-14.1495639379677	-15.2446797245828	-15.7715023653869	-15.504831398927	-15.4763032032435	-16.2680545868555	-10.6915444057795	-13.5146666436954	-14.8724931961221	-14.5078396786765	-11.4077514397789	-9.26091005144965	-9.17618737254423	-5.5640546706576	-12.9671788483929	-14.5442400064417	-10.1707122424781	-13.9385425738904	-10.4871859072733	-10.117074278876	-15.0225659718147	-15.1404803157648	-12.7556747431992	-12.4602188596731	-16.1240674467615	-13.6301438611154	-15.2734192413448	-12.6915444057795	-15.5280755612214	-13.4077514397789	-14.6122541923889	-15.4646308324583	-10.9483198211416	-15.4704173879792	-12.2609100514497	-13.9443460341378	-14.9227547263086	-9.17618737254423	-14.1495639379677	-7.59488653632904	-7.54622137757028	-14.0495933331794	-14.6660143652164	-13.7521157796728	-9.85755435721844	-14.1972166931101	-11.8227889390578	-13.1276435205862	-10.8575543572184	-12.0858233448916	-12.2609100514497
ERR3928971	-17.0489018956376	-10.2297801667333	-16.8045974212163	-11.4642454203703	-16.8709426066494	-16.2734192413448	-9.21185825873606	-13.2297801667333	-15.2117869211812	-7.386801334945	-10.2663060427584	-14.8658903080872	-13.5517082616207	-15.549014511762	-16.0054710441695	-10.4642454203703	-12.7443533395631	-16.7059698046375	-16.7090299474826	-11.8512685434796	-9.93699841750548	-16.5414697474375	-14.9299848578272	-16.1089599873599	-15.6835429492821	-8.3918369248423	-15.4475675741951	-16.2073829821454	-15.9310144680342	-15.6835429492821	-15.285052966554	-15.0740438745602	-16.6597172238616	-16.7373397798848	-13.9667457608995	-15.8186820283333	-12.7443533395631	-14.8359393666587	-15.0270096477109	-15.9449979549621	-15.2789782996805	-14.5013707210169	-14.8506385860173	-14.5077172270297	-16.2337195276121	-15.6257944434743	-12.2297801667333	-6.87928291964919	-15.9227547263086	-7.65084145363994	-2.90604982921198	-8.90785207184596	-15.9872751165175	-14.8185522208775	-16.230308205244	-11.8512685434796	-3.0409440937028	-6.93699841750548	-16.8500036561088	-7.41215690922189	-11.6448176660122	-16.8709426066494	-15.6835429492821	-11.3037807481771	-9.22978016673333	-11.8512685434796	-15.8500036561088	-16.1832735252166	-16.7967494219023	-15.856814552503	-10.3817832601784	-5.71250447352374	-16.1865398646658	-15.8827704002946	-9.21185825873606	-16.350283136402	-17.9672712973138	-15.0194045717568	-6.6298673245462	-7.08003304722864	-12.0922766429834	-5.22415561753945	-14.807266864253	-16.0270096477109	-16.2509768659375	-17.0495933331794	-16.2734192413448	-15.1240674467615	-15.8658903080872	-8.43276718889718	-15.8294130574836	-15.1609349952268	-12.9378084827105	-16.1523772791636	-15.1599163752562	-16.2338692909342	-16.218474944346	-10.1593908388419	-8.57442833812077	-15.1857891321423	-14.9813888961172	-15.7644051268507	-15.5495320057657	-15.9911564316146	-15.2809278073661	-14.8355460427272	-9.77034854809603	-14.0055300864964	-16.2338692909342	-13.9667457608995	-11.9667457608995	-16.1144608389012	-11.4642454203703	-16.9657053851196	-17.5291407414866	-9.24792751344359	-15.8152707059652	-14.2344908694437	-9.36188370274067	-9.3037807481771	-15.504831398927	-15.2422384111218	-14.9482759650946	-14.7000904658328	-9.90785207184596	-15.3600354542409	-7.24336923148128	-11.7443533395631	-11.4642454203703	-12.5517082616207	-10.6448176660122	-15.5555178150437	-8.45367617866016	-15.8827704002946	-14.1495639379677	-15.2446797245828	-11.0922766429834	-15.504831398927	-15.4763032032435	-16.2680545868555	-2.7367253251939	-7.8512685434796	-14.8724931961221	-14.5078396786765	-6.01448986108209	-2.88215879816519	-11.8512685434796	-15.7861547425589	-7.86520773443747	-14.5442400064417	-15.4731243779008	-8.33253974115853	-3.22809049832911	-5.55030006722788	-15.0225659718147	-9.6209709240578	-15.2789782996805	-7.79682075945722	-16.1240674467615	-7.84434912953981	-8.48561907116292	-6.34225489599174	-6.00096147623745	-6.65084145363994	-10.6448176660122	-8.96674576089953	-6.78352393684376	-15.4704173879792	-7.70621821067631	-10.2663060427584	-14.9227547263086	-7.98185265328974	-14.1495639379677	-8.83746274395457	-14.8185522208775	-14.0495933331794	-14.6660143652164	-8.16800396914664	-5.19086117744102	-9.32288957112481	-7.35695140719844	-5.03403887348688	-16.3267571649019	-14.2446797245828	-5.54468099472672
ERR3928972	-11.1255287855319	-8.31083188813315	-12.9328837075895	-11.1779962054261	-8.05024065822769	-13.6109556127022	-10.4410306112599	-15.7644051268507	-15.2117869211812	-7.47755648728497	-10.5066189528874	-14.8658903080872	-12.4734520889522	-11.9328837075895	-11.4093217515325	-9.05024065822769	-15.7891090606532	-16.7059698046375	-13.3479212068684	-12.7629587061472	-17.0863332217381	-13.3479212068684	-14.9299848578272	-16.1089599873599	-15.6835429492821	-8.61095561270217	-6.6825852896832	-16.2073829821454	-15.9310144680342	-15.6835429492821	-15.285052966554	-4.09407372188097	-13.9328837075895	-16.7373397798848	-12.025993111981	-15.8186820283333	-15.8506385860173	-14.8359393666587	-10.3782948559119	-13.6109556127022	-15.2789782996805	-11.6849561941459	-14.8506385860173	-14.5077172270297	-16.2337195276121	-15.6257944434743	-15.4154116849974	-10.6109556127022	-15.9227547263086	-5.19479144796904	-4.82697519901837	-9.45715027662313	-15.9872751165175	-12.4734520889522	-16.230308205244	-16.8186820283333	-2.4532297354186	-15.702858076899	-16.8500036561088	-6.0274967025714	-12.2324439894484	-16.8709426066494	-15.6835429492821	-10.4734520889522	-9.84542086633919	-11.074902712462	-13.3479212068684	-16.1832735252166	-8.58415555335845	-15.856814552503	-14.8682438177046	-7.11590008433415	-16.1865398646658	-15.8827704002946	-15.1353405502535	-16.350283136402	-10.6849561941459	-9.78313658808485	-5.67078886221935	-9.01402047031493	-15.823541395947	-6.18301428019269	-7.00214637002664	-16.0270096477109	-16.2509768659375	-17.0495933331794	-8.93288370758953	-15.1240674467615	-15.8658903080872	-14.9990184806014	-15.8294130574836	-13.3479212068684	-12.9378084827105	-16.1523772791636	-15.1599163752562	-16.2338692909342	-16.218474944346	-15.9117196656231	-4.37829485591189	-11.9328837075895	-8.834851624629	-15.7644051268507	-15.5495320057657	-15.9911564316146	-15.2809278073661	-9.64748148872728	-8.72343034196058	-11.1779962054261	-16.2338692909342	-16.6597172238616	-16.3807428843985	-16.1144608389012	-16.1264322481587	-16.9657053851196	-17.5291407414866	-10.4410306112599	-10.260458365618	-14.2344908694437	-9.78313658808485	-9.86679451713176	-15.504831398927	-15.2422384111218	-10.3782948559119	-10.8454208663392	-7.44103061125985	-10.6109556127022	-4.31174759431489	-9.84542086633919	-15.2650411553876	-14.7556308871522	-4.81979272414715	-9.61095561270217	-5.48064246715871	-11.1779962054261	-13.1255287855319	-15.2446797245828	-15.7715023653869	-15.504831398927	-15.4763032032435	-10.1255287855319	-10.0999936934248	-8.44906793032527	-14.8724931961221	-10.4410306112599	-6.34792120686837	-2.79221367717443	-12.3479212068684	-15.7861547425589	-7.39760833096873	-14.5442400064417	-15.4731243779008	-10.0502406582277	-4.79269300439769	-6.61773414533323	-15.0225659718147	-11.2324439894484	-12.3479212068684	-7.89396471829723	-16.1240674467615	-8.37064128336846	-9.84542086633919	-8.71371518712737	-4.78886283832264	-7.64286486065691	-14.6122541923889	-11.074902712462	-4.74986870670677	-15.4704173879792	-9.88848958823108	-10.6474814887273	-5.99330449327484	-8.50661895288743	-10.9328837075895	-10.3782948559119	-14.8185522208775	-14.0495933331794	-14.6660143652164	-8.06251898800612	-5.36968743537279	-12.3479212068684	-6.45310344356043	-5.77806559853742	-16.3267571649019	-14.2446797245828	-5.27110560981754
ERR3928973	-14.8819105632601	-9.97501996765155	-16.8045974212163	-12.0745556412025	-9.32732171158243	-16.2734192413448	-12.3794102227309	-15.7644051268507	-13.2969480625389	-7.65309187276419	-10.8230168742065	-14.8658903080872	-12.6595181419236	-15.549014511762	-12.6595181419236	-8.8669602217941	-13.2969480625389	-16.7059698046375	-11.7119855618178	-12.2969480625389	-9.83751644390162	-16.5414697474375	-14.9299848578272	-16.1089599873599	-15.6835429492821	-12.3794102227309	-5.23685262827559	-16.2073829821454	-15.9310144680342	-15.6835429492821	-15.285052966554	-5.97501996765155	-11.6088920688537	-16.7373397798848	-16.9911564316146	-15.8186820283333	-15.8506385860173	-13.6595181419236	-9.95907842378253	-15.9449979549621	-15.2789782996805	-12.6595181419236	-11.5599824683727	-14.5077172270297	-16.2337195276121	-13.4668730639812	-12.2969480625389	-11.3375900470363	-6.8913338171467	-10.3171259444765	-5.15172350172493	-7.44173350170272	-14.1449449690939	-6.96503587907893	-16.230308205244	-14.1449449690939	-1.34862139312591	-8.8230168742065	-16.8500036561088	-8.11372623848314	-12.3794102227309	-14.4668730639812	-15.6835429492821	-9.78037253679801	-10.7664333458401	-12.1449449690939	-15.8500036561088	-16.1832735252166	-16.7967494219023	-13.6595181419236	-14.8682438177046	-6.62924513080982	-12.2969480625389	-15.8827704002946	-15.1353405502535	-13.8819105632601	-17.9672712973138	-7.6986887392043	-5.64430223303106	-7.7733861064819	-15.823541395947	-7.23325338722153	-14.807266864253	-16.0270096477109	-16.2509768659375	-17.0495933331794	-16.2734192413448	-13.0074414453439	-15.8658903080872	-5.50253219618881	-12.0074414453439	-15.1609349952268	-5.65229059807495	-13.4668730639812	-15.1599163752562	-13.2969480625389	-16.218474944346	-12.4668730639812	-6.51267675359435	-11.0745556412025	-9.83751644390162	-15.7644051268507	-15.5495320057657	-15.9911564316146	-15.2809278073661	-8.22369908050828	-6.37147604118867	-10.4445052509528	-16.2338692909342	-16.6597172238616	-16.3807428843985	-16.1144608389012	-16.1264322481587	-16.9657053851196	-14.4668730639812	-11.181470845119	-15.8152707059652	-14.2344908694437	-8.22369908050828	-9.65951814192362	-15.504831398927	-15.2422384111218	-12.2189455505376	-14.7000904658328	-6.91228421230359	-9.89701745565028	-4.99164628623896	-8.09618565717401	-15.2650411553876	-14.7556308871522	-7.04480829780841	-15.5555178150437	-6.45564580855797	-10.2000865232863	-14.1495639379677	-15.2446797245828	-13.6595181419236	-15.504831398927	-15.4763032032435	-16.2680545868555	-7.06599362769904	-7.28696397396629	-14.8724931961221	-9.15399010869687	-6.72878080436074	-3.24226838244273	-15.3134215969707	-15.7861547425589	-6.54950098450439	-12.2969480625389	-9.33759004703626	-10.4445052509528	-5.41702451453067	-5.29694806253891	-15.0225659718147	-11.2574196983523	-11.0406083092791	-6.52289314963749	-10.0239295681325	-8.28696397396629	-10.2189455505376	-10.9122842123036	-6.09618565717401	-9.1270230610966	-14.6122541923889	-10.0745556412025	-7.30952612861838	-15.4704173879792	-10.181470845119	-10.2770485051012	-14.9227547263086	-9.24770454351907	-14.1495639379677	-9.8669602217941	-14.8185522208775	-14.0495933331794	-14.6660143652164	-8.08749469690997	-5.68060343633276	-10.8230168742065	-6.84482124452485	-5.57660878696012	-16.3267571649019	-14.2446797245828	-6.448672885168
ERR3928974	-17.0489018956376	-9.54635359121899	-16.8045974212163	-12.1178955761778	-13.2878205776201	-16.2734192413448	-10.2878205776201	-15.7644051268507	-15.2117869211812	-8.00241835875789	-10.861555822918	-13.2878205776201	-12.8283889589828	-15.549014511762	-16.0054710441695	-6.9954989448181	-9.44233052667576	-16.7059698046375	-12.8283889589828	-7.8826791144838	-14.702858076899	-10.9658924827328	-9.02103403692524	-16.1089599873599	-9.15853756067517	-5.00126281601218	-15.4475675741951	-16.2073829821454	-15.9310144680342	-15.6835429492821	-13.1178955761778	-15.0740438745602	-16.6597172238616	-16.7373397798848	-16.9911564316146	-15.8186820283333	-13.9658924827328	-14.8359393666587	-15.0270096477109	-15.9449979549621	-11.7642586215631	-14.5013707210169	-14.8506385860173	-14.5077172270297	-16.2337195276121	-15.6257944434743	-12.4804656555625	-5.23525252681599	-13.9658924827328	-7.64757564139779	-4.61054138630796	-12.9658924827328	-15.9872751165175	-14.8185522208775	-16.230308205244	-16.8186820283333	-2.39139356145054	-14.702858076899	-16.8500036561088	-5.44625622988956	-12.9658924827328	-16.8709426066494	-15.6835429492821	-10.9658924827328	-9.94797057473551	-9.1079114876052	-12.2878205776201	-7.72939986435147	-8.57357505995402	-12.3809299820116	-10.0783672119912	-10.5064608640955	-11.7642586215631	-13.2878205776201	-10.2217313871624	-16.350283136402	-17.9672712973138	-15.0194045717568	-4.57529357718032	-7.54298674012059	-15.823541395947	-6.67311073350493	-14.807266864253	-13.4804656555625	-13.702858076899	-14.2878205776201	-9.3453060722809	-15.1240674467615	-15.8658903080872	-12.702858076899	-15.8294130574836	-13.702858076899	-12.9378084827105	-16.1523772791636	-15.1599163752562	-11.587380859479	-16.218474944346	-11.4298395824926	-8.67311073350493	-9.79596748129046	-12.9658924827328	-15.7644051268507	-13.2878205776201	-14.2878205776201	-15.2809278073661	-14.8355460427272	-11.1178955761778	-14.0055300864964	-16.2338692909342	-16.6597172238616	-16.3807428843985	-13.2878205776201	-16.1264322481587	-16.9657053851196	-17.5291407414866	-7.29064109668252	-15.8152707059652	-14.2344908694437	-10.4549305634554	-7.86575581144733	-15.504831398927	-15.2422384111218	-10.8283889589828	-10.4051775282583	-10.4804656555625	-7.84902872504188	-7.42673367162475	-9.38092998201162	-10.7642586215631	-11.1178955761778	-10.702858076899	-9.55990012305694	-10.0590018871243	-13.2878205776201	-10.587380859479	-15.2446797245828	-12.702858076899	-15.504831398927	-15.4763032032435	-11.3336242672333	-6.08814823278377	-12.2878205776201	-14.8724931961221	-14.5078396786765	-5.93136860739838	-5.25439757608269	-15.3134215969707	-15.7861547425589	-6.41899802284514	-8.96589248273278	-15.4731243779008	-9.25439757608269	-5.44233052667576	-4.53920840088316	-15.0225659718147	-15.1404803157648	-9.61539523564864	-4.1125829273291	-16.1240674467615	-7.1079114876052	-10.2217313871624	-7.39603687440183	-6.14188843179962	-7.09060388451009	-7.01869389847072	-7.76818432477693	-5.91061004723159	-15.4704173879792	-9.08814823278377	-11.8955031548414	-4.19077607829719	-6.97040796385527	-9.1079114876052	-6.5531109573943	-10.4051775282583	-9.91278114627321	-7.54972831799965	-5.85110903548293	-3.25199050478512	-14.1972166931101	-5.76523904636531	-5.13490200148352	-8.44233052667576	-14.2446797245828	-5.06986287975603
ERR3928975	-8.97282329937383	-5.60645964683068	-14.1089599873599	-11.8865675660234	-16.8709426066494	-16.2734192413448	-9.02858657089584	-15.7644051268507	-13.1089599873599	-7.59589040512049	-10.9660020335178	-12.8865675660234	-13.1089599873599	-13.1089599873599	-12.2344908694437	-11.8865675660234	-12.9934827699399	-16.7059698046375	-14.693922488081	-12.4459949746374	-17.0863332217381	-10.8359414929534	-14.9299848578272	-15.1089599873599	-9.20206939175134	-7.32978783307296	-15.4475675741951	-16.2073829821454	-15.9310144680342	-12.8865675660234	-9.86103247391627	-13.1089599873599	-16.6597172238616	-16.7373397798848	-16.9911564316146	-15.8186820283333	-15.8506385860173	-14.8359393666587	-12.9934827699399	-15.9449979549621	-15.2789782996805	-11.7397261776941	-14.8506385860173	-8.89302258816071	-16.2337195276121	-15.6257944434743	-8.51899680558034	-6.3112984615061	-14.1089599873599	-4.76060066734807	-4.63356430543887	-15.5555178150437	-15.9872751165175	-14.8185522208775	-14.3719943931937	-11.4459949746374	-9.96600203351782	-13.8865675660234	-16.8500036561088	-7.82973634342673	-12.7870318924725	-16.8709426066494	-15.6835429492821	-10.6495283687226	-9.5239974866387	-7.58278681784631	-15.8500036561088	-13.8865675660234	-5.82896257293841	-13.5239974866387	-8.8673740007901	-4.42450355833992	-12.3719943931937	-13.8865675660234	-9.47475396761885	-14.1089599873599	-9.04287079690209	-8.95921286785518	-15.2350632755068	-10.3719943931937	-11.2344908694437	-5.6778106498605	-14.807266864253	-14.1089599873599	-16.2509768659375	-17.0495933331794	-16.2734192413448	-15.1240674467615	-15.8658903080872	-5.42538048778089	-15.8294130574836	-15.1609349952268	-12.9378084827105	-14.3719943931937	-15.1599163752562	-13.1089599873599	-16.218474944346	-10.2020693917513	-4.09400964589389	-10.4271359473861	-8.82355776849761	-15.7644051268507	-13.1089599873599	-15.9911564316146	-13.693922488081	-14.8355460427272	-6.40275178875915	-14.0055300864964	-16.2338692909342	-16.6597172238616	-13.5239974866387	-16.1144608389012	-13.2344908694437	-13.3719943931937	-14.693922488081	-7.15864711146021	-10.3016050653023	-13.2344908694437	-8.29304305179883	-10.8610324739163	-15.504831398927	-15.2422384111218	-11.3016050653023	-11.8359414929534	-6.39815355366051	-11.4459949746374	-3.63525423774044	-9.00043553058169	-12.4459949746374	-14.7556308871522	-6.53531279986654	-15.5555178150437	-4.58670541248963	-13.1089599873599	-14.1495639379677	-15.2446797245828	-10.5441753685763	-15.504831398927	-12.7870318924725	-12.4459949746374	-10.4085202692188	-7.77804310924524	-14.8724931961221	-9.0074219608978	-4.30886899973486	-3.92325859516425	-9.28453155194331	-10.7870318924725	-6.48446912245207	-14.5442400064417	-15.4731243779008	-10.3901417399039	-5.38217417307606	-4.77991115953976	-15.0225659718147	-9.63864005257983	-11.8359414929534	-6.21414222405191	-16.1240674467615	-7.7960770320755	-9.38103953279666	-5.00698431641063	-6.21920254155453	-7.20809317937911	-7.37425036713402	-11.564639471136	-6.57109449327335	-15.4704173879792	-9.88656756602341	-10.564639471136	-4.16889114295701	-10.3901417399039	-9.03571100532922	-9.89950662173091	-12.170360532024	-14.0495933331794	-14.6660143652164	-7.99695496184673	-4.79117054323085	-9.48446912245207	-4.60712280245756	-4.9031667379627	-6.49793519005251	-11.3719943931937	-5.44896409492988
ERR3928976	-10.3893910626661	-5.33850039628207	-16.8045974212163	-11.8146968973988	-16.8709426066494	-16.2734192413448	-8.48045554107256	-15.7644051268507	-13.7740549129014	-7.36844066750921	-10.6960524009002	-14.8658903080872	-12.3590174136226	-13.3590174136226	-11.3590174136226	-12.551662491565	-12.8565170730934	-16.7059698046375	-14.1366249922861	-11.9897836039569	-17.0863332217381	-11.3590174136226	-14.9299848578272	-16.1089599873599	-10.2715545723722	-7.41454936019759	-15.4475675741951	-16.2073829821454	-15.9310144680342	-12.8565170730934	-11.111089900179	-12.4845482957064	-16.6597172238616	-16.7373397798848	-16.9911564316146	-15.8186820283333	-15.8506385860173	-14.8359393666587	-15.0270096477109	-15.9449979549621	-15.2789782996805	-12.1366249922861	-14.8506385860173	-9.95529522757157	-16.2337195276121	-15.6257944434743	-9.08599891921617	-6.9595614555426	-13.7740549129014	-3.73133154652749	-4.00440070002905	-13.7740549129014	-15.9872751165175	-14.8185522208775	-13.6220518194564	-11.8995857949853	-9.65857769548149	-15.702858076899	-16.8500036561088	-7.22630349127734	-12.3590174136226	-13.7740549129014	-15.6835429492821	-10.3440670721566	-8.47230469995169	-6.32835027737564	-15.8500036561088	-13.6220518194564	-5.38795292161906	-14.1366249922861	-9.67719337364884	-5.68071071397108	-13.1366249922861	-13.2435401962026	-10.7942327948391	-16.350283136402	-10.0736151947603	-9.98978360395686	-15.2350632755068	-11.2715545723722	-11.300123724569	-7.32559441208513	-14.807266864253	-16.0270096477109	-16.2509768659375	-17.0495933331794	-16.2734192413448	-13.3590174136226	-12.9439799143437	-6.0930117633613	-15.8294130574836	-15.1609349952268	-12.9378084827105	-16.1523772791636	-15.1599163752562	-13.7740549129014	-16.218474944346	-10.1366249922861	-4.00403346188505	-10.6960524009002	-8.65857769548149	-15.7644051268507	-13.1366249922861	-15.9911564316146	-15.2809278073661	-13.3590174136226	-8.21605945978054	-14.0055300864964	-13.9439799143437	-16.6597172238616	-13.7740549129014	-13.7740549129014	-14.9439799143437	-16.9657053851196	-14.6220518194564	-7.14794030551397	-10.7151612238479	-12.1890924121803	-8.46016413707948	-10.8354554575656	-15.504831398927	-15.2422384111218	-12.4845482957064	-11.300123724569	-6.77280311669197	-11.2715545723722	-3.30996301865959	-8.07979376968946	-11.111089900179	-14.7556308871522	-6.11267267054169	-10.9897836039569	-4.96419748364065	-13.6220518194564	-14.1495639379677	-15.2446797245828	-10.3292700702285	-15.504831398927	-12.7740549129014	-13.2435401962026	-9.8565170730934	-7.63109695905938	-14.8724931961221	-9.37412430601279	-4.8795739524527	-3.37092450463503	-9.80442856194495	-11.300123724569	-7.43618527414504	-14.5442400064417	-15.4731243779008	-10.1238009519286	-5.6972393158506	-5.01953852200454	-15.0225659718147	-10.2574793871605	-11.4845482957064	-6.98397798227566	-16.1240674467615	-8.88328398265618	-9.04311310636299	-5.17207783364602	-5.87923714959348	-7.75910457143545	-8.00440070002904	-10.4845482957064	-6.08289300834834	-15.4704173879792	-9.26449981483829	-11.6585776954815	-3.48493258739552	-10.0014654090045	-9.80442856194495	-9.37412430601279	-11.8995857949853	-14.0495933331794	-14.6660143652164	-8.30012372456901	-5.52138948045118	-9.67719337364884	-5.45012446510292	-5.3436023612359	-7.65857769548149	-14.2446797245828	-5.94397991434374
ERR3928977	-13.8359393666587	-4.6035184394826	-14.5140112717713	-11.7915452473002	-9.1706034494735	-16.2734192413448	-12.2509768659375	-15.7644051268507	-15.2117869211812	-7.1476890575255	-9.65603027664374	-14.8658903080872	-11.6264860010297	-15.549014511762	-11.1354996485176	-9.46961715241286	-13.8359393666587	-16.7059698046375	-14.0285844446011	-12.6660143652164	-17.0863332217381	-10.9779583715311	-14.9299848578272	-14.0285844446011	-15.6835429492821	-9.7698501762009	-15.4475675741951	-16.2073829821454	-13.0285844446011	-15.6835429492821	-15.285052966554	-6.83453117226586	-16.6597172238616	-16.7373397798848	-16.9911564316146	-13.3765077480214	-15.8506385860173	-13.8359393666587	-12.1920831768839	-13.6660143652164	-15.2789782996805	-11.9779583715311	-14.8506385860173	-14.5077172270297	-16.2337195276121	-15.6257944434743	-15.4154116849974	-10.2967805555506	-14.5140112717713	-5.83664397963526	-2.04157427171998	-13.5140112717713	-15.9872751165175	-14.8185522208775	-14.2509768659375	-16.8186820283333	-3.77187028627316	-14.2509768659375	-16.8500036561088	-7.54131861776705	-12.3123774106017	-14.5140112717713	-12.8359393666587	-11.3123774106017	-9.83593936665867	-7.61435224539387	-10.1635140246872	-16.1832735252166	-16.7967494219023	-15.856814552503	-11.1635140246872	-3.56039681057195	-16.1865398646658	-15.8827704002946	-15.1353405502535	-16.350283136402	-17.9672712973138	-13.5140112717713	-8.39299587080994	-7.69383230935612	-15.823541395947	-6.49386469865953	-14.807266864253	-16.0270096477109	-15.2509768659375	-17.0495933331794	-11.8359393666587	-15.1240674467615	-14.2509768659375	-7.05786223712331	-15.8294130574836	-15.1609349952268	-12.9378084827105	-13.6660143652164	-15.1599163752562	-16.2338692909342	-16.218474944346	-12.4436219438799	-6.13463290470005	-7.45439641547409	-9.58801185321509	-15.7644051268507	-11.5505371477964	-15.9911564316146	-15.2809278073661	-11.5505371477964	-8.46961715241286	-12.4436219438799	-16.2338692909342	-14.0285844446011	-16.3807428843985	-11.7484765254083	-16.1264322481587	-16.9657053851196	-13.6660143652164	-12.3123774106017	-11.5880118532151	-14.2344908694437	-8.887572135074	-8.77524343497112	-15.504831398927	-11.0030493524939	-9.79154524730022	-10.0810518644952	-7.81913107897212	-11.0285844446011	-3.43385996215722	-9.40967461195658	-10.5321586184816	-11.7066563497137	-6.37445991937252	-9.78065693115748	-4.9346953341913	-10.1216938489926	-9.58801185321509	-15.2446797245828	-12.5880118532151	-15.504831398927	-15.4763032032435	-16.2680545868555	-4.84158592979982	-7.65106402375039	-14.8724931961221	-14.5078396786765	-5.33709016012695	-3.76850500590215	-10.3765077480214	-15.7861547425589	-6.30553302955961	-10.496089363774	-15.4731243779008	-12.6660143652164	-5.05335060716371	-6.67859243129583	-13.8359393666587	-10.7274149098805	-11.9290487710502	-7.87015508199659	-16.1240674467615	-8.26988532848758	-9.92904877105016	-6.23324050164071	-15.5280755612214	-9.01576040424349	-11.6264860010297	-10.9290487710502	-6.67732967844419	-15.4704173879792	-14.1710203825119	-10.686192247154	-14.9227547263086	-10.8817430562718	-12.0810518644952	-10.6071206761628	-14.8185522208775	-14.0495933331794	-13.6660143652164	-11.7915452473002	-4.78745249266634	-10.1920831768839	-7.53673134827139	-5.67480748367437	-16.3267571649019	-14.2446797245828	-9.20658274657906
ERR3928978	-17.0489018956376	-10.5311414912807	-13.968546803588	-12.1611918815304	-16.8709426066494	-16.2734192413448	-10.2867227636143	-13.5535093043092	-15.2117869211812	-7.77872224470803	-10.7721495907845	-14.8658903080872	-12.8530695861681	-15.549014511762	-16.0054710441695	-10.2136593014246	-13.3835843028669	-16.7059698046375	-16.7090299474826	-7.92051410716624	-17.0863332217381	-12.3835843028669	-14.9299848578272	-16.1089599873599	-13.968546803588	-8.92415268422959	-15.4475675741951	-16.2073829821454	-15.9310144680342	-15.6835429492821	-15.285052966554	-8.7590934379591	-16.6597172238616	-16.7373397798848	-16.9911564316146	-15.8186820283333	-15.8506385860173	-14.8359393666587	-11.6955283091816	-15.9449979549621	-15.2789782996805	-14.5013707210169	-8.37360021429427	-14.5077172270297	-16.2337195276121	-15.6257944434743	-13.3835843028669	-10.3440559386803	-13.968546803588	-6.15262986802702	-1.75686126289536	-13.5535093043092	-15.9872751165175	-14.8185522208775	-16.230308205244	-13.968546803588	-9.62277196674632	-15.702858076899	-16.8500036561088	-5.94988295932301	-12.3055817908656	-16.8709426066494	-15.6835429492821	-9.0777758733428	-10.0457146641105	-12.0940776856719	-10.3835843028669	-6.2704209512852	-4.88906201976123	-15.856814552503	-12.6466187087007	-10.3440559386803	-16.1865398646658	-15.8827704002946	-9.08590375422621	-16.350283136402	-10.4242262873642	-15.0194045717568	-15.2350632755068	-15.158350463062	-15.823541395947	-7.60514207272452	-14.807266864253	-16.0270096477109	-16.2509768659375	-17.0495933331794	-14.2315812094218	-15.1240674467615	-13.2315812094218	-14.9990184806014	-15.8294130574836	-15.1609349952268	-12.9378084827105	-6.14305795280521	-15.1599163752562	-16.2338692909342	-16.218474944346	-9.27738489903496	-9.0777758733428	-12.968546803588	-12.968546803588	-15.7644051268507	-12.3055817908656	-15.9911564316146	-15.2809278073661	-14.8355460427272	-11.5535093043092	-14.0055300864964	-16.2338692909342	-16.6597172238616	-13.7461543822516	-16.1144608389012	-16.1264322481587	-16.9657053851196	-17.5291407414866	-9.86700877712598	-12.8530695861681	-14.2344908694437	-7.78863771357311	-8.7461543822516	-15.504831398927	-15.2422384111218	-11.2315812094218	-14.7000904658328	-7.00854487151997	-10.0299473482522	-6.30795659805352	-13.3835843028669	-8.46075216338935	-11.268107085447	-10.8530695861681	-12.968546803588	-5.13776753601911	-12.8530695861681	-11.3440559386803	-12.7461543822516	-12.3835843028669	-15.504831398927	-12.1611918815304	-16.2680545868555	-5.82473845476654	-7.3198896275495	-12.7461543822516	-14.5078396786765	-5.85393685102193	-2.52517153116982	-10.5535093043092	-15.7861547425589	-7.37858362180852	-14.5442400064417	-15.4731243779008	-7.61099479896996	-4.08641327040345	-5.21310281345591	-15.0225659718147	-11.0616562079795	-10.6955283091816	-8.20478115007812	-4.37702445701731	-7.08998493103802	-7.93879946019399	-14.2734192413448	-6.52008630277175	-7.45022149589718	-8.60514207272452	-10.0777758733428	-5.61834425470551	-15.4704173879792	-9.30558179086562	-13.9443460341378	-14.9227547263086	-7.13144453813639	-10.7206192901445	-7.01435049320117	-14.8185522208775	-14.0495933331794	-14.6660143652164	-13.7521157796728	-4.17115547064469	-9.4345682315857	-7.64061996807924	-7.29848073449047	-9.26810708544695	-14.2446797245828	-7.35629261119915
ERR3928979	-13.5680748695232	-10.3201473560796	-16.8045974212163	-11.9831123688021	-8.27652042367938	-16.2734192413448	-9.74364643410668	-13.831109275357	-13.3456824481868	-7.48415238597814	-10.831109275357	-14.8658903080872	-8.47355727073894	-12.9831123688021	-16.0054710441695	-6.33925617902735	-12.831109275357	-14.1530373702444	-12.9831123688021	-11.831109275357	-8.83110927535702	-13.1530373702444	-14.9299848578272	-16.1089599873599	-15.6835429492821	-11.9831123688021	-4.39689807187146	-16.2073829821454	-15.9310144680342	-15.6835429492821	-15.285052966554	-5.5337344148287	-16.6597172238616	-16.7373397798848	-16.9911564316146	-15.8186820283333	-15.8506385860173	-14.8359393666587	-10.0869481797866	-13.3456824481868	-12.5680748695232	-14.5013707210169	-14.8506385860173	-14.5077172270297	-13.831109275357	-15.6257944434743	-12.9831123688021	-5.09099123252389	-13.831109275357	-8.69360575160709	-2.66582538703457	-7.04974956183236	-15.9872751165175	-14.8185522208775	-16.230308205244	-15.1530373702444	-2.85913470162286	-7.9051098568008	-16.8500036561088	-6.87226660011378	-13.1530373702444	-16.8709426066494	-15.6835429492821	-16.5414697474375	-10.5984485185667	-11.4525976521033	-15.8500036561088	-9.84925662206728	-16.7967494219023	-15.856814552503	-10.9831123688021	-3.60205015572286	-16.1865398646658	-15.8827704002946	-15.1353405502535	-16.350283136402	-17.9672712973138	-15.0194045717568	-9.06557452899404	-9.14181011482113	-12.5680748695232	-7.38485304546746	-14.807266864253	-16.0270096477109	-14.1530373702444	-17.0495933331794	-16.2734192413448	-13.5680748695232	-11.9051098568008	-6.99064604148748	-12.6936057516071	-15.1609349952268	-12.9378084827105	-16.1523772791636	-15.1599163752562	-16.2338692909342	-16.218474944346	-15.9117196656231	-7.43879185257826	-11.9831123688021	-13.3456824481868	-15.7644051268507	-12.3456824481868	-15.9911564316146	-15.2809278073661	-14.8355460427272	-10.6294754141874	-14.0055300864964	-13.5680748695232	-16.6597172238616	-16.3807428843985	-16.1144608389012	-16.1264322481587	-16.9657053851196	-17.5291407414866	-10.1086432508859	-13.831109275357	-14.2344908694437	-9.58318176191344	-10.4525976521033	-15.504831398927	-15.2422384111218	-12.4525976521033	-14.7000904658328	-11.9051098568008	-11.7607199474656	-6.83110927535702	-10.4251169156812	-10.3716776567197	-14.7556308871522	-9.77799793889746	-12.831109275357	-7.4319381815372	-15.8827704002946	-14.1495639379677	-15.2446797245828	-13.3456824481868	-15.504831398927	-15.4763032032435	-16.2680545868555	-8.14181011482113	-7.9881304435687	-12.2461467746359	-9.30754731930001	-5.05698113106344	-2.08846299709524	-15.3134215969707	-15.7861547425589	-7.19884105985751	-13.3456824481868	-15.4731243779008	-9.59844851856675	-4.51324447696507	-6.53832752612918	-15.0225659718147	-12.2461467746359	-11.7607199474656	-8.54570705649477	-16.1240674467615	-7.69771014993982	-13.1530373702444	-14.2734192413448	-9.67730393927799	-9.56807486952323	-14.6122541923889	-12.1530373702444	-7.95828051582214	-15.4704173879792	-11.6936057516071	-10.0869481797866	-14.9227547263086	-10.0237543532994	-14.1495639379677	-11.1086432508859	-14.8185522208775	-14.0495933331794	-14.6660143652164	-9.27039432088254	-5.20613109578799	-8.46653684306117	-6.62556036418399	-6.28575863053472	-16.3267571649019	-14.2446797245828	-6.47179895846658
ERR3928980	-16.0489018956376	-13.0489018956376	-14.4639393949165	-11.8789768941953	-14.4639393949165	-16.2734192413448	-13.4639393949165	-13.5894702770003	-15.2117869211812	-5.22633106468745	-6.30659245955361	-12.8789768941953	-10.24154697358	-15.549014511762	-16.0054710441695	-12.2940143934741	-12.8789768941953	-16.7059698046375	-15.0489018956376	-7.5792600783981	-17.0863332217381	-11.1662588462758	-14.9299848578272	-16.1089599873599	-5.76871110342071	-12.7269738007503	-13.8789768941953	-16.2073829821454	-15.9310144680342	-8.64376043250127	-10.7451211474605	-12.8789768941953	-16.6597172238616	-16.7373397798848	-15.4639393949165	-14.7269738007503	-15.8506385860173	-14.8359393666587	-11.9196188786926	-15.9449979549621	-12.2940143934741	-12.8789768941953	-14.8506385860173	-14.5077172270297	-16.2337195276121	-15.6257944434743	-15.4154116849974	-7.15256949172767	-13.0489018956376	-10.0602172088654	-1.20179559899777	-13.7269738007503	-15.9872751165175	-14.8185522208775	-16.230308205244	-16.8186820283333	-9.419545275558	-15.702858076899	-16.8500036561088	-4.11079256941837	-12.800974382194	-16.8709426066494	-15.6835429492821	-8.28071757086069	-11.4639393949165	-12.6565844728589	-8.30406805813807	-16.1832735252166	-16.7967494219023	-11.6226371409355	-9.48665947141654	-8.85414504121537	-11.7634996767754	-11.0716219721377	-8.07448730583209	-16.350283136402	-17.9672712973138	-15.0194045717568	-15.2350632755068	-15.158350463062	-15.823541395947	-8.84922955080125	-14.807266864253	-16.0270096477109	-14.0489018956376	-17.0495933331794	-6.79033586174768	-15.1240674467615	-12.4639393949165	-13.1420113000291	-12.24154697358	-15.1609349952268	-12.9378084827105	-16.1523772791636	-15.1599163752562	-14.4639393949165	-13.7269738007503	-15.9117196656231	-10.0489018956376	-9.38356597845244	-14.9813888961172	-15.7644051268507	-15.5495320057657	-15.9911564316146	-15.2809278073661	-14.8355460427272	-8.22553465559138	-14.0055300864964	-15.0489018956376	-16.6597172238616	-16.3807428843985	-14.7269738007503	-15.0489018956376	-16.9657053851196	-14.7269738007503	-13.24154697358	-15.8152707059652	-14.2344908694437	-14.4639393949165	-8.88903055885922	-15.504831398927	-15.2422384111218	-9.32780270693043	-14.7000904658328	-15.1278907150655	-8.717985017523	-10.2160118814729	-13.24154697358	-10.1662588462758	-14.7556308871522	-12.6565844728589	-13.3484621774965	-12.0489018956376	-15.8827704002946	-14.1495639379677	-15.2446797245828	-15.7715023653869	-15.504831398927	-15.4763032032435	-14.24154697358	-10.6226371409355	-8.56106186181456	-14.8724931961221	-14.5078396786765	-10.6565844728589	-9.56508611837336	-11.49431304396	-10.7451211474605	-6.57722668124557	-3.22742684554108	-15.4731243779008	-13.9385425738904	-6.90424365280573	-8.29735783654852	-15.0225659718147	-15.1404803157648	-15.2789782996805	-5.96409350783325	-16.1240674467615	-7.7797752164882	-15.2734192413448	-12.8789768941953	-13.3484621774965	-13.7269738007503	-14.6122541923889	-15.4646308324583	-13.7925327440138	-13.1420113000291	-14.1710203825119	-13.9443460341378	-14.9227547263086	-6.93515972958843	-5.49575262003907	-9.92996082291411	-14.8185522208775	-14.0495933331794	-11.0265340826092	-6.77627211066124	-3.07547358009751	-14.1972166931101	-6.10712065335908	-7.87397621313693	-6.81888145993198	-14.2446797245828	-4.52118055135309
ERR3928981	-17.0489018956376	-12.5454598834151	-13.9860324748011	-11.6641043799137	-13.2084248961375	-16.2734192413448	-13.3339557782214	-15.7644051268507	-15.2117869211812	-4.71390261303185	-5.59740009883016	-12.3339557782214	-9.23879854518103	-15.549014511762	-16.0054710441695	-13.0929476787176	-13.3339557782214	-14.7933873968587	-16.7090299474826	-7.5937150520223	-17.0863332217381	-12.0384998946952	-14.9299848578272	-16.1089599873599	-5.68813361715778	-13.9860324748011	-15.4475675741951	-16.2073829821454	-15.9310144680342	-8.53129255148848	-11.238798545181	-13.4714593019713	-16.6597172238616	-16.7373397798848	-16.9911564316146	-15.8186820283333	-15.8506385860173	-14.8359393666587	-12.5454598834151	-15.9449979549621	-12.3339557782214	-14.5013707210169	-14.8506385860173	-14.5077172270297	-16.2337195276121	-15.6257944434743	-15.4154116849974	-6.76272026061172	-12.5454598834151	-10.0791418791925	-1.08357660266487	-13.6234623954164	-15.9872751165175	-13.6234623954164	-16.230308205244	-16.8186820283333	-9.20093035959058	-15.702858076899	-16.8500036561088	-4.63509329325463	-11.6641043799137	-16.8709426066494	-15.6835429492821	-8.85674945785609	-12.2084248961375	-12.4010699740799	-8.25811202023786	-16.1832735252166	-15.7933873968587	-12.6234623954164	-10.6641043799137	-8.65383604445987	-16.1865398646658	-12.2084248961375	-7.60603532365817	-16.350283136402	-13.6234623954164	-15.0194045717568	-15.2350632755068	-15.158350463062	-15.823541395947	-9.03849989469519	-14.807266864253	-12.8864968012501	-12.7933873968587	-17.0495933331794	-7.18790787879699	-15.1240674467615	-15.8658903080872	-12.8864968012501	-11.1786775527435	-15.1609349952268	-12.9378084827105	-16.1523772791636	-15.1599163752562	-13.7933873968587	-16.218474944346	-15.9117196656231	-10.0384998946952	-8.75996439532121	-14.9813888961172	-12.4714593019713	-15.5495320057657	-15.9911564316146	-13.9860324748011	-14.8355460427272	-6.57180027559386	-14.0055300864964	-14.4714593019713	-16.6597172238616	-13.2084248961375	-16.1144608389012	-14.2084248961375	-16.9657053851196	-17.5291407414866	-14.8709163440766	-15.8152707059652	-14.2344908694437	-13.9860324748011	-8.79903395999981	-15.504831398927	-15.2422384111218	-9.73810496135747	-14.7000904658328	-12.8864968012501	-8.48504836671926	-10.2084248961375	-14.9441782407655	-10.5454598834151	-14.7556308871522	-12.0929476787176	-13.4714593019713	-12.7933873968587	-15.8827704002946	-14.1495639379677	-13.6234623954164	-15.7715023653869	-15.504831398927	-15.4763032032435	-16.2680545868555	-10.4358353922406	-7.66668292401547	-14.8724931961221	-14.5078396786765	-10.6848629400805	-9.26200593634235	-10.4183479655117	-11.4010699740799	-6.50798517799641	-3.46177062301359	-15.4731243779008	-13.9385425738904	-7.20280034694363	-7.23114497263759	-15.0225659718147	-15.1404803157648	-15.2789782996805	-5.7537828789049	-16.1240674467615	-8.69535531389814	-13.7933873968587	-14.2734192413448	-12.3339557782214	-14.7556308871522	-14.6122541923889	-15.4646308324583	-11.9354064017311	-15.4704173879792	-14.1710203825119	-13.9443460341378	-14.9227547263086	-6.49303483653044	-5.79903395999981	-9.67444632413516	-14.8185522208775	-14.0495933331794	-10.7489932775002	-7.02520307208174	-3.57679309021987	-14.1972166931101	-5.51261662672806	-7.52894479663206	-7.22923790687293	-14.2446797245828	-4.77275463520096
ERR3928982	-17.0489018956376	-8.81604175863666	-16.8045974212163	-11.6179627946436	-14.0585353860296	-16.2734192413448	-13.1654505899461	-13.6959653066449	-15.2117869211812	-7.98019393474783	-11.137969853524	-13.8658903080872	-12.7784274668369	-15.549014511762	-16.0054710441695	-7.49738384657953	-13.5439622131999	-14.8658903080872	-14.8658903080872	-12.6959653066449	-17.0863332217381	-14.5439622131999	-14.9299848578272	-16.1089599873599	-15.6835429492821	-9.01414126667117	-13.4064586894499	-16.2073829821454	-15.9310144680342	-15.6835429492821	-15.285052966554	-10.8886103845873	-16.6597172238616	-16.7373397798848	-16.9911564316146	-15.8186820283333	-15.8506385860173	-14.8359393666587	-12.9589997124787	-15.9449979549621	-15.2789782996805	-14.5013707210169	-14.8506385860173	-14.5077172270297	-16.2337195276121	-15.6257944434743	-15.4154116849974	-11.580488089225	-13.8658903080872	-6.78907471103639	-3.69988418513673	-12.5439622131999	-15.9872751165175	-14.8185522208775	-14.5439622131999	-13.6959653066449	-0.813683145986238	-13.5439622131999	-16.8500036561088	-6.41777400267776	-12.4735728853085	-16.8709426066494	-15.6835429492821	-10.3113014564096	-9.58048808922497	-8.33841330202683	-13.2809278073661	-16.1832735252166	-10.1654505899461	-15.856814552503	-14.8682438177046	-9.23653368800761	-16.1865398646658	-15.8827704002946	-13.2809278073661	-16.350283136402	-17.9672712973138	-15.0194045717568	-15.2350632755068	-11.4064586894499	-15.823541395947	-9.87720562131506	-14.807266864253	-16.0270096477109	-16.2509768659375	-17.0495933331794	-9.22926568754357	-15.1240674467615	-14.8658903080872	-9.31130145640959	-15.8294130574836	-13.8658903080872	-12.9378084827105	-16.1523772791636	-15.1599163752562	-16.2338692909342	-16.218474944346	-13.5439622131999	-7.03775382389312	-11.1110028059238	-13.8658903080872	-15.7644051268507	-13.2809278073661	-15.9911564316146	-14.2809278073661	-14.8355460427272	-10.2960346997563	-14.0055300864964	-14.0585353860296	-16.6597172238616	-16.3807428843985	-16.1144608389012	-16.1264322481587	-16.9657053851196	-17.5291407414866	-10.6760657492072	-15.8152707059652	-14.2344908694437	-12.2809278073661	-10.137969853524	-15.504831398927	-15.2422384111218	-12.9589997124787	-14.7000904658328	-9.5712695591956	-11.8214961887288	-7.03300029392248	-9.81060787258603	-12.9589997124787	-11.8658903080872	-8.93515297052434	-10.5083383034691	-8.63227063132752	-15.8827704002946	-14.1495639379677	-15.2446797245828	-15.7715023653869	-15.504831398927	-15.4763032032435	-13.6959653066449	-6.43543775642169	-10.9116939977003	-14.8724931961221	-14.5078396786765	-6.26319144306926	-3.26261169821882	-15.3134215969707	-15.7861547425589	-10.3901568771208	-13.5439622131999	-15.4731243779008	-7.52159440017141	-4.67761055612308	-6.73918583524403	-15.0225659718147	-12.7784274668369	-11.0330002939225	-7.43334840769896	-8.00170416343294	-9.56210955991012	-9.98324725872538	-8.58511953795662	-6.08781317855186	-8.44803779320132	-10.251180463972	-12.2809278073661	-6.79174884533472	-15.4704173879792	-9.49956809384141	-10.7784274668369	-6.05531867334608	-9.02040025714285	-14.1495639379677	-9.7678582251267	-14.8185522208775	-14.0495933331794	-14.6660143652164	-11.0585353860296	-6.80789858532805	-12.0079093129597	-8.46928552690536	-6.15594492785473	-9.9589997124787	-14.2446797245828	-8.74694923536372
ERR3929033	-17.0489018956376	-12.9443460341378	-16.8045974212163	-11.8937199610679	-16.8709426066494	-16.2734192413448	-11.3254362014933	-13.9443460341378	-13.2922693375581	-8.03060176748825	-10.729333143167	-14.8658903080872	-9.37666152484851	-15.549014511762	-14.1667384554743	-7.76017911011974	-13.9443460341378	-16.7059698046375	-13.2922693375581	-10.996813454032	-10.1667384554743	-14.7517009561954	-14.9299848578272	-16.1089599873599	-15.6835429492821	-13.4297728613081	-8.30875746034671	-16.2073829821454	-15.9310144680342	-15.6835429492821	-15.285052966554	-6.89839140079176	-14.7517009561954	-16.7373397798848	-16.9911564316146	-9.62241793925047	-13.7517009561954	-14.8359393666587	-15.0270096477109	-15.9449979549621	-15.2789782996805	-11.8448103605869	-4.49608220635584	-14.5077172270297	-16.2337195276121	-12.6642381149451	-8.85083414821469	-11.1667384554743	-13.9443460341378	-7.61727463597451	-6.05734306897399	-5.53253243573328	-14.4297728613081	-5.72241372922719	-16.230308205244	-12.3593835334167	-1.12639164887962	-15.702858076899	-14.7517009561954	-10.0102339697943	-12.6642381149451	-16.8709426066494	-15.6835429492821	-9.68561176573767	-11.6642381149451	-14.8173501150752	-12.2281390001384	-16.1832735252166	-16.7967494219023	-15.856814552503	-14.8682438177046	-2.46442145009252	-16.1865398646658	-15.8827704002946	-15.1353405502535	-16.350283136402	-17.9672712973138	-11.3593835334167	-9.6642381149451	-12.2922693375581	-9.44792020801833	-5.93952365068099	-14.807266864253	-16.0270096477109	-16.2509768659375	-17.0495933331794	-16.2734192413448	-11.1369911120802	-12.9443460341378	-8.07574392325369	-11.6642381149451	-5.30461772998579	-12.9378084827105	-9.44792020801833	-15.1599163752562	-16.2338692909342	-16.218474944346	-12.4297728613081	-9.25185506911223	-12.2922693375581	-9.45708020730381	-15.7644051268507	-13.4297728613081	-15.9911564316146	-12.2281390001384	-14.8355460427272	-14.7361587837346	-14.0055300864964	-16.2338692909342	-16.6597172238616	-15.1667384554743	-13.4297728613081	-14.7517009561954	-16.9657053851196	-17.5291407414866	-10.5037734427519	-15.8152707059652	-14.2344908694437	-10.5228822656996	-9.94434603413783	-11.7975046458086	-12.5817759547531	-11.707306836837	-14.7000904658328	-11.2598478598658	-11.8937199610679	-5.66755694558029	-10.6642381149451	-13.2922693375581	-14.7556308871522	-6.11326504220497	-8.98351663141851	-10.0512612380543	-15.8827704002946	-14.1495639379677	-15.2446797245828	-15.7715023653869	-15.504831398927	-15.4763032032435	-16.2680545868555	-7.60704271336356	-15.3807428843985	-12.7517009561954	-14.5078396786765	-7.38537874194962	-4.21181516344396	-15.3134215969707	-15.7861547425589	-7.95080105627513	-14.5442400064417	-12.1667384554743	-13.9385425738904	-5.17050037427048	-8.80333372461076	-15.0225659718147	-10.8690579068336	-15.2789782996805	-10.1078447664207	-16.1240674467615	-9.42977286130808	-15.2734192413448	-10.8937199610679	-9.89371996106787	-9.38537874194962	-12.1667384554743	-12.6642381149451	-8.35082151991325	-12.9443460341378	-9.94434603413783	-12.9443460341378	-14.9227547263086	-9.74047370077218	-14.1495639379677	-11.3254362014933	-14.8185522208775	-14.0495933331794	-14.6660143652164	-11.2598478598658	-6.38428620494861	-14.1972166931101	-10.6224179392505	-9.59182961941705	-16.3267571649019	-14.2446797245828	-9.76301626942327
ERR3929034	-17.0489018956376	-10.7783509636523	-16.8045974212163	-11.8893822760411	-13.3633134643735	-16.2734192413448	-10.4457756245655	-14.2113103709284	-15.2117869211812	-7.16691625156997	-10.3633134643735	-14.8658903080872	-12.7258835437582	-13.0738068471785	-16.0054710441695	-7.6721515598204	-2.11928004517656	-16.7059698046375	-13.2113103709284	-11.2478362469535	-12.5332384658158	-16.5414697474375	-14.9299848578272	-16.1089599873599	-15.6835429492821	-16.635349691858	-6.70034845165105	-16.2073829821454	-15.9310144680342	-15.6835429492821	-15.285052966554	-7.66905232116151	-16.6597172238616	-16.7373397798848	-16.9911564316146	-11.4888443464573	-14.2113103709284	-14.8359393666587	-8.18451031158471	-15.9449979549621	-13.5332384658158	-13.3633134643735	-8.48338991636523	-14.5077172270297	-10.7518787522911	-13.2113103709284	-15.4154116849974	-10.8327987476747	-13.2113103709284	-9.12384752967809	-2.13322629438743	-15.5555178150437	-15.9872751165175	-6.04740915711389	-16.230308205244	-16.8186820283333	-9.34341390693577	-6.72588354375819	-16.8500036561088	-6.95203788389083	-10.2478362469535	-16.8709426066494	-15.6835429492821	-12.3633134643735	-10.8893822760411	-14.8173501150752	-15.8500036561088	-4.33663633929262	-16.7967494219023	-15.856814552503	-12.2853109523722	-3.14239777004912	-16.1865398646658	-15.8827704002946	-15.1353405502535	-16.350283136402	-13.5332384658158	-12.2113103709284	-9.45642286876496	-15.158350463062	-11.3237851001868	-7.04138536948612	-14.807266864253	-9.43520638285526	-16.2509768659375	-17.0495933331794	-13.0738068471785	-8.56169491186502	-15.8658903080872	-7.38858022298391	-13.3633134643735	-6.27585062312314	-9.10697371111369	-4.5178234134291	-15.1599163752562	-12.2853109523722	-13.2113103709284	-15.9117196656231	-8.95580963778004	-12.5332384658158	-14.9813888961172	-15.7644051268507	-15.5495320057657	-15.9911564316146	-12.6263478702073	-14.8355460427272	-14.7361587837346	-14.0055300864964	-16.2338692909342	-16.6597172238616	-16.3807428843985	-11.0738068471785	-16.1264322481587	-16.9657053851196	-17.5291407414866	-14.8709163440766	-15.8152707059652	-14.2344908694437	-9.88938227604107	-10.7258835437582	-15.504831398927	-15.2422384111218	-12.0096765097588	-12.2853109523722	-12.2853109523722	-15.3600354542409	-8.98634400592815	-11.0096765097588	-10.4888443464573	-14.7556308871522	-9.93332562362866	-15.5555178150437	-5.55954109951044	-15.8827704002946	-14.1495639379677	-15.2446797245828	-15.7715023653869	-15.504831398927	-15.4763032032435	-16.2680545868555	-10.3633134643735	-15.3807428843985	-14.8724931961221	-14.5078396786765	-8.00576145975539	-3.86015027290643	-13.7258835437582	-15.7861547425589	-7.67837008255555	-14.5442400064417	-15.4731243779008	-10.5108706527873	-4.00625026038378	-14.0085902293415	-15.0225659718147	-15.1404803157648	-15.2789782996805	-12.140921043037	-16.1240674467615	-9.99407965470776	-15.2734192413448	-7.1174966975257	-15.5280755612214	-8.88218677463686	-14.6122541923889	-15.4646308324583	-10.4888443464573	-15.4704173879792	-9.99407965470776	-11.7783509636523	-14.9227547263086	-9.86081312384429	-10.8327987476747	-7.30923679161768	-14.8185522208775	-14.0495933331794	-14.6660143652164	-10.3434139069358	-5.20176164395617	-14.1972166931101	-10.0413853694861	-9.01753862753175	-16.3267571649019	-14.2446797245828	-9.15819903446886
ERR3929035	-13.083719387178	-12.2536443886204	-16.8045974212163	-12.7942127699831	-9.98685784792546	-16.2734192413448	-11.2536443886204	-15.7644051268507	-15.2117869211812	-8.08873746194467	-10.1038972691157	-14.8658903080872	-12.4462894665628	-15.549014511762	-11.5532046704793	-8.51893476839452	-8.35882662531242	-16.7059698046375	-14.2536443886204	-15.3510427403564	-17.0863332217381	-16.5414697474375	-14.9299848578272	-16.1089599873599	-15.6835429492821	-13.4462894665628	-6.88077932850778	-16.2073829821454	-15.9310144680342	-15.6835429492821	-15.285052966554	-9.42075437445562	-13.083719387178	-9.23127657559191	-16.9911564316146	-15.8186820283333	-15.8506385860173	-14.8359393666587	-13.2536443886204	-15.9449979549621	-15.2789782996805	-11.6686818878992	-8.13990222257118	-14.5077172270297	-16.2337195276121	-15.6257944434743	-15.4154116849974	-8.24801983942648	-8.79421276998307	-10.6686818878992	-7.14511993184219	-8.82737963391826	-10.2763644651204	-7.30820055224245	-16.230308205244	-16.8186820283333	-0.532011125557362	-15.702858076899	-13.4462894665628	-9.82737963391826	-13.083719387178	-16.8709426066494	-15.6835429492821	-11.4462894665628	-12.6686818878992	-12.7942127699831	-15.8500036561088	-7.53596796555397	-16.7967494219023	-15.856814552503	-14.8682438177046	-4.26247688248035	-16.1865398646658	-15.8827704002946	-15.1353405502535	-16.350283136402	-17.9672712973138	-11.4987568864569	-10.2763644651204	-12.4462894665628	-9.59543290586857	-7.96362554168774	-10.0638198297403	-16.0270096477109	-16.2509768659375	-17.0495933331794	-16.2734192413448	-13.4462894665628	-15.8658903080872	-8.02964271442226	-15.8294130574836	-7.29364245655228	-7.97287361848976	-16.1523772791636	-15.1599163752562	-16.2338692909342	-16.218474944346	-12.2536443886204	-7.35579893261485	-9.82737963391826	-11.3956633934928	-15.7644051268507	-13.6686818878992	-15.9911564316146	-12.3467537930118	-14.8355460427272	-14.7361587837346	-14.0055300864964	-16.2338692909342	-16.6597172238616	-16.3807428843985	-16.1144608389012	-16.1264322481587	-16.9657053851196	-17.5291407414866	-11.5532046704793	-15.8152707059652	-14.2344908694437	-12.5532046704793	-11.1243613716754	-15.504831398927	-15.2422384111218	-14.9482759650946	-12.5532046704793	-8.14511993184219	-11.0441910229914	-6.42233714481831	-9.1243613716754	-12.4462894665628	-14.7556308871522	-5.81901616098364	-12.2536443886204	-9.01523964929528	-15.8827704002946	-14.1495639379677	-15.2446797245828	-15.7715023653869	-15.504831398927	-15.4763032032435	-16.2680545868555	-9.79421276998307	-15.3807428843985	-14.8724931961221	-10.931716293733	-8.24241713319711	-4.7443642205325	-15.3134215969707	-15.7861547425589	-8.8613269658416	-13.4462894665628	-15.4731243779008	-13.9385425738904	-5.89829329219555	-5.30163122373088	-15.0225659718147	-12.16618154737	-15.2789782996805	-9.66868188789921	-16.1240674467615	-10.083719387178	-15.2734192413448	-12.5532046704793	-12.7942127699831	-9.60978819884564	-14.6122541923889	-15.4646308324583	-5.42312918164352	-10.0638198297403	-10.5257239340572	-13.9443460341378	-14.9227547263086	-12.083719387178	-14.1495639379677	-12.7267104354715	-14.8185522208775	-14.0495933331794	-14.6660143652164	-10.8273796339183	-6.61339945239802	-14.1972166931101	-9.60978819884564	-9.38327966903696	-16.3267571649019	-14.2446797245828	-12.7942127699831
ERR3929036	-17.0489018956376	-9.01651955675626	-16.8045974212163	-11.3296774420159	-9.00774934712853	-16.2734192413448	-9.83491275026632	-15.7644051268507	-11.9146399427371	-5.64445081782131	-9.75936171725914	-14.8658903080872	-12.7891090606532	-15.549014511762	-16.0054710441695	-8.14045188461465	-14.7891090606532	-16.7059698046375	-16.7090299474826	-6.7966427333386	-17.0863332217381	-13.3740715613743	-14.9299848578272	-16.1089599873599	-9.01651955675626	-13.204146559932	-15.4475675741951	-16.2073829821454	-15.9310144680342	-15.6835429492821	-13.5667166393167	-15.0740438745602	-16.6597172238616	-10.5927118478497	-16.9911564316146	-12.5667166393167	-15.8506385860173	-14.8359393666587	-15.0270096477109	-15.9449979549621	-11.286608720124	-10.5927118478497	-14.8506385860173	-14.5077172270297	-7.763046764067	-11.6736318432333	-15.4154116849974	-9.70164621940285	-15.9227547263086	-6.54434882628829	-1.27418957926338	-13.052143466487	-15.9872751165175	-14.8185522208775	-12.3740715613743	-16.8186820283333	-8.6945914618689	-10.052143466487	-16.8500036561088	-7.12377314346802	-13.7891090606532	-16.8709426066494	-15.6835429492821	-16.5414697474375	-8.50988541672007	-6.72301987019542	-15.8500036561088	-16.1832735252166	-16.7967494219023	-15.856814552503	-14.8682438177046	-2.56812620957142	-16.1865398646658	-15.8827704002946	-10.286608720124	-16.350283136402	-12.286608720124	-15.0194045717568	-15.2350632755068	-15.158350463062	-15.823541395947	-7.63936194114851	-14.807266864253	-16.0270096477109	-16.2509768659375	-17.0495933331794	-7.47925379806641	-7.52544862094501	-11.6736318432333	-14.9990184806014	-15.8294130574836	-15.1609349952268	-12.9378084827105	-5.95516483011645	-15.1599163752562	-16.2338692909342	-16.218474944346	-15.9117196656231	-10.286608720124	-12.204146559932	-14.9813888961172	-15.7644051268507	-15.5495320057657	-15.9911564316146	-8.86627692117565	-12.1261440479308	-10.3967916378744	-14.0055300864964	-11.4198752509875	-16.6597172238616	-16.3807428843985	-8.70164621940285	-14.052143466487	-16.9657053851196	-14.3740715613743	-8.8042159530434	-15.8152707059652	-14.2344908694437	-12.052143466487	-10.5667166393167	-15.504831398927	-15.2422384111218	-8.24995024954516	-14.7000904658328	-15.1278907150655	-12.286608720124	-10.8194827096967	-14.9441782407655	-15.2650411553876	-14.7556308871522	-14.385893503597	-15.5555178150437	-4.81996240880035	-15.8827704002946	-14.1495639379677	-15.2446797245828	-15.7715023653869	-15.504831398927	-15.4763032032435	-16.2680545868555	-6.4656789406006	-15.3807428843985	-14.8724931961221	-14.5078396786765	-5.63429095160109	-3.72931396885809	-15.3134215969707	-15.7861547425589	-8.07029081319725	-8.1793147069521	-15.4731243779008	-12.1261440479308	-3.95516483011645	-8.48532831247609	-15.0225659718147	-11.5667166393167	-15.2789782996805	-10.052143466487	-16.1240674467615	-10.7891090606532	-15.2734192413448	-9.50370684179094	-5.47849627899366	-10.9478068066723	-12.4671809657658	-15.4646308324583	-11.0165195567563	-15.4704173879792	-7.54434882628829	-13.9443460341378	-14.9227547263086	-9.75936171725914	-14.1495639379677	-8.39107798668004	-11.286608720124	-14.0495933331794	-14.6660143652164	-13.7521157796728	-5.56913388932244	-14.1972166931101	-11.7302153715996	-15.1240674467615	-9.78910906065319	-14.2446797245828	-6.54593507718024
ERR3929037	-17.0489018956376	-12.3898852388921	-16.8045974212163	-12.3118827268908	-12.8593705221933	-16.2734192413448	-13.5598102403344	-15.7644051268507	-13.5598102403344	-7.31901890817242	-9.35035687470543	-14.8658903080872	-11.9159540505597	-15.549014511762	-16.0054710441695	-9.75245531827677	-4.1877614150616	-14.5598102403344	-16.7090299474826	-11.0052213886567	-13.237882145447	-16.5414697474375	-14.9299848578272	-16.1089599873599	-15.6835429492821	-12.5598102403344	-7.74923860559323	-16.2073829821454	-15.9310144680342	-15.6835429492821	-15.285052966554	-9.02842877981806	-12.9748477396132	-9.2110820861033	-16.9911564316146	-15.8186820283333	-15.8506385860173	-14.8359393666587	-9.57112555356221	-15.9449979549621	-11.9748477396132	-14.5013707210169	-10.7784505268097	-14.5077172270297	-16.2337195276121	-15.6257944434743	-15.4154116849974	-9.55981024033438	-13.5598102403344	-10.8873848983629	-7.35523909608517	-8.17179295498924	-15.9872751165175	-7.00522138865674	-16.230308205244	-13.7524553182768	-0.682717865306964	-15.702858076899	-16.8500036561088	-11.1674928175556	-13.7524553182768	-16.8709426066494	-15.6835429492821	-14.237882145447	-16.2337195276121	-12.8593705221933	-15.8500036561088	-8.48299464328355	-16.7967494219023	-15.856814552503	-13.1003786216971	-6.82171798071389	-16.1865398646658	-15.8827704002946	-15.1353405502535	-16.350283136402	-17.9672712973138	-9.80492273817091	-8.6056139299475	-9.93045362025477	-9.72692022616964	-8.08407680936798	-10.3699856814544	-16.0270096477109	-16.2509768659375	-17.0495933331794	-13.3898852388921	-15.1240674467615	-12.0362482842774	-8.56545680347552	-15.8294130574836	-10.5825303168345	-9.97484773961322	-16.1523772791636	-15.1599163752562	-12.3118827268908	-16.218474944346	-15.9117196656231	-9.84556472266826	-6.5541856911405	-11.9748477396132	-15.7644051268507	-15.5495320057657	-15.9911564316146	-13.237882145447	-10.0362482842774	-6.58253031683446	-9.57112555356221	-16.2338692909342	-16.6597172238616	-16.3807428843985	-13.5598102403344	-16.1264322481587	-16.9657053851196	-17.5291407414866	-10.9748477396132	-15.8152707059652	-14.2344908694437	-12.6529196447259	-10.4305272233894	-14.237882145447	-15.2422384111218	-13.1003786216971	-13.237882145447	-11.2022582357163	-12.0362482842774	-7.76214871448062	-9.94510039621917	-15.2650411553876	-14.7556308871522	-8.35035687470543	-12.8593705221933	-10.5374424273059	-15.8827704002946	-14.1495639379677	-15.2446797245828	-15.7715023653869	-15.504831398927	-15.4763032032435	-16.2680545868555	-9.07599446307012	-12.3898852388921	-14.8724931961221	-10.3898852388921	-8.82510062010854	-3.48015879618959	-15.3134215969707	-15.7861547425589	-7.71118729990504	-14.5442400064417	-15.4731243779008	-9.04411040205033	-4.20060975520075	-5.77272391578276	-15.0225659718147	-12.3898852388921	-15.2789782996805	-9.0679571440047	-11.1003786216971	-10.3898852388921	-10.6529196447259	-6.97484773961322	-7.54300195264782	-10.2022582357163	-12.1674928175556	-10.8873848983629	-7.43827672299435	-15.4704173879792	-9.59402595567229	-11.8593705221933	-8.2606022219471	-10.0520156001357	-12.9748477396132	-12.7267104354715	-14.8185522208775	-14.0495933331794	-14.6660143652164	-10.8318897857712	-7.51815108869716	-12.3118827268908	-11.1335454856323	-7.68329329376938	-16.3267571649019	-14.2446797245828	-9.45128578355621
ERR3929038	-17.0489018956376	-11.9989836214812	-16.8045974212163	-11.0555671498476	-16.8709426066494	-16.2734192413448	-12.9989836214812	-15.7644051268507	-15.2117869211812	-1.89247101141157	-5.34903659730947	-14.8658903080872	-12.3071059168435	-12.3071059168435	-16.0054710441695	-6.06824628391833	-13.3774952447349	-12.7925327440138	-16.7090299474826	-11.6994233396223	-14.6994233396223	-16.5414697474375	-14.9299848578272	-16.1089599873599	-9.01292281243909	-16.635349691858	-15.4475675741951	-16.2073829821454	-15.9310144680342	-15.6835429492821	-15.285052966554	-13.3774952447349	-16.6597172238616	-16.7373397798848	-14.6994233396223	-11.7452270292354	-15.8506385860173	-11.5701403226773	-12.7925327440138	-13.1144608389012	-8.93787210717783	-11.9989836214812	-14.8506385860173	-14.5077172270297	-14.3774952447349	-15.6257944434743	-15.4154116849974	-2.93880733646603	-15.9227547263086	-9.94453583745884	-4.41720364394972	-12.6994233396223	-15.9872751165175	-13.6994233396223	-16.230308205244	-13.8920684175647	-1.16341902233376	-13.52949833818	-16.8500036561088	-11.2075702432926	-12.611960498372	-16.8709426066494	-15.6835429492821	-16.5414697474375	-14.3774952447349	-13.239991720985	-15.8500036561088	-16.1832735252166	-13.3774952447349	-10.6550292202639	-9.09951049743518	-5.13909050540987	-10.8920684175647	-13.3774952447349	-15.1353405502535	-16.350283136402	-17.9672712973138	-15.0194045717568	-15.2350632755068	-15.158350463062	-15.823541395947	-14.2680545868555	-14.807266864253	-16.0270096477109	-12.1758613835653	-13.239991720985	-16.2734192413448	-15.1240674467615	-9.53955200284392	-13.3774952447349	-15.8294130574836	-11.5701403226773	-12.9378084827105	-16.1523772791636	-15.1599163752562	-9.9050074732722	-16.218474944346	-15.9117196656231	-10.611960498372	-8.42796031171793	-14.9813888961172	-15.7644051268507	-15.5495320057657	-15.9911564316146	-13.3774952447349	-13.6994233396223	-7.60666619870246	-14.0055300864964	-16.2338692909342	-16.6597172238616	-16.3807428843985	-15.1144608389012	-14.6994233396223	-16.9657053851196	-17.5291407414866	-14.8709163440766	-15.8152707059652	-14.2344908694437	-15.4639393949165	-15.0451813603942	-15.504831398927	-15.2422384111218	-14.9482759650946	-14.7000904658328	-13.52949833818	-15.3600354542409	-10.4140211207601	-14.9441782407655	-15.2650411553876	-14.7556308871522	-12.3774952447349	-15.5555178150437	-12.9989836214812	-15.8827704002946	-14.1495639379677	-15.2446797245828	-15.7715023653869	-15.504831398927	-15.4763032032435	-16.2680545868555	-10.4706046491264	-15.3807428843985	-14.8724931961221	-14.5078396786765	-10.8414423444947	-9.30710591684355	-15.3134215969707	-15.7861547425589	-13.239991720985	-8.18767068585493	-15.4731243779008	-13.9385425738904	-10.2564798437736	-12.6994233396223	-15.0225659718147	-15.1404803157648	-15.2789782996805	-11.9445358374588	-16.1240674467615	-14.6301438611154	-13.3774952447349	-14.2734192413448	-12.52949833818	-12.8920684175647	-14.6122541923889	-15.4646308324583	-12.7925327440138	-11.8414423444947	-14.1710203825119	-13.9443460341378	-14.9227547263086	-13.083719387178	-14.1495639379677	-8.03764524185032	-14.8185522208775	-14.0495933331794	-14.6660143652164	-13.7521157796728	-10.0269979976508	-14.1972166931101	-12.52949833818	-12.611960498372	-14.6994233396223	-14.2446797245828	-12.9989836214812
ERR3929039	-17.0489018956376	-12.5391049460403	-10.5797469305377	-9.94084562270571	-16.8709426066494	-16.2734192413448	-12.6215671062323	-15.7644051268507	-13.3871018525953	-1.77843119512094	-5.11144290789642	-12.3871018525953	-10.901675025425	-13.1240674467615	-16.0054710441695	-5.70621493187558	-12.8021393518741	-16.7059698046375	-15.7090299474826	-10.4422434067877	-15.1240674467615	-16.5414697474375	-14.9299848578272	-16.1089599873599	-8.44224340678773	-12.1854679914256	-15.4475675741951	-16.2073829821454	-15.9310144680342	-15.6835429492821	-15.285052966554	-13.3871018525953	-16.6597172238616	-16.7373397798848	-15.1240674467615	-11.3514779428645	-15.8506385860173	-11.7548336370958	-10.7782926099197	-12.1240674467615	-8.68112395091275	-11.461102434039	-14.8506385860173	-14.5077172270297	-13.3871018525953	-15.6257944434743	-15.4154116849974	-2.96745762796415	-13.0085902293415	-10.8263868981208	-4.37811306936802	-12.0085902293415	-15.9872751165175	-14.8185522208775	-16.230308205244	-14.1240674467615	-1.31929778978434	-15.702858076899	-16.8500036561088	-11.154441095805	-12.6215671062323	-14.1240674467615	-15.6835429492821	-16.5414697474375	-14.3871018525953	-12.8021393518741	-15.8500036561088	-16.1832735252166	-16.7967494219023	-9.54915861070424	-8.86353989653826	-4.93177463229071	-9.50935760264627	-15.8827704002946	-15.1353405502535	-16.350283136402	-17.9672712973138	-15.0194045717568	-15.2350632755068	-15.158350463062	-15.823541395947	-13.1240674467615	-14.807266864253	-16.0270096477109	-12.6215671062323	-13.901675025425	-16.2734192413448	-14.1240674467615	-8.9211273880912	-12.8021393518741	-15.8294130574836	-11.8510489523551	-12.9378084827105	-16.1523772791636	-15.1599163752562	-8.62156710623229	-16.218474944346	-15.9117196656231	-10.2332965165162	-8.39161733371776	-14.9813888961172	-15.7644051268507	-15.5495320057657	-15.9911564316146	-12.1240674467615	-14.8355460427272	-7.54161180165089	-14.0055300864964	-14.3871018525953	-16.6597172238616	-14.3871018525953	-16.1144608389012	-16.1264322481587	-15.7090299474826	-14.1240674467615	-13.0085902293415	-15.8152707059652	-14.2344908694437	-15.4639393949165	-15.0451813603942	-15.504831398927	-15.2422384111218	-14.9482759650946	-14.7000904658328	-13.901675025425	-15.3600354542409	-10.2332965165162	-13.5391049460403	-15.2650411553876	-14.7556308871522	-12.5391049460403	-15.5555178150437	-12.461102434039	-15.8827704002946	-14.1495639379677	-15.2446797245828	-15.7715023653869	-15.504831398927	-15.4763032032435	-16.2680545868555	-10.4052491993055	-15.3807428843985	-14.8724931961221	-14.5078396786765	-10.9541424453192	-9.36917994459801	-15.3134215969707	-15.7861547425589	-12.1854679914256	-7.79016671020804	-15.4731243779008	-13.9385425738904	-10.3871018525953	-13.0085902293415	-15.0225659718147	-15.1404803157648	-15.2789782996805	-11.9541424453192	-15.1240674467615	-13.5391049460403	-15.2734192413448	-14.2734192413448	-13.7090299474826	-14.7556308871522	-14.6122541923889	-15.4646308324583	-12.3167125247039	-10.901675025425	-14.1710203825119	-13.9443460341378	-14.9227547263086	-13.083719387178	-14.1495639379677	-7.5266355940781	-14.8185522208775	-14.0495933331794	-14.6660143652164	-13.7521157796728	-9.94084562270571	-14.1972166931101	-12.0085902293415	-14.1240674467615	-16.3267571649019	-14.2446797245828	-11.8510489523551
ERR3929040	-11.4271100475306	-9.53581630697312	-16.8045974212163	-11.4271100475306	-11.5233253627899	-16.2734192413448	-10.5739514358599	-13.0593782630301	-15.2117869211812	-7.72667032938953	-6.95085380625197	-14.8658903080872	-14.3813063579175	-15.549014511762	-11.7374501681428	-7.13337884447392	-13.7963438571963	-16.7059698046375	-12.474415762309	-12.5739514358599	-17.0863332217381	-16.5414697474375	-14.9299848578272	-14.0593782630301	-15.6835429492821	-11.1333788444739	-15.4475675741951	-16.2073829821454	-15.9310144680342	-15.6835429492821	-15.285052966554	-9.19148179903748	-16.6597172238616	-16.7373397798848	-14.7963438571963	-15.8186820283333	-15.8506385860173	-14.8359393666587	-15.0270096477109	-15.9449979549621	-15.2789782996805	-12.2113813564752	-7.69480583073428	-14.5077172270297	-16.2337195276121	-15.6257944434743	-15.4154116849974	-12.1333788444739	-15.9227547263086	-6.72846138491552	-4.9270070642976	-12.474415762309	-15.9872751165175	-14.8185522208775	-16.230308205244	-13.3813063579175	-0.722983284877458	-15.702858076899	-16.8500036561088	-8.78884932064942	-12.2938435166672	-14.3813063579175	-15.6835429492821	-13.0593782630301	-10.8577444018605	-8.03701045000168	-15.8500036561088	-10.336912238559	-16.7967494219023	-15.856814552503	-14.8682438177046	-5.25073579511207	-16.1865398646658	-15.8827704002946	-15.1353405502535	-16.350283136402	-17.9672712973138	-13.2113813564752	-11.7374501681428	-15.158350463062	-10.5233253627899	-8.8735117177188	-14.807266864253	-6.39973907601449	-16.2509768659375	-17.0495933331794	-16.2734192413448	-12.6808666397764	-15.8658903080872	-6.49104208089639	-15.8294130574836	-6.9550416032154	-9.63983937151635	-10.0593782630301	-15.1599163752562	-16.2338692909342	-16.218474944346	-15.9117196656231	-6.04256997534358	-12.474415762309	-12.474415762309	-15.7644051268507	-15.5495320057657	-15.9911564316146	-15.2809278073661	-14.8355460427272	-10.2727819011393	-14.0055300864964	-16.2338692909342	-16.6597172238616	-13.5739514358599	-16.1144608389012	-16.1264322481587	-16.9657053851196	-14.3813063579175	-11.8577444018605	-15.8152707059652	-14.2344908694437	-10.6808666397764	-9.63983937151635	-12.7963438571963	-15.2422384111218	-11.8577444018605	-12.474415762309	-7.06389374415263	-15.3600354542409	-6.59177271294714	-9.62641885575403	-10.6533859033543	-14.7556308871522	-5.72667032938953	-10.2113813564752	-7.1694180633715	-15.8827704002946	-14.1495639379677	-15.2446797245828	-15.7715023653869	-15.504831398927	-15.4763032032435	-16.2680545868555	-6.93215771254206	-12.9218747392802	-14.8724931961221	-14.5078396786765	-5.8794691730152	-4.23569258240411	-13.7963438571963	-15.7861547425589	-8.9055729269511	-14.5442400064417	-15.4731243779008	-10.9550416032154	-5.69043534862519	-9.00626692657058	-15.0225659718147	-11.9889889351387	-15.2789782996805	-11.2520233409725	-16.1240674467615	-10.4505690203546	-8.82671750623986	-8.66706084025138	-7.23919930061495	-9.01498414367168	-11.9889889351387	-15.4646308324583	-4.66448689658755	-15.4704173879792	-9.72309487516571	-11.3813063579175	-14.9227547263086	-8.84992489740119	-14.1495639379677	-10.4505690203546	-14.8185522208775	-14.0495933331794	-14.6660143652164	-11.8577444018605	-6.71419481584247	-11.626418855754	-10.4986633085557	-6.49866330855566	-16.3267571649019	-14.2446797245828	-9.78139351573037
ERR3929041	-10.8854247639524	-8.8706781785832	-16.8045974212163	-11.8273218093888	-10.9459663058874	-16.2734192413448	-10.0640220674092	-14.0752493228324	-15.2117869211812	-7.55757993469859	-6.13346808055387	-13.0752493228324	-13.0752493228324	-13.3748096046913	-10.2678944007748	-6.89907617372492	-12.6829319000536	-16.7059698046375	-12.4902868221112	-12.3748096046913	-16.0752493228324	-16.5414697474375	-14.9299848578272	-13.2678944007748	-15.6835429492821	-10.3337823364313	-15.4475675741951	-16.2073829821454	-15.9310144680342	-15.6835429492821	-15.285052966554	-8.23604553473546	-16.6597172238616	-16.7373397798848	-15.4902868221112	-13.753321227945	-15.8506385860173	-14.8359393666587	-12.753321227945	-15.9449979549621	-15.2789782996805	-11.9459663058874	-7.01590486200798	-14.5077172270297	-15.0752493228324	-15.6257944434743	-15.4154116849974	-11.7898471039702	-14.2678944007748	-7.16535623906236	-4.97130589294085	-12.2678944007748	-15.9872751165175	-14.8185522208775	-16.230308205244	-16.8186820283333	-1.10512095770932	-15.702858076899	-16.8500036561088	-8.50539371450146	-12.6158177041951	-16.8709426066494	-15.6835429492821	-12.6829319000536	-11.4028239808609	-8.85608080237024	-14.2678944007748	-10.0199668873312	-16.7967494219023	-15.856814552503	-13.4902868221112	-4.97360187280164	-16.1865398646658	-15.8827704002946	-15.1353405502535	-16.350283136402	-17.9672712973138	-12.6829319000536	-10.9459663058874	-15.158350463062	-10.1327348174932	-8.59143354556815	-14.807266864253	-5.7743248318561	-16.2509768659375	-17.0495933331794	-16.2734192413448	-11.9053243213901	-15.8658903080872	-5.1389794652302	-12.753321227945	-5.73539931994778	-8.7944785527018	-9.36100380516628	-15.1599163752562	-16.2338692909342	-16.218474944346	-13.753321227945	-5.66426805578861	-11.2938896093077	-11.2938896093077	-15.7644051268507	-14.4902868221112	-15.9911564316146	-13.9053243213901	-13.0752493228324	-9.70020989148548	-14.0055300864964	-16.2338692909342	-16.6597172238616	-16.3807428843985	-14.2678944007748	-16.1264322481587	-16.9657053851196	-17.5291407414866	-11.5833962265027	-15.8152707059652	-14.2344908694437	-9.28734676344097	-9.13861138382983	-12.030855203474	-15.2422384111218	-12.1683587272239	-12.5516873667754	-6.75332122794504	-11.9053243213901	-6.39050070241078	-8.766910292693	-10.3070649980555	-14.7556308871522	-5.71002047358086	-10.2678944007748	-6.60357410844036	-15.8827704002946	-14.1495639379677	-15.2446797245828	-15.7715023653869	-15.504831398927	-15.4763032032435	-16.2680545868555	-5.89907617372492	-11.3473288682692	-14.8724931961221	-14.5078396786765	-5.36573466212569	-3.95403960642312	-12.753321227945	-15.7861547425589	-7.68293190005364	-14.5442400064417	-15.4731243779008	-10.5674546826337	-5.25347534086184	-7.87312549900194	-15.0225659718147	-11.7176973182143	-15.2789782996805	-10.8273218093888	-16.1240674467615	-9.04182632129496	-8.00916013237463	-7.2678944007748	-6.65318455665959	-8.59143354556815	-10.9877864815821	-12.2678944007748	-4.65292169885785	-15.4704173879792	-9.01996688733121	-10.4313931330577	-14.9227547263086	-8.63645747025414	-12.0752493228324	-10.1210530124455	-14.8185522208775	-14.0495933331794	-11.6158177041951	-11.7898471039702	-5.96737840855279	-10.5516873667754	-9.70020989148548	-5.57590168995581	-16.3267571649019	-14.2446797245828	-8.94082300261148
ERR3929042	-17.0489018956376	-12.8294130574836	-16.8045974212163	-11.5440108386214	-16.8709426066494	-16.2734192413448	-10.7850189381252	-13.022058135426	-13.6594880560413	-7.52791686250108	-10.8752167470968	-14.8658903080872	-15.3813063579175	-13.022058135426	-16.0054710441695	-7.7525974604328	-13.6594880560413	-16.7059698046375	-16.7090299474826	-12.6594880560413	-13.5074849625963	-16.5414697474375	-14.9299848578272	-16.1089599873599	-13.5074849625963	-16.635349691858	-15.4475675741951	-16.2073829821454	-15.9310144680342	-15.6835429492821	-11.1289733393425	-7.50073813015568	-13.2444505567625	-12.2444505567625	-16.9911564316146	-8.91652372125367	-15.8506385860173	-12.58148554404	-15.0270096477109	-15.9449979549621	-11.3058511014266	-11.6594880560413	-14.8506385860173	-14.5077172270297	-12.6594880560413	-11.7850189381252	-15.4154116849974	-8.72612524907161	-15.9227547263086	-7.91951997371359	-4.60661815461552	-9.97143206235606	-12.4370956347049	-9.63958849860361	-8.67966593797895	-8.53020503909635	-6.01242943422825	-15.702858076899	-16.8500036561088	-6.34660510075696	-13.1289733393425	-16.8709426066494	-15.6835429492821	-16.5414697474375	-10.7419502162333	-13.022058135426	-15.8500036561088	-16.1832735252166	-16.7967494219023	-14.5074849625963	-10.6395884986036	-1.74485377527272	-13.8294130574836	-13.5074849625963	-15.1353405502535	-16.350283136402	-13.6594880560413	-8.70529174565444	-8.84641948278932	-11.337559961154	-15.823541395947	-7.08457921998409	-14.807266864253	-16.0270096477109	-16.2509768659375	-12.9225224618751	-16.2734192413448	-15.1240674467615	-15.8658903080872	-8.11173663441724	-14.8294130574836	-15.1609349952268	-12.9378084827105	-13.8294130574836	-15.1599163752562	-13.5074849625963	-16.218474944346	-15.9117196656231	-9.14291253030041	-13.022058135426	-9.87521674709676	-15.7644051268507	-15.5495320057657	-15.9911564316146	-10.2595574491527	-10.3536796265172	-12.9225224618751	-14.0055300864964	-11.2147032133684	-16.6597172238616	-13.5074849625963	-16.1144608389012	-14.022058135426	-16.9657053851196	-9.91054982020904	-10.6796659379789	-15.8152707059652	-14.2344908694437	-13.5074849625963	-13.3699814388463	-15.504831398927	-12.7419502162333	-9.82941305748363	-12.1855568677089	-9.77413062198244	-15.3600354542409	-2.99148952036879	-7.82378850828975	-11.8294130574836	-14.7556308871522	-5.96059050270863	-13.1289733393425	-8.2295002152965	-12.7419502162333	-14.1495639379677	-12.2444505567625	-15.7715023653869	-15.504831398927	-15.4763032032435	-16.2680545868555	-5.30438171235963	-12.9225224618751	-12.9225224618751	-14.5078396786765	-7.44787010629905	-4.13135957332009	-11.1855568677089	-11.58148554404	-7.99969032239757	-12.5074849625963	-15.4731243779008	-13.9385425738904	-1.91330034234224	-8.77413062198244	-15.0225659718147	-15.1404803157648	-10.5074849625963	-11.4370956347049	-14.8294130574836	-7.98392300653926	-15.2734192413448	-12.4370956347049	-8.63958849860361	-12.6594880560413	-14.6122541923889	-15.4646308324583	-6.07202304811699	-15.4704173879792	-7.73665591656378	-13.9443460341378	-14.9227547263086	-8.56731821211345	-10.3536796265172	-7.13766953831236	-10.6005943669877	-12.6594880560413	-8.58148554404005	-8.46746928374839	-6.78912333645791	-14.1972166931101	-9.14993295797819	-9.88689855214439	-14.022058135426	-14.2446797245828	-9.12205392540275
ERR3929043	-17.0489018956376	-13.4654246904157	-16.8045974212163	-11.8804621896946	-16.8709426066494	-16.2734192413448	-8.24303226907927	-14.3134215969707	-13.4654246904157	-6.16062974533154	-8.94884916467481	-12.9349099737169	-12.3874221784144	-13.635349691858	-16.0054710441695	-8.94884916467481	-14.0503871911369	-14.635349691858	-16.7090299474826	-8.95586959235258	-17.0863332217381	-16.5414697474375	-14.9299848578272	-16.1089599873599	-15.6835429492821	-15.635349691858	-7.11964985357398	-16.2073829821454	-15.9310144680342	-15.6835429492821	-13.635349691858	-6.23660599991983	-16.6597172238616	-12.3874221784144	-16.9911564316146	-15.8186820283333	-14.3134215969707	-14.8359393666587	-12.635349691858	-15.9449979549621	-15.2789782996805	-14.5013707210169	-6.22808192761329	-14.5077172270297	-16.2337195276121	-15.6257944434743	-15.4154116849974	-10.5268252350799	-15.9227547263086	-7.68115338147115	-5.20489714019249	-2.63570195532965	-14.635349691858	-3.57685054367329	-13.1759180732207	-11.8279947698004	-1.15471724683293	-6.98250471885605	-16.8500036561088	-6.52944118328687	-13.8279947698004	-16.8709426066494	-15.6835429492821	-10.635349691858	-10.9074292372948	-13.4654246904157	-15.8500036561088	-16.1832735252166	-14.635349691858	-15.856814552503	-10.9074292372948	-7.2007214642213	-16.1865398646658	-11.8279947698004	-15.1353405502535	-16.350283136402	-17.9672712973138	-10.6580697683581	-9.13550380477482	-13.0503871911369	-8.26466228505081	-7.85398997833336	-14.807266864253	-16.0270096477109	-16.2509768659375	-13.8279947698004	-16.2734192413448	-9.96292434988653	-13.4654246904157	-6.80562695677197	-9.9914935020833	-5.10396823134171	-7.27779768723994	-5.41860383366272	-15.1599163752562	-16.2338692909342	-10.0654940835271	-15.9117196656231	-10.6580697683581	-15.1857891321423	-14.9813888961172	-15.7644051268507	-15.5495320057657	-15.9911564316146	-11.3134215969707	-14.8355460427272	-14.7361587837346	-14.0055300864964	-16.2338692909342	-16.6597172238616	-16.3807428843985	-11.3134215969707	-16.1264322481587	-16.9657053851196	-13.4654246904157	-13.635349691858	-15.8152707059652	-14.2344908694437	-15.4639393949165	-9.42589632622907	-15.504831398927	-15.2422384111218	-8.29105378394221	-14.7000904658328	-15.1278907150655	-10.8804621896946	-11.3874221784144	-8.42589632622907	-15.2650411553876	-14.7556308871522	-12.4654246904157	-15.5555178150437	-15.4967539334459	-15.8827704002946	-14.1495639379677	-15.2446797245828	-15.7715023653869	-15.504831398927	-15.4763032032435	-16.2680545868555	-10.4065310013621	-14.0503871911369	-14.8724931961221	-14.5078396786765	-6.94884916467481	-4.9914935020833	-14.3134215969707	-15.7861547425589	-8.46042400935735	-14.5442400064417	-12.9349099737169	-13.9385425738904	-5.50993622137471	-10.5268252350799	-15.0225659718147	-15.1404803157648	-15.2789782996805	-9.2007214642213	-16.1240674467615	-14.6301438611154	-15.2734192413448	-14.2734192413448	-15.5280755612214	-14.7556308871522	-14.6122541923889	-15.4646308324583	-13.7925327440138	-15.4704173879792	-9.00599307177841	-13.9443460341378	-14.9227547263086	-7.65521011421887	-14.1495639379677	-9.15961626089163	-12.4654246904157	-14.0495933331794	-14.6660143652164	-13.7521157796728	-5.75806555833483	-14.1972166931101	-10.7284590962495	-15.1240674467615	-16.3267571649019	-14.2446797245828	-14.2337195276121
ERR3929044	-17.0489018956376	-12.8384057082945	-12.6940157989593	-12.3314457195746	-16.8709426066494	-16.2734192413448	-8.61059979077169	-14.7644051268507	-14.0863332217381	-6.32644503851625	-8.9622119099089	-14.8658903080872	-12.6269016031008	-13.5013707210169	-16.0054710441695	-8.9214262950624	-13.5013707210169	-16.7059698046375	-16.7090299474826	-8.9014578788298	-16.0863332217381	-16.5414697474375	-14.9299848578272	-16.1089599873599	-15.6835429492821	-12.8384057082945	-7.31649537810865	-16.2073829821454	-15.9310144680342	-15.6835429492821	-12.385893503597	-6.2167393784973	-16.6597172238616	-13.385893503597	-16.9911564316146	-15.8186820283333	-13.6269016031008	-14.8359393666587	-13.9164082202958	-15.9449979549621	-14.2789782996805	-13.5013707210169	-6.44699251308585	-14.5077172270297	-16.2337195276121	-15.6257944434743	-15.4154116849974	-9.70262892926403	-14.5013707210169	-7.93151511268598	-5.10726535025758	-2.89674027846998	-14.5013707210169	-4.19873179722938	-13.9164082202958	-12.4424770319634	-1.11194103977061	-6.45697660165848	-16.8500036561088	-6.83130465191936	-13.9164082202958	-16.8709426066494	-15.6835429492821	-10.8195466810432	-11.0202440312803	-12.9988703804877	-15.8500036561088	-16.1832735252166	-14.7644051268507	-15.856814552503	-13.2789782996805	-7.90642413172315	-12.385893503597	-12.6940157989593	-15.1353405502535	-16.350283136402	-17.9672712973138	-10.7464832188535	-9.14381871639885	-11.2534432075733	-8.25661048665203	-8.49761858615582	-14.807266864253	-14.7644051268507	-16.2509768659375	-15.5013707210169	-14.2789782996805	-9.89650866285807	-14.0863332217381	-5.86052328111454	-10.2159685021547	-4.86686215434373	-6.51837714632262	-5.63306258772746	-15.1599163752562	-16.2338692909342	-9.80093100287584	-15.9117196656231	-10.8965086628581	-12.7644051268507	-14.9813888961172	-14.7644051268507	-15.5495320057657	-15.9911564316146	-11.1321369113512	-14.8355460427272	-14.7361587837346	-14.0055300864964	-16.2338692909342	-16.6597172238616	-14.5013707210169	-10.9570502047931	-16.1264322481587	-16.9657053851196	-12.0419391023796	-14.8709163440766	-15.8152707059652	-14.2344908694437	-15.4639393949165	-8.95705020479312	-15.504831398927	-15.2422384111218	-8.33478916264899	-14.7000904658328	-15.1278907150655	-10.8965086628581	-11.0202440312803	-8.66426845556527	-15.2650411553876	-14.7556308871522	-13.385893503597	-15.5555178150437	-12.5013707210169	-15.8827704002946	-14.1495639379677	-15.2446797245828	-15.7715023653869	-15.504831398927	-15.4763032032435	-11.5627712656811	-11.4424770319634	-15.3807428843985	-14.8724931961221	-14.5078396786765	-6.65274778058759	-4.84286168334176	-15.3134215969707	-15.7861547425589	-6.9622119099089	-14.5442400064417	-11.8009310028758	-13.9385425738904	-5.24594867102642	-10.372087704072	-15.0225659718147	-15.1404803157648	-14.2789782996805	-8.60655295770899	-16.1240674467615	-14.6301438611154	-15.2734192413448	-14.2734192413448	-15.5280755612214	-13.6269016031008	-14.6122541923889	-15.4646308324583	-12.4424770319634	-15.4704173879792	-8.03648467228752	-13.9443460341378	-14.9227547263086	-7.39633525031864	-14.1495639379677	-7.46794771947948	-12.5013707210169	-14.0495933331794	-14.6660143652164	-13.7521157796728	-5.17194808958264	-14.1972166931101	-9.53943876185045	-15.1240674467615	-16.3267571649019	-14.2446797245828	-11.9164082202958
ERR3929045	-10.7417606232005	-5.99499185400393	-16.8045974212163	-11.7861547425589	-7.27836010236025	-16.2734192413448	-10.808874819059	-15.7644051268507	-15.2117869211812	-5.95168369257473	-9.82037045789686	-12.9787998205013	-10.2011922418378	-13.2011922418378	-16.0054710441695	-7.51936820186405	-13.2011922418378	-16.7059698046375	-16.7090299474826	-10.3104213115925	-10.4286027379409	-16.5414697474375	-11.3267231239216	-16.1089599873599	-12.8792641469504	-10.3598899878568	-9.32672312392165	-16.2073829821454	-15.9310144680342	-15.6835429492821	-15.285052966554	-12.6986919013086	-10.8792641469504	-16.7373397798848	-14.7861547425589	-11.6162297411166	-15.8506385860173	-14.8359393666587	-6.42970277233719	-15.9449979549621	-15.2789782996805	-10.9787998205013	-6.20025329286818	-14.5077172270297	-11.7861547425589	-15.6257944434743	-15.4154116849974	-11.6986919013086	-12.6162297411166	-6.83632803179984	-3.0362853151621	-15.5555178150437	-15.9872751165175	-14.8185522208775	-16.230308205244	-8.92196859790467	-1.34548019621881	-10.4286027379409	-16.8500036561088	-7.57670137693	-6.66981078132148	-15.2011922418378	-15.6835429492821	-11.57670137693	-8.1495301220153	-8.46422664767159	-7.90657149294616	-16.1832735252166	-13.9787998205013	-15.856814552503	-14.8682438177046	-4.09987308741451	-16.1865398646658	-15.8827704002946	-11.6986919013086	-16.350283136402	-17.9672712973138	-11.1137294005875	-10.8792641469504	-15.158350463062	-9.90351169319711	-6.99173887620884	-14.807266864253	-16.0270096477109	-16.2509768659375	-17.0495933331794	-16.2734192413448	-15.1240674467615	-12.8792641469504	-6.65301253015835	-15.8294130574836	-15.1609349952268	-12.9378084827105	-16.1523772791636	-15.1599163752562	-16.2338692909342	-16.218474944346	-10.1137294005875	-7.96917111930357	-9.43742658832787	-7.27836010236025	-10.808874819059	-12.2625927865019	-15.9911564316146	-8.2704549042749	-10.0582342879957	-10.0446877561578	-11.3598899878568	-15.2011922418378	-16.6597172238616	-16.3807428843985	-8.60127939965066	-12.2011922418378	-16.9657053851196	-17.5291407414866	-7.04975281124066	-15.8152707059652	-10.6364076230543	-10.2315658908813	-9.91579002297554	-10.1279432598072	-12.8792641469504	-7.97879982050134	-14.7000904658328	-9.85541740499606	-9.86729150528435	-3.91791092485431	-7.84071090618104	-10.6986919013086	-14.7556308871522	-7.24119030976971	-13.3267231239216	-6.05908518453524	-9.34321124671022	-14.1495639379677	-15.2446797245828	-15.7715023653869	-15.504831398927	-15.4763032032435	-16.2680545868555	-8.74176062320049	-12.0857150244179	-14.8724931961221	-14.5078396786765	-7.37252681353477	-4.0390107443722	-15.3134215969707	-14.7861547425589	-7.75824874598906	-14.5442400064417	-13.4642266476716	-10.1862419003718	-5.46253697926737	-7.02793152783222	-15.0225659718147	-11.0582342879957	-11.5007525236967	-8.99825218316752	-16.1240674467615	-9.32672312392165	-11.2315658908813	-7.66462122521892	-6.51469171465457	-11.0312672403955	-12.6986919013086	-12.0312672403955	-7.96597578014376	-15.4704173879792	-8.12437664478696	-10.9281737474314	-14.9227547263086	-8.91579002297554	-14.1495639379677	-10.7637869295305	-14.8185522208775	-14.0495933331794	-14.6660143652164	-10.9787998205013	-6.75824874598906	-14.1972166931101	-9.85541740499606	-7.40677637548769	-16.3267571649019	-12.8792641469504	-9.51936820186405
ERR3929046	-17.0489018956376	-12.4885933338354	-16.8045974212163	-12.0031665066652	-16.8709426066494	-16.2734192413448	-14.2255589280016	-15.7644051268507	-13.2255589280016	-7.92787837936093	-10.4885933338354	-14.8658903080872	-15.3813063579175	-15.549014511762	-16.0054710441695	-8.49763847343842	-13.8105214287228	-16.7059698046375	-16.7090299474826	-11.418204005944	-14.8105214287228	-16.5414697474375	-14.9299848578272	-16.1089599873599	-15.6835429492821	-8.22555892800161	-15.4475675741951	-16.2073829821454	-15.9310144680342	-15.6835429492821	-15.285052966554	-15.0740438745602	-9.60106806309382	-16.7373397798848	-16.9911564316146	-11.4885933338354	-15.8506385860173	-14.8359393666587	-12.8105214287228	-15.9449979549621	-15.2789782996805	-9.19581158460756	-7.81616799186391	-14.5077172270297	-16.2337195276121	-15.6257944434743	-15.4154116849974	-9.27136261761474	-15.9227547263086	-10.5625939152792	-6.63310189073353	-12.3510898100855	-9.01610556237267	-6.74712634743426	-16.230308205244	-16.8186820283333	-0.460238292320821	-15.702858076899	-16.8500036561088	-8.37589320108605	-12.3510898100855	-16.8709426066494	-15.6835429492821	-16.5414697474375	-12.1100817105817	-12.4885933338354	-15.8500036561088	-16.1832735252166	-16.7967494219023	-13.4885933338354	-11.5625939152792	-4.1284046637727	-16.1865398646658	-15.8827704002946	-12.3510898100855	-16.350283136402	-17.9672712973138	-15.0194045717568	-15.2350632755068	-9.62069686984275	-15.823541395947	-6.66586318589089	-14.807266864253	-16.0270096477109	-16.2509768659375	-17.0495933331794	-16.2734192413448	-15.1240674467615	-15.8658903080872	-7.17752623157981	-15.8294130574836	-7.20319111497316	-12.9378084827105	-16.1523772791636	-15.1599163752562	-16.2338692909342	-16.218474944346	-15.9117196656231	-8.73370583167194	-11.1100817105817	-12.1100817105817	-15.7644051268507	-15.5495320057657	-15.9911564316146	-15.2809278073661	-12.2255589280016	-8.53439702344853	-14.0055300864964	-14.8105214287228	-16.6597172238616	-16.3807428843985	-16.1144608389012	-16.1264322481587	-16.9657053851196	-17.5291407414866	-13.4885933338354	-15.8152707059652	-14.2344908694437	-9.41820400594401	-9.43548199737585	-9.68123841177781	-15.2422384111218	-14.9482759650946	-12.4885933338354	-11.6405964272805	-15.3600354542409	-8.55313358603012	-11.2869594726658	-15.2650411553876	-12.3510898100855	-10.7230585874724	-12.3510898100855	-8.83324150522285	-15.8827704002946	-14.1495639379677	-15.2446797245828	-15.7715023653869	-15.504831398927	-15.4763032032435	-11.2869594726658	-10.418204005944	-15.3807428843985	-14.8724931961221	-14.5078396786765	-8.68123841177781	-5.24256535330731	-15.3134215969707	-15.7861547425589	-7.71776428780292	-14.5442400064417	-15.4731243779008	-11.0031665066652	-7.19581158460756	-6.81052142872277	-15.0225659718147	-15.1404803157648	-15.2789782996805	-6.23309260068702	-16.1240674467615	-8.11703447122345	-10.3186683323931	-6.41391664754091	-6.51590067983114	-8.94015670913937	-14.6122541923889	-15.4646308324583	-7.69677926267358	-15.4704173879792	-9.90363083311425	-11.6405964272805	-14.9227547263086	-11.3510898100855	-14.1495639379677	-9.9525404335952	-14.8185522208775	-14.0495933331794	-14.6660143652164	-9.58170273822689	-6.65570331967067	-9.72305858747243	-10.1380960867513	-6.618228614252	-16.3267571649019	-14.2446797245828	-8.9525404335952
ERR3929047	-11.6537945093649	-11.6537945093649	-16.8045974212163	-12.1277256976973	-16.8709426066494	-16.2734192413448	-10.5162909856149	-15.7644051268507	-15.2117869211812	-6.99615450415706	-8.21018785788927	-14.8658903080872	-12.1277256976973	-15.549014511762	-16.0054710441695	-8.67559887968323	-3.24610186069921	-16.7059698046375	-16.7090299474826	-11.9757226042522	-17.0863332217381	-16.5414697474375	-14.9299848578272	-16.1089599873599	-15.6835429492821	-12.9757226042522	-8.13274377246392	-16.2073829821454	-15.9310144680342	-15.6835429492821	-15.285052966554	-8.61817059963416	-13.490295777082	-9.52946637436268	-14.7126881984185	-10.5972109809985	-15.8506385860173	-14.8359393666587	-12.9757226042522	-15.9449979549621	-15.2789782996805	-12.2101878578893	-5.14473212300298	-14.5077172270297	-16.2337195276121	-15.6257944434743	-15.4154116849974	-5.86929052643532	-11.9053332763608	-11.2976506991396	-7.3146571244453	-13.2976506991396	-15.9872751165175	-8.58340518147348	-16.230308205244	-14.2976506991396	-2.09353811135161	-9.6829408550244	-16.8500036561088	-8.98476774385525	-14.7126881984185	-16.8709426066494	-15.6835429492821	-9.22083510208878	-11.2101878578893	-10.0881973335107	-13.490295777082	-7.77408874308259	-16.7967494219023	-15.856814552503	-14.8682438177046	-2.96701387441632	-16.1865398646658	-15.8827704002946	-15.1353405502535	-16.350283136402	-17.9672712973138	-12.2101878578893	-9.74306184746197	-15.158350463062	-10.0881973335107	-7.24508264833545	-14.807266864253	-5.70519366187153	-16.2509768659375	-17.0495933331794	-13.490295777082	-15.1240674467615	-15.8658903080872	-6.53443833232521	-13.1277256976973	-4.55155631543415	-8.43346455448533	-16.1523772791636	-15.1599163752562	-16.2338692909342	-16.218474944346	-11.5972109809985	-7.59029156705872	-12.2101878578893	-9.92261126779268	-15.7644051268507	-15.5495320057657	-15.9911564316146	-15.2809278073661	-14.8355460427272	-14.7361587837346	-14.0055300864964	-16.2338692909342	-16.6597172238616	-16.3807428843985	-16.1144608389012	-16.1264322481587	-16.9657053851196	-17.5291407414866	-9.82191726817321	-15.8152707059652	-14.2344908694437	-8.19436289072759	-8.96673382102499	-11.8382190805023	-12.1277256976973	-12.490295777082	-10.3434543887527	-8.43966970401203	-10.9400986945215	-4.80479607896486	-10.2976506991396	-11.7126881984185	-14.7556308871522	-6.7978048120564	-12.3907601035311	-7.44902775871027	-15.8827704002946	-14.1495639379677	-15.2446797245828	-15.7715023653869	-15.504831398927	-15.4763032032435	-16.2680545868555	-7.93132848489379	-11.2976506991396	-14.8724931961221	-14.5078396786765	-6.56463537745364	-2.86785168997263	-15.3134215969707	-15.7861547425589	-7.32323610933408	-14.5442400064417	-15.4731243779008	-11.5972109809985	-3.60743441871757	-6.92261126779268	-15.0225659718147	-11.3434543887527	-11.3907601035311	-12.2976506991396	-11.049723185696	-10.6829408550244	-12.8382190805023	-8.83004514905661	-9.46476068497487	-9.78985605894091	-10.743061847462	-10.5162909856149	-7.34345438875273	-15.4704173879792	-8.25873170984731	-10.6252253571681	-14.9227547263086	-9.46476068497487	-14.1495639379677	-10.8382190805023	-14.8185522208775	-14.0495933331794	-14.6660143652164	-11.1683676821946	-6.23560456141912	-12.1277256976973	-9.66829407906	-8.39678389115886	-16.3267571649019	-14.2446797245828	-11.2101878578893
ERR3929048	-17.0489018956376	-11.9219423413158	-16.8045974212163	-10.3369798405946	-13.3813739599531	-16.2734192413448	-11.7964114592319	-10.9219423413158	-15.2117869211812	-8.01068655314586	-10.4040940364532	-13.0594458650657	-11.680934241812	-11.9219423413158	-16.0054710441695	-8.26243288722956	-10.3813739599531	-13.0594458650657	-16.7090299474826	-12.2939111187027	-9.49873091059123	-16.5414697474375	-14.9299848578272	-16.1089599873599	-15.6835429492821	-11.680934241812	-5.07474259824057	-16.2073829821454	-15.9310144680342	-15.6835429492821	-15.285052966554	-7.06622439769677	-8.99766966747902	-16.7373397798848	-16.9911564316146	-12.0594458650657	-15.8506385860173	-11.1334464465095	-13.5740190378955	-15.9449979549621	-11.6264864577896	-9.14296922062799	-7.03929929195393	-14.5077172270297	-16.2337195276121	-10.2939111187027	-15.4154116849974	-9.07759321177597	-15.9227547263086	-12.0594458650657	-7.72673793142511	-11.0959717410908	-13.7964114592319	-4.95353735649455	-13.3813739599531	-16.8186820283333	-0.848226766401312	-14.3813739599531	-16.8500036561088	-11.6264864577896	-12.680934241812	-16.8709426066494	-15.6835429492821	-16.5414697474375	-13.7964114592319	-14.8173501150752	-15.8500036561088	-16.1832735252166	-13.5740190378955	-11.8578120038961	-11.9219423413158	-5.85487472081651	-16.1865398646658	-13.2114489585108	-15.1353405502535	-16.350283136402	-17.9672712973138	-7.76666411583787	-7.28334187699255	-8.32067802826552	-10.1525552694572	-8.52962491853702	-9.26243288722956	-16.0270096477109	-16.2509768659375	-17.0495933331794	-16.2734192413448	-15.1240674467615	-15.8658903080872	-6.70013554817527	-15.8294130574836	-6.98049452367089	-6.53275101952373	-16.1523772791636	-15.1599163752562	-12.7964114592319	-16.218474944346	-15.9117196656231	-9.28334187699255	-7.20146486993814	-14.9813888961172	-12.2939111187027	-15.5495320057657	-15.9911564316146	-15.2809278073661	-14.8355460427272	-4.23416903501084	-14.0055300864964	-16.2338692909342	-16.6597172238616	-16.3807428843985	-16.1144608389012	-16.1264322481587	-16.9657053851196	-17.5291407414866	-12.7964114592319	-15.8152707059652	-14.2344908694437	-10.6264864577896	-9.04152395706845	-10.6264864577896	-15.2422384111218	-14.9482759650946	-11.5233929648255	-10.4040940364532	-12.1334464465095	-8.46251072267848	-10.9890565371743	-15.2650411553876	-14.7556308871522	-10.5740190378955	-13.2114489585108	-8.24182260755428	-15.8827704002946	-14.1495639379677	-15.2446797245828	-15.7715023653869	-15.504831398927	-15.4763032032435	-16.2680545868555	-10.4271776495662	-15.3807428843985	-14.8724931961221	-14.5078396786765	-10.023821955335	-5.39553202294973	-14.0594458650657	-15.7861547425589	-7.33152541050251	-14.5442400064417	-11.5233929648255	-7.7160380427679	-3.65111612429832	-4.96721728067893	-15.0225659718147	-15.1404803157648	-15.2789782996805	-10.0594458650657	-16.1240674467615	-10.5740190378955	-15.2734192413448	-8.37574941075919	-5.93325765454361	-12.2939111187027	-11.9219423413158	-11.1719205943241	-7.65686010683312	-15.4704173879792	-10.077593211776	-13.9443460341378	-14.9227547263086	-8.90564052898667	-14.1495639379677	-10.680934241812	-14.8185522208775	-14.0495933331794	-14.6660143652164	-11.1719205943241	-6.51100924036967	-14.1972166931101	-10.1145874192582	-6.91376840987008	-16.3267571649019	-14.2446797245828	-9.17192059432412
ERR3929049	-17.0489018956376	-11.4697524016319	-16.8045974212163	-11.2928746395478	-12.8233893562466	-16.2734192413448	-11.3494581679142	-12.6713862628016	-12.8233893562466	-6.92453607970351	-8.27221516898174	-14.8658903080872	-11.4083518569678	-11.9933143576889	-16.0054710441695	-10.7453868442453	-15.7891090606532	-16.7059698046375	-16.7090299474826	-11.7453868442453	-17.0863332217381	-16.5414697474375	-14.9299848578272	-16.1089599873599	-15.6835429492821	-16.635349691858	-12.2928746395478	-16.2073829821454	-15.9310144680342	-15.6835429492821	-13.1859594356313	-5.17873189178265	-7.52570880760592	-16.7373397798848	-16.9911564316146	-15.8186820283333	-15.8506385860173	-12.5338827390516	-9.33510287493713	-15.9449979549621	-15.2789782996805	-11.5338827390516	-10.039118047302	-14.5077172270297	-16.2337195276121	-15.6257944434743	-15.4154116849974	-11.039118047302	-10.9058515164386	-9.82338935624661	-5.9231934132121	-11.5338827390516	-15.9872751165175	-14.8185522208775	-16.230308205244	-16.8186820283333	-1.07254282414537	-11.2928746395478	-16.8500036561088	-9.29287463954783	-11.9058515164386	-14.9933143576889	-15.6835429492821	-11.1353333625613	-10.5670496029868	-9.11067130832708	-15.8500036561088	-16.1832735252166	-13.9933143576889	-11.7453868442453	-14.8682438177046	-3.82746521151252	-16.1865398646658	-12.2928746395478	-12.9933143576889	-16.350283136402	-12.8233893562466	-7.32442937342267	-5.95714074513544	-15.158350463062	-7.82338935624661	-8.27221516898174	-14.807266864253	-16.0270096477109	-16.2509768659375	-17.0495933331794	-12.5338827390516	-11.7453868442453	-15.8658903080872	-8.59243492140674	-15.8294130574836	-4.60583549184654	-9.40835185696777	-16.1523772791636	-15.1599163752562	-16.2338692909342	-16.218474944346	-10.1353333625613	-5.59457066575073	-8.81340526767399	-6.47958676173648	-15.7644051268507	-10.1859594356313	-15.9911564316146	-15.2809278073661	-7.69869360879729	-7.05962370273669	-11.9058515164386	-16.2338692909342	-16.6597172238616	-13.1859594356313	-13.4083518569678	-16.1264322481587	-13.9933143576889	-17.5291407414866	-11.039118047302	-9.63576235307084	-14.2344908694437	-6.46975240163191	-10.2653939031257	-15.504831398927	-12.6713862628016	-9.42345874935797	-11.6009969349102	-6.53593347861639	-11.9058515164386	-5.69181816270637	-9.39340151550179	-11.8233893562466	-14.7556308871522	-5.66463943036097	-5.48849537005608	-7.2086795121314	-15.8827704002946	-14.1495639379677	-15.2446797245828	-11.9058515164386	-15.504831398927	-15.4763032032435	-16.2680545868555	-6.98208710226567	-11.5338827390516	-14.8724931961221	-11.7453868442453	-8.90585151643858	-4.75550688396579	-12.2928746395478	-15.7861547425589	-5.73004515731626	-10.9489202383305	-15.4731243779008	-13.9385425738904	-6.79119053385846	-8.51758092672252	-15.0225659718147	-12.0864237620804	-12.5338827390516	-6.76209317697774	-10.062577020126	-9.46975240163191	-10.3494581679142	-14.2734192413448	-10.4083518569678	-9.37860451357371	-14.6122541923889	-11.9058515164386	-4.95645391101588	-15.4704173879792	-10.4697524016319	-10.062577020126	-14.9227547263086	-9.82338935624661	-14.1495639379677	-9.25184737128778	-14.8185522208775	-14.0495933331794	-14.6660143652164	-9.6534643548043	-6.07892922553348	-12.1859594356313	-10.7079121388267	-6.87178084034889	-16.3267571649019	-14.2446797245828	-10.039118047302
ERR3929050	-17.0489018956376	-11.8994295497217	-16.8045974212163	-12.6929786722543	-16.8709426066494	-16.2734192413448	-13.5998692678628	-15.7644051268507	-13.5998692678628	-7.6254546780573	-10.4913448110847	-13.1404376492255	-9.62258934436291	-12.2779411729755	-16.0054710441695	-10.4705862509179	-13.4299442664205	-16.7059698046375	-16.7090299474826	-12.3519417544192	-9.80545340151272	-16.5414697474375	-14.9299848578272	-16.1089599873599	-15.6835429492821	-13.2779411729755	-7.03953643365038	-16.2073829821454	-15.9310144680342	-15.6835429492821	-15.285052966554	-8.92744392589133	-16.6597172238616	-7.78288564460744	-15.0149067671417	-14.2779411729755	-15.8506385860173	-11.6929786722543	-12.3519417544192	-15.9449979549621	-15.2789782996805	-12.2075518450841	-9.07630731180581	-14.5077172270297	-16.2337195276121	-15.6257944434743	-15.4154116849974	-11.1080161715331	-8.53378007740505	-10.8449817656994	-7.75751892444902	-10.7925143458052	-13.7925143458052	-6.34720383541258	-16.230308205244	-13.7925143458052	-0.375452999044929	-15.702858076899	-14.5998692678628	-11.2423172632447	-12.5124064266125	-16.8709426066494	-15.6835429492821	-16.5414697474375	-14.2779411729755	-12.4299442664205	-15.8500036561088	-16.1832735252166	-16.7967494219023	-15.856814552503	-12.6929786722543	-3.9499395108262	-16.1865398646658	-15.8827704002946	-15.1353405502535	-16.350283136402	-17.9672712973138	-9.64567295747595	-7.45521102503094	-15.158350463062	-8.2600192649782	-10.0763073118058	-14.807266864253	-16.0270096477109	-16.2509768659375	-17.0495933331794	-13.7925143458052	-15.1240674467615	-13.5998692678628	-9.87194881329962	-15.8294130574836	-7.82837979836223	-10.0607104567548	-16.1523772791636	-15.1599163752562	-16.2338692909342	-16.218474944346	-15.9117196656231	-9.28698631257847	-10.2600192649782	-11.8994295497217	-15.7644051268507	-15.5495320057657	-15.9911564316146	-15.2809278073661	-14.8355460427272	-8.98515942374762	-14.0055300864964	-16.2338692909342	-16.6597172238616	-14.5998692678628	-16.1144608389012	-14.2779411729755	-16.9657053851196	-17.5291407414866	-11.5998692678628	-15.8152707059652	-14.2344908694437	-15.4639393949165	-11.3904159022339	-15.504831398927	-15.2422384111218	-13.7925143458052	-14.7000904658328	-11.3904159022339	-13.7925143458052	-9.04528041618519	-13.2779411729755	-15.2650411553876	-14.7556308871522	-9.55547514850437	-15.5555178150437	-11.0763073118058	-15.8827704002946	-14.1495639379677	-15.2446797245828	-15.7715023653869	-15.504831398927	-15.4763032032435	-16.2680545868555	-8.89942954972173	-15.3807428843985	-14.8724931961221	-13.1404376492255	-8.77332078057191	-4.1931327851711	-15.3134215969707	-15.7861547425589	-10.2248298365159	-14.5442400064417	-10.5337800774051	-13.9385425738904	-7.73878236186743	-12.1404376492255	-15.0225659718147	-15.1404803157648	-15.2789782996805	-11.2779411729755	-10.9560130780881	-11.1736045131607	-15.2734192413448	-10.5775014548344	-6.82179213832747	-9.62258934436291	-13.1404376492255	-15.4646308324583	-8.79896936794252	-10.7925143458052	-11.0452804161852	-12.8994295497217	-14.9227547263086	-11.4299442664205	-14.1495639379677	-12.7267104354715	-14.8185522208775	-14.0495933331794	-14.6660143652164	-13.7521157796728	-7.85167641827336	-14.1972166931101	-11.1404376492255	-9.92744392589133	-16.3267571649019	-14.2446797245828	-11.3519417544192
ERR3929051	-17.0489018956376	-7.63129528548112	-16.8045974212163	-11.721785819429	-11.4416779002363	-16.2734192413448	-15.2255589280016	-15.7644051268507	-13.721785819429	-7.80804155277945	-10.9144308973714	-14.8658903080872	-13.2072126465993	-15.549014511762	-16.0054710441695	-14.2907167134735	-13.3592157400443	-16.7059698046375	-16.7090299474826	-12.5291407414866	-17.0863332217381	-11.5291407414866	-14.9299848578272	-12.4416779002363	-11.5291407414866	-12.721785819429	-15.4475675741951	-16.2073829821454	-15.9310144680342	-15.6835429492821	-11.4847466221282	-12.8287010233455	-16.6597172238616	-16.7373397798848	-16.9911564316146	-11.7742532393232	-15.8506385860173	-14.8359393666587	-13.2072126465993	-15.9449979549621	-15.2789782996805	-12.281213228043	-6.48338108010395	-14.5077172270297	-16.2337195276121	-15.6257944434743	-15.4154116849974	-9.32946839665027	-15.9227547263086	-9.57494443109976	-1.79004578568396	-13.2072126465993	-15.9872751165175	-14.8185522208775	-16.230308205244	-16.8186820283333	-9.85671539951514	-13.721785819429	-16.8500036561088	-9.57494443109976	-12.5291407414866	-16.8709426066494	-15.6835429492821	-16.5414697474375	-13.721785819429	-14.8173501150752	-15.8500036561088	-16.1832735252166	-14.9441782407655	-15.856814552503	-13.5291407414866	-3.22535999330953	-16.1865398646658	-15.8827704002946	-15.1353405502535	-16.350283136402	-17.9672712973138	-15.0194045717568	-9.51791348606338	-11.5291407414866	-15.823541395947	-7.96689831726556	-14.807266864253	-16.0270096477109	-16.2509768659375	-17.0495933331794	-16.2734192413448	-13.2072126465993	-15.8658903080872	-9.18929073860201	-12.6222501458781	-6.22080171134722	-8.9292278992995	-13.3592157400443	-15.1599163752562	-13.3592157400443	-16.218474944346	-15.9117196656231	-9.97455188980899	-11.6222501458781	-14.9813888961172	-15.7644051268507	-15.5495320057657	-15.9911564316146	-15.2809278073661	-10.974551889809	-10.9441782407655	-14.0055300864964	-16.2338692909342	-16.6597172238616	-16.3807428843985	-16.1144608389012	-14.9441782407655	-16.9657053851196	-16.5291407414866	-14.8709163440766	-15.8152707059652	-14.2344908694437	-8.11128822660073	-9.48474662212818	-15.504831398927	-15.2422384111218	-8.90708892203025	-14.7000904658328	-15.1278907150655	-15.3600354542409	-10.3196873758577	-13.9441782407655	-8.85671539951514	-14.7556308871522	-11.6711597463591	-13.5291407414866	-9.54045605471446	-15.8827704002946	-14.1495639379677	-15.2446797245828	-15.7715023653869	-15.504831398927	-15.4763032032435	-16.2680545868555	-5.02730355658433	-11.3998577245417	-14.8724931961221	-14.5078396786765	-4.12906183886462	-1.87517609823762	-12.721785819429	-15.7861547425589	-8.16719696775139	-8.4311086585261	-15.4731243779008	-9.18929073860201	-3.39022902334389	-9.24373852262438	-15.0225659718147	-11.4416779002363	-15.2789782996805	-6.61625140525667	-16.1240674467615	-8.84966064198118	-15.2734192413448	-12.5291407414866	-6.93668370421855	-8.25767771358226	-11.721785819429	-15.4646308324583	-13.7925327440138	-15.4704173879792	-8.18041258725555	-11.1715887368685	-14.9227547263086	-9.50677292845818	-11.3592157400443	-10.2253599933095	-14.8185522208775	-14.0495933331794	-14.6660143652164	-9.25301633621239	-5.69862553450979	-8.76758950904215	-6.39343145538223	-12.0697091228493	-9.41019966876312	-14.2446797245828	-8.76095641670971
ERR3929052	-17.0489018956376	-11.6595957360998	-16.8045974212163	-11.51873320026	-14.3600354542409	-16.2734192413448	-13.4855663363248	-13.9449979549621	-13.1376430329045	-7.22389876625489	-10.3751423466311	-12.6970704415185	-12.4855663363248	-13.3600354542409	-16.0054710441695	-10.2867864722103	-13.244558236821	-16.7059698046375	-14.3600354542409	-11.6595957360998	-17.0863332217381	-16.5414697474375	-14.9299848578272	-16.1089599873599	-15.6835429492821	-11.244558236821	-7.74532561012571	-16.2073829821454	-15.9310144680342	-15.6835429492821	-15.285052966554	-13.244558236821	-16.6597172238616	-10.6970704415185	-16.9911564316146	-14.1376430329045	-14.3600354542409	-12.8575351137117	-11.4855663363248	-14.9449979549621	-15.2789782996805	-12.0870169598345	-7.19848363382361	-14.5077172270297	-10.3751423466311	-15.6257944434743	-15.4154116849974	-7.94218293935502	-14.6230698600747	-9.17681363018515	-6.08623985502665	-12.3011417651873	-15.9872751165175	-14.8185522208775	-16.230308205244	-12.3011417651873	-0.728555215801581	-10.5526805321833	-16.8500036561088	-9.69707044151849	-12.4214359989051	-16.8709426066494	-15.6835429492821	-13.7750729535198	-12.7750729535198	-11.9908016445752	-14.1376430329045	-16.1832735252166	-14.3600354542409	-15.856814552503	-14.8682438177046	-3.16918194228905	-16.1865398646658	-15.8827704002946	-15.1353405502535	-16.350283136402	-17.9672712973138	-8.39810349507444	-15.2350632755068	-10.9908016445752	-8.64121720678497	-6.98210194962481	-14.807266864253	-5.67996901250391	-16.2509768659375	-17.0495933331794	-16.2734192413448	-10.587445950344	-15.8658903080872	-7.29215298196009	-15.8294130574836	-5.80993000918426	-4.91571072799383	-12.6970704415185	-15.1599163752562	-13.9449979549621	-16.218474944346	-15.9117196656231	-9.91157495342462	-10.2035309685609	-14.9813888961172	-15.7644051268507	-15.5495320057657	-15.9911564316146	-15.2809278073661	-12.8575351137117	-7.8789087645043	-14.0055300864964	-14.9449979549621	-16.6597172238616	-14.6230698600747	-16.1144608389012	-16.1264322481587	-16.9657053851196	-14.6230698600747	-14.8709163440766	-15.8152707059652	-14.2344908694437	-10.5020544591133	-10.9006038356036	-15.504831398927	-15.2422384111218	-14.9482759650946	-14.7000904658328	-11.0381073593536	-14.3600354542409	-9.60514795207745	-11.0142606173992	-15.2650411553876	-14.7556308871522	-12.1901104527986	-13.6230698600747	-9.33766764121246	-15.8827704002946	-14.1495639379677	-15.2446797245828	-15.7715023653869	-15.504831398927	-15.4763032032435	-16.2680545868555	-7.27434170584363	-15.3807428843985	-14.8724931961221	-14.5078396786765	-6.8789087645043	-4.09754905097964	-15.3134215969707	-15.7861547425589	-7.36191518745914	-12.8575351137117	-15.4731243779008	-13.9385425738904	-6.14652615386045	-8.94499795496207	-15.0225659718147	-15.1404803157648	-15.2789782996805	-9.66887354968784	-16.1240674467615	-9.71617926446619	-13.1376430329045	-14.2734192413448	-6.95205961879626	-10.9006038356036	-11.8157149380171	-12.3600354542409	-10.2307524372959	-15.4704173879792	-8.9908016445752	-13.9443460341378	-14.9227547263086	-10.3011417651873	-12.4214359989051	-9.29394626378314	-14.8185522208775	-14.0495933331794	-14.6660143652164	-10.0024834496228	-6.25937311523572	-11.4531448586324	-9.55268053218331	-7.59405877341564	-14.6230698600747	-14.2446797245828	-10.7750729535198
ERR3929053	-17.0489018956376	-12.2108178829561	-16.8045974212163	-12.717777871676	-16.8709426066494	-16.2734192413448	-15.2255589280016	-15.7644051268507	-15.2117869211812	-7.93779938854972	-11.0349680475567	-12.5733879623408	-13.2652656669785	-13.9657053851196	-16.0054710441695	-10.3958497767887	-13.3807428843985	-16.7059698046375	-16.7090299474826	-13.5062737664823	-15.9657053851196	-16.5414697474375	-14.9299848578272	-16.1089599873599	-15.6835429492821	-12.2652656669785	-9.21081788295614	-16.2073829821454	-15.9310144680342	-15.6835429492821	-15.285052966554	-13.158350463062	-16.6597172238616	-10.9657053851196	-16.9911564316146	-15.8186820283333	-15.8506385860173	-14.8359393666587	-12.107724389992	-15.9449979549621	-15.2789782996805	-14.5013707210169	-9.66192463694251	-14.5077172270297	-11.8782425438693	-15.6257944434743	-15.4154116849974	-9.91042294961842	-13.6437772902322	-9.38827655708386	-6.67799300557016	-11.8364223681746	-14.3807428843985	-12.5062737664823	-16.230308205244	-12.9657053851196	-0.237718475394745	-10.3807428843985	-16.8500036561088	-10.0708876218117	-12.9657053851196	-14.9657053851196	-15.6835429492821	-16.5414697474375	-13.2652656669785	-12.158350463062	-14.6437772902322	-16.1832735252166	-14.3807428843985	-15.856814552503	-14.8682438177046	-4.57930396147883	-16.1865398646658	-15.8827704002946	-15.1353405502535	-16.350283136402	-17.9672712973138	-9.73688669462373	-15.2350632755068	-14.158350463062	-10.3657925429325	-9.26526566697852	-14.807266864253	-8.05581230134957	-16.2509768659375	-17.0495933331794	-16.2734192413448	-12.5733879623408	-15.8658903080872	-9.66192463694251	-15.8294130574836	-8.3509955410044	-6.78704053411314	-13.9657053851196	-15.1599163752562	-16.2338692909342	-16.218474944346	-15.9117196656231	-10.6619246369425	-12.3218491953449	-14.9813888961172	-15.7644051268507	-15.5495320057657	-15.9911564316146	-15.2809278073661	-13.6437772902322	-9.51449427328728	-14.0055300864964	-16.2338692909342	-16.6597172238616	-15.3807428843985	-16.1144608389012	-16.1264322481587	-15.9657053851196	-14.3807428843985	-14.8709163440766	-15.8152707059652	-14.2344908694437	-12.9657053851196	-12.2108178829561	-15.504831398927	-15.2422384111218	-14.9482759650946	-14.7000904658328	-12.0115090747327	-13.9657053851196	-10.1202153341752	-11.9213112657612	-15.2650411553876	-14.7556308871522	-13.158350463062	-13.7957803836773	-10.8996161946618	-15.8827704002946	-14.1495639379677	-15.2446797245828	-15.7715023653869	-15.504831398927	-15.4763032032435	-16.2680545868555	-9.07696213622135	-14.3807428843985	-14.8724931961221	-14.5078396786765	-8.48592512109051	-5.00534137624178	-15.3134215969707	-15.7861547425589	-9.29328004314811	-14.5442400064417	-15.4731243779008	-13.9385425738904	-7.3695156289752	-9.4343239246033	-15.0225659718147	-15.1404803157648	-15.2789782996805	-11.4421434290626	-16.1240674467615	-11.9657053851196	-15.2734192413448	-14.2734192413448	-7.78083004221133	-12.158350463062	-13.5062737664823	-15.4646308324583	-11.411116533442	-15.4704173879792	-10.717777871676	-13.9443460341378	-14.9227547263086	-11.2377849305564	-14.1495639379677	-10.6081533805015	-14.8185522208775	-14.0495933331794	-14.6660143652164	-12.2108178829561	-8.28271080143793	-12.5733879623408	-11.1328153709549	-8.80583404834122	-16.3267571649019	-14.2446797245828	-14.2337195276121
ERR3929054	-17.0489018956376	-12.709286580652	-16.8045974212163	-11.8425531115155	-16.8709426066494	-16.2734192413448	-11.1528932321276	-13.9893944998447	-14.2117869211812	-7.64954449696011	-10.5488219084588	-14.8658903080872	-10.3538059260536	-14.2117869211812	-14.7967494219023	-7.8630587669501	-11.474821327015	-16.7059698046375	-14.474821327015	-12.9893944998447	-17.0863332217381	-13.62682442046	-14.9299848578272	-16.1089599873599	-15.6835429492821	-10.4217099905554	-15.4475675741951	-16.2073829821454	-15.9310144680342	-15.6835429492821	-15.285052966554	-15.0740438745602	-16.6597172238616	-16.7373397798848	-16.9911564316146	-12.9893944998447	-15.8506385860173	-14.8359393666587	-12.2117869211812	-15.9449979549621	-15.2789782996805	-14.5013707210169	-8.62682442046002	-14.5077172270297	-14.2117869211812	-15.6257944434743	-15.4154116849974	-10.2268938135714	-14.2117869211812	-6.47369466156069	-5.11068667200692	-12.1528932321276	-15.9872751165175	-14.8185522208775	-13.7967494219023	-8.17836391964373	-0.914369069348064	-13.474821327015	-15.7967494219023	-9.74146698640115	-13.0963097037612	-16.8709426066494	-15.6835429492821	-12.0963097037612	-11.9387684267748	-8.26536796138602	-15.8500036561088	-16.1832735252166	-15.7967494219023	-15.856814552503	-14.8682438177046	-2.65560022346482	-16.1865398646658	-15.8827704002946	-15.1353405502535	-16.350283136402	-17.9672712973138	-15.0194045717568	-15.2350632755068	-11.337317803265	-13.7967494219023	-10.0418619197389	-14.807266864253	-8.9829682306853	-16.2509768659375	-17.0495933331794	-16.2734192413448	-10.5488219084588	-15.8658903080872	-6.8542349165631	-15.8294130574836	-6.17744646648665	-6.66232310168141	-16.1523772791636	-15.1599163752562	-16.2338692909342	-16.218474944346	-15.9117196656231	-9.05528243550119	-10.9893944998447	-13.62682442046	-15.7644051268507	-15.5495320057657	-15.9911564316146	-15.2809278073661	-10.8660120843395	-9.21178692118118	-14.0055300864964	-16.2338692909342	-16.6597172238616	-16.3807428843985	-16.1144608389012	-14.474821327015	-16.9657053851196	-14.7967494219023	-11.1528932321276	-15.8152707059652	-14.2344908694437	-6.44802126767126	-10.3538059260536	-15.504831398927	-15.2422384111218	-14.9482759650946	-11.5488219084588	-11.5113472030401	-12.62682442046	-6.84984314744594	-9.86601208433945	-15.2650411553876	-14.7556308871522	-8.28104958361829	-15.5555178150437	-5.67910632051324	-15.8827704002946	-14.1495639379677	-15.2446797245828	-14.474821327015	-15.504831398927	-15.4763032032435	-16.2680545868555	-7.13141350471716	-10.6069248630223	-14.8724931961221	-14.5078396786765	-8.58243030110157	-4.11112458217598	-13.0963097037612	-15.7861547425589	-7.88087004306656	-13.2117869211812	-15.4731243779008	-8.81946949840242	-5.64446457959575	-6.09198118253974	-15.0225659718147	-10.1968365797152	-15.2789782996805	-7.36212119426561	-16.1240674467615	-9.19683657971521	-15.2734192413448	-10.8660120843395	-8.54882190845875	-9.5206250166281	-12.5488219084588	-10.9141063725405	-7.27514898217861	-15.4704173879792	-9.10326246440301	-11.3704846672002	-14.9227547263086	-9.86601208433945	-14.1495639379677	-9.97657045948715	-14.8185522208775	-14.0495933331794	-14.6660143652164	-8.98939449984473	-6.18757068376036	-11.4044319991236	-10.3873584857646	-8.29292368390659	-10.5113472030401	-14.2446797245828	-8.50673057496972
ERR3929055	-17.0489018956376	-12.1919616736199	-16.8045974212163	-11.7373958101544	-16.8709426066494	-16.2734192413448	-12.1919616736199	-15.7644051268507	-14.1394942537258	-7.39995471589576	-10.7180304852875	-14.8658903080872	-13.1394942537258	-13.1394942537258	-16.0054710441695	-7.76694008576846	-3.29680718606238	-14.1394942537258	-16.7090299474826	-12.6989216623398	-17.0863332217381	-16.5414697474375	-10.0279859385088	-16.1089599873599	-15.6835429492821	-8.78194224910771	-15.4475675741951	-16.2073829821454	-15.9310144680342	-15.6835429492821	-13.3618866750622	-12.9468491757834	-16.6597172238616	-16.7373397798848	-16.9911564316146	-14.624921080896	-15.8506385860173	-14.8359393666587	-13.3618866750622	-15.9449979549621	-15.2789782996805	-11.9926528653965	-7.59590999423697	-14.5077172270297	-10.5718097444365	-12.0888681806558	-15.4154116849974	-11.9024550564249	-15.9227547263086	-9.93562192036014	-4.18218488371005	-12.9468491757834	-15.9872751165175	-3.90160144120515	-16.230308205244	-11.6614469569212	-1.53530508666793	-15.702858076899	-16.8500036561088	-7.83832471900523	-12.1394942537258	-16.8709426066494	-15.6835429492821	-16.5414697474375	-12.5545317530046	-12.6989216623398	-15.8500036561088	-16.1832735252166	-14.3618866750622	-15.856814552503	-12.9468491757834	-4.22190905732104	-16.1865398646658	-15.8827704002946	-11.624921080896	-16.350283136402	-17.9672712973138	-15.0194045717568	-15.2350632755068	-11.4874175571461	-10.0161118382205	-6.44600729622647	-8.14918764992964	-6.999942901327	-16.2509768659375	-17.0495933331794	-16.2734192413448	-7.38460675156233	-15.8658903080872	-3.93527247260722	-10.6069991728988	-3.8650328976742	-7.80985806370317	-8.92448136275494	-15.1599163752562	-16.2338692909342	-16.218474944346	-15.9117196656231	-9.89156674028221	-15.1857891321423	-12.4874175571461	-15.7644051268507	-12.0888681806558	-15.9911564316146	-15.2809278073661	-14.8355460427272	-5.86137671660212	-14.0055300864964	-14.3618866750622	-13.9468491757834	-16.3807428843985	-16.1144608389012	-13.3618866750622	-16.9657053851196	-17.5291407414866	-14.8709163440766	-15.8152707059652	-14.2344908694437	-12.0399585801749	-9.00433467044416	-13.0399585801749	-15.2422384111218	-11.0161118382205	-14.7000904658328	-9.70844443645832	-15.3600354542409	-10.7373958101544	-11.8593863345331	-12.3618866750622	-14.7556308871522	-11.8175661588384	-13.9468491757834	-10.7971020562787	-15.8827704002946	-14.1495639379677	-15.2446797245828	-15.7715023653869	-15.504831398927	-15.4763032032435	-16.2680545868555	-10.624921080896	-15.3807428843985	-14.8724931961221	-14.5078396786765	-6.36376640828046	-4.65079333770461	-15.3134215969707	-15.7861547425589	-5.99921223783157	-12.0399585801749	-10.2464094576423	-13.9385425738904	-6.78319949976757	-7.30479748285542	-15.0225659718147	-12.0399585801749	-15.2789782996805	-11.6989216623398	-13.624921080896	-8.061152802444	-15.2734192413448	-11.7769241743411	-9.31749255570379	-10.6430684276063	-7.90245505642494	-15.4646308324583	-11.9468491757834	-15.4704173879792	-7.87807089779799	-9.84881709282287	-14.9227547263086	-10.3029929860087	-11.3029929860087	-6.76321379431018	-14.8185522208775	-14.0495933331794	-14.6660143652164	-8.15243330943329	-5.33582437847605	-11.5205844210813	-6.81242285556247	-11.3029929860087	-12.2464094576423	-14.2446797245828	-8.64764115739612
ERR3929056	-17.0489018956376	-12.8067860066569	-16.8045974212163	-11.376151652327	-14.7453854619927	-16.2734192413448	-12.2859538433554	-15.7644051268507	-13.3303479627139	-7.45536661506013	-10.3416632759417	-12.7453854619927	-12.6299082445728	-13.2428851214636	-16.0054710441695	-7.0265672145368	-2.24832369858245	-16.7059698046375	-16.7090299474826	-11.8709163440766	-17.0863332217381	-16.5414697474375	-12.2428851214636	-16.1089599873599	-14.3303479627139	-10.3303479627139	-15.4475675741951	-16.2073829821454	-15.9310144680342	-15.6835429492821	-15.285052966554	-13.2428851214636	-16.6597172238616	-16.7373397798848	-15.3303479627139	-15.8186820283333	-15.8506385860173	-14.8359393666587	-15.0270096477109	-15.9449979549621	-15.2789782996805	-13.0084198678265	-8.68649177293918	-14.5077172270297	-13.6299082445728	-13.8709163440766	-13.5229930406563	-11.9380305399351	-13.7453854619927	-9.89571973507718	-4.83749334253915	-12.4234573671054	-15.9872751165175	-3.26409055736165	-14.7453854619927	-14.0084198678265	-1.16020773148487	-14.3303479627139	-15.7453854619927	-8.48799761930009	-12.376151652327	-14.0084198678265	-15.6835429492821	-16.5414697474375	-13.4234573671054	-13.1604229612716	-15.8500036561088	-16.1832735252166	-14.5229930406563	-15.856814552503	-13.7453854619927	-5.11906801523189	-16.1865398646658	-15.8827704002946	-12.4723669675863	-16.350283136402	-17.9672712973138	-15.0194045717568	-15.2350632755068	-12.7453854619927	-11.9040832080118	-8.41745862648394	-9.912495447828	-9.21660579666471	-16.2509768659375	-17.0495933331794	-14.7453854619927	-8.66501204552872	-15.8658903080872	-6.25153001275192	-11.3303479627139	-7.0553874905733	-9.2914289734216	-8.97279595809582	-15.1599163752562	-16.2338692909342	-16.218474944346	-15.9117196656231	-10.0449457438517	-11.5489882491892	-14.9813888961172	-15.7644051268507	-14.0084198678265	-15.9911564316146	-15.2809278073661	-14.8355460427272	-5.66812465739606	-14.0055300864964	-16.2338692909342	-16.6597172238616	-13.8709163440766	-16.1144608389012	-16.1264322481587	-16.9657053851196	-14.7453854619927	-13.8709163440766	-15.8152707059652	-14.2344908694437	-13.6299082445728	-11.2010649457689	-15.504831398927	-15.2422384111218	-13.7453854619927	-14.7000904658328	-11.7156381185987	-15.3600354542409	-10.6299082445728	-13.7453854619927	-13.6299082445728	-14.7556308871522	-12.0449457438517	-13.6299082445728	-12.0449457438517	-15.8827704002946	-14.1495639379677	-15.2446797245828	-15.7715023653869	-15.504831398927	-15.4763032032435	-16.2680545868555	-10.4974579485492	-15.3807428843985	-14.8724931961221	-14.5078396786765	-8.46306922300424	-5.34842397539656	-15.3134215969707	-15.7861547425589	-6.91883697470183	-12.3303479627139	-12.3303479627139	-13.9385425738904	-7.57546046055043	-8.25353236566307	-15.0225659718147	-13.3303479627139	-15.2789782996805	-12.2010649457689	-16.1240674467615	-9.35880440876313	-15.2734192413448	-12.2859538433554	-8.89989541104837	-11.3079801496854	-7.29417435016042	-15.4646308324583	-12.3303479627139	-15.4704173879792	-7.02542629313223	-11.4234573671054	-14.9227547263086	-10.5359320963638	-14.1495639379677	-7.19335685063367	-14.8185522208775	-14.0495933331794	-14.6660143652164	-9.30244196614402	-6.31981985682742	-13.0824204492703	-7.53268643686014	-11.2218235059357	-13.3303479627139	-14.2446797245828	-10.2323158797534
ERR3929057	-17.0489018956376	-14.4654246904157	-16.8045974212163	-12.5818753140958	-16.8709426066494	-16.2734192413448	-13.318840908262	-15.7644051268507	-13.166837814817	-7.95349053308355	-7.90005127412209	-12.9038034089832	-11.9652039536473	-15.549014511762	-16.0054710441695	-12.9038034089832	-14.166837814817	-13.4887659097044	-16.7090299474826	-13.166837814817	-17.0863332217381	-16.5414697474375	-14.9299848578272	-16.1089599873599	-13.4887659097044	-13.4887659097044	-5.84220719954981	-16.2073829821454	-15.9310144680342	-15.6835429492821	-15.285052966554	-9.19414516081273	-16.6597172238616	-16.7373397798848	-16.9911564316146	-15.8186820283333	-15.8506385860173	-13.166837814817	-15.0270096477109	-15.9449979549621	-15.2789782996805	-14.5013707210169	-7.42537082841585	-14.5077172270297	-16.2337195276121	-15.6257944434743	-15.4154116849974	-6.99691281337468	-15.9227547263086	-10.5345695993175	-6.85940928962475	-12.401303068454	-15.9872751165175	-4.57774850190737	-12.9038034089832	-11.6307849145768	-0.561474050359181	-15.702858076899	-16.8500036561088	-11.4443717903459	-12.401303068454	-16.8709426066494	-15.6835429492821	-16.5414697474375	-16.2337195276121	-14.8173501150752	-14.4887659097044	-16.1832735252166	-16.7967494219023	-15.856814552503	-12.5818753140958	-4.13176381743937	-16.1865398646658	-15.8827704002946	-15.1353405502535	-16.350283136402	-17.9672712973138	-9.28909356486799	-10.6814109876468	-15.158350463062	-15.823541395947	-6.89257615355995	-14.807266864253	-16.0270096477109	-16.2509768659375	-15.4887659097044	-16.2734192413448	-15.1240674467615	-15.8658903080872	-4.78875975882149	-15.8294130574836	-7.83771421852543	-9.7074061961797	-16.1523772791636	-15.1599163752562	-16.2338692909342	-16.218474944346	-15.9117196656231	-10.4226767192466	-11.9652039536473	-14.9813888961172	-15.7644051268507	-15.5495320057657	-15.9911564316146	-15.2809278073661	-14.8355460427272	-11.9038034089832	-14.0055300864964	-13.9038034089832	-16.6597172238616	-14.4887659097044	-16.1144608389012	-13.318840908262	-16.9657053851196	-17.5291407414866	-10.9038034089832	-15.8152707059652	-14.2344908694437	-15.4639393949165	-10.0625011550023	-15.504831398927	-15.2422384111218	-10.7883261915633	-14.7000904658328	-13.6814109876468	-15.3600354542409	-11.318840908262	-14.9441782407655	-15.2650411553876	-14.7556308871522	-12.401303068454	-13.6814109876468	-13.318840908262	-15.8827704002946	-14.1495639379677	-15.2446797245828	-15.7715023653869	-15.504831398927	-15.4763032032435	-16.2680545868555	-10.8740560655891	-12.2408383962608	-14.8724931961221	-14.5078396786765	-8.23610047725411	-5.05309564876781	-15.3134215969707	-15.7861547425589	-7.48033728763378	-10.0793749735667	-15.4731243779008	-13.9385425738904	-6.5773739218609	-8.0964484869256	-15.0225659718147	-15.1404803157648	-15.2789782996805	-7.67178228644898	-16.1240674467615	-8.12244369545854	-15.2734192413448	-14.2734192413448	-6.70413106414684	-12.0293342910671	-14.6122541923889	-11.4887659097044	-13.7925327440138	-15.4704173879792	-8.48876590970436	-12.9038034089832	-14.9227547263086	-7.50008122293219	-14.1495639379677	-6.14225217653872	-14.8185522208775	-14.0495933331794	-14.6660143652164	-9.41195031265353	-6.7355491605254	-14.1972166931101	-10.2219793690095	-9.72058158492743	-16.3267571649019	-14.2446797245828	-7.72389431896827
ERR3929058	-10.4452928604799	-12.0519504323004	-16.8045974212163	-11.9878200948807	-10.2076013027606	-16.2734192413448	-10.8966722068225	-13.7040271288801	-15.2117869211812	-7.19849909565334	-6.0215340904984	-12.5113820509377	-10.867525861163	-12.8109423327966	-11.867525861163	-4.71981213881082	-12.4239192096874	-14.5113820509377	-16.7090299474826	-11.3414570494954	-17.0863332217381	-12.6044914553292	-14.9299848578272	-16.1089599873599	-15.6835429492821	-12.2634545374941	-7.20988585595515	-16.2073829821454	-15.9310144680342	-15.6835429492821	-13.1894539560503	-5.32774666946448	-12.8109423327966	-16.7373397798848	-16.9911564316146	-10.867525861163	-15.8506385860173	-14.8359393666587	-12.5113820509377	-15.9449979549621	-12.3414570494954	-11.5571857405508	-14.8506385860173	-12.4239192096874	-7.97610667431689	-4.65107099601821	-15.4154116849974	-4.49352971903173	-13.0519504323004	-7.39503808970023	-5.0715511669563	-12.9264195502165	-6.07467050880048	-3.6220682285533	-16.230308205244	-13.1894539560503	-2.7124040588057	-10.730022337413	-16.8500036561088	-4.48693492689705	-11.6044914553292	-14.5113820509377	-15.6835429492821	-7.71696618458759	-11.7040271288801	-12.0519504323004	-15.8500036561088	-16.1832735252166	-14.5113820509377	-15.856814552503	-14.8682438177046	-5.72756529161751	-16.1865398646658	-15.8827704002946	-15.1353405502535	-13.7040271288801	-14.1894539560503	-9.20760130276059	-8.89667220682249	-15.158350463062	-15.823541395947	-6.26345453749411	-14.807266864253	-12.0519504323004	-16.2509768659375	-17.0495933331794	-6.06326574552823	-7.67533169587963	-12.7040271288801	-14.9990184806014	-10.0851172962356	-10.2259798320754	-12.9378084827105	-7.26108363303136	-15.1599163752562	-13.5113820509377	-13.3414570494954	-7.97610667431689	-8.55138011886961	-10.4028575941595	-8.5925188136631	-7.21906041813566	-10.5806447133748	-15.9911564316146	-15.2809278073661	-11.3820990339927	-10.867525861163	-14.0055300864964	-14.1894539560503	-16.6597172238616	-13.5113820509377	-16.1144608389012	-14.5113820509377	-16.9657053851196	-17.5291407414866	-8.53983849698692	-15.8152707059652	-14.2344908694437	-9.39244097821419	-8.25871661848745	-15.504831398927	-9.86752586116297	-9.86752586116297	-13.3414570494954	-7.75649454877423	-8.64101733135429	-3.9821955456868	-7.62873900157585	-7.70081041619655	-10.5571857405508	-5.92924006927892	-13.0519504323004	-7.36417712599547	-12.1894539560503	-10.4028575941595	-15.2446797245828	-15.7715023653869	-15.504831398927	-15.4763032032435	-16.2680545868555	-9.98782009488068	-10.4890142379092	-14.8724931961221	-14.5078396786765	-6.40416497534631	-3.25989964031748	-11.3820990339927	-15.7861547425589	-6.46017311002293	-14.5442400064417	-15.4731243779008	-9.5925188136631	-4.79113779265013	-6.02655915667555	-15.0225659718147	-10.6287390015759	-10.9878200948807	-9.8531705681859	-5.94818577872096	-6.99371266280388	-15.2734192413448	-14.2734192413448	-7.57769139598546	-9.0851172962356	-14.6122541923889	-10.2076013027606	-7.93395322290195	-15.4704173879792	-9.36163493143301	-10.4669879315792	-14.9227547263086	-6.95871295342342	-14.1495639379677	-8.46698793157924	-14.8185522208775	-14.0495933331794	-14.6660143652164	-10.2634545374941	-5.3795250903289	-11.7040271288801	-8.5925188136631	-6.04275800801968	-14.1894539560503	-14.2446797245828	-7.84249706667145
ERR3929059	-13.1886403548935	-3.80457615346391	-16.8045974212163	-11.4882006367524	-6.83108835027544	-16.2734192413448	-7.17555035545308	-15.7644051268507	-15.2117869211812	-5.62639793067245	-7.4248747013836	-11.9662479335571	-11.9662479335571	-2.38329952647714	-14.7736028556147	-7.8697210098785	-12.5256753421711	-16.7059698046375	-10.8667122600062	-13.3141712369774	-17.0863332217381	-11.8194065452278	-14.9299848578272	-16.1089599873599	-13.4516747607273	-12.6861400143643	-15.4475675741951	-11.9662479335571	-15.9310144680342	-15.6835429492821	-15.285052966554	-12.9662479335571	-13.4516747607273	-16.7373397798848	-16.9911564316146	-15.8186820283333	-15.8506385860173	-14.8359393666587	-13.7736028556147	-15.9449979549621	-15.2789782996805	-12.6861400143643	-8.08710232843146	-14.5077172270297	-16.2337195276121	-12.3812854328359	-15.4154116849974	-10.7736028556147	-4.55625095034435	-4.28752205296271	-2.63765314037201	-13.7736028556147	-15.9872751165175	-8.12255116443575	-8.89095980625284	-7.78208100953899	-5.57454403196166	-15.702858076899	-8.58377829673466	-5.09148609066461	-6.35891761980747	-16.8709426066494	-15.6835429492821	-6.67425504521149	-8.50213982771031	-12.3812854328359	-15.8500036561088	-16.1832735252166	-16.7967494219023	-15.856814552503	-14.8682438177046	-3.64625331455556	-16.1865398646658	-15.8827704002946	-15.1353405502535	-16.350283136402	-13.9662479335571	-13.0731631374736	-12.4516747607273	-13.7736028556147	-15.823541395947	-10.5837782967347	-14.807266864253	-6.30905710528074	-16.2509768659375	-17.0495933331794	-13.9662479335571	-15.1240674467615	-15.8658903080872	-5.40073779550209	-15.8294130574836	-15.1609349952268	-12.9378084827105	-6.50564577121184	-15.1599163752562	-16.2338692909342	-16.218474944346	-14.7736028556147	-8.14060765847172	-11.6861400143643	-14.9813888961172	-8.4160508509966	-10.5447841651188	-13.1886403548935	-15.2809278073661	-14.8355460427272	-12.9662479335571	-14.0055300864964	-16.2338692909342	-16.6597172238616	-14.7736028556147	-16.1144608389012	-14.1886403548935	-16.9657053851196	-17.5291407414866	-12.9662479335571	-15.8152707059652	-14.2344908694437	-15.4639393949165	-10.1588930114995	-15.504831398927	-15.2422384111218	-10.7292087362562	-7.36633509136995	-9.10117751364319	-6.48820063675243	-4.98937699518843	-12.8667122600062	-15.2650411553876	-11.1011775136432	-8.08360488419524	-15.5555178150437	-10.5068163149198	-12.6036778541724	-14.1495639379677	-10.364211919477	-11.6861400143643	-15.504831398927	-15.4763032032435	-16.2680545868555	-9.08710232843146	-13.1886403548935	-13.0731631374736	-14.5078396786765	-5.88866920766492	-3.76080375143501	-12.6036778541724	-15.7861547425589	-8.79060928092037	-12.6861400143643	-15.4731243779008	-13.9385425738904	-9.64431983866971	-8.83108835027544	-15.0225659718147	-12.4516747607273	-15.2789782996805	-9.67557077265415	-16.1240674467615	-10.1442462355351	-15.2734192413448	-7.96303122087353	-15.5280755612214	-12.4516747607273	-6.98896801005716	-15.4646308324583	-11.0731631374736	-15.4704173879792	-7.5115080102445	-13.9443460341378	-14.9227547263086	-9.46982210743758	-14.1495639379677	-10.8909598062528	-10.5641494899857	-14.0495933331794	-14.6660143652164	-13.7521157796728	-5.76167678930787	-14.1972166931101	-11.8194065452278	-9.15155103615831	-11.4160508509966	-14.2446797245828	-7.99552572607932
ERR3929060	-17.0489018956376	-12.4911604600431	-16.8045974212163	-11.671732705685	-16.8709426066494	-16.2734192413448	-12.4911604600431	-15.7644051268507	-13.4086982998512	-7.66573396506352	-9.16923236515578	-14.8658903080872	-12.1863058785147	-12.4911604600431	-16.0054710441695	-6.72375491803325	-12.9936608005723	-16.7059698046375	-14.9936608005723	-11.7206423061659	-17.0863332217381	-16.5414697474375	-14.9299848578272	-16.1089599873599	-12.5786233012935	-12.9936608005723	-15.4475675741951	-16.2073829821454	-15.9310144680342	-15.6835429492821	-15.285052966554	-15.0740438745602	-16.6597172238616	-16.7373397798848	-15.5786233012935	-14.2566952064061	-15.8506385860173	-14.8359393666587	-15.0270096477109	-15.9449979549621	-15.2789782996805	-12.8781835831524	-8.50180770424265	-14.5077172270297	-14.5786233012935	-15.6257944434743	-15.4154116849974	-10.0087676929625	-15.9227547263086	-9.92041181854169	-5.71134456158382	-12.4911604600431	-15.9872751165175	-4.40775935088156	-16.230308205244	-12.4911604600431	-1.15255514815533	-13.5786233012935	-13.2566952064061	-5.60205917787816	-12.4911604600431	-14.2566952064061	-15.6835429492821	-16.5414697474375	-12.9936608005723	-12.1191916826562	-15.8500036561088	-16.1832735252166	-16.7967494219023	-15.856814552503	-14.8682438177046	-10.556255488265	-16.1865398646658	-15.8827704002946	-15.1353405502535	-16.350283136402	-17.9672712973138	-15.0194045717568	-9.53422918193503	-15.158350463062	-15.823541395947	-7.21887374097115	-14.807266864253	-16.0270096477109	-16.2509768659375	-17.0495933331794	-8.27941528290621	-15.1240674467615	-11.6244269909066	-13.4086982998512	-11.534229181935	-13.7712683792359	-12.9378084827105	-3.63592553840673	-15.1599163752562	-16.2338692909342	-16.218474944346	-15.9117196656231	-9.81043897651656	-6.01733535612866	-13.4086982998512	-15.7644051268507	-13.7712683792359	-15.9911564316146	-15.2809278073661	-10.8507028467303	-10.3498046107976	-14.0055300864964	-14.5786233012935	-16.6597172238616	-16.3807428843985	-16.1144608389012	-16.1264322481587	-15.5786233012935	-17.5291407414866	-9.54520029975603	-15.8152707059652	-14.2344908694437	-13.5786233012935	-8.38386644687124	-15.504831398927	-15.2422384111218	-12.8781835831524	-14.7000904658328	-12.8781835831524	-11.1863058785147	-10.1028898703271	-9.29322108243124	-15.2650411553876	-14.7556308871522	-12.8781835831524	-14.2566952064061	-9.6478859637306	-15.8827704002946	-14.1495639379677	-15.2446797245828	-15.7715023653869	-15.504831398927	-15.4763032032435	-16.2680545868555	-9.93476711151876	-13.1191916826562	-14.8724931961221	-14.5078396786765	-7.06884829696655	-3.55227277122564	-15.3134215969707	-15.7861547425589	-6.4519188284503	-12.4086982998512	-11.9936608005723	-13.9385425738904	-4.4931508421122	-7.03172884140585	-15.0225659718147	-11.6244269909066	-15.2789782996805	-4.32950984857976	-16.1240674467615	-8.45968222856998	-15.2734192413448	-8.13567980544476	-7.1008650348496	-7.32832488338715	-14.6122541923889	-11.82373579913	-7.73313325034911	-15.4704173879792	-8.2210712966754	-12.0550613452365	-14.9227547263086	-6.47009884451532	-11.534229181935	-8.1150989280223	-14.8185522208775	-14.0495933331794	-14.6660143652164	-6.47927549089029	-4.68759911114399	-9.37895095645712	-7.98990866571122	-7.72064230616591	-16.3267571649019	-14.2446797245828	-7.09884303726438
ERR3929061	-17.0489018956376	-12.7821791938312	-16.8045974212163	-12.0272916916677	-9.46929623854685	-16.2734192413448	-8.57272582820226	-15.7644051268507	-12.8752885982227	-4.06857788025745	-10.5923546349512	-14.8658903080872	-10.9241981987036	-9.34755096619448	-16.0054710441695	-10.5923546349512	-12.7821791938312	-16.7059698046375	-13.1972166931101	-8.58250684899484	-11.3898617710524	-12.1972166931101	-12.6947163525809	-16.1089599873599	-12.0817394756901	-12.3898617710524	-4.98249283249996	-16.2073829821454	-15.9310144680342	-15.6835429492821	-15.285052966554	-5.22328021268451	-16.6597172238616	-16.7373397798848	-14.1972166931101	-15.8186820283333	-15.8506385860173	-14.8359393666587	-15.0270096477109	-15.9449979549621	-15.2789782996805	-11.8279828834443	-13.0817394756901	-14.5077172270297	-16.2337195276121	-15.6257944434743	-15.4154116849974	-9.24302038272318	-13.7821791938312	-6.08434283586883	-3.86723353779088	-13.4602510989438	-15.9872751165175	-6.26943873102771	-16.230308205244	-12.1972166931101	-3.8903954906129	-8.53900521035826	-15.1972166931101	-6.10534058735706	-9.9118144742478	-16.8709426066494	-15.6835429492821	-7.94928917966647	-7.44010452583207	-12.6122541923889	-15.8500036561088	-16.1832735252166	-16.7967494219023	-15.856814552503	-10.8514418562683	-1.68118840973845	-16.1865398646658	-12.6947163525809	-11.2275903421536	-12.5342516803876	-17.9672712973138	-11.6122541923889	-6.06535973250126	-15.158350463062	-15.823541395947	-4.70670004434319	-14.807266864253	-16.0270096477109	-13.7821791938312	-17.0495933331794	-5.95087195002916	-11.9748242717736	-15.8658903080872	-11.0272916916677	-12.1383230040565	-4.66258957309009	-12.9378084827105	-16.1523772791636	-15.1599163752562	-9.22759034215357	-9.52479135113856	-10.5342516803876	-7.33716434796279	-13.1972166931101	-8.91799304917693	-15.7644051268507	-15.5495320057657	-15.9911564316146	-10.3898617710524	-12.8752885982227	-12.4602510989438	-14.0055300864964	-16.2338692909342	-16.6597172238616	-13.7821791938312	-7.48755844493958	-16.1264322481587	-16.9657053851196	-12.9748242717736	-13.7821791938312	-15.8152707059652	-14.2344908694437	-14.4602510989438	-8.27042654006383	-15.504831398927	-11.0008194803065	-11.054258739268	-12.5342516803876	-10.1972166931101	-7.90873508131583	-4.21469839268816	-9.08869223633188	-10.2586172377742	-14.7556308871522	-7.86629981499544	-12.7821791938312	-9.55336050333533	-15.8827704002946	-8.48297117544393	-10.7377850744728	-15.7715023653869	-15.504831398927	-13.4602510989438	-11.4602510989438	-9.87528859822269	-9.38129975754902	-14.8724931961221	-14.5078396786765	-5.34755096619448	-5.60600604472372	-11.6122541923889	-12.3898617710524	-7.06279037288913	-14.5442400064417	-15.4731243779008	-13.9385425738904	-8.06108000512402	-9.00739213423003	-15.0225659718147	-15.1404803157648	-15.2789782996805	-8.93668914288683	-16.1240674467615	-7.99427663443978	-13.9748242717736	-14.2734192413448	-10.4423291909466	-12.1972166931101	-13.6122541923889	-15.4646308324583	-9.32274757519391	-13.1972166931101	-8.82798288344433	-11.5342516803876	-14.9227547263086	-9.45126231571659	-8.35172664216568	-6.80203961619205	-11.6122541923889	-14.0495933331794	-14.6660143652164	-11.4602510989438	-6.1018196703175	-13.1972166931101	-11.2903260975015	-5.85070295994442	-11.4246271892131	-14.2446797245828	-4.69969746596811
ERR3929062	-17.0489018956376	-11.7758634851024	-16.8045974212163	-11.3063782018012	-9.31643186646511	-16.2734192413448	-10.1187511986254	-15.7644051268507	-13.6689482811859	-3.169956649555	-8.62455416182744	-14.8658903080872	-12.4763032032435	-15.549014511762	-12.3888403619932	-5.74498417221844	-5.40417059907627	-16.7059698046375	-14.1543751083561	-9.96850856304481	-17.0863332217381	-16.5414697474375	-14.9299848578272	-16.1089599873599	-15.6835429492821	-8.33675185084471	-15.4475675741951	-16.2073829821454	-15.9310144680342	-15.6835429492821	-15.285052966554	-4.12398384839666	-16.6597172238616	-16.7373397798848	-14.8913407025223	-13.1543751083561	-15.8506385860173	-14.8359393666587	-15.0270096477109	-15.9449979549621	-15.2789782996805	-12.3063782018012	-10.8324470134688	-14.5077172270297	-16.2337195276121	-15.6257944434743	-15.4154116849974	-9.95274124718649	-12.8913407025223	-7.50188861343797	-3.486199239386	-13.3063782018012	-15.9872751165175	-4.39049882296542	-16.230308205244	-14.4763032032435	-1.72052889991331	-5.65852008146897	-16.8500036561088	-6.97049164932391	-12.6689482811859	-16.8709426066494	-15.6835429492821	-9.93714439213547	-9.21891536055085	-12.8913407025223	-15.8500036561088	-16.1832735252166	-16.7967494219023	-15.856814552503	-14.8682438177046	-10.0005697722771	-16.1865398646658	-15.8827704002946	-15.1353405502535	-16.350283136402	-17.9672712973138	-15.0194045717568	-10.2283756897999	-11.8913407025223	-15.823541395947	-8.0005697722771	-14.807266864253	-16.0270096477109	-16.2509768659375	-17.0495933331794	-13.1543751083561	-15.1240674467615	-13.6689482811859	-6.50188861343797	-12.0839857804647	-15.1609349952268	-12.9378084827105	-11.8913407025223	-15.1599163752562	-16.2338692909342	-16.218474944346	-15.9117196656231	-7.47348818763645	-7.09692483617224	-10.8324470134688	-15.7644051268507	-11.5221068928566	-13.8913407025223	-15.2809278073661	-14.8355460427272	-10.4990232797436	-14.0055300864964	-16.2338692909342	-16.6597172238616	-16.3807428843985	-13.3063782018012	-14.1543751083561	-16.9657053851196	-17.5291407414866	-8.76205768557738	-15.8152707059652	-14.2344908694437	-10.8913407025223	-9.27663085840714	-15.504831398927	-12.3888403619932	-12.0839857804647	-14.7000904658328	-9.7483827486803	-12.4763032032435	-6.03543403563263	-9.25713468278134	-11.8324470134688	-14.7556308871522	-8.07969842206164	-15.5555178150437	-5.77326481425708	-10.6183222081159	-9.11875119862542	-15.2446797245828	-15.7715023653869	-15.504831398927	-14.4763032032435	-16.2680545868555	-10.2864786443635	-10.6689482811859	-14.8724931961221	-14.5078396786765	-7.69822607370814	-4.3667989874865	-13.0168715846062	-15.7861547425589	-7.05634302539561	-12.6689482811859	-15.4731243779008	-9.96850856304481	-4.63788712744616	-5.62143481998326	-15.0225659718147	-12.8913407025223	-15.2789782996805	-9.38884036199316	-11.2283756897999	-8.30637820180119	-15.2734192413448	-7.48194976638464	-7.10561579643628	-8.20017879796926	-10.6434131890788	-10.8913407025223	-7.56042382440773	-15.4704173879792	-10.569412607635	-10.6689482811859	-14.9227547263086	-7.96455054947612	-14.1495639379677	-10.5221068928566	-14.8185522208775	-11.8913407025223	-14.6660143652164	-13.7521157796728	-5.06532193619971	-7.89510262131854	-8.64341318907876	-5.67864167738974	-12.1543751083561	-14.2446797245828	-7.48478135716781
ERR3929063	-7.34943759921409	-2.7595762990801	-16.8045974212163	-10.1421457453073	-7.48148351845429	-16.2734192413448	-7.89805825287153	-13.6015773639446	-8.74359636881702	-4.27939882290768	-8.13850716824395	-13.1865398646657	-13.1865398646657	-12.8646117697784	-16.0054710441695	-7.41835553988882	-13.4495742704995	-16.7059698046375	-12.3791849426081	-8.69468676833607	-17.0863332217381	-11.9135213702593	-7.52594965913122	-12.4495742704995	-9.16417205163729	-12.6015773639446	-11.7271082460285	-16.2073829821454	-13.3120707467496	-15.6835429492821	-9.54268367489103	-10.504715824692	-16.6597172238616	-16.7373397798848	-15.1865398646657	-11.6015773639446	-15.8506385860173	-14.8359393666587	-15.0270096477109	-13.9641474433293	-8.7325833760946	-10.7715023653869	-9.05040317667972	-14.5077172270297	-12.1865398646657	-10.4677216172098	-15.4154116849974	-8.45861941010255	-4.73121264436119	-6.94813512534067	-2.80382578503123	-12.3791849426081	-15.9872751165175	-3.69920224945857	-16.230308205244	-13.3120707467496	-8.99671530578573	-12.9641474433293	-16.8500036561088	-5.25580252710286	-5.82021765041993	-14.7715023653869	-14.4495742704995	-8.45408975162204	-2.78086653238388	-14.8173501150752	-15.8500036561088	-16.1832735252166	-14.4495742704995	-15.856814552503	-12.3791849426081	-6.74913455235845	-15.1865398646657	-15.8827704002946	-9.24012090487059	-13.4495742704995	-17.9672712973138	-12.3120707467496	-11.4139503607688	-10.9135213702593	-13.3120707467496	-7.25186611254369	-14.807266864253	-16.0270096477109	-16.2509768659375	-17.0495933331794	-7.15863386809586	-15.1240674467615	-14.4495742704995	-13.6015773639446	-15.8294130574836	-15.1609349952268	-12.9378084827105	-16.1523772791636	-4.98156123699599	-16.2338692909342	-9.44058548727229	-9.44957427049954	-3.86254688809744	-6.68935332403303	-5.30287832246889	-7.45861941010255	-10.7054131749291	-15.9911564316146	-9.60157736394459	-14.8355460427272	-10.6422193484419	-10.9641474433293	-16.2338692909342	-16.6597172238616	-15.1865398646657	-13.7715023653869	-13.7715023653869	-16.9657053851196	-13.1865398646657	-8.09907702341541	-13.6015773639446	-14.2344908694437	-11.3452376106848	-10.840765027824	-15.504831398927	-15.2422384111218	-9.70541317492913	-7.75469407770035	-8.94495387809599	-11.1276461756122	-5.64802756714276	-11.8646117697784	-10.817306055	-10.4495742704995	-6.26569081146731	-12.6015773639446	-10.4316523625023	-15.8827704002946	-9.09202226588146	-11.817306055	-14.7715023653869	-9.84076502782402	-15.4763032032435	-16.2680545868555	-9.44058548727229	-11.4139503607688	-14.8724931961221	-14.5078396786765	-9.03679274516107	-9.28768658812265	-12.0710626472458	-11.4861001465247	-13.4495742704995	-11.0166148632234	-14.1865398646657	-13.9385425738904	-10.1132908826351	-6.285673056685	-12.3120707467496	-12.8646117697784	-15.2789782996805	-13.4602188596731	-10.9901426518622	-10.2479404093299	-15.2734192413448	-12.9641474433293	-15.5280755612214	-14.7556308871522	-14.6122541923889	-15.4646308324583	-12.5235748519433	-15.4704173879792	-8.55718324458614	-13.9443460341378	-14.9227547263086	-8.34943759921409	-14.1495639379677	-8.72165381593634	-8.13487774484326	-14.0495933331794	-6.68403952413657	-13.7521157796728	-8.5378826886272	-14.1972166931101	-11.7271082460285	-8.4907315952563	-6.75608731300022	-14.2446797245828	-7.42056318384047
ERR3929064	-14.7556308871522	-12.7556308871522	-16.8045974212163	-11.4337027922649	-7.62377392654345	-16.2734192413448	-7.61097264432036	-15.7644051268507	-13.1706683864311	-2.38528403579378	-10.1262742670726	-12.5857058857099	-12.2961992685149	-13.2961992685149	-16.0054710441695	-5.72289635856552	-15.7891090606532	-15.1706683864311	-14.7556308871522	-2.85193729678801	-7.79273488181498	-16.5414697474375	-13.7556308871522	-16.1089599873599	-10.6058837676476	-12.8487402915437	-15.4475675741951	-16.2073829821454	-15.9310144680342	-10.1857752788213	-11.2320689310952	-15.0740438745602	-16.6597172238616	-16.7373397798848	-16.9911564316146	-15.8186820283333	-15.8506385860173	-14.8359393666587	-12.5857058857099	-15.9449979549621	-12.4337027922649	-14.5013707210169	-14.8506385860173	-14.5077172270297	-16.2337195276121	-15.6257944434743	-15.4154116849974	-10.9482759650946	-10.027710432589	-8.18198369965892	-3.83919156457146	-4.09741940440044	-15.9872751165175	-4.7284160019924	-12.3633134643735	-8.0209212669264	-9.2010420354746	-15.702858076899	-16.8500036561088	-8.18957684898115	-3.15188864908321	-14.1706683864311	-15.6835429492821	-9.28802533706924	-6.46676481298642	-12.3633134643735	-13.7556308871522	-16.1832735252166	-16.7967494219023	-15.856814552503	-14.8682438177046	-10.8729878377904	-16.1865398646658	-15.8827704002946	-13.5857058857099	-16.350283136402	-17.9672712973138	-12.0007433849888	-11.6263478702073	-15.158350463062	-15.823541395947	-7.47486011702164	-14.807266864253	-16.0270096477109	-16.2509768659375	-17.0495933331794	-16.2734192413448	-13.7556308871522	-15.8658903080872	-6.05172731370757	-15.8294130574836	-13.9482759650946	-12.9378084827105	-16.1523772791636	-15.1599163752562	-6.86841027168385	-14.7556308871522	-10.6263478702073	-8.45185013897513	-9.05519116901115	-6.95634926563032	-10.2010420354746	-10.0413853694861	-15.9911564316146	-4.54770144164057	-14.8355460427272	-12.2320689310952	-14.0055300864964	-6.07791124551123	-12.4337027922649	-13.4337027922649	-4.82933489237113	-11.0007433849888	-8.43370279226488	-5.71465628833493	-14.8709163440766	-15.8152707059652	-14.2344908694437	-13.1706683864311	-10.5461775215233	-15.504831398927	-12.9482759650946	-13.9482759650946	-13.0551911690111	-11.1706683864311	-10.3126873913035	-5.04138536948612	-8.31683903457398	-8.29619926851494	-13.7556308871522	-7.99740767242551	-13.7556308871522	-12.3633134643735	-15.8827704002946	-14.1495639379677	-9.80143457676536	-15.7715023653869	-15.504831398927	-15.4763032032435	-16.2680545868555	-10.3980788825342	-11.8976498920247	-14.8724931961221	-14.5078396786765	-11.140921043037	-7.91014083620786	-9.00074338498877	-11.8976498920247	-10.9742711736276	-12.7556308871522	-13.5857058857099	-13.9385425738904	-10.5658063282722	-9.25578500006903	-15.0225659718147	-15.1404803157648	-15.2789782996805	-11.8976498920247	-16.1240674467615	-13.1706683864311	-15.2734192413448	-14.2734192413448	-13.4337027922649	-13.7556308871522	-14.6122541923889	-15.4646308324583	-7.33356612097942	-15.4704173879792	-14.1710203825119	-13.9443460341378	-14.9227547263086	-7.15200454216605	-14.1495639379677	-8.83081838354646	-8.34623995101454	-14.0495933331794	-12.1706683864311	-13.7521157796728	-9.83676764987764	-14.1972166931101	-12.2961992685149	-12.0551911690111	-3.80689864733262	-11.3980788825342	-5.89067097200964
ERR3929065	-15.058086878622	-12.534524922565	-16.8045974212163	-11.4142306888473	-7.69176466437619	-16.2734192413448	-7.9469512083873	-13.7361587837346	-15.2117869211812	-2.90865728856526	-10.3166198922209	-12.2001058834944	-13.5986552599847	-14.058086878622	-16.0054710441695	-5.76806803168939	-12.8881618771797	-14.4731243779008	-16.7090299474826	-3.08789109206682	-8.37860677911656	-15.4731243779008	-14.9299848578272	-16.1089599873599	-10.3576471604809	-13.058086878622	-15.4475675741951	-16.2073829821454	-15.9310144680342	-10.4142306888473	-10.7182368757374	-15.0740438745602	-16.6597172238616	-16.7373397798848	-16.9911564316146	-15.8186820283333	-15.8506385860173	-14.8359393666587	-13.2507319565644	-15.9449979549621	-12.2507319565644	-14.5013707210169	-14.8506385860173	-14.5077172270297	-16.2337195276121	-15.6257944434743	-15.4154116849974	-10.0028044431208	-9.9391458058985	-8.12734954105912	-3.30090524580529	-3.37640922341231	-15.9872751165175	-3.77167350925166	-12.8881618771797	-7.01232721723932	-9.2507319565644	-13.5986552599847	-14.7361587837346	-8.22836414353595	-3.34287559385016	-14.2507319565644	-15.6835429492821	-9.24430568740497	-6.4797141872612	-13.4731243779008	-12.8101593651784	-16.1832735252166	-16.7967494219023	-15.856814552503	-14.8682438177046	-10.9706240373717	-16.1865398646658	-15.8827704002946	-12.9706240373717	-16.350283136402	-17.9672712973138	-12.5986552599847	-11.4142306888473	-15.158350463062	-15.823541395947	-7.33869805767992	-14.807266864253	-16.0270096477109	-16.2509768659375	-17.0495933331794	-13.4731243779008	-13.3576471604809	-15.8658903080872	-6.41874616996977	-15.8294130574836	-15.1609349952268	-12.9378084827105	-14.7361587837346	-15.1599163752562	-6.8956955498651	-16.218474944346	-10.6486959424843	-8.53845062577879	-8.77268465975976	-6.77037449907256	-10.3998753958702	-9.77268465975976	-15.9911564316146	-5.51505505836677	-14.8355460427272	-13.7361587837346	-14.0055300864964	-6.90707033972976	-12.2001058834944	-14.2507319565644	-5.4572447642347	-10.868262319742	-8.24430568740497	-6.03849615026412	-14.8709163440766	-15.8152707059652	-14.2344908694437	-13.4731243779008	-11.2251968644573	-15.504831398927	-13.4731243779008	-13.8881618771797	-11.8486335129931	-12.1038905682351	-10.6486959424843	-4.38765191871957	-7.59660743133585	-8.18156993205701	-11.4142306888473	-8.0191678893297	-15.5555178150437	-12.2001058834944	-15.8827704002946	-14.1495639379677	-10.0923025939599	-15.7715023653869	-15.504831398927	-15.4763032032435	-16.2680545868555	-10.7361587837346	-11.3301664240588	-14.8724931961221	-14.5078396786765	-11.0808069551221	-7.96532973770215	-8.91853552622321	-12.4731243779008	-11.1754438292602	-13.058086878622	-14.4731243779008	-13.9385425738904	-10.3856615366505	-7.72717000050739	-15.0225659718147	-15.1404803157648	-12.7361587837346	-11.7005348740039	-16.1240674467615	-14.6301438611154	-15.2734192413448	-14.2734192413448	-15.5280755612214	-13.5986552599847	-14.6122541923889	-15.4646308324583	-5.40479393323919	-15.4704173879792	-14.1710203825119	-13.9443460341378	-14.9227547263086	-7.60687576678968	-14.1495639379677	-8.86826231974199	-8.41062845216709	-14.0495933331794	-11.6657694558432	-13.7521157796728	-9.55029223842331	-14.1972166931101	-12.2507319565644	-12.2507319565644	-3.9598902640948	-11.4731243779008	-5.76461522978387
ERR3929066	-7.65111388730157	-12.5756138825035	-16.8045974212163	-11.0956209413839	-7.02912552959694	-14.823541395947	-6.82777424506925	-15.7644051268507	-13.3641097773098	-5.61347891270682	-6.97335455830128	-12.29997943989	-12.6536163945047	-13.5016133010597	-10.284382584839	-6.22177060753934	-12.5016133010597	-12.29997943989	-11.5016133010597	-2.71656958627996	-8.61897025169785	-16.5414697474375	-13.5016133010597	-16.1089599873599	-15.6835429492821	-9.66367005916866	-10.9166508003385	-16.2073829821454	-15.9310144680342	-15.6835429492821	-15.285052966554	-7.25748735777596	-10.5947227054512	-16.7373397798848	-12.823541395947	-15.8186820283333	-15.8506385860173	-14.8359393666587	-8.64861571344637	-15.9449979549621	-15.2789782996805	-12.123101677806	-14.8506385860173	-14.5077172270297	-11.7791472765886	-11.5016133010597	-13.823541395947	-10.0553570711701	-5.71959796605549	-8.335701362124	-2.58312270876738	-7.92569593994154	-15.9872751165175	-4.10565081195977	-16.230308205244	-13.5016133010597	-7.28050957569181	-15.702858076899	-14.823541395947	-6.35797499113765	-8.31574675574835	-16.8709426066494	-12.7360785546967	-8.81791684675317	-7.51520236580764	-10.2236285537599	-15.8500036561088	-8.48369139306243	-16.7967494219023	-15.856814552503	-14.8682438177046	-10.3157467557484	-16.1865398646658	-15.8827704002946	-15.1353405502535	-16.350283136402	-17.9672712973138	-12.9166508003385	-9.33168829961737	-12.2385788952259	-14.823541395947	-7.75476311796164	-14.807266864253	-16.0270096477109	-16.2509768659375	-17.0495933331794	-8.19783255288258	-15.1240674467615	-15.8658903080872	-9.5106584406627	-15.8294130574836	-15.1609349952268	-12.9378084827105	-16.1523772791636	-11.6942583790021	-6.0728344097221	-13.123101677806	-15.9117196656231	-2.1975472379324	-8.99065138178231	-6.00895893004077	-15.7644051268507	-11.0686538937836	-15.9911564316146	-6.43444787404258	-8.05205192644645	-9.23108435867897	-8.82354139594705	-11.4312239731683	-16.6597172238616	-13.5016133010597	-4.26751440322237	-16.1264322481587	-16.9657053851196	-11.2689525442694	-7.34983564632763	-15.8152707059652	-14.2344908694437	-10.4485019646001	-10.6942583790021	-15.504831398927	-10.7574522054893	-9.5381391770848	-10.823541395947	-7.8011735829186	-9.48369139306243	-5.56320987738945	-8.61897025169785	-11.2689525442694	-14.7556308871522	-6.4948664686191	-11.6140880303181	-8.40568888106115	-13.3641097773098	-11.9655604008195	-15.2446797245828	-15.7715023653869	-11.5016133010597	-15.4763032032435	-13.823541395947	-6.96711586732152	-11.0161864738894	-14.8724931961221	-14.5078396786765	-8.74139235459318	-6.37439275057161	-10.1941847758674	-15.7861547425589	-8.04546426641169	-14.5442400064417	-11.0956209413839	-13.9385425738904	-8.79563539937716	-9.5381391770848	-15.0225659718147	-13.2385788952259	-12.5756138825035	-8.79563539937716	-12.3641097773098	-8.23108435867897	-15.2734192413448	-7.57561388250346	-10.4141504598093	-11.0161864738894	-13.0161864738894	-15.4646308324583	-7.96867301268681	-15.4704173879792	-11.8693450855602	-10.5947227054512	-7.85199784199628	-8.5106584406627	-9.90467815867246	-10.1511160539756	-11.2088315518318	-14.0495933331794	-14.6660143652164	-8.91065205971709	-6.22177060753934	-14.1972166931101	-10.4485019646001	-7.30390514310384	-10.6536163945047	-14.2446797245828	-6.7307842550272
ERR3929067	-7.98441845880114	-12.345165802579	-15.8045974212163	-12.2810354651593	-6.29779398342068	-16.2734192413448	-6.62344516435076	-15.7644051268507	-13.345165802579	-5.84170141587906	-6.84025655342391	-12.634672419774	-12.345165802579	-12.8045974212163	-10.1321720792448	-5.99965974916442	-12.8977068256078	-12.482669326329	-10.482669326329	-3.2008551831473	-9.0364130964394	-14.2196349204952	-14.9299848578272	-16.1089599873599	-15.6835429492821	-9.93423270163292	-11.0766769666531	-16.2073829821454	-15.9310144680342	-15.6835429492821	-15.285052966554	-6.66376765044332	-10.3288639902499	-16.7373397798848	-11.9972424991587	-15.8186820283333	-15.8506385860173	-14.8359393666587	-10.0232377076917	-15.9449979549621	-15.2789782996805	-11.717134579966	-14.8506385860173	-14.5077172270297	-10.6753144042714	-13.1041577030752	-15.4154116849974	-10.4295579898694	-5.74255128349584	-8.19357262390897	-2.71788065148363	-8.41658013587119	-15.9872751165175	-4.02262305382699	-16.230308205244	-11.8504011108295	-6.66249036391378	-13.482669326329	-16.8500036561088	-5.95597448078699	-8.45586926698525	-13.634672419774	-11.8977068256078	-8.79337016579307	-7.50310122623378	-9.32078164395207	-13.9972424991587	-8.09379098751697	-16.7967494219023	-15.856814552503	-14.8682438177046	-10.1607412314416	-16.1865398646658	-15.8827704002946	-15.1353405502535	-16.350283136402	-14.2196349204952	-13.9972424991587	-10.0101815548662	-12.9972424991587	-15.823541395947	-8.3741448695508	-14.807266864253	-16.0270096477109	-16.2509768659375	-17.0495933331794	-8.78222960818787	-15.1240674467615	-13.9972424991587	-9.98441845880114	-15.8294130574836	-15.1609349952268	-12.9378084827105	-14.2196349204952	-9.88573418394173	-7.16797280067268	-13.634672419774	-15.9117196656231	-1.79634389412028	-9.23474181288538	-5.95441058357055	-15.7644051268507	-10.8738600836534	-15.9911564316146	-7.00693589536257	-8.48718480745146	-10.0364130964394	-9.60492507637996	-11.6753144042714	-16.6597172238616	-12.8045974212163	-5.02078066189614	-16.1264322481587	-16.9657053851196	-12.345165802579	-7.63216991257084	-15.8152707059652	-14.2344908694437	-10.0631304348152	-10.9219543718545	-15.504831398927	-10.4295579898694	-9.81591273444416	-11.2500085695387	-7.6676063091361	-9.92195437185448	-5.53488630007354	-8.69085525516714	-10.5008166730392	-14.7556308871522	-6.44265364748108	-11.2196349204952	-7.83593062802112	-12.8977068256078	-11.9466164260888	-13.345165802579	-15.7715023653869	-10.5951440555874	-15.4763032032435	-12.8045974212163	-7.01506377624597	-11.8977068256078	-14.8724931961221	-14.5078396786765	-8.68047610938714	-6.34414152490669	-10.5191952023541	-15.7861547425589	-8.12160283753464	-12.634672419774	-11.7602033018579	-13.9385425738904	-8.50538940282905	-10.482669326329	-15.0225659718147	-12.0497099190529	-15.2789782996805	-8.55666990777274	-16.1240674467615	-8.18621191895772	-13.634672419774	-7.23854338304523	-10.5951440555874	-11.3783326665142	-11.8045974212163	-12.717134579966	-8.16435248499398	-15.4704173879792	-11.345165802579	-9.95910737027195	-7.08008356809638	-8.44704541659824	-10.5008166730392	-9.51919520235408	-11.1607412314416	-14.0495933331794	-14.6660143652164	-9.05640457162687	-6.03393352829957	-14.1972166931101	-10.6147728623363	-6.88573418394173	-10.8977068256078	-14.2446797245828	-6.98441845880114
ERR3929068	-17.0489018956376	-11.8673255462646	-16.8045974212163	-11.554167661005	-9.83490406857227	-16.2734192413448	-9.74179466418079	-15.7644051268507	-13.211279947482	-4.99248387959475	-5.76897438887157	-11.7824366486781	-10.7824366486781	-12.8242568243728	-16.0054710441695	-6.44921739302584	-3.35965101554784	-16.7059698046375	-13.7417946641808	-11.7022662999942	-17.0863332217381	-14.1043647435655	-14.9299848578272	-16.1089599873599	-14.1043647435655	-11.7022662999942	-9.37256085451507	-16.2073829821454	-15.9310144680342	-15.6835429492821	-15.285052966554	-7.78243664867813	-9.86732554626465	-16.7373397798848	-16.9911564316146	-15.8186820283333	-15.8506385860173	-14.8359393666587	-8.41986656929343	-15.9449979549621	-15.2789782996805	-11.8242568243728	-14.8506385860173	-14.5077172270297	-16.2337195276121	-15.6257944434743	-15.4154116849974	-7.68049848491192	-7.0413549460397	-9.485454910921	-7.07882965145836	-11.5194022428443	-14.3267571649019	-5.00520482077615	-16.230308205244	-6.46981296108086	-1.02642843993849	-12.3881577095661	-14.5897915707357	-8.58979157073574	-12.3881577095661	-14.3267571649019	-15.6835429492821	-11.9117196656231	-10.170252679222	-12.1568321634596	-15.8500036561088	-16.1832735252166	-13.7417946641808	-15.856814552503	-11.7022662999942	-10.0662296146787	-16.1865398646658	-15.8827704002946	-15.1353405502535	-16.350283136402	-17.9672712973138	-11.3881577095661	-10.5897915707357	-11.6637921521795	-11.2678634758484	-7.8728006763308	-14.807266864253	-16.0270096477109	-16.2509768659375	-17.0495933331794	-7.75184832884471	-15.1240674467615	-12.7417946641808	-13.1043647435655	-15.8294130574836	-15.1609349952268	-12.9378084827105	-16.1523772791636	-15.1599163752562	-11.5897915707357	-16.218474944346	-14.9117196656231	-7.56742375770728	-5.24549566281992	-12.1043647435655	-13.0048290700146	-13.211279947482	-13.7417946641808	-9.67331492629802	-8.41586463873593	-7.36097288023986	-14.0055300864964	-14.3267571649019	-16.6597172238616	-15.3267571649019	-10.8031952088449	-14.3267571649019	-16.9657053851196	-17.5291407414866	-9.08517117833219	-15.8152707059652	-14.2344908694437	-15.4639393949165	-9.52801537314905	-15.504831398927	-12.4522880469858	-13.3267571649019	-12.7417946641808	-13.7417946641808	-11.4522880469858	-6.20436053354222	-9.80319520884493	-10.6449331249282	-13.4522880469858	-8.26426123916818	-13.211279947482	-8.32675716490194	-14.1043647435655	-11.9575233552362	-15.2446797245828	-15.7715023653869	-15.504831398927	-15.4763032032435	-14.5897915707357	-6.98394170354076	-10.8893518525946	-14.8724931961221	-14.5078396786765	-7.55636856919829	-4.55334318529486	-11.5897915707357	-15.7861547425589	-6.96920516028386	-12.9117196656231	-13.7417946641808	-13.9385425738904	-4.89421526451369	-5.51351040415625	-15.0225659718147	-15.1404803157648	-15.2789782996805	-10.9344397421232	-11.8242568243728	-8.83490406857227	-15.2734192413448	-8.80319520884493	-9.79277859289959	-10.7022662999942	-11.4198665692934	-11.1568321634596	-6.10758864443978	-15.4704173879792	-9.04753352096882	-12.3267571649019	-14.9227547263086	-9.88935185259465	-11.3267571649019	-10.8673255462646	-14.8185522208775	-14.0495933331794	-14.6660143652164	-9.75184832884471	-5.33996702211955	-12.1043647435655	-9.9928564283485	-6.76197254611842	-15.3267571649019	-14.2446797245828	-8.92303497885093
ERR3929069	-17.0489018956376	-13.0801513096141	-16.8045974212163	-11.8171169037803	-9.05335125027037	-16.2734192413448	-9.87851744844444	-15.7644051268507	-15.2117869211812	-5.63306808340444	-5.99374966373406	-11.7582232147267	-10.6741589499383	-13.5947244824438	-16.0054710441695	-6.35223085505089	-3.17326071400557	-14.4020794045014	-12.7016396863604	-11.7016396863604	-17.0863332217381	-14.0801513096141	-14.9299848578272	-16.1089599873599	-15.6835429492821	-11.9426477858642	-9.99268846836375	-16.2073829821454	-15.9310144680342	-15.6835429492821	-15.285052966554	-8.42479948100153	-9.59472448244385	-16.7373397798848	-16.9911564316146	-15.8186820283333	-15.8506385860173	-14.8359393666587	-8.24726129544934	-15.9449979549621	-15.2789782996805	-14.5013707210169	-14.8506385860173	-14.5077172270297	-16.2337195276121	-14.4020794045014	-15.4154116849974	-7.70511187826716	-7.11899105147745	-9.56918939033671	-7.22217031448652	-12.3146165632511	-15.9872751165175	-5.47208134189242	-16.230308205244	-7.21720406159317	-0.825801745423788	-12.2321544030591	-16.8500036561088	-8.86292059339342	-12.8171169037803	-16.8709426066494	-15.6835429492821	-11.1166771856392	-10.4020794045014	-12.3146165632511	-15.8500036561088	-16.1832735252166	-16.7967494219023	-15.856814552503	-12.4020794045014	-11.2727963875565	-16.1865398646658	-15.8827704002946	-15.1353405502535	-16.350283136402	-17.9672712973138	-12.8171169037803	-11.5947244824438	-12.5947244824438	-12.5947244824438	-8.7654547839578	-14.807266864253	-16.0270096477109	-16.2509768659375	-17.0495933331794	-7.91022630817177	-15.1240674467615	-12.9426477858642	-12.0801513096141	-15.8294130574836	-15.1609349952268	-12.9378084827105	-16.1523772791636	-15.1599163752562	-12.7016396863604	-16.218474944346	-15.9117196656231	-7.71908482081977	-5.21102018996979	-11.8171169037803	-14.4020794045014	-12.7016396863604	-15.9911564316146	-10.4951888088929	-8.85518494461381	-7.40207940450145	-14.0055300864964	-16.2338692909342	-16.6597172238616	-16.3807428843985	-11.4478830941146	-14.8171169037803	-16.9657053851196	-14.4020794045014	-10.0801513096141	-15.8152707059652	-14.2344908694437	-15.4639393949165	-10.2727963875565	-15.504831398927	-12.9426477858642	-13.4020794045014	-14.7000904658328	-15.1278907150655	-11.0097619817227	-6.25233228499677	-9.56918939033671	-10.8785174484444	-13.2321544030591	-8.11206055756883	-15.5555178150437	-8.52556245793645	-12.8171169037803	-11.1541518910579	-15.2446797245828	-15.7715023653869	-15.504831398927	-15.4763032032435	-16.2680545868555	-7.27537493165826	-10.5691893903367	-14.8724931961221	-14.5078396786765	-7.8982536665057	-4.91826362723719	-12.1541518910579	-15.7861547425589	-7.98845147547728	-14.5442400064417	-15.4731243779008	-13.9385425738904	-5.48919006827149	-5.56051505677087	-15.0225659718147	-12.1541518910579	-15.2789782996805	-11.9426477858642	-12.1541518910579	-9.33599021404368	-15.2734192413448	-8.22217031448652	-9.92634597353505	-11.8785174484444	-12.4020794045014	-11.8171169037803	-6.74208351207147	-15.4704173879792	-9.56918939033671	-13.9443460341378	-14.9227547263086	-11.1541518910579	-11.9426477858642	-12.7267104354715	-14.8185522208775	-14.0495933331794	-14.6660143652164	-10.5194363551396	-6.12479200437109	-12.9426477858642	-11.4478830941146	-6.87460239844105	-16.3267571649019	-14.2446797245828	-9.89428476430275
ERR3929070	-9.98499056080893	-11.885454887258	-16.8045974212163	-11.119920140895	-8.44804957495071	-13.6224204814242	-8.92815933821225	-15.7644051268507	-15.2117869211812	-4.2685385246792	-4.96222645742202	-14.8658903080872	-11.2687835268095	-12.7048826416162	-16.0054710441695	-5.03578916034244	-13.2073829821454	-16.7059698046375	-9.0241611580896	-8.05425322324604	-17.0863332217381	-13.3329138642292	-14.9299848578272	-16.1089599873599	-10.9594554687018	-9.46142860475191	-7.26096402235022	-15.2073829821454	-15.9310144680342	-15.6835429492821	-15.285052966554	-5.95314169476959	-9.94685543192215	-16.7373397798848	-16.9911564316146	-10.5069432640043	-15.8506385860173	-14.8359393666587	-8.52088245496216	-15.9449979549621	-12.4000280600878	-12.2687835268095	-5.935919954241	-14.5077172270297	-12.7048826416162	-8.86160814530364	-15.4154116849974	-7.37660371457644	-14.2073829821454	-7.68643697429537	-5.32575914514729	-9.19988844559845	-15.9872751165175	-6.36398531016224	-16.230308205244	-10.4347934782484	-3.50853364803564	-13.9849905608089	-16.8500036561088	-6.75479852890435	-9.47041738797917	-16.8709426066494	-11.1484892930918	-9.97216652045134	-10.6025209239865	-11.2687835268095	-15.8500036561088	-16.1832735252166	-13.7923454828665	-13.4704173879792	-11.934364487739	-10.5828921172376	-16.1865398646658	-15.8827704002946	-12.0374579807031	-16.350283136402	-17.9672712973138	-8.40002806008777	-9.55394074354145	-10.1058449556833	-10.9594554687018	-6.71820402011402	-14.807266864253	-16.0270096477109	-16.2509768659375	-17.0495933331794	-10.2073829821454	-15.1240674467615	-12.4000280600878	-5.40648308222507	-9.31661205190013	-15.1609349952268	-12.9378084827105	-16.1523772791636	-12.2073829821454	-11.9849905608089	-13.9849905608089	-11.4000280600878	-3.76911092602054	-5.60375663715918	-8.11992014089503	-6.64386890068825	-12.2073829821454	-15.9911564316146	-8.40864119039248	-7.15390956887606	-5.13950050986455	-11.0109857693419	-15.2073829821454	-16.6597172238616	-16.3807428843985	-8.56834380866843	-14.7923454828665	-16.9657053851196	-17.5291407414866	-8.4043281975214	-12.2073829821454	-14.2344908694437	-8.47946252758218	-8.4977247339749	-15.504831398927	-8.88545488725801	-10.2531866717585	-7.24159869748329	-6.04835262180636	-7.72088312030991	-3.71586388165951	-9.694313399906	-12.4000280600878	-14.7556308871522	-6.2310575377017	-8.38295454672883	-5.37028071669372	-9.7155298858157	-6.82944947752927	-15.2446797245828	-15.7715023653869	-12.0374579807031	-13.3329138642292	-12.5444179694229	-8.96579699557562	-10.3004923865369	-13.7923454828665	-14.5078396786765	-7.45919013255591	-2.94665942688947	-11.0644250283033	-15.7861547425589	-6.71686633337851	-10.3329138642292	-12.2073829821454	-12.6224204814242	-6.46254914464583	-7.30852970560227	-15.0225659718147	-11.6630624659216	-11.4347934782484	-9.90970243350469	-5.78672093367265	-6.53260221917575	-12.6224204814242	-6.68382102608836	-7.481732701207	-8.86753297926075	-9.90970243350469	-12.3329138642292	-8.93436448773896	-14.4704173879792	-8.60252092398651	-11.4704173879792	-6.97536185961115	-7.19615572672212	-11.4000280600878	-10.5255589421716	-11.3329138642292	-14.0495933331794	-14.6660143652164	-12.5444179694229	-4.66467351582755	-12.7923454828665	-8.58777433861733	-5.18871913788034	-16.3267571649019	-14.2446797245828	-7.38083449485446
ERR3929071	-11.6090863731469	-12.194048873868	-16.8045974212163	-11.194048873868	-7.59711373148078	-16.2734192413448	-11.1236595459766	-13.7086220466978	-13.5159769687554	-3.51070331219143	-2.14127706696707	-11.3065236031264	-11.194048873868	-13.194048873868	-10.9924150126984	-8.41268916034335	-12.3460519673131	-13.194048873868	-10.7086220466978	-13.5159769687554	-17.0863332217381	-16.5414697474375	-14.9299848578272	-16.1089599873599	-15.6835429492821	-10.4498877782976	-15.4475675741951	-16.2073829821454	-14.9310144680342	-15.6835429492821	-15.285052966554	-5.78126734852953	-16.6597172238616	-16.7373397798848	-16.9911564316146	-7.23985256348113	-15.8506385860173	-14.8359393666587	-15.0270096477109	-15.9449979549621	-12.3460519673131	-8.37131872592349	-14.8506385860173	-14.5077172270297	-16.2337195276121	-15.6257944434743	-7.89392514929899	-7.04633515151585	-12.9310144680342	-6.49499702985116	-5.91142373967633	-15.5555178150437	-15.9872751165175	-5.89942812497638	-13.9310144680342	-16.8186820283333	-2.09680680372683	-10.5617806583685	-16.8500036561088	-5.44384436458814	-13.3460519673131	-16.8709426066494	-13.9310144680342	-8.80861783667449	-9.62115920544743	-12.9310144680342	-15.8500036561088	-16.1832735252166	-16.7967494219023	-15.856814552503	-11.0897122140533	-10.2871582782595	-16.1865398646658	-14.194048873868	-15.1353405502535	-14.194048873868	-17.9672712973138	-7.89759146649677	-10.7610894665919	-11.3460519673131	-15.823541395947	-9.27757222943029	-14.807266864253	-16.0270096477109	-16.2509768659375	-17.0495933331794	-6.74944806015651	-15.1240674467615	-9.97681815764734	-12.428514127505	-13.5159769687554	-15.1609349952268	-12.9378084827105	-16.1523772791636	-15.1599163752562	-11.8155372506143	-13.7086220466978	-9.14965475450956	-6.49222261545595	-11.3065236031264	-11.9924150126984	-12.9310144680342	-9.96138811707773	-13.3460519673131	-15.2809278073661	-9.0241238724257	-12.428514127505	-14.0055300864964	-16.2338692909342	-16.6597172238616	-16.3807428843985	-13.5159769687554	-16.1264322481587	-16.9657053851196	-17.5291407414866	-10.2680494553118	-15.8152707059652	-14.2344908694437	-11.9310144680342	-9.18506009064075	-15.504831398927	-15.2422384111218	-12.6090863731469	-9.69579800634018	-9.41794488579484	-9.16724881452429	-4.243347183779	-9.34605196731306	-11.5617806583685	-14.7556308871522	-5.36559499993752	-11.4715828493969	-7.07096212288695	-15.8827704002946	-9.17612696587075	-15.2446797245828	-15.7715023653869	-13.3460519673131	-15.4763032032435	-16.2680545868555	-10.1065860326177	-11.7086220466978	-14.8724931961221	-14.5078396786765	-7.89392514929899	-3.31308791123546	-13.194048873868	-15.7861547425589	-7.64561224917197	-14.5442400064417	-13.3460519673131	-10.3261524098754	-6.93854814071962	-8.39185565692618	-15.0225659718147	-12.6090863731469	-12.6090863731469	-12.0565453501181	-8.5793390297528	-10.0730334729066	-12.428514127505	-6.75775375402865	-6.9904561596603	-9.57346246341613	-10.1584249641373	-12.428514127505	-6.85419887098338	-15.4704173879792	-8.893925149299	-11.8721207789806	-14.9227547263086	-8.35107004207968	-12.5159769687554	-11.5617806583685	-13.194048873868	-14.0495933331794	-14.6660143652164	-9.97681815764734	-6.28355604157929	-10.8155372506143	-10.5159769687554	-6.83649686924992	-12.0565453501181	-14.2446797245828	-6.69101822822685
ERR3929072	-17.0489018956376	-11.8958073457219	-16.8045974212163	-11.3264417000518	-13.2650411553876	-16.2734192413448	-9.18466773892363	-14.0426487340512	-13.2650411553876	-6.6876123273519	-8.38647928283762	-12.6800786546665	-12.6800786546665	-13.5280755612214	-16.0054710441695	-5.43637572708463	-1.74499547635873	-16.7059698046375	-14.0426487340512	-4.93861166826534	-17.0863332217381	-13.3905720374715	-14.9299848578272	-16.1089599873599	-12.8500036561088	-13.5280755612214	-6.73365969487133	-16.2073829821454	-15.9310144680342	-15.6835429492821	-15.285052966554	-7.42164348340451	-16.6597172238616	-16.7373397798848	-16.9911564316146	-15.8186820283333	-15.8506385860173	-14.8359393666587	-13.0426487340512	-15.9449979549621	-15.2789782996805	-13.2650411553876	-14.8506385860173	-14.5077172270297	-16.2337195276121	-15.6257944434743	-15.4154116849974	-8.6454325118596	-15.9227547263086	-10.6601790972288	-3.99688907266852	-13.2650411553876	-14.8500036561088	-4.44725803361311	-16.230308205244	-16.8186820283333	-1.30085072660316	-8.29925687072556	-15.8500036561088	-8.9796389365254	-12.9431130605003	-14.8500036561088	-15.6835429492821	-16.5414697474375	-11.3581505597791	-13.1495639379677	-14.8500036561088	-16.1832735252166	-14.2650411553876	-15.856814552503	-14.8682438177046	-8.12890446740162	-16.1865398646658	-15.8827704002946	-15.1353405502535	-16.350283136402	-17.9672712973138	-11.7207206391638	-15.2350632755068	-15.158350463062	-15.823541395947	-9.44912421982662	-14.807266864253	-16.0270096477109	-16.2509768659375	-17.0495933331794	-8.82209765953892	-15.1240674467615	-15.8658903080872	-14.9990184806014	-13.6800786546665	-13.6800786546665	-12.9378084827105	-6.85565021924995	-15.1599163752562	-16.2338692909342	-14.2650411553876	-15.9117196656231	-10.5280755612214	-12.2061474663341	-14.9813888961172	-15.7644051268507	-15.5495320057657	-15.9911564316146	-15.2809278073661	-14.8355460427272	-10.2801480477779	-14.0055300864964	-16.2338692909342	-16.6597172238616	-16.3807428843985	-16.1144608389012	-16.1264322481587	-16.9657053851196	-15.8500036561088	-12.0426487340512	-15.8152707059652	-14.2344908694437	-15.4639393949165	-10.2500908139217	-15.504831398927	-15.2422384111218	-12.0951161539453	-14.7000904658328	-15.1278907150655	-13.0426487340512	-10.5101536532242	-13.6800786546665	-14.2650411553876	-14.7556308871522	-12.3905720374715	-15.5555178150437	-13.5280755612214	-15.8827704002946	-13.1495639379677	-15.2446797245828	-15.7715023653869	-15.504831398927	-15.4763032032435	-16.2680545868555	-10.7002565366041	-12.8500036561088	-14.8724931961221	-14.5078396786765	-10.7625408148585	-5.3098756175267	-12.6800786546665	-15.7861547425589	-10.6405502904799	-6.64421040671165	-15.4731243779008	-13.9385425738904	-8.29158294284014	-12.3264417000518	-15.0225659718147	-15.1404803157648	-15.2789782996805	-11.6020761426652	-16.1240674467615	-10.6020761426652	-15.2734192413448	-7.75197157314828	-14.5280755612214	-13.3905720374715	-14.6122541923889	-15.4646308324583	-11.45768623333	-15.4704173879792	-11.0426487340512	-13.9443460341378	-14.9227547263086	-8.33430381782476	-13.1495639379677	-11.1495639379677	-14.8185522208775	-14.0495933331794	-14.6660143652164	-7.5235741689865	-6.47170880019691	-14.1972166931101	-11.0686439425841	-12.1495639379677	-10.7002565366041	-14.2446797245828	-9.51908677799419
ERR3929073	-17.0489018956376	-12.9117914327248	-16.8045974212163	-12.4967539334459	-13.2337195276121	-16.2734192413448	-13.4967539334459	-15.7644051268507	-15.2117869211812	-7.81305747913942	-10.9117914327248	-12.359250409696	-12.731219187083	-13.4967539334459	-16.0054710441695	-5.85578602299604	-13.8186820283333	-16.7059698046375	-14.2337195276121	-12.2337195276121	-17.0863332217381	-16.5414697474375	-14.9299848578272	-16.1089599873599	-10.2039721842181	-16.635349691858	-15.4475675741951	-16.2073829821454	-15.9310144680342	-15.6835429492821	-15.285052966554	-15.0740438745602	-16.6597172238616	-16.7373397798848	-16.9911564316146	-14.8186820283333	-15.8506385860173	-14.8359393666587	-12.2951200722763	-15.9449979549621	-15.2789782996805	-12.4967539334459	-12.2951200722763	-14.5077172270297	-15.2337195276121	-15.6257944434743	-15.4154116849974	-6.97947824023635	-15.9227547263086	-10.2795232172253	-1.59144214910828	-13.648757026891	-15.9872751165175	-14.8185522208775	-16.230308205244	-15.8186820283333	-9.42636460555454	-15.702858076899	-16.8500036561088	-5.76679337242792	-12.4263646055545	-14.0113271062757	-15.6835429492821	-14.0113271062757	-15.2337195276121	-12.4967539334459	-10.9857920141686	-16.1832735252166	-14.4967539334459	-13.648757026891	-12.2951200722763	-2.73403970614534	-14.0113271062757	-15.8827704002946	-13.648757026891	-16.350283136402	-17.9672712973138	-15.0194045717568	-7.56601659588305	-15.158350463062	-15.823541395947	-6.66512999662519	-14.807266864253	-16.0270096477109	-16.2509768659375	-17.0495933331794	-7.71015757155513	-15.1240674467615	-15.8658903080872	-14.9990184806014	-11.731219187083	-15.1609349952268	-12.9378084827105	-14.2337195276121	-15.1599163752562	-14.4967539334459	-16.218474944346	-15.9117196656231	-10.3757385324846	-7.57075451488971	-14.9813888961172	-15.7644051268507	-15.5495320057657	-15.9911564316146	-15.2809278073661	-10.8644857179464	-11.4967539334459	-12.5707545148897	-14.4967539334459	-16.6597172238616	-15.2337195276121	-16.1144608389012	-16.1264322481587	-16.9657053851196	-17.5291407414866	-12.2337195276121	-15.8152707059652	-14.2344908694437	-8.97947824023635	-8.87616752299406	-15.504831398927	-15.2422384111218	-10.8644857179464	-14.7000904658328	-15.1278907150655	-14.2337195276121	-11.2039721842181	-13.8186820283333	-15.2650411553876	-14.7556308871522	-14.385893503597	-13.4967539334459	-14.4967539334459	-15.8827704002946	-14.1495639379677	-15.2446797245828	-15.7715023653869	-15.504831398927	-15.4763032032435	-16.2680545868555	-10.5149012801562	-12.359250409696	-14.8724931961221	-14.5078396786765	-7.67147710339107	-2.46946992224498	-15.3134215969707	-15.7861547425589	-7.80745477291004	-6.779763039041	-15.4731243779008	-5.96927692738554	-8.21135171458369	-4.29978303555598	-15.0225659718147	-15.1404803157648	-15.2789782996805	-5.65755014534899	-16.1240674467615	-8.6791306759345	-15.2734192413448	-4.35669107774773	-5.45126727708647	-6.92234962442336	-9.18932540825369	-15.4646308324583	-11.6092286627043	-15.4704173879792	-7.59951350787114	-13.9443460341378	-14.9227547263086	-8.00169840507792	-14.1495639379677	-9.13218150115008	-14.8185522208775	-11.2640931766557	-14.6660143652164	-13.7521157796728	-6.01940040681137	-14.1972166931101	-5.82786894917969	-8.07384819083375	-7.0471925588327	-14.2446797245828	-13.2337195276121
ERR3929074	-17.0489018956376	-11.6093784260264	-16.8045974212163	-12.2338692909342	-9.16778010047645	-16.2734192413448	-12.9119411960469	-13.8188317916554	-15.2117869211812	-3.92382461128672	-10.7744376722969	-13.1183920735143	-13.496903696768	-13.6489067902131	-16.0054710441695	-7.32697869532571	-15.7891090606532	-16.7059698046375	-14.0114768695978	-13.2338692909342	-17.0863332217381	-16.5414697474375	-14.9299848578272	-16.1089599873599	-14.0114768695978	-13.8188317916554	-15.4475675741951	-16.2073829821454	-15.9310144680342	-15.6835429492821	-15.285052966554	-10.7964639786269	-16.6597172238616	-16.7373397798848	-16.9911564316146	-15.8186820283333	-15.8506385860173	-14.8359393666587	-15.0270096477109	-15.9449979549621	-15.2789782996805	-12.496903696768	-14.8506385860173	-14.5077172270297	-16.2337195276121	-15.6257944434743	-12.9119411960469	-11.496903696768	-12.3594001730181	-9.55204525096048	-5.62469055279225	-12.0639442894919	-15.9872751165175	-8.8588298595873	-16.230308205244	-16.8186820283333	-0.758684742326591	-9.38420356401866	-16.8500036561088	-7.69729827431535	-12.731368950405	-14.8188317916554	-15.6835429492821	-13.496903696768	-12.5709042782118	-13.2338692909342	-15.8500036561088	-16.1832735252166	-14.8188317916554	-15.856814552503	-12.2338692909342	-8.5804270523303	-16.1865398646658	-15.8827704002946	-15.1353405502535	-16.350283136402	-17.9672712973138	-12.0639442894919	-15.2350632755068	-11.2952698355984	-12.731368950405	-7.29331098256031	-14.807266864253	-14.8188317916554	-16.2509768659375	-17.0495933331794	-16.2734192413448	-15.1240674467615	-15.8658903080872	-6.30411773751689	-15.8294130574836	-15.1609349952268	-12.9378084827105	-14.2338692909342	-15.1599163752562	-15.2338692909342	-16.218474944346	-10.0909113370922	-8.83583821696107	-11.0909113370922	-10.8646354812685	-15.7644051268507	-15.5495320057657	-15.9911564316146	-15.2809278073661	-7.89105382957304	-10.6895487747104	-14.0055300864964	-15.2338692909342	-16.6597172238616	-16.3807428843985	-14.0114768695978	-16.1264322481587	-16.9657053851196	-17.5291407414866	-13.3594001730181	-15.8152707059652	-14.2344908694437	-8.77443767229693	-8.83014710488322	-15.504831398927	-14.0114768695978	-11.0909113370922	-14.7000904658328	-10.6093784260264	-10.8646354812685	-6.11839207351429	-10.4094408555177	-10.7744376722969	-11.2642429399777	-7.19861196614789	-15.5555178150437	-6.39256703695328	-11.2041219475402	-10.7744376722969	-15.2446797245828	-13.8188317916554	-15.504831398927	-15.4763032032435	-16.2680545868555	-7.75813585996783	-11.5709042782118	-14.8724931961221	-14.5078396786765	-7.03747207813072	-4.42570951806585	-13.1183920735143	-15.7861547425589	-7.73402340385102	-11.496903696768	-12.731368950405	-10.5334295727931	-3.70525239370485	-5.2068848498354	-15.0225659718147	-15.1404803157648	-15.2789782996805	-10.343098360689	-12.9119411960469	-9.10458627398926	-15.2734192413448	-9.62900723277536	-7.60694349710938	-9.77443767229693	-12.6489067902131	-10.7527426011976	-7.57565780818243	-15.4704173879792	-11.0114768695978	-12.9119411960469	-14.9227547263086	-8.94231484509038	-14.1495639379677	-11.5709042782118	-14.8185522208775	-10.8188317916554	-12.8188317916554	-9.65896045487699	-5.75005351366997	-8.19312294859091	-9.68954877471041	-6.74068098392073	-16.3267571649019	-14.2446797245828	-7.77443767229693
ERR3929075	-17.0489018956376	-12.549014511762	-16.8045974212163	-11.8265484872909	-15.8709426066494	-16.2734192413448	-12.6230150932058	-15.7644051268507	-15.2117869211812	-6.54002572853475	-5.42799911080064	-11.4446778519473	-6.18970419487156	-14.549014511762	-16.0054710441695	-9.20560668946419	-4.96029987617974	-16.7059698046375	-16.7090299474826	-13.1705028885083	-17.0863332217381	-16.5414697474375	-14.9299848578272	-16.1089599873599	-15.6835429492821	-8.89366268314945	-8.90515832198728	-16.2073829821454	-15.9310144680342	-15.6835429492821	-15.285052966554	-8.39926739225732	-16.6597172238616	-16.7373397798848	-16.9911564316146	-14.2859801059282	-15.8506385860173	-14.8359393666587	-15.0270096477109	-15.9449979549621	-11.8709426066494	-14.5013707210169	-5.65419674845406	-14.5077172270297	-7.31443655197744	-6.52221445241829	-15.4154116849974	-5.71802403051275	-13.7010176052071	-10.2859801059282	-7.66637146240017	-12.1160551044859	-15.9872751165175	-5.17484443569351	-16.230308205244	-13.549014511762	-0.915519727154397	-13.8709426066494	-15.2859801059282	-10.2127311238976	-11.9167462962625	-15.8709426066494	-15.6835429492821	-16.5414697474375	-14.2859801059282	-13.0635876845918	-15.8500036561088	-16.1832735252166	-14.2859801059282	-13.8709426066494	-11.5855403877871	-9.77291052368884	-12.8709426066494	-14.2859801059282	-15.1353405502535	-16.350283136402	-17.9672712973138	-12.9640520110409	-15.2350632755068	-15.158350463062	-15.823541395947	-8.51779578115129	-14.807266864253	-16.0270096477109	-16.2509768659375	-14.2859801059282	-9.38712682938511	-15.1240674467615	-12.3473806505924	-14.9990184806014	-15.8294130574836	-15.1609349952268	-12.9378084827105	-10.8936626831495	-15.1599163752562	-12.8709426066494	-16.218474944346	-15.9117196656231	-10.6421239161535	-12.2270864168746	-14.9813888961172	-15.7644051268507	-15.5495320057657	-15.9911564316146	-15.2809278073661	-12.8709426066494	-13.0635876845918	-14.0055300864964	-16.2338692909342	-15.2859801059282	-14.2859801059282	-16.1144608389012	-16.1264322481587	-16.9657053851196	-17.5291407414866	-11.4786251838706	-15.8152707059652	-14.2344908694437	-15.4639393949165	-10.4959031753024	-15.504831398927	-15.2422384111218	-13.549014511762	-14.7000904658328	-13.7010176052071	-15.3600354542409	-9.89366268314945	-12.3473806505924	-15.2650411553876	-14.7556308871522	-12.3473806505924	-13.0635876845918	-12.2859801059282	-15.8827704002946	-14.1495639379677	-15.2446797245828	-15.7715023653869	-15.504831398927	-15.4763032032435	-16.2680545868555	-10.3163537549717	-15.3807428843985	-14.8724931961221	-14.5078396786765	-7.57402639977008	-5.51229140575648	-15.3134215969707	-15.7861547425589	-6.92989500030879	-9.3087001824283	-15.4731243779008	-13.9385425738904	-3.07530876214259	-5.0416162708077	-15.0225659718147	-13.549014511762	-15.2789782996805	-9.95207936937477	-13.2859801059282	-9.82654848729091	-15.2734192413448	-4.28997747067204	-6.47540847118707	-12.8709426066494	-14.6122541923889	-11.5855403877871	-9.91674629626249	-15.4704173879792	-11.1705028885083	-11.9640520110409	-14.9227547263086	-9.66148924102042	-14.1495639379677	-10.4279991108006	-14.8185522208775	-14.0495933331794	-14.6660143652164	-9.62301509320578	-6.04359990241525	-14.1972166931101	-11.1430221520862	-7.77028026764417	-16.3267571649019	-14.2446797245828	-11.0129616115218
ERR3929076	-15.7682360259377	-12.3088044073004	-16.8045974212163	-11.7238419065793	-16.8709426066494	-16.2734192413448	-9.63895300899274	-15.7644051268507	-15.2117869211812	-5.32529253008898	-8.56856368110134	-12.7682360259377	-12.5203085124941	-13.3088044073004	-16.0054710441695	-6.21364717426007	-13.4463079310503	-16.7059698046375	-16.7090299474826	-10.5014494852428	-11.3088044073004	-16.5414697474375	-14.9299848578272	-16.1089599873599	-15.6835429492821	-9.4644552777606	-7.20599360171664	-15.1832735252166	-15.9310144680342	-15.6835429492821	-15.285052966554	-8.51084818324506	-16.6597172238616	-16.7373397798848	-16.9911564316146	-13.5983110244954	-14.7682360259377	-14.8359393666587	-15.0270096477109	-13.9608811038801	-14.1832735252166	-14.5013707210169	-14.8506385860173	-14.5077172270297	-16.2337195276121	-15.6257944434743	-13.9608811038801	-8.91648698452165	-14.4463079310503	-7.14618420648133	-4.02088219645965	-12.3088044073004	-15.9872751165175	-3.45563664707508	-16.230308205244	-13.3088044073004	-1.63473254267455	-9.8978713063543	-16.8500036561088	-7.33778347427218	-12.8613454303292	-14.7682360259377	-15.6835429492821	-8.81986879435303	-9.33360779830098	-13.3088044073004	-15.8500036561088	-15.1832735252166	-16.7967494219023	-14.7682360259377	-12.5203085124941	-9.08875592643226	-16.1865398646658	-13.3088044073004	-15.1353405502535	-16.350283136402	-17.9672712973138	-10.7682360259377	-9.02004317634825	-9.72384190657925	-11.276382929608	-8.35460809691354	-14.807266864253	-16.0270096477109	-16.2509768659375	-17.0495933331794	-9.71295359043652	-15.1240674467615	-13.4463079310503	-12.6807731846874	-15.8294130574836	-15.1609349952268	-12.9378084827105	-12.9608811038801	-15.1599163752562	-16.2338692909342	-16.218474944346	-11.2136471742601	-8.10645792816572	-7.91961308550837	-9.54906750547555	-9.9738201595876	-11.3419712712356	-15.9911564316146	-15.2809278073661	-14.8355460427272	-12.3759186031589	-14.0055300864964	-16.2338692909342	-16.6597172238616	-16.3807428843985	-16.1144608389012	-13.7682360259377	-16.9657053851196	-17.5291407414866	-8.68608698458384	-15.8152707059652	-14.2344908694437	-10.6389530089927	-7.8227921895598	-15.504831398927	-11.3419712712356	-11.0403155713745	-14.7000904658328	-13.1832735252166	-9.52983128661263	-5.6954334913935	-7.93218567087964	-9.79095610243779	-14.7556308871522	-6.82718841959713	-12.0133485237742	-5.19411559092796	-15.8827704002946	-9.25253618765367	-15.2446797245828	-13.9608811038801	-15.504831398927	-12.6807731846874	-16.2680545868555	-10.3759186031589	-11.8613454303292	-14.8724931961221	-14.5078396786765	-5.24761734538143	-3.45153023450871	-12.5983110244954	-15.7861547425589	-6.81113398437542	-12.9608811038801	-13.4463079310503	-6.12437983616298	-4.62039513226537	-5.98523781701729	-15.0225659718147	-11.276382929608	-15.2789782996805	-10.0133485237742	-10.5394173354418	-7.26044138573901	-15.2734192413448	-6.11449524723114	-5.83971765067982	-7.41950787170663	-9.93534601177297	-9.34197127123561	-6.34827584808982	-15.4704173879792	-7.94486878589147	-9.79095610243779	-14.9227547263086	-7.0869976141599	-10.5983110244954	-10.0403155713745	-13.3088044073004	-14.0495933331794	-12.0677963077966	-7.62612896863516	-4.48196706325793	-11.6807731846874	-7.90714911994231	-5.4581913462902	-12.1832735252166	-14.2446797245828	-8.57347917151546
ERR3929077	-17.0489018956376	-12.1913970908251	-16.8045974212163	-11.8288270114404	-16.8709426066494	-16.2734192413448	-9.99875201288274	-14.2617864187165	-15.2117869211812	-5.9828723992166	-8.99125747633582	-14.8658903080872	-11.9987520128827	-13.1242828949666	-16.0054710441695	-5.97545969162599	-13.4137895121616	-16.7059698046375	-14.2617864187165	-10.354895823108	-10.606434590104	-16.5414697474375	-14.9299848578272	-16.1089599873599	-15.6835429492821	-8.67682391799538	-7.11407269636438	-16.2073829821454	-15.9310144680342	-15.6835429492821	-15.285052966554	-7.07196185983652	-16.6597172238616	-16.7373397798848	-16.9911564316146	-12.8832747954628	-15.8506385860173	-14.8359393666587	-12.5837145136039	-15.9449979549621	-15.2789782996805	-12.9987520128827	-14.8506385860173	-14.5077172270297	-16.2337195276121	-15.6257944434743	-13.7763595915463	-9.93985832382917	-14.5837145136039	-6.80071630468349	-3.9685446997603	-12.5837145136039	-15.9872751165175	-4.38834230620116	-16.230308205244	-16.8186820283333	-1.69787517413485	-9.76353555118871	-16.8500036561088	-7.54754090105041	-12.4137895121616	-16.8709426066494	-15.6835429492821	-8.67082517737394	-8.75716602631298	-13.5837145136039	-15.8500036561088	-16.1832735252166	-16.7967494219023	-15.856814552503	-14.8682438177046	-9.68889675029595	-16.1865398646658	-15.8827704002946	-15.1353405502535	-13.7763595915463	-17.9672712973138	-12.1913970908251	-10.0445557024959	-10.7257335184763	-13.1242828949666	-9.22616250898581	-14.807266864253	-16.0270096477109	-16.2509768659375	-17.0495933331794	-8.12838729329934	-15.1240674467615	-14.2617864187165	-14.9990184806014	-13.7763595915463	-15.1609349952268	-12.9378084827105	-14.2617864187165	-15.1599163752562	-16.2338692909342	-16.218474944346	-11.1242828949666	-7.37426114797495	-7.33578700016031	-9.1574497589018	-10.0445557024959	-12.2617864187165	-15.9911564316146	-13.9987520128827	-14.8355460427272	-12.6768239179954	-14.0055300864964	-13.9987520128827	-16.6597172238616	-16.3807428843985	-16.1144608389012	-13.9987520128827	-16.9657053851196	-17.5291407414866	-8.7071975670389	-15.8152707059652	-14.2344908694437	-10.7763595915463	-8.17857305046755	-15.504831398927	-11.6768239179954	-11.629518203217	-14.7000904658328	-15.1278907150655	-9.5837145136039	-5.08935891007105	-7.1807024900289	-9.65297717604101	-14.7556308871522	-6.03682005371626	-11.8832747954628	-4.91305826448546	-15.8827704002946	-8.94708989306025	-15.2446797245828	-15.7715023653869	-15.504831398927	-13.1242828949666	-16.2680545868555	-10.2617864187165	-12.1913970908251	-14.8724931961221	-14.5078396786765	-5.86432569266182	-3.18777879288058	-11.629518203217	-15.7861547425589	-7.09989873633964	-13.1242828949666	-12.1913970908251	-6.03104541608963	-4.52403206635626	-5.47977108371234	-15.0225659718147	-10.8832747954628	-15.2789782996805	-10.2438645107193	-10.2617864187165	-7.47519005682573	-15.2734192413448	-5.84900489337806	-5.27651370446309	-6.90423441409845	-9.84224752720275	-8.96900466948869	-5.69649389813551	-15.4704173879792	-8.1039342495748	-9.84224752720275	-14.9227547263086	-7.50689891655307	-10.4544314966589	-11.2617864187165	-14.8185522208775	-14.0495933331794	-12.1913970908251	-7.8557940590407	-4.86646650777625	-11.7763595915463	-7.87290807990455	-5.24052879815602	-11.4137895121616	-14.2446797245828	-8.7071975670389
ERR3929078	-17.0489018956376	-11.9454564499396	-16.8045974212163	-11.188727600952	-13.3440058264299	-16.2734192413448	-13.218474944346	-12.218474944346	-15.2117869211812	-2.65416664594572	-3.89748640992229	-9.52731303979296	-10.4996566968901	-12.4815093501798	-16.0054710441695	-4.66901112484627	-12.6335124436249	-12.2798754890102	-16.7090299474826	-12.1029977269261	-14.218474944346	-12.218474944346	-13.218474944346	-16.1089599873599	-6.39723243964834	-12.4815093501798	-15.4475675741951	-16.2073829821454	-15.9310144680342	-15.6835429492821	-9.02865038546602	-15.0740438745602	-16.6597172238616	-16.7373397798848	-16.9911564316146	-13.8034374450672	-15.8506385860173	-12.5555099316236	-6.676732972224	-13.1029977269261	-12.1029977269261	-9.89654684945867	-10.218474944346	-14.5077172270297	-16.2337195276121	-11.8034374450672	-10.2335818367362	-7.30958199582637	-15.9227547263086	-10.8034374450672	-3.49894351528434	-12.7159746038169	-15.9872751165175	-13.1029977269261	-13.6335124436249	-12.8034374450672	-9.15958125529247	-15.702858076899	-16.8500036561088	-10.116936917884	-12.0485499429037	-16.8709426066494	-15.6835429492821	-14.4815093501798	-14.4815093501798	-13.4815093501798	-15.8500036561088	-16.1832735252166	-13.8034374450672	-15.856814552503	-11.075516990504	-5.15463049534142	-13.218474944346	-15.8827704002946	-9.58426892460503	-16.350283136402	-17.9672712973138	-15.0194045717568	-15.2350632755068	-15.158350463062	-15.823541395947	-12.4111200222884	-14.807266864253	-16.0270096477109	-13.9960825230096	-13.3440058264299	-13.3440058264299	-15.1240674467615	-5.50537487734818	-14.9990184806014	-15.8294130574836	-11.5180352262049	-12.9378084827105	-16.1523772791636	-15.1599163752562	-11.9454564499396	-15.218474944346	-15.9117196656231	-9.61361288618718	-4.79781289587332	-14.9813888961172	-15.7644051268507	-15.5495320057657	-15.9911564316146	-15.2809278073661	-9.03525312029027	-5.43220531669757	-8.01553488567576	-16.2338692909342	-16.6597172238616	-12.9960825230096	-16.1144608389012	-16.1264322481587	-13.6335124436249	-17.5291407414866	-10.8727001075043	-15.8152707059652	-14.2344908694437	-15.4639393949165	-15.0451813603942	-15.504831398927	-15.2422384111218	-8.08919192740107	-14.7000904658328	-13.6335124436249	-11.5180352262049	-9.82615752156728	-14.9441782407655	-15.2650411553876	-14.7556308871522	-11.4815093501798	-15.5555178150437	-10.9207943957054	-15.8827704002946	-14.1495639379677	-15.2446797245828	-15.7715023653869	-15.504831398927	-15.4763032032435	-16.2680545868555	-10.0220777315425	-13.3440058264299	-14.8724931961221	-8.12395734556175	-10.4458854404491	-9.1029977269261	-10.3771726903651	-15.7861547425589	-12.4111200222884	-3.60391845606843	-15.4731243779008	-13.9385425738904	-9.79221018964394	-3.42405907799593	-15.0225659718147	-15.1404803157648	-15.2789782996805	-10.5366509043723	-13.3440058264299	-14.6301438611154	-12.218474944346	-12.4815093501798	-2.64767050662154	-12.8034374450672	-14.6122541923889	-15.4646308324583	-5.66005423107737	-15.4704173879792	-14.1710203825119	-13.9443460341378	-14.9227547263086	-7.95168840365114	-6.72395266124038	-9.13810152788202	-10.5746187545713	-8.50881669617557	-14.6660143652164	-13.7521157796728	-5.02125825123599	-14.1972166931101	-5.15059247206521	-11.4815093501798	-5.33125432887765	-14.2446797245828	-6.62228518820163
ERR3929079	-17.0489018956376	-14.4654246904157	-16.8045974212163	-9.53677024261393	-16.8709426066494	-16.2734192413448	-15.2255589280016	-15.7644051268507	-15.2117869211812	-4.98454452830477	-4.70193458413422	-14.8658903080872	-15.3813063579175	-15.549014511762	-16.0054710441695	-5.05233461784674	-3.04985788755453	-16.7059698046375	-16.7090299474826	-3.29469545541578	-17.0863332217381	-16.5414697474375	-14.9299848578272	-16.1089599873599	-15.6835429492821	-8.14974711950468	-9.53677024261393	-16.2073829821454	-15.9310144680342	-15.6835429492821	-15.285052966554	-15.0740438745602	-16.6597172238616	-16.7373397798848	-16.9911564316146	-15.8186820283333	-15.8506385860173	-14.8359393666587	-15.0270096477109	-15.9449979549621	-15.2789782996805	-14.5013707210169	-14.8506385860173	-14.5077172270297	-16.2337195276121	-15.6257944434743	-15.4154116849974	-7.23720996075502	-15.9227547263086	-9.42985503869742	-1.25742753005193	-15.5555178150437	-15.9872751165175	-14.8185522208775	-16.230308205244	-16.8186820283333	-9.42985503869742	-15.702858076899	-16.8500036561088	-4.76553474636298	-15.7126881984185	-16.8709426066494	-15.6835429492821	-11.6522474600339	-16.2337195276121	-14.8173501150752	-15.8500036561088	-16.1832735252166	-16.7967494219023	-15.856814552503	-11.6522474600339	-6.44279409440492	-16.1865398646658	-15.8827704002946	-15.1353405502535	-16.350283136402	-17.9672712973138	-15.0194045717568	-9.3303193651465	-15.158350463062	-15.823541395947	-7.62250011663981	-14.807266864253	-16.0270096477109	-11.6522474600339	-17.0495933331794	-6.31834672348043	-8.98928244731144	-15.8658903080872	-14.9990184806014	-15.8294130574836	-6.41703099833983	-12.9378084827105	-3.75742969672592	-15.1599163752562	-16.2338692909342	-16.218474944346	-15.9117196656231	-9.91528186586766	-15.1857891321423	-14.9813888961172	-15.7644051268507	-15.5495320057657	-15.9911564316146	-15.2809278073661	-14.8355460427272	-10.0672849593127	-14.0055300864964	-16.2338692909342	-16.6597172238616	-16.3807428843985	-16.1144608389012	-16.1264322481587	-16.9657053851196	-17.5291407414866	-14.8709163440766	-15.8152707059652	-14.2344908694437	-15.4639393949165	-9.3303193651465	-15.504831398927	-15.2422384111218	-9.06728495931271	-14.7000904658328	-15.1278907150655	-15.3600354542409	-12.3874221784144	-14.9441782407655	-15.2650411553876	-14.7556308871522	-14.385893503597	-15.5555178150437	-15.4967539334459	-15.8827704002946	-14.1495639379677	-15.2446797245828	-15.7715023653869	-15.504831398927	-15.4763032032435	-16.2680545868555	-9.06728495931271	-15.3807428843985	-14.8724931961221	-14.5078396786765	-12.4077514397789	-6.34239219744708	-15.3134215969707	-15.7861547425589	-14.4495742704995	-9.53677024261393	-15.4731243779008	-13.9385425738904	-5.37302381610074	-5.53677024261393	-15.0225659718147	-15.1404803157648	-15.2789782996805	-10.9152818658677	-16.1240674467615	-14.6301438611154	-15.2734192413448	-14.2734192413448	-15.5280755612214	-14.7556308871522	-9.91528186586766	-15.4646308324583	-13.7925327440138	-15.4704173879792	-14.1710203825119	-13.9443460341378	-14.9227547263086	-9.65224746003386	-14.1495639379677	-12.7267104354715	-14.8185522208775	-14.0495933331794	-14.6660143652164	-13.7521157796728	-6.09765860835623	-14.1972166931101	-13.52949833818	-15.1240674467615	-9.23720996075502	-14.2446797245828	-9.3303193651465
ERR3929080	-17.0489018956376	-12.186284005378	-15.5555178150437	-11.3075903016001	-16.8709426066494	-16.2734192413448	-10.6013215046568	-13.5555178150437	-15.2117869211812	-4.59455054667936	-4.70976642997289	-12.2335897201563	-12.5555178150437	-15.549014511762	-16.0054710441695	-4.96150430439031	-2.46292582723955	-16.7059698046375	-14.5555178150437	-3.97525924754389	-15.1404803157648	-16.5414697474375	-10.1632003922649	-16.1089599873599	-15.6835429492821	-7.66070005173573	-8.86901728786046	-16.2073829821454	-15.9310144680342	-15.6835429492821	-12.5555178150437	-13.2335897201563	-16.6597172238616	-16.7373397798848	-14.8185522208775	-13.3331253937072	-15.8506385860173	-14.8359393666587	-13.5555178150437	-15.9449979549621	-15.2789782996805	-9.60909885524852	-14.8506385860173	-14.5077172270297	-16.2337195276121	-15.6257944434743	-13.6810486971275	-7.34281878991107	-15.9227547263086	-8.76110194869357	-1.68239416612074	-14.5555178150437	-15.9872751165175	-13.8185522208775	-16.230308205244	-15.5555178150437	-9.97055531432252	-15.702858076899	-16.8500036561088	-6.48584428723686	-12.3855928136014	-14.8185522208775	-15.6835429492821	-14.8185522208775	-13.6810486971275	-12.8185522208775	-14.5555178150437	-16.1832735252166	-14.1404803157648	-13.6810486971275	-10.9506557568848	-8.00862335515604	-12.3855928136014	-15.8827704002946	-12.1404803157648	-16.350283136402	-17.9672712973138	-15.0194045717568	-7.52393147198584	-15.158350463062	-15.823541395947	-6.25478394242544	-14.807266864253	-16.0270096477109	-14.1404803157648	-17.0495933331794	-6.92980897197921	-8.75677602329078	-14.3331253937072	-14.9990184806014	-10.0424482328043	-5.69236401035537	-12.9378084827105	-4.55810308012414	-15.1599163752562	-13.4400405976237	-16.218474944346	-15.9117196656231	-10.0960861964064	-11.186284005378	-13.9705553143225	-15.7644051268507	-15.5495320057657	-15.9911564316146	-15.2809278073661	-13.4400405976237	-8.82759736048047	-14.0055300864964	-14.8185522208775	-16.6597172238616	-13.8185522208775	-16.1144608389012	-14.5555178150437	-16.9657053851196	-17.5291407414866	-12.7481628929861	-15.8152707059652	-14.2344908694437	-12.7481628929861	-9.14612687890597	-15.504831398927	-15.2422384111218	-9.3525777563734	-14.7000904658328	-13.8185522208775	-10.5405674735777	-10.5706247074339	-14.9441782407655	-15.2650411553876	-11.6810486971275	-12.2335897201563	-14.5555178150437	-12.2824993206373	-15.8827704002946	-11.3855928136014	-15.2446797245828	-15.7715023653869	-15.504831398927	-15.4763032032435	-16.2680545868555	-10.5257704716496	-11.8925528023212	-14.8724931961221	-14.5078396786765	-10.8736937750699	-7.37726794895043	-15.3134215969707	-15.7861547425589	-6.45485547603848	-7.39396599462637	-15.4731243779008	-13.9385425738904	-5.42151940378062	-5.16750052969854	-15.0225659718147	-14.1404803157648	-15.2789782996805	-10.3722959909879	-16.1240674467615	-10.1979658104256	-15.2734192413448	-13.2335897201563	-8.01119729881986	-10.9310269501359	-10.6975368199161	-15.4646308324583	-11.6486272194352	-15.4704173879792	-11.9310269501359	-13.9443460341378	-14.9227547263086	-6.50930326006085	-8.28249932063726	-11.5858914640872	-13.8185522208775	-14.0495933331794	-8.47514439857965	-10.3331253937072	-3.86770475247874	-10.2456625524569	-7.34119869424291	-13.8185522208775	-8.76110194869357	-14.2446797245828	-6.29734440465348
ERR3929081	-17.0489018956376	-11.7778217508885	-16.8045974212163	-11.0330788061306	-16.8709426066494	-16.2734192413448	-10.1292941213899	-13.6653470216301	-12.8998122752672	-3.60762599875746	-3.61835947655065	-12.1799201944599	-12.1799201944599	-12.5949576937387	-16.0054710441695	-5.70882565829701	-3.71449955323141	-16.7059698046375	-15.4023126157963	-2.99150796563969	-14.4023126157963	-16.5414697474375	-9.57788418037979	-16.1089599873599	-15.6835429492821	-7.3290636337657	-8.07139573768172	-16.2073829821454	-15.9310144680342	-13.6653470216301	-11.8579920995725	-13.2868353983764	-16.6597172238616	-16.7373397798848	-16.9911564316146	-12.8998122752672	-15.8506385860173	-14.8359393666587	-15.0270096477109	-15.9449979549621	-12.6653470216301	-9.08038452090898	-14.8506385860173	-14.5077172270297	-16.2337195276121	-15.6257944434743	-12.6653470216301	-6.89716269685321	-13.1799201944599	-8.98727511651749	-2.23405836733854	-13.4023126157963	-14.9872751165175	-14.8185522208775	-16.230308205244	-16.8186820283333	-9.5278434978802	-13.6653470216301	-16.8500036561088	-7.24076079537903	-12.8173501150752	-14.9872751165175	-15.6835429492821	-16.5414697474375	-13.6653470216301	-13.8173501150752	-15.8500036561088	-16.1832735252166	-16.7967494219023	-15.856814552503	-10.2593546619543	-7.44424329626226	-11.6297231118994	-15.8827704002946	-12.3434189267428	-16.350283136402	-17.9672712973138	-15.0194045717568	-7.14649719292244	-15.158350463062	-15.823541395947	-4.71347951730323	-14.807266864253	-16.0270096477109	-13.8173501150752	-17.0495933331794	-6.94972816255532	-10.3725652724023	-13.8173501150752	-14.9990184806014	-9.1107581699525	-6.26446758534795	-12.9378084827105	-4.74797494215329	-15.1599163752562	-13.5278434978802	-16.218474944346	-15.9117196656231	-9.58639568023531	-11.3725652724023	-14.9813888961172	-14.6653470216301	-15.5495320057657	-15.9911564316146	-15.2809278073661	-11.9872751165175	-7.54640594890662	-14.0055300864964	-16.2338692909342	-16.6597172238616	-14.6653470216301	-16.1144608389012	-16.1264322481587	-16.9657053851196	-17.5291407414866	-12.7393476030739	-15.8152707059652	-14.2344908694437	-12.9872751165175	-9.50345933925324	-15.504831398927	-15.2422384111218	-8.4597981104571	-14.7000904658328	-15.1278907150655	-10.1670961541023	-10.080384520909	-14.9441782407655	-15.2650411553876	-11.8579920995725	-12.080384520909	-13.4023126157963	-12.2868353983764	-15.8827704002946	-11.1799201944599	-12.9872751165175	-15.7715023653869	-15.504831398927	-15.4763032032435	-16.2680545868555	-10.1670961541023	-10.6834943683404	-14.8724931961221	-14.5078396786765	-10.4174195081865	-6.95110150396401	-12.6653470216301	-15.7861547425589	-5.6324747721669	-7.27646868281814	-15.4731243779008	-13.9385425738904	-5.08791819359438	-4.94561596488028	-15.0225659718147	-15.1404803157648	-15.2789782996805	-10.3434189267428	-16.1240674467615	-9.67439216123314	-15.2734192413448	-14.2734192413448	-8.63412829101941	-10.4794804763188	-10.2868353983764	-15.4646308324583	-11.0099951930176	-15.4704173879792	-12.1292941213899	-13.9443460341378	-14.9227547263086	-5.79313387765436	-8.09245735320955	-10.7018728976552	-13.1799201944599	-14.0495933331794	-8.10463206715565	-9.67439216123314	-3.64089989758949	-10.6474251136329	-7.21248805691632	-12.4023126157963	-8.5278434978802	-14.2446797245828	-5.97814632697824
ERR3929082	-17.0489018956376	-12.1210073039164	-16.8045974212163	-12.0621136148628	-16.8709426066494	-16.2734192413448	-8.12100730391637	-15.7644051268507	-15.2117869211812	-6.11538275472249	-6.62116141683316	-12.8986148825799	-10.7286898811376	-13.5360448031952	-16.0054710441695	-5.32064662846165	-13.1210073039164	-15.7059698046375	-12.7059698046375	-12.0621136148628	-17.0863332217381	-12.4580422911939	-11.1824078485805	-11.8986148825799	-9.03354446266603	-12.5360448031952	-15.4475675741951	-13.0055300864964	-15.9310144680342	-15.6835429492821	-15.285052966554	-13.2465381860002	-16.6597172238616	-16.7373397798848	-15.1210073039164	-14.7059698046375	-15.8506385860173	-14.8359393666587	-11.6185069633872	-15.9449979549621	-15.2789782996805	-8.85422076322147	-10.5360448031952	-14.5077172270297	-13.5360448031952	-13.2465381860002	-13.7059698046375	-8.22215402737327	-14.7059698046375	-6.13326957815023	-3.76565620749156	-13.3840417097502	-15.9872751165175	-11.2141167083079	-15.1210073039164	-12.5360448031952	-5.36222888616532	-13.8986148825799	-14.1210073039164	-5.35834843606939	-12.4580422911939	-14.7059698046375	-15.6835429492821	-8.79907920902901	-10.7517734942506	-5.86991944957946	-15.8500036561088	-7.02825016299652	-16.7967494219023	-15.856814552503	-13.0055300864964	-2.76492219829694	-16.1865398646658	-12.2465381860002	-10.9780493500743	-16.350283136402	-11.4205675857753	-15.0194045717568	-15.2350632755068	-15.158350463062	-15.823541395947	-6.53980672199141	-14.807266864253	-16.0270096477109	-16.2509768659375	-17.0495933331794	-9.12100730391637	-8.40218905646042	-13.3840417097502	-4.43947604832534	-15.8294130574836	-15.1609349952268	-12.9378084827105	-14.1210073039164	-15.1599163752562	-16.2338692909342	-14.7059698046375	-10.0055300864964	-4.40333088084997	-10.4965164390086	-10.9780493500743	-15.7644051268507	-10.9780493500743	-13.8986148825799	-13.7059698046375	-10.2965788684998	-10.9246100911129	-13.0055300864964	-13.8986148825799	-16.6597172238616	-16.3807428843985	-16.1144608389012	-14.1210073039164	-16.9657053851196	-17.5291407414866	-14.8709163440766	-9.23023637367113	-14.2344908694437	-9.75177349425065	-8.74596787256944	-15.504831398927	-10.4580422911939	-9.59744534785936	-10.1060569624504	-8.82332675527568	-8.48196813043942	-5.51491059010587	-12.3840417097502	-8.11725516905526	-9.21411670830785	-8.12854097660178	-11.3484178000194	-6.43217420542326	-12.1210073039164	-9.77523246707464	-15.2446797245828	-12.1210073039164	-15.504831398927	-15.4763032032435	-16.2680545868555	-6.03442873792564	-11.2465381860002	-12.4580422911939	-14.5078396786765	-6.82638655502474	-1.77324754069698	-11.6615756852791	-12.1210073039164	-7.75760257305285	-10.2465381860002	-12.3840417097502	-13.9385425738904	-6.731555214832	-9.29657886849982	-11.2141167083079	-10.799079209029	-15.2789782996805	-9.59744534785936	-7.56386274733497	-7.3309303732906	-13.1210073039164	-5.36167389672171	-8.04063388745235	-8.67254680310007	-14.6122541923889	-10.799079209029	-6.5676980044653	-15.4704173879792	-7.70596980463753	-11.2141167083079	-14.9227547263086	-8.62382076328365	-14.1495639379677	-9.91155393828742	-12.0621136148628	-14.0495933331794	-14.6660143652164	-8.38404170975016	-4.85500165365509	-14.1972166931101	-9.0621136148628	-7.50139866038832	-9.0124828471382	-14.2446797245828	-7.68637907627964
ERR3929083	-17.0489018956376	-11.9026182421161	-16.8045974212163	-12.333252596446	-16.8709426066494	-16.2734192413448	-9.0494596304454	-14.5348864576156	-12.856814552503	-6.66205769808076	-7.3569686654198	-13.0494596304454	-10.2421047083878	-15.549014511762	-16.0054710441695	-4.6906514698569	-12.9499239568945	-15.2718520517819	-12.2129583627283	-11.9499239568945	-17.0863332217381	-13.3973829338657	-11.8124204331446	-14.2718520517819	-10.1425690348369	-12.6868895510607	-15.4475675741951	-12.6868895510607	-15.9310144680342	-15.6835429492821	-15.285052966554	-13.3973829338657	-16.6597172238616	-16.7373397798848	-14.856814552503	-15.8186820283333	-15.8506385860173	-14.8359393666587	-12.333252596446	-15.9449979549621	-13.1563748343619	-10.333252596446	-11.6868895510607	-14.5077172270297	-16.2337195276121	-15.6257944434743	-15.4154116849974	-9.06891199311158	-15.9227547263086	-5.83652905165836	-3.87221808209811	-13.856814552503	-15.9872751165175	-10.0239245383383	-16.230308205244	-12.7693517112527	-3.68751585671016	-15.702858076899	-16.8500036561088	-5.44583328545921	-12.7693517112527	-16.8709426066494	-15.6835429492821	-8.72238823228208	-10.7693517112527	-6.14773073995267	-15.8500036561088	-6.15377616351659	-16.7967494219023	-14.856814552503	-14.8682438177046	-3.7686888603148	-16.1865398646658	-12.7693517112527	-11.4644971297242	-16.350283136402	-13.1563748343619	-15.0194045717568	-15.2350632755068	-15.158350463062	-15.823541395947	-7.64492625795701	-14.807266864253	-16.0270096477109	-16.2509768659375	-17.0495933331794	-9.72753153555804	-8.79611862081546	-13.3973829338657	-5.76405741158316	-15.8294130574836	-15.1609349952268	-12.9378084827105	-14.2718520517819	-15.1599163752562	-16.2338692909342	-16.218474944346	-10.5900280118081	-4.2333902626331	-9.70706743299833	-11.1843892105315	-15.7644051268507	-12.2718520517819	-15.9911564316146	-15.2809278073661	-10.6868895510607	-11.3973829338657	-12.1563748343619	-16.2338692909342	-16.6597172238616	-14.0494596304454	-16.1144608389012	-14.5348864576156	-16.9657053851196	-17.5291407414866	-13.0494596304454	-10.4305497978009	-14.2344908694437	-8.98644983291961	-9.67690546248808	-15.504831398927	-10.4644971297242	-10.3490199123043	-10.6473611868741	-8.3371782996598	-8.67193920959473	-5.73011007965982	-11.1019270503395	-8.2606247963586	-8.86812986573084	-7.68939640667127	-10.7907253620452	-6.82201558992574	-12.3973829338657	-10.1703140253198	-15.2446797245828	-15.7715023653869	-15.504831398927	-15.4763032032435	-16.2680545868555	-7.10694512510617	-12.856814552503	-14.8724931961221	-14.5078396786765	-7.3569686654198	-1.41779534785399	-12.1563748343619	-13.3973829338657	-8.92607721494012	-11.1843892105315	-12.6088870390594	-13.9385425738904	-6.83861437368978	-8.59002801180811	-12.9499239568945	-10.3973829338657	-15.2789782996805	-10.1986030697512	-7.66452173803224	-7.54620177084348	-15.2734192413448	-5.95443943801698	-6.97111817916361	-8.40560344067068	-14.6122541923889	-10.3973829338657	-5.30558694890472	-15.4704173879792	-7.3254330919867	-11.9499239568945	-14.9227547263086	-8.37299877523875	-14.1495639379677	-10.2274579324234	-12.6868895510607	-14.0495933331794	-14.6660143652164	-9.2494842387534	-5.81652483147729	-14.1972166931101	-9.26435751523493	-7.82890855593313	-9.71726320010422	-14.2446797245828	-8.08532508300241
ERR3929084	-17.0489018956376	-11.8081857283235	-16.8045974212163	-12.1185258489357	-10.3361172840083	-12.1185258489357	-11.3700646159316	-15.7644051268507	-15.2117869211812	-6.18684279187586	-9.55292867308144	-12.5144545252668	-12.6749191974601	-13.440453943823	-16.0054710441695	-6.40263247838806	-3.69780766556125	-16.7059698046375	-12.7623820387104	-8.96796617236029	-17.0863332217381	-16.5414697474375	-14.9299848578272	-16.1089599873599	-15.6835429492821	-10.1624691965233	-10.8554914431019	-16.2073829821454	-15.9310144680342	-15.6835429492821	-15.285052966554	-8.85549144310187	-16.6597172238616	-16.7373397798848	-16.9911564316146	-15.8186820283333	-15.8506385860173	-14.8359393666587	-13.3029504200731	-15.9449979549621	-13.0619423205693	-12.3700646159316	-14.8506385860173	-14.5077172270297	-16.2337195276121	-15.6257944434743	-15.4154116849974	-8.84949270248043	-10.8797389893486	-9.74001422568194	-6.00832967118147	-11.8081857283235	-15.9872751165175	-4.49852601911431	-16.230308205244	-14.1774195379892	-0.899889965222908	-9.56270969387403	-15.1774195379892	-8.23490503265	-12.9550271166528	-16.8709426066494	-15.6835429492821	-11.8554914431019	-11.1476721945952	-13.7623820387104	-15.8500036561088	-16.1832735252166	-15.7623820387104	-13.5924570372681	-14.8682438177046	-9.43146516059578	-16.1865398646658	-15.8827704002946	-15.1353405502535	-16.350283136402	-17.9672712973138	-15.0194045717568	-10.8081857283235	-13.9550271166528	-15.823541395947	-8.14033021925402	-12.8554914431019	-16.0270096477109	-16.2509768659375	-17.0495933331794	-11.8554914431019	-15.1240674467615	-15.8658903080872	-12.8554914431019	-15.8294130574836	-15.1609349952268	-12.9378084827105	-8.42699168401647	-15.1599163752562	-16.2338692909342	-16.218474944346	-12.7623820387104	-8.71253348925983	-9.39605982446458	-11.7179879193519	-15.7644051268507	-12.1185258489357	-15.9911564316146	-15.2809278073661	-10.6126349192057	-8.602510701932	-11.8081857283235	-14.7623820387104	-16.6597172238616	-16.3807428843985	-16.1144608389012	-16.1264322481587	-16.9657053851196	-17.5291407414866	-8.87363878981213	-15.8152707059652	-14.2344908694437	-11.8081857283235	-7.80527999714811	-15.504831398927	-15.2422384111218	-12.3700646159316	-14.7000904658328	-15.1278907150655	-11.5924570372681	-6.53717460176689	-9.27052894238072	-10.8797389893486	-12.440453943823	-8.97447947931896	-9.75115478328714	-8.95502711665279	-11.7179879193519	-10.9550271166528	-15.2446797245828	-15.7715023653869	-15.504831398927	-15.4763032032435	-16.2680545868555	-6.21741760592116	-11.8081857283235	-14.8724931961221	-14.5078396786765	-7.76238203871039	-5.10060394093841	-15.3134215969707	-15.7861547425589	-6.54321351824823	-11.9044010435828	-13.5924570372681	-8.58745635620971	-4.98102232518573	-5.94779957280412	-15.0225659718147	-11.9550271166528	-15.2789782996805	-9.602510701932	-6.09704612152522	-8.72346304941809	-9.51445452526681	-6.03701578081475	-6.53958713584228	-8.34452952382449	-6.29579570099115	-10.4586012905333	-7.37867774623634	-15.4704173879792	-9.57255747983038	-11.3700646159316	-14.9227547263086	-7.77369735193823	-10.3873426073635	-8.83164470114751	-14.8185522208775	-14.0495933331794	-14.6660143652164	-8.65909423029837	-5.13576038635202	-14.1972166931101	-10.3029504200731	-5.77582888895373	-16.3267571649019	-14.2446797245828	-9.00083080626591
ERR3929085	-17.0489018956376	-11.6373418628107	-16.8045974212163	-11.4149494414743	-9.55933935080944	-12.4853387693657	-11.7198040230027	-15.7644051268507	-13.3478352456157	-6.61127956622452	-9.84148257959094	-12.5593393508094	-11.4149494414743	-13.4853387693657	-13.807266864253	-6.17154874392198	-4.15173614109738	-16.7059698046375	-9.3643233684043	-8.87652952669014	-17.0863332217381	-13.6373418628107	-13.1068271461119	-16.1089599873599	-15.6835429492821	-7.65751974474834	-10.1348415222815	-16.2073829821454	-15.9310144680342	-15.6835429492821	-15.285052966554	-7.67798384730806	-16.6597172238616	-16.7373397798848	-15.2223043635319	-15.8186820283333	-15.8506385860173	-14.8359393666587	-10.3810021095509	-15.9449979549621	-15.2789782996805	-12.5593393508094	-14.8506385860173	-14.5077172270297	-16.2337195276121	-15.6257944434743	-15.4154116849974	-10.283704908196	-8.79603960882977	-9.28370490819601	-5.85307055386615	-12.807266864253	-13.6373418628107	-4.23954840640227	-16.230308205244	-12.5593393508094	-0.835049898467793	-8.82998694075311	-16.8500036561088	-7.76287274489457	-12.5593393508094	-16.8709426066494	-15.6835429492821	-10.617442305373	-10.4149494414743	-12.6373418628107	-15.8500036561088	-16.1832735252166	-16.7967494219023	-13.807266864253	-12.9003762686445	-9.81858217748086	-16.1865398646658	-15.8827704002946	-15.1353405502535	-16.350283136402	-17.9672712973138	-15.0194045717568	-9.33966131417003	-15.158350463062	-15.823541395947	-8.12778676474758	-13.807266864253	-16.0270096477109	-16.2509768659375	-17.0495933331794	-8.57844817375714	-15.1240674467615	-15.8658903080872	-14.9990184806014	-15.8294130574836	-15.1609349952268	-12.9378084827105	-10.1207663370698	-15.1599163752562	-14.2223043635319	-16.218474944346	-10.268108053145	-7.56409288078007	-7.54282426402642	-13.2223043635319	-15.7644051268507	-11.9999119421954	-15.9911564316146	-15.2809278073661	-10.9743768500883	-8.85307055386615	-12.1068271461119	-16.2338692909342	-16.6597172238616	-14.4853387693657	-14.807266864253	-13.9999119421954	-16.9657053851196	-17.5291407414866	-8.88245436064724	-15.8152707059652	-14.2344908694437	-12.7198040230027	-9.22230436353187	-15.504831398927	-15.2422384111218	-12.4149494414743	-14.7000904658328	-13.2223043635319	-11.5218646453908	-5.91928473119457	-8.73045126720219	-10.1779102441734	-11.3478352456157	-7.83860007105782	-9.58809834379086	-8.93690214466962	-10.7848990512246	-11.0523793620896	-15.2446797245828	-15.7715023653869	-15.504831398927	-15.4763032032435	-16.2680545868555	-7.57604568354184	-12.2223043635319	-14.8724931961221	-14.5078396786765	-8.94308071959874	-4.74995198647032	-12.807266864253	-15.7861547425589	-7.77659972800608	-14.5442400064417	-13.6373418628107	-8.98071837696211	-5.56587950025409	-5.32043184268997	-15.0225659718147	-11.5978134986241	-15.2789782996805	-10.5784481737571	-5.77040641757998	-9.19993655050341	-9.90037626864451	-7.40212540111668	-7.07425154256706	-8.28370490819601	-6.53930977985018	-10.3810021095509	-6.81432852808721	-15.4704173879792	-8.84726493218494	-11.7628727448946	-14.9227547263086	-7.86475235891378	-11.3478352456157	-9.17791024417341	-14.8185522208775	-14.0495933331794	-14.6660143652164	-9.56886212492794	-6.4322274329061	-14.1972166931101	-10.8530705538661	-5.8951260079573	-16.3267571649019	-14.2446797245828	-9.38100210955093
ERR3928932	-17.0489018956376	-12.1151279651117	-16.8045974212163	-11.169575749134	-7.25346662349615	-9.41880435544281	-7.45427369898505	-14.0626605452175	-12.0626605452175	-7.13023485750188	-10.2553056231599	-12.6220879538316	-10.3464535112181	-13.285052966554	-12.7825526260248	-11.9158191568883	-13.285052966554	-15.285052966554	-11.6220879538316	-6.65569634647437	-14.5480873723878	-11.8256213479167	-14.9299848578272	-16.1089599873599	-15.6835429492821	-7.9751977039672	-14.285052966554	-16.2073829821454	-15.9310144680342	-15.6835429492821	-14.285052966554	-7.22796377434716	-16.6597172238616	-16.7373397798848	-16.9911564316146	-15.8186820283333	-15.8506385860173	-14.8359393666587	-12.9631248716666	-15.9449979549621	-12.1151279651117	-14.5013707210169	-6.5080716935399	-9.3154266155975	-12.6220879538316	-8.57080744888786	-15.4154116849974	-4.91291342571285	-15.9227547263086	-4.5779814817756	-1.84487590499663	-13.7000904658328	-15.9872751165175	-14.8185522208775	-16.230308205244	-12.7825526260248	-9.47769804449638	-8.19405843433339	-16.8500036561088	-7.14550161415519	-11.7407324503302	-14.5480873723878	-15.6835429492821	-8.40649109400396	-9.84764765424669	-7.55713251199078	-10.2406588471955	-16.1832735252166	-16.7967494219023	-15.856814552503	-11.3154266155975	-10.169575749134	-16.1865398646658	-15.8827704002946	-11.5846132484129	-16.350283136402	-17.9672712973138	-10.3001598589442	-9.16957574913405	-10.8039262768174	-15.823541395947	-6.01203447214757	-14.807266864253	-16.0270096477109	-16.2509768659375	-17.0495933331794	-7.79053068344833	-15.1240674467615	-12.8700154672751	-14.9990184806014	-15.8294130574836	-15.1609349952268	-12.9378084827105	-13.8700154672751	-15.1599163752562	-12.9631248716666	-16.218474944346	-9.74073245033017	-7.39023520324604	-10.6411967767793	-9.73046411487635	-15.7644051268507	-12.1151279651117	-15.9911564316146	-15.2809278073661	-14.8355460427272	-10.155769949609	-14.0055300864964	-16.2338692909342	-16.6597172238616	-16.3807428843985	-16.1144608389012	-16.1264322481587	-16.9657053851196	-17.5291407414866	-7.11345914475105	-15.8152707059652	-14.2344908694437	-9.40240991719214	-7.57080744888786	-15.504831398927	-15.2422384111218	-11.3154266155975	-13.7000904658328	-10.443750712573	-9.11512796511167	-5.86018684990703	-8.46913603099296	-9.51246346265706	-11.1975901253036	-8.11512796511167	-13.285052966554	-12.2261592775004	-11.4105838486378	-8.73046411487635	-15.2446797245828	-12.1151279651117	-15.504831398927	-12.1151279651117	-13.4105838486378	-5.08619870795496	-8.79855310471851	-14.8724931961221	-14.5078396786765	-6.3269836470199	-3.54555361129782	-10.8476476542467	-12.8700154672751	-6.10183114249821	-12.285052966554	-15.4731243779008	-13.9385425738904	-3.84159135432659	-4.07296194664533	-15.0225659718147	-10.4105838486378	-10.5124634626571	-7.71519735822304	-13.5480873723878	-6.61853305665493	-15.2734192413448	-12.6220879538316	-7.40444906246574	-8.50369325302932	-8.35826281350776	-10.443750712573	-6.61027220358436	-12.8700154672751	-8.30015985894419	-11.2261592775004	-14.9227547263086	-6.9275009619359	-10.7407324503302	-6.44689955712804	-12.5480873723878	-14.0495933331794	-9.93927812971225	-7.3602404629482	-3.61306969446212	-6.7733003127866	-6.13192320765465	-6.13784804161175	-11.5846132484129	-14.2446797245828	-5.85948736138866
