feature	g__Acidaminococcus	g__Actinomyces	g__Adlercreutzia	g__Aeriscardovia	g__Agathobaculum	g__Aggregatibacter	g__Akkermansia	g__Alistipes	g__Allisonella	g__Anaeromassilibacillus	g__Anaerostipes	g__Anaerotignum	g__Anaerotruncus	g__Asaccharobacter	g__Atopobium	g__Bacteroides	g__Barnesiella	g__Bifidobacterium	g__Bilophila	g__Blautia	g__Butyricimonas	g__Catabacter	g__Christensenella	g__Citrobacter	g__Cloacibacillus	g__Clostridiales_Family_XIII_Incertae_Sedis_unclassified	g__Clostridiales_unclassified	g__Clostridium	g__Collinsella	g__Coprobacillus	g__Coprobacter	g__Coprococcus	g__Denitrobacterium	g__Desulfovibrio	g__Dialister	g__Dielma	g__Dorea	g__Eggerthella	g__Eisenbergiella	g__Enorma	g__Enterobacter	g__Enterococcus	g__Enterorhabdus	g__Erysipelatoclostridium	g__Escherichia	g__Eubacterium	g__Faecalibacterium	g__Faecalitalea	g__Firmicutes_unclassified	g__Flavonifractor	g__Fretibacterium	g__Fusicatenibacter	g__Fusobacterium	g__Gemella	g__Gemmiger	g__Gordonibacter	g__Granulicatella	g__Haemophilus	g__Harryflintia	g__Holdemanella	g__Holdemania	g__Hungatella	g__Intestinibacter	g__Intestinimonas	g__Klebsiella	g__Lachnoclostridium	g__Lachnospira	g__Lachnospiraceae_unclassified	g__Lactobacillus	g__Lactococcus	g__Lactonifactor	g__Lawsonibacter	g__Megamonas	g__Megasphaera	g__Methanobrevibacter	g__Mogibacterium	g__Odoribacter	g__Olsenella	g__Oribacterium	g__Oscillibacter	g__Oxalobacter	g__Parabacteroides	g__Paraprevotella	g__Parasutterella	g__Parvimonas	g__Peptostreptococcus	g__Phascolarctobacterium	g__Porphyromonas	g__Prevotella	g__Proteobacteria_unclassified	g__Pseudoflavonifractor	g__Pyramidobacter	g__Romboutsia	g__Roseburia	g__Rothia	g__Ruminococcaceae_unclassified	g__Ruminococcus	g__Ruthenibacterium	g__Scardovia	g__Sellimonas	g__Slackia	g__Solobacterium	g__Streptococcus	g__Sutterella	g__Turicibacter	g__Turicimonas	g__Tyzzerella	g__Veillonella	g__Weissella
ERR1018312	-12.9092007562957	-3.27900364971352	-12.9657842846621	-11.4598933549321	0.100668225399186	-10.8282807609122	-4.83279624203464	-1.51659436104912	-9.86817348803566	-13.6096404744368	-1.65667177686582	-11.4001871088079	-1.93699414831219	-12.4397154729945	-12.3617129609932	3.14379991536444	-3.20489804187718	3.04312923955794	-0.886566197395951	2.05593486339674	-2.14057106690207	-6.29109766473409	-8.55435803893562	-11.4198159155568	-2.15707746960452	-6.99309163065782	-6.82992111929341	-9.30585972625971	3.54907028487747	-11.0704816633288	-9.22593618196276	-8.53817811188019	-10.726997425075	-11.9949306303216	-4.67853364140747	-12.6096404744368	2.82789826906991	-1.22613867021417	-2.72442075720936	-5.07048166332878	-11.4397154729945	-0.573810401601795	-9.53282487738598	-1.40568077119735	5.24954394463271	-2.6151102475476	-4.77359011937874	-12.6554441640499	-9.91615351693749	-4.49005085369569	-11.8547529722733	-8.7178567712185	-0.243113346471329	-3.89346406862938	-14.6096404744368	-4.00833394831497	-13.6096404744368	-11.5872726614084	-12.0860785183798	-12.9092007562957	-3.32655212141281	-5.05313441976488	-11.3808217839409	-13.7027498788283	1.87800332293824	1.36281772077812	-11.1339070434704	-11.2520884698187	-0.754358310488006	-12.2520884698187	-7.97301585389316	-13.3617129609932	-12.6096404744368	-12.7027498788283	-10.6907772371622	-2.88129475972584	-5.3581580638166	-10.3428539337419	-10.7767504602721	-10.8414561496599	-5.12481758017467	-1.05925440790553	-8.21303569325495	-12.5652463550784	-3.30073267037287	-2.35357924796719	1.99952383206448	-11.6323605509369	-14.0246779737157	-12.6096404744368	-12.4803574574918	-10.1177873781071	-12.6096404744368	-1.70162321337401	-14.2877123795494	-7.31272426755752	-9.03978486610586	0.918950988618225	-11.726997425075	-4.3793197587757	-10.5872726614084	-2.80581206364598	-0.921964078605677	-3.42352623489517	-11.9372151324653	-10.4397154729945	-11.0097276322497	-5.95858878325788	-13.0246779737157
ERR1018311	-12.9092007562957	-9.86817348803566	-2.50029950564359	-11.4598933549321	0.757654820865327	-10.8282807609122	-12.4001871088079	2.25329043336672	-9.86817348803566	-13.6096404744368	-0.0698606770282665	-11.4001871088079	-11.4198159155568	-4.31243759193991	-12.3617129609932	3.17288749750302	-10.0397848661059	-3.77161841613227	-3.63666068837052	2.40886128498077	-3.46259458549109	-9.38082178394093	-6.04073431993473	-11.4198159155568	-6.86144762484735	-7.59283218675026	-9.72089722553855	-2.39183420087521	1.51658505029809	-11.0704816633288	-9.22593618196276	3.44595309972995	-12.5652463550784	-11.9949306303216	1.13737892197943	-12.6096404744368	1.49762258387374	-4.58692590139205	-7.46498223160493	-6.4397154729945	-11.4397154729945	-12.9657842846621	-8.32423825557456	-12.5221776331865	-3.57072148514451	4.47011056609773	3.16662868786768	-12.6554441640499	-0.38988582690469	-4.25566665261864	-10.8547529722733	0.754468525437956	-3.24824494127092	-5.97664527729385	-1.40793770221252	-6.51160839147629	-13.6096404744368	-11.5872726614084	-12.0860785183798	-12.9092007562957	-5.02326977932285	-4.64025395309453	-11.3808217839409	-5.6474674433271	-7.76415042349244	-5.07874649324289	-11.1339070434704	1.62733134578436	-13.8022855523792	-12.2520884698187	-14.0246779737157	-6.66712596909757	-12.6096404744368	-12.7027498788283	-10.6907772371622	-12.6096404744368	-3.89926450323234	-13.5221776331865	-13.7027498788283	-0.85514438144064	-9.84145614965989	-0.208294265240929	-8.21303569325495	-12.5652463550784	-13.4397154729945	-13.0860785183798	-4.5408621964514	-11.6323605509369	0.911085618574234	-12.6096404744368	-12.4803574574918	-10.1177873781071	-12.6096404744368	2.4968202305943	-9.36171296099323	-2.21826261212167	3.47764365565436	-3.19323876604058	-11.726997425075	-10.6789031368739	-12.5221776331865	-13.3617129609932	-0.636638258584668	-11.6096404744368	-11.9372151324653	-10.4397154729945	-11.0097276322497	-10.7894615120216	-13.0246779737157
ERR1018310	0.614964207101687	-14.4397154729945	-6.36408776818113	-11.4598933549321	-3.47120866815996	-10.8282807609122	-12.4001871088079	-1.50963525001409	-8.17501224680009	-13.6096404744368	-5.86060909239661	-11.4001871088079	-8.60401592524293	-6.243318260191	-12.3617129609932	3.63599462700564	-5.85977104703997	0.71771918925939	-4.59911236855033	-2.3089304308843	-2.3521789665987	-6.82992111929341	-4.94919882422764	-11.4198159155568	-6.09788782066943	-11.5011160176586	-3.45973461641176	0.0269275065276574	0.0503693500087223	-11.0704816633288	-3.57037868009576	-1.76503277582656	-12.5652463550784	-1.84788149556806	4.02315686237669	-5.10135048829646	-1.49980982015802	-11.4803574574918	-3.11191335717809	-6.5341613249488	-11.4397154729945	-8.9949306303216	-14.4397154729945	-6.74700311687802	-2.66355663898087	4.26104331558476	2.15803643438741	-12.6554441640499	0.858665366702002	-2.02791027957714	-9.69077723716222	-2.71217313271492	-7.73619636192144	-12.1177873781071	-3.35741856149845	-11.8282807609122	-13.6096404744368	-8.01718343716873	-12.0860785183798	-12.9092007562957	-7.63522588463128	-4.40966146682091	-8.27872359632219	-5.97573706508829	-2.93566895375402	-2.49614246742257	-11.1339070434704	1.40012254849151	-0.715675395794504	-12.2520884698187	-14.0246779737157	-8.10184583423812	-1.51177294180904	-2.41750180228585	-10.6907772371622	-12.6096404744368	-2.69488163549495	-13.5221776331865	-13.7027498788283	-2.65126901348696	-2.14388277727458	-0.104743917967037	-8.21303569325495	-12.5652463550784	-13.4397154729945	-13.0860785183798	-9.0860785183798	-11.6323605509369	4.59796493056885	-12.6096404744368	-12.4803574574918	-10.1177873781071	-12.6096404744368	0.665265415291098	-7.87154821481632	-3.63648125984708	1.37141388886992	1.19001427068544	-11.726997425075	-10.6789031368739	-10.543551283979	-13.3617129609932	-5.42414555022595	-8.02092583885455	-11.9372151324653	-10.4397154729945	-11.0097276322497	-6.50635266602479	-13.0246779737157
ERR1018309	-12.9092007562957	-4.44976913765842	-2.98655917978369	-11.4598933549321	-0.0634845480616498	-10.8282807609122	0.706879718732593	-2.87281577533795	-7.99125497217821	-3.21598188298204	-1.02885194813969	-2.17520771186181	-5.28883992555518	-4.19945415371172	-12.3617129609932	-0.168106548842755	-5.82582371511663	-0.900556661886468	-13.9092007562957	3.64144892134553	-11.9949306303216	-3.7528259219338	-8.45989335493213	-11.4198159155568	-6.88172001987361	-5.89883404073746	-9.72089722553855	-1.7112280327526	3.64340715320429	-4.09937080353863	-9.22593618196276	-9.53817811188019	-8.23895306762959	-4.63737862570352	-7.60401592524293	-12.6096404744368	-0.871944207858202	-3.42414555022595	-12.7516594793092	-3.23270115281697	-11.4397154729945	-10.726997425075	-5.88001973088377	-1.96617882553092	1.77665989773073	1.65773145682846	2.40048874595988	-12.6554441640499	2.63517394667492	-4.77833323063476	-11.8547529722733	-2.40033942840267	-11.726997425075	-4.70764228876832	-7.76415042349244	-4.97392235410576	-13.6096404744368	-11.5872726614084	-5.66712596909757	-12.9092007562957	-12.7516594793092	-5.26979047155219	-11.3808217839409	-13.7027498788283	-9.87493085421097	-4.50209644246083	-2.10246525593021	1.24004561189978	-13.8022855523792	-12.2520884698187	-6.39653625479491	-9.73927575485341	-12.6096404744368	-12.7027498788283	-10.6907772371622	-7.27872359632219	-10.543551283979	-6.14713820183955	-13.7027498788283	-4.43004234358698	-9.84145614965989	-3.84269753368103	-8.21303569325495	-12.5652463550784	-13.4397154729945	-13.0860785183798	-12.0246779737157	-11.6323605509369	-0.098381978934544	-12.6096404744368	-12.4803574574918	-10.1177873781071	-11.4001871088079	1.19643708309734	-9.28771237954945	-2.43494881205737	5.25515852457937	-0.38351055604729	-11.726997425075	1.84356584398898	-7.767290131023	-9.37123573511173	-0.104914574913837	-11.6096404744368	-11.9372151324653	-10.4397154729945	-3.01601592473074	-10.7894615120216	-13.0246779737157
ERR1018308	-12.9092007562957	-14.4397154729945	-2.43752554190368	-11.4598933549321	2.04087139484288	-10.8282807609122	-2.89915687556689	1.5158940766056	-9.86817348803566	-13.6096404744368	3.12949404718454	-11.4001871088079	-11.4198159155568	-3.79065893500437	-12.3617129609932	2.37982055248202	-2.27167020477041	-11.1339070434704	-4.97800866851917	2.05063403274479	-5.52416801525553	-6.1008553123723	-9.9802838543572	-11.4198159155568	-13.2877123795494	-11.5011160176586	-9.72089722553855	-11.4001871088079	0.581611559629873	-11.0704816633288	-9.22593618196276	1.2824872515451	-12.5652463550784	-1.45505967026901	-13.2173230516581	-12.6096404744368	1.99983768767766	-6.84808924199233	-12.7516594793092	-8.06274601454917	-11.4397154729945	-12.9657842846621	-7.60401592524293	-13.5221776331865	-3.97460260325356	2.98003992825117	3.04830594678247	-12.6554441640499	-1.39988251785542	-7.7830919871459	-11.8547529722733	2.47231359776423	-11.726997425075	-6.86817348803566	-1.26212291057013	-4.33380696442334	-13.6096404744368	-7.82173791504538	-12.0860785183798	-12.9092007562957	-4.46211753008607	-13.9092007562957	-11.3808217839409	-13.7027498788283	-9.87493085421097	-7.33817744653244	-11.1339070434704	4.43909250051574	-13.8022855523792	-12.2520884698187	-14.0246779737157	-13.3617129609932	-12.6096404744368	-12.7027498788283	-10.6907772371622	-12.6096404744368	-6.19918912293282	-13.5221776331865	-13.7027498788283	-1.08216346837642	-9.84145614965989	-3.26534456652099	-8.21303569325495	-12.5652463550784	-13.4397154729945	-13.0860785183798	-0.302670976206281	-11.6323605509369	1.83811675841194	-12.6096404744368	-12.4803574574918	-10.1177873781071	-12.6096404744368	2.00903179461216	-6.09690001163331	-4.8690164299474	3.56687359110751	-4.22350853712182	-11.726997425075	-10.6789031368739	-12.5221776331865	-13.3617129609932	-2.58978916718526	-5.72089722553855	-11.9372151324653	-10.4397154729945	-11.0097276322497	-10.7894615120216	-7.33817744653244
ERR1018307	0.355162895044002	-5.04501461164144	-3.45434787268486	-9.50111601765864	0.427938651540596	-10.8282807609122	-5.37542179619834	-7.49329651319934	-9.86817348803566	-13.6096404744368	-2.67061229267356	-11.4001871088079	-11.4198159155568	-5.13289427049735	-12.3617129609932	-4.17866530184874	-10.0397848661059	2.62115868326051	-2.84673942466175	3.56331923455909	-11.9949306303216	-10.8282807609122	-9.9802838543572	-11.4198159155568	-5.57278002776377	-7.39289461624151	-9.72089722553855	0.28969284398952	3.27682268681268	-11.0704816633288	-9.22593618196276	0.671320550154143	-12.5652463550784	-2.82807584719249	-7.82828076091215	-12.6096404744368	2.45519437115756	-3.79425717862327	-11.6096404744368	-4.956347529054	-11.4397154729945	-4.81035885291489	-8.243318260191	-5.00462402652545	5.32694283341785	2.02406076526074	1.29205138403792	-12.6554441640499	-2.98210658996402	-3.02914634565952	-11.8547529722733	0.744410853987086	-11.726997425075	-4.02444317917679	-0.670084215610259	-5.94964458200683	-9.85475297227334	-11.5872726614084	-12.0860785183798	-0.980540037442469	-4.23895306762959	-13.9092007562957	-4.08583351624948	-13.7027498788283	-9.87493085421097	-4.44945389783615	-4.39775217989081	-2.68056703856	-13.8022855523792	-7.97664527729385	-14.0246779737157	-13.3617129609932	-1.9037381469416	-3.15636984042619	-3.79365684778409	-12.6096404744368	-10.543551283979	-6.06757593215337	-13.7027498788283	-9.82828076091215	-9.84145614965989	-8.97301585389316	-8.21303569325495	-12.5652463550784	-6.93898422531837	-6.47136867426459	1.09863515085309	-10.6323605509369	-2.72137287588109	-12.6096404744368	-12.4803574574918	-10.1177873781071	-10.4397154729945	1.66086018053048	-7.0782590139205	-3.81116867333519	1.86431889125795	-4.06154105745842	-11.726997425075	-10.6789031368739	-0.97293089869351	-13.3617129609932	-2.95433337292633	-11.6096404744368	-8.38082178394093	-10.4397154729945	-11.0097276322497	-10.7894615120216	-13.0246779737157
ERR1018306	-12.9092007562957	-7.80874057451651	-5.50897813543161	-11.4598933549321	-0.936883668927755	-8.05889368905357	-12.4001871088079	-2.90120317547151	-9.86817348803566	-13.6096404744368	-0.365443902919825	1.08894211798119	-11.4198159155568	-7.18968029658892	-12.3617129609932	3.48590721615478	-10.0397848661059	1.33758551083328	-13.9092007562957	0.259844931276054	-4.26201910586868	-10.8282807609122	-9.9802838543572	-2.5949225445768	-13.2877123795494	-11.5011160176586	-7.86817348803566	0.882744768002482	-0.242362245077088	-11.0704816633288	-9.22593618196276	-1.23266724893257	-12.5652463550784	-1.99286192043667	3.12340795807661	-12.6096404744368	-0.787144329384499	-7.14203492435381	-7.45735563213023	-8.84145614965989	-11.4397154729945	-6.69824848659335	-14.4397154729945	-8.43471479193613	-4.78031413859515	0.291167383307102	1.63658518150698	-12.6554441640499	-9.91615351693749	1.23138325275397	-11.8547529722733	-1.17922059286585	-3.41119543298445	-5.92840206265901	-9.31501972554518	-6.97664527729385	-13.6096404744368	-11.5872726614084	-12.0860785183798	-12.9092007562957	-4.50832132001354	-4.87450759029687	-11.3808217839409	-13.7027498788283	-9.87493085421097	-3.58173447786693	1.05819871975983	0.98854290945866	-13.8022855523792	-12.2520884698187	-14.0246779737157	-5.80228555237921	-12.6096404744368	-12.7027498788283	-10.6907772371622	-12.6096404744368	-3.56439273985856	-13.5221776331865	-13.7027498788283	-10.8414561496599	-9.84145614965989	-0.869543518857901	-8.21303569325495	-12.5652463550784	-6.4842270039535	-13.0860785183798	-0.40499291827896	-11.6323605509369	5.69015026726398	-12.6096404744368	-12.4803574574918	-10.1177873781071	-12.6096404744368	1.18871740920268	-14.2877123795494	-2.07844179936419	-0.535289916355029	-0.702585518638897	-11.726997425075	-10.6789031368739	-12.5221776331865	-8.38082178394093	-3.15072126746922	-11.6096404744368	-11.9372151324653	-10.4397154729945	-11.0097276322497	-3.88640617354343	-13.0246779737157
ERR1018305	-12.9092007562957	-7.22593618196276	-4.81319521537496	-11.4598933549321	-1.32189202796217	-10.8282807609122	-12.4001871088079	3.31744589938559	-7.39775217989081	-13.6096404744368	-2.13847334071242	-11.4001871088079	-9.71482271112887	-6.25759704864138	-12.3617129609932	4.58681817551533	-0.23477079788092	1.23771055003536	-2.73369918593926	1.13740515482544	-2.59596886037817	-7.56251656232279	-6.94252893236178	-3.97233635233061	-13.2877123795494	-11.5011160176586	-9.72089722553855	-6.22377807379535	-0.342140520640935	-11.0704816633288	-6.90920075629572	2.26024550713812	-12.5652463550784	-11.9949306303216	-13.2173230516581	-12.6096404744368	0.109133187460709	-3.13771128679512	-12.7516594793092	-8.42476513152853	-4.46689519768528	-12.9657842846621	-10.2697904715522	-7.61246099349919	2.93709764383061	-0.3400023955967	3.42804990756275	-8.80228555237921	-1.49244382053415	-2.07515519938527	-11.8547529722733	-0.710283551513701	-3.30258200608255	-7.04549098445108	-0.98145127923319	-4.26118893702968	-13.6096404744368	-1.12727366067683	-12.0860785183798	-1.9250562043969	-2.29838884529862	-4.7618001188061	-2.73860157577734	-13.7027498788283	0.550023948767338	-3.40920159483884	-4.95679550143483	2.79533058289298	-9.56524635507836	-12.2520884698187	-14.0246779737157	-13.3617129609932	-1.77922430264387	-12.7027498788283	-7.14407406962741	-12.6096404744368	-2.96860480372447	-10.3808217839409	-11.2173230516581	-4.63200278403094	-9.84145614965989	2.2032136878152	-8.21303569325495	-4.91920591804176	-13.4397154729945	-13.0860785183798	0.815755754472568	-11.6323605509369	2.59394411525959	-6.30471880485514	-12.4803574574918	-10.1177873781071	-12.6096404744368	1.57702028355734	-4.81076370630351	-5.60612256232821	2.31852220285427	-3.02373902474604	-11.726997425075	-1.86281128042069	-12.5221776331865	-13.3617129609932	-1.05373327205894	-11.6096404744368	-11.9372151324653	-7.63809692048604	-9.37123573511173	-3.92686529536978	-13.0246779737157
ERR1018304	0.779982462969198	-14.4397154729945	-12.9657842846621	-11.4598933549321	-4.32626268515125	-10.8282807609122	-2.03386489456205	-13.1502088557995	-9.86817348803566	-13.6096404744368	-8.84145614965989	-10.4001871088079	-4.53951952995999	-13.9092007562957	-12.3617129609932	4.81685873356075	-10.0397848661059	1.76943746912508	-3.12431428519629	2.71474886171918	-11.9949306303216	-5.41919845565399	-9.9802838543572	-11.4198159155568	-13.2877123795494	-11.5011160176586	-9.72089722553855	0.880074233718732	-0.340349397045017	-11.0704816633288	-9.22593618196276	-9.53817811188019	-12.5652463550784	-11.9949306303216	-9.63236055093689	-6.34519787421021	-10.6554441640499	-2.86039953541449	-12.7516594793092	-7.05121976116815	-2.05607117407658	-2.35092723427759	-14.4397154729945	-0.354150805848204	2.17835451994448	1.97990827079943	-5.10631161781015	-12.6554441640499	-7.03599328694349	0.408516228099319	-11.8547529722733	-8.7178567712185	-3.98324697026282	-6.92139016530363	-14.6096404744368	-6.243318260191	-13.6096404744368	-8.32423825557456	-12.0860785183798	-12.9092007562957	-12.7516594793092	-4.86396615043468	-2.96962154198103	-13.7027498788283	1.67123901560046	0.234133395612482	-11.1339070434704	-4.82173791504538	-5.04263510418978	-12.2520884698187	-14.0246779737157	-13.3617129609932	2.21366456197812	-0.0924170769171592	-10.6907772371622	-12.6096404744368	-3.85225046507017	-13.5221776331865	-9.73927575485341	-10.8414561496599	-9.84145614965989	-0.722753149354101	-7.21303569325495	-12.5652463550784	-8.23895306762959	-8.45989335493213	0.902444096875541	-11.6323605509369	-7.57072148514451	-12.6096404744368	-12.4803574574918	-10.1177873781071	-8.12180044061376	3.80760737160107	-7.09591287848437	-11.7767504602721	3.50130920121061	-1.77260393091947	-11.726997425075	-5.243318260191	-12.5221776331865	-13.3617129609932	-0.804904422822782	-11.6096404744368	-11.9372151324653	-10.4397154729945	-2.27139157118529	2.6994339201515	-13.0246779737157
ERR1018303	-12.9092007562957	-14.4397154729945	-12.9657842846621	-11.4598933549321	0.174368065471242	-10.8282807609122	-12.4001871088079	-2.86596310596984	-9.86817348803566	-13.6096404744368	-0.392477931530524	-11.4001871088079	-5.59422542205012	-13.9092007562957	-12.3617129609932	5.09702921938586	-10.0397848661059	-8.82173791504538	-4.08902179388053	1.1835627362895	-1.56268702313008	-10.8282807609122	-9.9802838543572	-11.4198159155568	-13.2877123795494	-11.5011160176586	-9.72089722553855	-5.67594981948458	-2.73677324765024	-11.0704816633288	-9.22593618196276	-0.223727531833115	-12.5652463550784	-2.35542379656133	-1.18862761865759	-7.99125497217821	-0.665225803180103	-3.72890903929515	-12.7516594793092	-11.4803574574918	-11.4397154729945	-12.9657842846621	-14.4397154729945	-3.68297384508953	-1.53311711952048	1.95131176160229	3.67283150245565	-12.6554441640499	2.06887026365287	-3.79065893500437	-11.8547529722733	-0.469769411224324	-0.342469744389618	-1.44752455550897	-0.188364569146256	-6.31962162750419	-13.6096404744368	-1.73585995174365	-12.0860785183798	-12.9092007562957	-5.96849187702558	-6.14816102715066	-11.3808217839409	-8.10979458735361	-6.27872359632219	-2.29512803554365	-11.1339070434704	3.39112292652088	-1.97477271566892	-12.2520884698187	-14.0246779737157	-6.53817811188019	-0.857181422675296	-12.7027498788283	-10.6907772371622	-12.6096404744368	-10.543551283979	-13.5221776331865	-13.7027498788283	-0.219639502010194	-9.84145614965989	0.0671705910169645	2.29777835515853	-12.5652463550784	0.0564448010196681	-0.527761797372526	2.05757157477529	-11.6323605509369	-1.19508735960967	-12.6096404744368	-12.4803574574918	-10.1177873781071	-12.6096404744368	1.98429403701082	-3.08571103078514	-8.22593618196276	1.89483716075792	-3.34153713882589	-11.726997425075	-10.6789031368739	-12.5221776331865	-2.18626189791832	0.120020095615999	-8.75789143302075	-11.9372151324653	-10.4397154729945	-11.0097276322497	-1.4870551056982	-13.0246779737157
ERR1018302	-12.9092007562957	-14.4397154729945	-12.9657842846621	-11.4598933549321	-0.859928143467508	-10.8282807609122	1.38046348942069	-2.81552926335991	-9.86817348803566	-13.6096404744368	-0.0216432661620701	-11.4001871088079	-2.83125528517412	-13.9092007562957	-12.3617129609932	6.02174776484253	-10.0397848661059	-5.67153114821757	-3.47168873972145	-1.22088319022023	-0.572458186796729	-5.44536203613564	-9.9802838543572	-11.4198159155568	-13.2877123795494	-11.5011160176586	-9.72089722553855	-3.53968729495127	-11.9949306303216	-11.0704816633288	-9.22593618196276	-9.53817811188019	-12.5652463550784	-11.9949306303216	-13.2173230516581	-4.85851489106954	-2.12161207873241	-5.26812165119157	-1.69544223198186	-12.6096404744368	-11.4397154729945	-12.9657842846621	-14.4397154729945	-6.52882294682848	-10.2087610381546	3.14737183026902	-0.854570350996483	-12.6554441640499	-1.31631252748045	-1.19033861055923	-11.8547529722733	-8.7178567712185	-0.62106672751082	-12.1177873781071	-14.6096404744368	-7.97664527729385	-13.6096404744368	-11.5872726614084	-12.0860785183798	-12.9092007562957	-3.07424358212498	-2.96443239166213	-3.69993486322124	-2.25966820041724	3.11611685536537	0.386623356336493	1.16350517287136	-13.1502088557995	-6.43471479193613	-12.2520884698187	-14.0246779737157	-13.3617129609932	-12.6096404744368	-12.7027498788283	-10.6907772371622	-12.6096404744368	-2.45751410909429	-13.5221776331865	-13.7027498788283	-4.68631298901762	-4.22000913517629	1.41378902802678	-8.21303569325495	-12.5652463550784	-8.57621747289936	-11.7027498788283	-0.047800644062607	-11.6323605509369	-8.69077723716222	-12.6096404744368	-12.4803574574918	-10.1177873781071	-12.6096404744368	-3.79125801939566	-14.2877123795494	-11.7767504602721	-0.774799119680438	-4.28433501934713	-11.726997425075	-3.96668625095648	-12.5221776331865	-13.3617129609932	-2.21799410383113	-8.32423825557456	-11.9372151324653	-10.4397154729945	-6.99309163065782	-3.4952474195695	-13.0246779737157
ERR1018301	-3.92270230276642	-14.4397154729945	-5.80793211552035	-11.4598933549321	-4.35993441746711	-10.8282807609122	-7.36408776818113	2.46081070036602	-9.86817348803566	-5.51886641979606	-9.70274987882829	-11.4001871088079	-9.31501972554518	-7.50897813543161	-12.3617129609932	4.62877534462869	-5.05457208310347	-4.05409270278975	-3.48907857799391	-0.654376535824872	1.17472598770613	-8.48551916260762	-9.9802838543572	-11.4198159155568	-2.22418247324884	-11.5011160176586	-9.72089722553855	0.801754653732185	-1.69576934722453	-11.0704816633288	-9.22593618196276	-5.99677197714577	-12.5652463550784	-11.9949306303216	-4.54523451254577	-7.40262615425928	-2.32416600703105	-11.4803574574918	-4.10954552476501	-4.59911236855033	-11.4397154729945	-12.9657842846621	-14.4397154729945	-13.5221776331865	-0.165321141049088	-1.43908943912011	0.678053871311915	-12.6554441640499	1.16815420921741	-2.25298218386563	-7.12582469717255	-7.7178567712185	-5.16877130682594	-3.1647550008539	-3.62771648711947	-11.8282807609122	-13.6096404744368	-4.99769353261683	-6.44976913765842	-12.9092007562957	-1.80334260093612	-6.24989091411448	-11.3808217839409	-6.13898160037626	-3.44898116721943	-2.51870105845243	-2.27872359632219	-9.58727266140836	-9.93721513246532	-12.2520884698187	-14.0246779737157	-4.64566068662147	-12.6096404744368	-12.7027498788283	-10.6907772371622	-12.6096404744368	3.62746209447324	-7.41734765996604	-13.7027498788283	-10.8414561496599	-9.84145614965989	1.50035847084736	-8.21303569325495	-2.63926491279841	-2.0287342059507	-5.10432511830057	0.456564365867802	-11.6323605509369	5.01744627456952	-4.56558794263551	-7.20024953829911	0.18869209298949	-12.6096404744368	-1.73374716781474	-14.2877123795494	0.348153085830349	-2.10649799245236	-3.12355967178484	-11.726997425075	-10.6789031368739	-12.5221776331865	-3.28110578478002	-3.76199583135349	-11.6096404744368	-11.9372151324653	-5.23949799494141	-11.0097276322497	-10.7894615120216	-13.0246779737157
ERR1018300	-9.33351606916257	-14.4397154729945	-5.65835575946984	-11.4598933549321	-2.82153392847157	-10.8282807609122	-9.11778737810714	2.33628624468347	-9.86817348803566	-13.6096404744368	-2.20782764329918	-11.4001871088079	-6.60682545882976	-7.38322828164803	-8.66127324285213	6.0546106123569	-10.0397848661059	0.0620249762385939	-2.70783079011318	-0.0113698413149562	-11.9949306303216	-10.8282807609122	-9.9802838543572	-11.4198159155568	-13.2877123795494	-11.5011160176586	-9.72089722553855	-1.47228905390722	0.447737871053567	-11.0704816633288	-9.22593618196276	-2.26139643445903	-12.5652463550784	-11.9949306303216	-6.59004974607893	-7.0078696860291	0.671383962732517	-11.4803574574918	-6.46753341713426	-7.48035745749184	-11.4397154729945	-12.9657842846621	-14.4397154729945	-3.31962162750419	-3.5949225445768	3.14548345264956	1.17209062377658	-5.95053651096315	-2.33701068946044	-1.59802009624236	-11.8547529722733	-2.06359008371832	-1.02306453243384	-6.08705894318198	-7.0303245368568	-11.8282807609122	-13.6096404744368	-3.47248921415851	-12.0860785183798	-12.9092007562957	-5.67816424055002	-5.75789143302075	-5.67226665424466	-5.78706964348664	-9.87493085421097	-1.26309211478962	-11.1339070434704	-13.1502088557995	-5.29166265202969	-12.2520884698187	-14.0246779737157	-6.71633894357625	-12.6096404744368	-12.7027498788283	-6.99309163065782	-12.6096404744368	-10.543551283979	-13.5221776331865	-13.7027498788283	-6.49199737304772	-4.41858125990516	2.01040032066472	-0.464166008028421	-12.5652463550784	-4.10606315573412	-7.45229353907397	0.500445158552971	-11.6323605509369	-5.84892052697119	-12.6096404744368	-12.4803574574918	-10.1177873781071	-12.6096404744368	-9.51160839147629	-14.2877123795494	-2.02121862323727	0.924061869460266	-1.38454603495104	-7.78946151202162	-5.66785923215828	-12.5221776331865	-13.3617129609932	-2.75496685257287	-5.19020692373143	-11.9372151324653	-10.4397154729945	-10.0097276322497	-5.86648908032431	-13.0246779737157
ERR1018299	-12.9092007562957	-8.82173791504538	-12.9657842846621	-11.4598933549321	-14.2877123795494	-10.8282807609122	-12.4001871088079	-3.38880873045555	-9.86817348803566	-13.6096404744368	-10.7027498788283	-1.48568076384452	-11.4198159155568	-13.9092007562957	-12.3617129609932	6.21010886310016	-10.0397848661059	-0.572565459141794	-2.08840811611345	2.19728668792785	-2.43097562343034	-10.8282807609122	-9.9802838543572	-11.4198159155568	-13.2877123795494	-11.5011160176586	-9.72089722553855	-2.86533218976115	-0.418504128998623	-7.01718343716873	-9.22593618196276	-2.6694186547037	-12.5652463550784	-11.9949306303216	-0.863834868638577	-12.6096404744368	0.972325041557152	-2.77063357409737	-12.7516594793092	-9.9949306303216	-11.4397154729945	-12.9657842846621	-14.4397154729945	-0.313136463583214	-0.0439433475875971	-8.96218204798189	-9.86817348803566	-12.6554441640499	-9.91615351693749	0.584924028340432	-11.8547529722733	-8.7178567712185	0.178542559058342	-4.27229732716276	-14.6096404744368	-6.254289378012	-13.6096404744368	-6.96578428466209	-12.0860785183798	-12.9092007562957	-12.7516594793092	-3.71311885221184	-11.3808217839409	-13.7027498788283	-9.87493085421097	0.417477196623566	-11.1339070434704	-13.1502088557995	-13.8022855523792	-12.2520884698187	-14.0246779737157	-13.3617129609932	-12.6096404744368	-12.7027498788283	-10.6907772371622	-12.6096404744368	-10.543551283979	-13.5221776331865	-13.7027498788283	-0.562367425636278	-9.84145614965989	2.35835687426889	-8.21303569325495	-1.83341308592955	-5.34578445484073	-3.38820439699153	0.668554863545818	-11.6323605509369	-5.57966312784723	0.769940960414487	-12.4803574574918	-10.1177873781071	-12.6096404744368	-2.28314076438179	-14.2877123795494	-11.7767504602721	-13.8022855523792	-1.87720802773168	-11.726997425075	-10.6789031368739	-12.5221776331865	-13.3617129609932	-3.76356248826421	-11.6096404744368	-11.9372151324653	-4.09690001163331	-11.0097276322497	-3.40613952207542	-13.0246779737157
ERR1018298	-4.33526232119045	-6.38563880023871	-4.23840834606719	-11.4598933549321	-8.64385618977473	-10.8282807609122	4.27185889766281	1.45781489465698	-9.86817348803566	-8.50635266602479	-3.78906259178104	-11.4001871088079	-7.17709857404855	-4.54388777261984	-12.3617129609932	2.47637650267008	-10.0397848661059	3.25143431209369	-13.9092007562957	0.994000357693875	-4.24632701006333	-4.38805335317201	-3.38624205972518	-11.4198159155568	-2.59745244129076	-9.70274987882829	-9.72089722553855	0.842254789205348	1.76072340660348	-11.0704816633288	-9.22593618196276	-0.31821792994701	-12.5652463550784	-2.67834892915565	-4.05457208310347	-12.6096404744368	0.0731621320318736	-3.52250917289628	-0.544729337737845	-5.38383053381327	-11.4397154729945	-5.60051168489756	-8.16669697858808	-1.76023537348905	1.62505535511183	0.127435184427365	-0.523255415929559	1.89732175642552	-2.76395441845975	-6.09492642029833	-9.37123573511173	-4.25511558498746	-1.76901005310388	-4.13390704347041	-3.15534118081691	-6.37243051368179	-13.6096404744368	-11.5872726614084	-2.31559416116531	0.300006546609163	-1.97516972266056	-7.43721296579133	-11.3808217839409	-2.03362860023003	-9.87493085421097	-2.89646879012201	-1.53884866501375	-13.1502088557995	-7.64385618977472	-12.2520884698187	-6.17709857404855	-13.3617129609932	-4.038124823959	-12.7027498788283	-10.6907772371622	-8.64963854236873	-4.02467797371566	-9.32423825557456	-13.7027498788283	-0.849076446243731	-9.84145614965989	1.26186775575779	-8.21303569325495	-12.5652463550784	0.36642013931299	-0.479371577111192	-0.939482173794792	-6.81847758588179	-1.7582818254033	-12.6096404744368	-12.4803574574918	-2.94786237666482	-12.6096404744368	0.597907739394152	-14.2877123795494	1.27111487152237	4.69889243059895	-0.451030786222334	-11.726997425075	-0.928127519842732	-6.56251656232279	-3.18521171039905	1.0928636744663	-11.6096404744368	-11.9372151324653	-10.4397154729945	-11.0097276322497	-10.7894615120216	-13.0246779737157
ERR1018297	-12.9092007562957	-14.4397154729945	-5.01298480676215	-11.4598933549321	-1.92867665773033	-10.8282807609122	-5.21839688500937	0.25818120107945	-6.07339325874868	-7.62950089679765	-1.05880352343116	-11.4001871088079	-6.93368344149506	-6.65399056690844	-12.3617129609932	5.72343378097505	-10.0397848661059	-5.93016037493137	-1.64660895175706	1.03675650845909	1.03420162645036	-10.8282807609122	-6.47264936235658	-11.4198159155568	-5.5810436973697	-11.5011160176586	-9.72089722553855	0.882142176079187	0.418762054043858	-8.58727266140836	-9.22593618196276	1.43183687453607	-12.5652463550784	-11.9949306303216	-13.2173230516581	-6.96758878150883	0.856937897850545	-2.83485341483564	-2.32995735422646	-8.52749143308294	-11.4397154729945	-12.9657842846621	-11.2520884698187	-3.11979251399751	-10.2087610381546	3.48614670693649	1.22520705126057	-6.05217677283899	-3.08375267630999	-2.02227313927285	-11.8547529722733	-1.98976440693283	-2.85339690872449	-12.1177873781071	-5.56592961108966	-3.6523570188484	-13.6096404744368	-11.5872726614084	-12.0860785183798	-12.9092007562957	-3.60138694734076	-5.92489185401519	-11.3808217839409	-6.72089722553855	-9.87493085421097	-2.93986958591129	0.764405607904504	-2.88438073959958	-5.73619636192144	-12.2520884698187	-14.0246779737157	-5.89711347399699	-0.592375324433391	-2.37086256963517	-10.6907772371622	-12.6096404744368	-10.543551283979	-13.5221776331865	-13.7027498788283	0.487023213129118	-9.84145614965989	2.03246059022774	-8.21303569325495	-3.30315150970818	-3.76807612670624	-9.56524635507836	0.738378742976404	-11.6323605509369	-5.07145154238439	-7.65835575946984	-12.4803574574918	-10.1177873781071	-12.6096404744368	1.24870484068888	-14.2877123795494	-6.11778737810714	2.32961732980077	-2.22027801879293	-11.726997425075	-3.98598756638389	-12.5221776331865	-13.3617129609932	-4.26395802625003	-11.6096404744368	-11.9372151324653	-10.4397154729945	-6.84808924199233	-10.7894615120216	-13.0246779737157
ERR1018296	-12.9092007562957	-6.43721296579133	-12.9657842846621	-11.4598933549321	-2.9870166336253	-10.8282807609122	-12.4001871088079	-1.68766010836804	-9.86817348803566	-13.6096404744368	1.85989800785021	-11.4001871088079	-11.4198159155568	-13.9092007562957	-12.3617129609932	3.06489491996804	-10.0397848661059	-1.42492006843904	-13.9092007562957	-0.244548354090349	-11.9949306303216	-10.8282807609122	-9.9802838543572	-11.4198159155568	-13.2877123795494	-11.5011160176586	-9.72089722553855	0.54329790139707	1.60877140099784	-11.0704816633288	-2.23276896297612	-1.72642443438462	-12.5652463550784	-11.9949306303216	-4.23813606239348	-12.6096404744368	-0.068377450423071	-11.4803574574918	-12.7516594793092	-7.52483208663245	-11.4397154729945	-12.9657842846621	-14.4397154729945	-13.5221776331865	-10.2087610381546	-0.199984361376961	2.80007156815555	-12.6554441640499	-2.15335023758165	-8.87832144341175	-11.8547529722733	-2.92346826776498	-2.29654487340944	-4.6280731925338	-2.77971958056452	-11.8282807609122	-13.6096404744368	-11.5872726614084	-12.0860785183798	-12.9092007562957	-12.7516594793092	-13.9092007562957	-11.3808217839409	-13.7027498788283	1.660326265647	-11.4598933549321	1.13041694170966	-5.06226391093871	-2.99447066059321	-12.2520884698187	-14.0246779737157	-13.3617129609932	-12.6096404744368	-12.7027498788283	-6.37362628253673	-12.6096404744368	-3.59457394120652	-13.5221776331865	-13.7027498788283	-0.535248100925526	-9.84145614965989	-0.943638441791911	-0.277918745511424	-12.5652463550784	-3.38097207250202	-3.21049608952538	0.901733854596168	-11.6323605509369	5.7151583860566	-12.6096404744368	-12.4803574574918	-10.1177873781071	-12.6096404744368	2.36884376389772	-14.2877123795494	-0.527179537233097	0.104685548518854	-12.5652463550784	-11.726997425075	-10.6789031368739	-5.18128030173252	-13.3617129609932	-7.2720185724443	-11.6096404744368	-11.9372151324653	-10.4397154729945	-11.0097276322497	-10.7894615120216	-13.0246779737157
ERR1018295	-12.9092007562957	-14.4397154729945	-5.75867232345437	-11.4598933549321	-2.05577123124074	-10.8282807609122	-9.243318260191	-2.73696559416621	-9.86817348803566	-13.6096404744368	-3.31602513802913	-11.4001871088079	-11.4198159155568	-7.0303245368568	-12.3617129609932	2.97352311323064	-3.15611260675503	-5.2351443287453	-4.30500395062954	-2.37444894892069	-11.9949306303216	-10.8282807609122	-9.9802838543572	-11.4198159155568	-13.2877123795494	-11.5011160176586	-9.72089722553855	-3.07096652135414	-0.648032519140559	-11.0704816633288	0.519380869287467	-0.348445391173037	-12.5652463550784	-11.9949306303216	1.97764261265976	-12.6096404744368	-0.56650636015312	-7.94786237666482	-12.7516594793092	-9.42973138442188	-11.4397154729945	-12.9657842846621	-14.4397154729945	-8.34285393374191	-3.37766933527401	2.56417815302123	2.46457156137738	-12.6554441640499	-0.19037153414441	-7.64674446909955	-11.8547529722733	-2.95031347702271	-11.726997425075	-7.41242378132676	-4.66236882197646	-9.38082178394093	-13.6096404744368	-2.70134168443548	-12.0860785183798	-12.9092007562957	-12.7516594793092	-13.9092007562957	-5.3236603685086	-5.93368344149506	-4.42414555022595	-7.24989091411448	-11.1339070434704	-1.18177114233318	-13.8022855523792	-12.2520884698187	-14.0246779737157	-13.3617129609932	-12.6096404744368	-12.7027498788283	-10.6907772371622	-12.6096404744368	-2.99251742366879	-4.79706203030143	-13.7027498788283	-0.527096376393168	-3.06842283270067	1.25024004561576	-1.83572860231926	-12.5652463550784	-13.4397154729945	-13.0860785183798	-0.923906144706163	-11.6323605509369	5.88076216333886	-6.88854128572963	-12.4803574574918	-10.1177873781071	-12.6096404744368	1.30721283344716	-5.40018710880786	0.890065296042641	0.94788305899268	-6.68186251235447	-11.726997425075	-10.6789031368739	-12.5221776331865	-13.3617129609932	-2.5923100701968	-11.6096404744368	-11.9372151324653	-9.4397154729945	-11.0097276322497	-0.286796896857877	-13.0246779737157
ERR1018294	0.854426595431908	-7.50897813543161	-2.01380025070862	-11.4598933549321	-5.86312615329835	-10.8282807609122	1.07059541246298	3.86846651234229	-9.86817348803566	-3.59823848455675	-3.34886792208328	-11.4001871088079	-11.4198159155568	-3.59858797463619	-12.3617129609932	4.91786421264149	-10.0397848661059	1.86293534945605	-3.40736357139342	0.828436609724632	-0.614823009945758	-8.10581473644106	-5.55707242363266	-10.4198159155568	-2.97914581293123	-11.5011160176586	-6.82828076091215	-0.911071446473379	2.34647472890149	-11.0704816633288	-9.22593618196276	0.815526245238726	-12.5652463550784	-0.858488732780418	1.19510187824243	-12.6096404744368	-0.274965642746352	-11.4803574574918	-8.69077723716222	-5.37781929577941	-11.4397154729945	-12.9657842846621	-6.03599328694349	-7.73312352787181	-2.72489757085712	-0.175435787910173	2.5946846914996	-12.6554441640499	1.78729454095915	-5.79025968357221	-11.8547529722733	-0.758745553607474	-1.63280788436918	-3.22877360698028	-3.93148051689405	-5.44034177864397	-13.6096404744368	-11.5872726614084	-5.26201910586868	-12.9092007562957	-6.36765732474248	-3.0078696860291	-5.86564761337664	-13.7027498788283	-5.28208783035557	-1.3065732605939	-4.96804025860246	-1.88475363225507	-5.58588612113739	-12.2520884698187	-14.0246779737157	-2.21270127934537	-1.29512803554365	-12.7027498788283	-6.86144762484735	-8.73927575485341	-3.39228856916648	1.27133005104876	-13.7027498788283	2.00946183794897	-2.7394684353266	1.55572782408979	-8.21303569325495	-1.48507485251943	-3.36052702172308	-13.0860785183798	-1.53939371901787	-2.31036089557032	0.988673781319616	-6.61811862836112	-4.31818195565447	-10.1177873781071	-12.6096404744368	-1.32738457426365	-14.2877123795494	-0.496040729469644	0.647903902194136	-2.82235004787723	-11.726997425075	-0.995189427754465	-10.2877123795494	-7.13390704347041	-1.42194045179221	-11.6096404744368	-11.9372151324653	-4.63558445181118	-11.0097276322497	-10.7894615120216	-13.0246779737157
ERR1018293	-12.9092007562957	-4.58727266140836	-8.31501972554518	-11.4598933549321	-14.2877123795494	-10.8282807609122	4.86378089476641	0.676312548205534	-9.86817348803566	-9.26979047155219	-1.00040401117565	-11.4001871088079	-3.24989091411448	-8.67300253543424	-9.89539495677069	3.06814281492035	-10.0397848661059	3.81415765344082	-13.9092007562957	-4.79585928321977	-11.9949306303216	-10.8282807609122	-9.9802838543572	-11.4198159155568	1.58328318850081	-8.4906994017133	-9.72089722553855	-8.06274601454917	-8.83485341483564	-11.0704816633288	-9.22593618196276	-5.40629247145705	-9.60964047443681	-11.9949306303216	-13.2173230516581	-12.6096404744368	-2.94574886336984	0.788460206645448	-1.04775590586458	-10.6789031368739	-11.4397154729945	-9.40996812960045	-6.77201254126541	-3.61122633784755	-1.50799302440605	3.53964893390148	-3.14458430660564	-12.6554441640499	2.068041321285	-2.75555129456624	-11.8547529722733	-3.14956859703922	-11.726997425075	-12.1177873781071	-14.6096404744368	-0.955396049350232	-13.6096404744368	-10.2173230516581	-12.0860785183798	-12.9092007562957	-12.7516594793092	-1.64638311780376	-5.16566093183556	-5.18705004054425	-6.91441218294106	-1.32847110469676	-11.1339070434704	-0.435787696020371	-2.60832025193591	-12.2520884698187	-14.0246779737157	-13.3617129609932	-12.6096404744368	-12.7027498788283	-10.6907772371622	-12.6096404744368	-0.537822007254689	-13.5221776331865	-13.7027498788283	-10.8414561496599	-9.84145614965989	2.06302311464933	-8.21303569325495	-12.5652463550784	-13.4397154729945	-13.0860785183798	-12.0246779737157	-11.6323605509369	-7.21947151823663	-12.6096404744368	-12.4803574574918	-10.1177873781071	-12.6096404744368	-4.18232763030185	-14.2877123795494	-2.47971354092642	3.91143177751312	0.678053871311915	-11.726997425075	-10.6789031368739	-12.5221776331865	-11.9657842846621	-3.52184616964891	-11.6096404744368	-11.9372151324653	-10.4397154729945	-11.0097276322497	-10.7894615120216	-13.0246779737157
ERR1018292	-12.9092007562957	-14.4397154729945	-12.9657842846621	-11.4598933549321	-14.2877123795494	-10.8282807609122	-12.4001871088079	-13.1502088557995	-9.86817348803566	-7.51424345164425	-0.828434465304317	-4.37243051368179	-4.43190950740354	-13.9092007562957	-12.3617129609932	5.80495857444686	-10.0397848661059	-10.1339070434704	-3.49492208524839	-1.18294984156748	-11.9949306303216	-10.8282807609122	-9.9802838543572	-11.4198159155568	-13.2877123795494	-11.5011160176586	-9.72089722553855	-11.4001871088079	-11.9949306303216	-11.0704816633288	-9.22593618196276	-3.45024212658377	-12.5652463550784	-11.9949306303216	-1.64810034311391	-12.6096404744368	-0.941752783145337	-2.97982853005458	-6.79425717862327	-12.6096404744368	-11.4397154729945	-12.9657842846621	-14.4397154729945	-1.47292966448734	-6.47906991163139	4.22670580794941	-0.203535142807454	-12.6554441640499	-0.586665886064524	-1.46358895786197	-7.85141725971009	-1.76950183625594	0.0768053378496186	-4.74120371857864	-14.6096404744368	-5.65689922725032	-13.6096404744368	-11.5872726614084	-12.0860785183798	-12.9092007562957	-12.7516594793092	-5.01158797427521	-5.5810436973697	-7.19601254541264	-5.6598137636777	-1.30414868232613	-11.1339070434704	-13.1502088557995	-13.8022855523792	-12.2520884698187	-14.0246779737157	-6.74855356844142	0.773971014449835	-12.7027498788283	-10.6907772371622	-12.6096404744368	-10.543551283979	-13.5221776331865	-13.7027498788283	-8.89539495677069	-9.84145614965989	1.61481347889376	-8.21303569325495	-12.5652463550784	-1.83449319777731	-1.8388733586072	-1.2584251525812	-0.929610672108602	1.28776777797538	-12.6096404744368	-12.4803574574918	-5.80712410931559	-12.6096404744368	2.25895302467422	-14.2877123795494	-11.7767504602721	2.26630081406074	-2.1455414875954	-11.726997425075	-3.36319675731953	-12.5221776331865	-2.51622291004885	-5.577594747506	-11.6096404744368	-11.9372151324653	-10.4397154729945	-4.48035745749184	-10.7894615120216	-13.0246779737157
ERR1018291	-12.9092007562957	-14.4397154729945	-5.69824848659335	-11.4598933549321	-2.95701953979865	-10.8282807609122	-12.4001871088079	1.03027250656463	-9.86817348803566	-13.6096404744368	-1.47160871670006	-11.4001871088079	-1.88977040757681	-7.52749143308294	-12.3617129609932	5.26572230118976	1.00845820401901	3.02348957159593	-3.04073431993473	0.957439192216214	-3.14076192061739	-4.56013222338172	-2.98724541495164	-11.4198159155568	-5.57621747289936	-11.5011160176586	-9.72089722553855	-11.4001871088079	1.70209453871099	-11.0704816633288	1.51416771855427	-2.48640819350043	-12.5652463550784	-11.9949306303216	-4.18968029658892	-5.40506933018761	-0.600642940416992	-2.90368416497527	-2.72384878877017	-5.85809641534771	-11.4397154729945	-12.9657842846621	-10.5872726614084	-1.94758410584886	-4.62914383825335	1.27693729775787	0.25714341247458	-8.29222786067194	2.40861404788041	0.743799299810733	-11.8547529722733	0.203689804121174	-1.41246218406958	-6.25318850421506	-3.52882294682848	-2.88416770134743	-13.6096404744368	-11.5872726614084	-12.0860785183798	-12.9092007562957	-2.07145154238439	-7.44473354776112	-5.53884866501375	-0.795483630297228	-5.54691970727177	-0.247748089405576	0.322170447297199	-5.24824494127092	-7.67890313687393	-12.2520884698187	-14.0246779737157	-4.40598658890721	-12.6096404744368	-12.7027498788283	3.00656732577855	-12.6096404744368	-10.543551283979	-10.7767504602721	-13.7027498788283	-0.623598473406402	-9.84145614965989	3.24543937775266	-1.542752437855	-12.5652463550784	-2.09609791450877	-3.64855258443948	-0.113957177444712	-2.65308281186629	-1.61272570009133	-12.6096404744368	-1.91827861341051	-10.1177873781071	-12.6096404744368	-0.550866545313266	-14.2877123795494	-2.74942643024533	0.420703363972569	-1.42136072247267	-11.726997425075	-6.20556333819558	-12.5221776331865	-13.3617129609932	-4.31501972554518	-11.6096404744368	-11.9372151324653	-10.4397154729945	-11.0097276322497	-6.42352623489517	-13.0246779737157
ERR1018290	-12.9092007562957	-14.4397154729945	-3.95031347702271	-11.4598933549321	-2.5998118570687	-6.47906991163139	-12.4001871088079	2.37906917262511	-9.86817348803566	-5.18494928292386	-4.27956391963935	-11.4001871088079	-6.15328605932852	-5.51029266403362	-12.3617129609932	5.61619093750439	-10.0397848661059	-0.780165476114629	-2.95366261194987	-2.88982387141869	-0.809195531872999	-10.8282807609122	-9.9802838543572	-1.35103763757138	-13.2877123795494	-11.5011160176586	-9.72089722553855	-0.825849287787987	-2.22809752325223	-11.0704816633288	-2.20776099534034	0.846601626854866	-12.5652463550784	-11.9949306303216	0.337825247456794	-12.6096404744368	-0.498097228687094	-6.68482797083103	-12.7516594793092	-12.6096404744368	-3.58363583145787	-12.9657842846621	-12.5221776331865	-13.5221776331865	-5.5921360733274	3.32890394540104	2.05899178898099	-12.6554441640499	2.10393734709365	-3.87091485194339	-11.8547529722733	-4.43471479193613	-5.65253843287453	-12.1177873781071	-1.95394205779127	-4.98804643541927	-13.6096404744368	-4.82459675965709	-12.0860785183798	-12.9092007562957	-6.53282487738598	-13.9092007562957	-5.40201600621005	-5.11878959769651	-2.45174094869835	-11.4598933549321	-5.13390704347041	2.3995922172537	-13.8022855523792	-12.2520884698187	-14.0246779737157	-4.77280111468809	-12.6096404744368	-12.7027498788283	-10.6907772371622	-12.6096404744368	-10.543551283979	-6.79265685118143	-13.7027498788283	-0.14538191332267	-9.84145614965989	2.11868530900473	-8.21303569325495	0.591813436792724	-13.4397154729945	-13.0860785183798	-0.628586111130079	-11.6323605509369	-14.0246779737157	-3.42988685562639	-12.4803574574918	-10.1177873781071	-12.6096404744368	0.201495857652423	-10.4397154729945	-11.7767504602721	2.35452550652711	-4.08902179388053	-11.726997425075	-10.6789031368739	-12.5221776331865	-13.3617129609932	-3.76493471002487	-11.6096404744368	-3.22877360698028	-5.72241985896843	-11.0097276322497	-3.32019789874848	-13.0246779737157
ERR1018289	-12.9092007562957	-7.57897333818987	-12.9657842846621	-11.4598933549321	-3.81056126540781	-10.8282807609122	2.83759816446825	3.60479604840991	-5.04215967329377	-13.6096404744368	-1.68001219141225	-11.4001871088079	-2.93721513246532	-13.9092007562957	-7.23895306762959	5.46033433209998	-10.0397848661059	1.16541675638965	0.509533703792677	0.700865805134189	-1.41573015915014	-10.8282807609122	-9.9802838543572	-11.4198159155568	-5.72089722553855	-11.5011160176586	-9.72089722553855	-5.62166595014066	-0.714159860191001	-11.0704816633288	-9.22593618196276	-0.352326300651209	-12.5652463550784	-11.9949306303216	-8.19601254541264	-12.6096404744368	-0.108876382035616	-8.73312352787181	-12.7516594793092	-10.7767504602721	-11.4397154729945	-12.9657842846621	-14.4397154729945	-5.72852651376172	-0.0487255442342404	-1.97568032080459	0.535396075760546	-12.6554441640499	-5.57897333818987	0.500822444362391	-11.8547529722733	-3.05733161539648	0.473475224653435	-6.7193761974157	-3.19086547810489	-11.8282807609122	-13.6096404744368	-3.09949445428145	-12.0860785183798	-5.24277188826972	-12.7516594793092	-13.9092007562957	-11.3808217839409	-13.7027498788283	-9.87493085421097	-5.42352623489517	-3.31962162750419	-9.63236055093689	-13.8022855523792	-12.2520884698187	-14.0246779737157	-13.3617129609932	0.977096712496954	-12.7027498788283	-3.93412443035403	-7.54894454274926	-10.543551283979	-13.5221776331865	-13.7027498788283	-7.243318260191	-5.53082252447483	2.17364236131294	-8.21303569325495	2.280297154425	-13.4397154729945	-13.0860785183798	1.81831067603143	-11.6323605509369	-14.0246779737157	-1.75078526582563	-12.4803574574918	-10.1177873781071	-12.6096404744368	1.25639477592836	-7.89539495677069	-11.7767504602721	0.109186689965476	-3.99884630538363	-11.726997425075	-10.6789031368739	-12.5221776331865	-13.3617129609932	0.924913191894121	-11.6096404744368	-11.9372151324653	-1.78463202779652	-11.0097276322497	0.0753546364577874	-13.0246779737157
ERR1018288	-12.9092007562957	-14.4397154729945	-12.9657842846621	-11.4598933549321	-6.09394063615277	-10.8282807609122	-12.4001871088079	2.68817588163649	-9.86817348803566	-4.86985986466355	-0.881666855499391	-11.4001871088079	-1.41869696399736	-13.9092007562957	-12.3617129609932	4.56878488324146	-10.0397848661059	1.64077823707093	-3.50504172087244	-0.891776658826129	-11.9949306303216	-3.40323656046296	-9.9802838543572	-11.4198159155568	-13.2877123795494	-11.5011160176586	-9.72089722553855	-11.4001871088079	-5.67300253543424	-11.0704816633288	-9.22593618196276	-4.31329778974392	-12.5652463550784	-0.360008479688479	-13.2173230516581	-12.6096404744368	0.207568052562462	-1.30503959781437	-0.349933984640502	0.631830686793925	-11.4397154729945	-12.9657842846621	-9.58727266140836	-1.01278101777197	-10.2087610381546	1.26941023321814	-0.984873571246723	-12.6554441640499	-1.09572786618914	-0.712244040176989	-11.8547529722733	-4.93721513246532	-11.726997425075	-12.1177873781071	-14.6096404744368	-2.60471779586777	-13.6096404744368	-11.5872726614084	-12.0860785183798	-12.9092007562957	-3.16152416902735	-1.11910293415299	-2.55291809660589	0.494425851319735	-9.87493085421097	1.26815289385708	-11.1339070434704	-13.1502088557995	-13.8022855523792	-12.2520884698187	-14.0246779737157	-2.27139157118529	-12.6096404744368	-12.7027498788283	-10.6907772371622	-12.6096404744368	0.474202389507988	-13.5221776331865	-13.7027498788283	4.50871006471405	-9.84145614965989	1.76407858703251	-8.21303569325495	-12.5652463550784	-13.4397154729945	-13.0860785183798	0.668582092855271	-11.6323605509369	-8.71482271112887	-12.6096404744368	-2.56995028829973	-10.1177873781071	-12.6096404744368	1.52892132373449	-14.2877123795494	1.07909475010532	1.85287378009688	3.33286114473016	-11.726997425075	-0.508875488309151	-12.5221776331865	-13.3617129609932	-0.884726993868837	-11.6096404744368	-11.9372151324653	-10.4397154729945	-11.0097276322497	-10.7894615120216	-13.0246779737157
ERR1018287	-12.9092007562957	-6.27760392607516	-12.9657842846621	-11.4598933549321	1.37022008971377	-10.8282807609122	-12.4001871088079	-2.24550581942876	-9.86817348803566	-13.6096404744368	2.19350367679196	-11.4001871088079	-11.4198159155568	-13.9092007562957	-9.41981591555679	3.48487669481026	-10.0397848661059	3.71131979028861	-0.758111015737125	3.64967868335711	-11.9949306303216	-5.31789419360287	-9.9802838543572	-11.4198159155568	-13.2877123795494	-11.5011160176586	-9.72089722553855	-11.4001871088079	2.3807626899418	-11.0704816633288	-9.22593618196276	2.93600089267758	-12.5652463550784	-11.9949306303216	-0.638052016583243	-12.6096404744368	0.795442803613944	-1.68533827343776	-12.7516594793092	-5.66859286809623	-11.4397154729945	-7.88854128572963	-14.4397154729945	-0.963475566670648	-8.33351606916257	-8.96218204798189	2.72775058763772	-12.6554441640499	-9.91615351693749	0.53988835107996	-11.8547529722733	1.03015948310287	-11.726997425075	-9.23460104308989	-14.6096404744368	-4.5935286362163	-13.6096404744368	-9.55435803893562	-12.0860785183798	-12.9092007562957	-12.7516594793092	-13.9092007562957	-11.3808217839409	-13.7027498788283	-9.87493085421097	-0.491591631548044	-6.88512662131686	-13.1502088557995	0.115286325139835	-12.2520884698187	-8.80874057451651	-13.3617129609932	-2.09061857881486	3.92764523988346	-10.6907772371622	-12.6096404744368	-10.543551283979	-13.5221776331865	-13.7027498788283	-10.8414561496599	-9.84145614965989	-0.233888291005502	-8.21303569325495	-12.5652463550784	-13.4397154729945	-13.0860785183798	-12.0246779737157	-11.6323605509369	-7.33584487522255	-12.6096404744368	-12.4803574574918	-10.1177873781071	-12.6096404744368	2.88768707746259	-10.5652463550784	-11.7767504602721	-13.8022855523792	-3.56115360044448	-5.5693507534111	-10.6789031368739	-12.5221776331865	-13.3617129609932	1.68973302217227	-11.6096404744368	-11.9372151324653	-10.4397154729945	-8.89539495677069	-8.15431325413225	-13.0246779737157
ERR1018286	-12.9092007562957	-10.1339070434704	-12.9657842846621	-9.71482271112887	-2.60051168489756	-7.53817811188019	-12.4001871088079	-3.48697422580801	-6.65835575946984	-13.6096404744368	-0.713497313662301	-11.4001871088079	-6.32192809488736	-13.9092007562957	-12.3617129609932	4.09689264117406	-0.127084582887843	2.10975837409943	-8.20876103815463	0.381781722328079	-2.02720443129419	-10.8282807609122	-9.9802838543572	-11.4198159155568	-13.2877123795494	-11.5011160176586	-9.72089722553855	-2.04555054211373	0.842327209817658	-11.0704816633288	-9.22593618196276	-0.786074200791463	-12.5652463550784	-2.68047454921542	-13.2173230516581	-12.6096404744368	-0.795583794846303	-2.12092162883127	-12.7516594793092	-6.73773523677762	-11.4397154729945	-12.9657842846621	-10.6789031368739	-7.76101753400747	0.449640605117181	2.93925102997931	3.80067422665183	-12.6554441640499	-0.854831245611989	-4.32423825557456	-11.8547529722733	-0.672933530625308	-7.55979192498625	-7.1399986571973	-6.72546995532838	-4.78071064678532	-13.6096404744368	-0.893973357608185	-12.0860785183798	-8.95858878325788	-5.75010568805416	-8.33817744653244	-3.58259841887178	-13.7027498788283	-9.87493085421097	-5.22917940934784	-11.1339070434704	1.7593092584971	-7.06660865418157	-12.2520884698187	-14.0246779737157	-13.3617129609932	-12.6096404744368	0.464971410197382	-8.70274987882829	-12.6096404744368	-3.24359152376618	-9.81522460808671	-13.7027498788283	-2.36609455689779	-9.84145614965989	-0.20424967322396	-8.21303569325495	-1.48132387153327	-13.4397154729945	-13.0860785183798	0.995404919713875	-11.6323605509369	2.14631307906953	-5.35166341587283	-12.4803574574918	-10.1177873781071	-12.6096404744368	4.47182670973655	-14.2877123795494	-6.18442457113743	3.13784448410224	-5.18337571973471	-11.726997425075	-8.87493085421097	-11.2877123795494	-13.3617129609932	0.345078391030075	-11.6096404744368	-11.9372151324653	-4.34285393374191	-6.30016412059571	0.614691000628349	-13.0246779737157
ERR1018285	-12.9092007562957	-14.4397154729945	-12.9657842846621	-11.4598933549321	-3.66712596909757	-10.8282807609122	-12.4001871088079	0.128068993661171	-9.86817348803566	-7.85141725971009	-2.79535843438958	-11.4001871088079	-4.94341647163363	-13.9092007562957	-12.3617129609932	5.49752550752541	-10.0397848661059	-5.75165947930924	-2.42918736710801	-4.59004974607893	-11.9949306303216	-10.8282807609122	-9.9802838543572	-11.4198159155568	-1.32521396520168	-11.5011160176586	-9.72089722553855	-1.43963720390234	-6.32192809488736	-11.0704816633288	-9.22593618196276	-3.56047260206464	-12.5652463550784	-11.9949306303216	-13.2173230516581	-12.6096404744368	-3.33978327978194	-1.90055666188647	-5.25098927354392	-4.62379853743347	-11.4397154729945	-12.9657842846621	-9.78946151202162	-5.2308037612262	-3.87218185586635	1.38608803861457	3.18434695205626	-12.6554441640499	-1.51152612334745	-1.43194843235777	-11.8547529722733	-2.37392537967492	-11.726997425075	-12.1177873781071	-5.38744933598048	-3.20796094845436	-13.6096404744368	-4.88214540541138	-12.0860785183798	-12.9092007562957	-6.18442457113743	-10.9949306303216	-4.77595972578207	-2.74274794676021	-5.98393163137235	-1.76616101192018	-11.1339070434704	-5.28208783035557	-3.78249628345253	-12.2520884698187	-14.0246779737157	-4.15328605932852	-12.6096404744368	-7.1359347248174	1.95824877499418	-12.6096404744368	-10.543551283979	-13.5221776331865	-13.7027498788283	-0.129150024625905	-9.84145614965989	0.97167781605435	-8.21303569325495	-0.93013288481521	-7.41242378132676	-4.64855258443948	-0.809321934382467	-11.6323605509369	2.15172570865897	-4.93500681266955	-8.70274987882829	-10.1177873781071	-12.6096404744368	3.77815284439074	-14.2877123795494	3.52403357751386	-3.92994046866756	-0.743617302038636	-11.726997425075	-10.6789031368739	-12.5221776331865	-13.3617129609932	-3.92818242422654	-11.6096404744368	-11.9372151324653	-4.70952841145936	-11.0097276322497	-8.49589830838762	-13.0246779737157
ERR1018284	0.801266284994429	-6.02561753417927	-3.06238442173867	-11.4598933549321	-1.80052552405199	-10.8282807609122	-12.4001871088079	2.01478375262707	-9.86817348803566	-1.71543848838624	-0.643292747064619	-11.4001871088079	-8.6266468997425	-4.56149422021725	-12.3617129609932	1.74439363065677	-10.0397848661059	1.62707448349942	-10.2346010430899	3.01871428207887	-3.02151146705049	-10.8282807609122	-5.12683251771014	-11.4198159155568	-13.2877123795494	-11.5011160176586	-8.68482797083103	-0.0827897740258824	-0.0956816168222974	-5.65617151220796	-9.22593618196276	-1.07953899862005	-12.5652463550784	-4.07193672652917	-1.95965459996662	-12.6096404744368	-1.38055881662508	-3.0459675146093	-4.33061033798716	-7.63522588463128	-11.4397154729945	-12.9657842846621	-7.96578428466209	-1.8375321323847	3.75959262510682	2.93570300528321	1.26125398379728	-3.7728011146881	0.776255621042876	-3.01917037924933	-11.8547529722733	-1.09943262758531	-11.726997425075	-6.86312615329835	-14.6096404744368	-2.48180732142583	-13.6096404744368	-2.45181987722318	-12.0860785183798	-12.9092007562957	-1.11847632927827	-2.63675041100128	-0.246104558108136	-13.7027498788283	-0.268243270784063	-2.47505372107245	-11.1339070434704	1.00265931988152	0.872072254200524	-5.35934205653048	-14.0246779737157	-13.3617129609932	-12.6096404744368	-12.7027498788283	-10.6907772371622	-7.84145614965989	-3.58398180149331	-1.10029844253638	-13.7027498788283	-3.36795518683519	-4.36795518683519	-3.32149535128339	-8.21303569325495	-12.5652463550784	-13.4397154729945	-13.0860785183798	-6.94252893236178	-11.6323605509369	-14.0246779737157	-12.6096404744368	-10.2002495382991	-10.1177873781071	-7.59283218675026	2.22408350501407	-11.3242382555746	-2.65018182802414	4.92655550827342	-5.17866530184874	-6.03883603671231	-3.28447558494776	-12.5221776331865	-13.3617129609932	2.4054859665156	-11.6096404744368	-11.9372151324653	-10.4397154729945	-11.0097276322497	-2.30272436091427	-13.0246779737157
ERR1018283	-5.82500562887929	-4.54489770968656	-12.9657842846621	-8.84145614965989	-0.102480744880493	-10.8282807609122	-12.4001871088079	-7.95858878325788	-9.86817348803566	-3.63021527910534	-0.207744333831696	-6.0860785183798	-11.4198159155568	-13.9092007562957	-4.27173987157588	1.90348566764507	-10.0397848661059	2.97492021886309	-13.9092007562957	3.30572397265695	-11.9949306303216	-5.59911236855033	-9.9802838543572	-11.4198159155568	-13.2877123795494	-3.58657922470148	-9.72089722553855	-0.471348672531005	2.86330614193686	-5.81278967916965	-9.22593618196276	-9.53817811188019	-9.69077723716222	-11.9949306303216	3.0817759153636	-12.6096404744368	1.32495457777726	-3.54607686385182	-12.7516594793092	-5.24167976479524	-11.4397154729945	-6.89883404073746	-9.73927575485341	-0.332534730464653	-3.20184162421484	-4.46753341713426	1.25478751807831	-12.6554441640499	-9.91615351693749	0.611880567102759	-11.8547529722733	-0.393140895605909	-11.726997425075	-6.88512662131686	-14.6096404744368	-4.82459675965709	-13.6096404744368	-4.7590629272312	-12.0860785183798	-12.9092007562957	-12.7516594793092	-5.79105829695595	-4.96263183599516	-13.7027498788283	-9.87493085421097	-0.196359643109333	-11.1339070434704	1.37734034540696	4.99706112427049	-12.2520884698187	-14.0246779737157	-13.3617129609932	-12.6096404744368	0.887876153889097	-10.6907772371622	-12.6096404744368	-10.543551283979	0.791872402778444	-13.7027498788283	-10.8414561496599	-9.84145614965989	-0.814209554895681	-8.21303569325495	-12.5652463550784	-5.97301585389316	-13.0860785183798	-12.0246779737157	-11.6323605509369	0.0116816887012563	-12.6096404744368	-12.4803574574918	-10.1177873781071	-12.6096404744368	-0.484227003953497	-9.42973138442188	-5.60051168489756	-4.96353183293071	-1.86254893884179	-3.33526232119045	-10.6789031368739	-10.4598933549321	-5.39896913065119	2.39024394859239	-5.04835252927198	-11.9372151324653	-10.4397154729945	-2.95937404553661	1.27488184952278	-13.0246779737157
ERR1018282	-12.9092007562957	-6.29675751915246	-11.9657842846621	-11.4598933549321	-1.62923309460509	-10.8282807609122	-7.57897333818987	-0.837377455718798	-9.86817348803566	-4.73850529019377	-4.46976941122432	-11.4001871088079	-4.42074260119462	-13.9092007562957	-6.42105162872946	4.21161656544652	-2.92182741187188	-2.94997899074873	-5.18337571973471	1.46285853644914	-4.57072148514451	-2.96736309593295	-3.23148111465471	-11.4198159155568	-13.2877123795494	-7.61528703757795	-6.47649826203621	0.410514782050224	0.436183165025877	-10.0704816633288	-9.22593618196276	2.786546180321	-12.5652463550784	-11.9949306303216	-4.49264679688983	-1.34743549266801	0.0444500773535884	-1.9157179863558	-2.43518287014525	-4.29675751915246	-11.4397154729945	-12.9657842846621	-10.2173230516581	0.178695521953791	-0.929445802096322	3.00700707743434	0.287649592095005	-12.6554441640499	0.158931563891791	-0.246926089716146	-11.8547529722733	-4.40598658890721	-0.786447411317276	-2.2308037612262	-14.6096404744368	-4.53516447370231	-7.32655212141281	-3.83094729121297	-12.0860785183798	-12.9092007562957	-12.7516594793092	-3.6598137636777	-7.85475297227334	-6.74236173472715	4.45198056379914	0.484581572511828	-8.77675046027207	-5.99953841143715	0.661922858722526	-12.2520884698187	-14.0246779737157	-6.3138715400163	-12.6096404744368	-6.94430455725164	-4.51358423525587	-7.09986547010987	-3.87514253274424	-6.38443303749331	-13.7027498788283	-1.6264687122488	-9.84145614965989	-0.665637674883709	-3.28898093078823	-12.5652463550784	-13.4397154729945	-12.0860785183798	-2.14969662606188	-11.6323605509369	-1.17729432200221	-12.6096404744368	-12.4803574574918	-10.1177873781071	-12.6096404744368	1.60994403170169	-4.82296244054616	-0.949003848499987	-5.5235042494095	1.59600006841975	-7.10184583423812	-10.6789031368739	-7.50111601765864	-13.3617129609932	4.08959221447225	-9.76415042349244	-11.9372151324653	-10.4397154729945	0.0781452558170573	-3.75224258273552	-13.0246779737157
ERR1018281	-12.9092007562957	0.695004961029044	-1.09665316501779	-11.4598933549321	-7.91267294820252	-8.52749143308294	3.32808965331309	3.40375308438557	-9.86817348803566	-13.6096404744368	-2.35771431694042	-11.4001871088079	-5.32771044748137	-2.77349147019132	-8.32423825557456	4.57674765476562	0.444826061942363	-11.1339070434704	-3.40522216614738	0.00377491802107641	0.31655126221436	-4.02420842284385	-2.42430042060781	-11.4198159155568	-0.967983816238609	-11.5011160176586	-9.72089722553855	-0.691872155821259	-0.213303280205714	-4.78269482402133	-5.70575862870063	-1.75847706121669	-9.65544416404994	-11.9949306303216	-13.2173230516581	-12.6096404744368	-0.68559349244518	-1.353874217308	-1.45688030566141	-6.92664589075513	-11.4397154729945	-12.9657842846621	-6.16773376989457	-2.03877675558968	3.11693526702729	-0.281859795903399	0.668273463917615	-12.6554441640499	1.58242593783206	-2.51399621019824	-8.76415042349244	-4.7178567712185	-5.79505800853054	-4.40843546713728	-3.12960765985286	-2.30322271347104	-13.6096404744368	-11.5872726614084	-7.90228134235593	-4.80874057451651	-12.7516594793092	-4.73312352787181	-9.66712596909757	-5.79746316892236	-4.69525534228137	-3.29661575184129	-11.1339070434704	-0.0885921920359781	-7.16669697858808	-12.2520884698187	-14.0246779737157	-4.68668448252833	-12.6096404744368	-12.7027498788283	-10.6907772371622	-12.6096404744368	-1.0826522690048	-13.5221776331865	-13.7027498788283	0.789094868547589	-9.84145614965989	2.43422254813744	-8.21303569325495	-12.5652463550784	-1.88113531948244	-4.55673284612353	-0.486064639345191	-4.90573690099215	-14.0246779737157	-12.6096404744368	-12.4803574574918	-10.1177873781071	-12.6096404744368	-1.42310060977106	-14.2877123795494	-7.88172001987361	3.85123032741393	1.79972559886531	-11.726997425075	-10.6789031368739	-10.4001871088079	-2.61546384927508	-2.4967123325817	-8.02843989251186	-11.9372151324653	-10.4397154729945	-11.0097276322497	-8.38563880023871	-13.0246779737157
ERR1018280	-12.9092007562957	-7.43471479193613	-4.79786441911015	-11.4598933549321	0.951744438822646	-10.8282807609122	-12.4001871088079	-13.1502088557995	-9.86817348803566	-13.6096404744368	0.842447902760137	-3.31631252748045	-11.4198159155568	-4.93236128312464	-12.3617129609932	4.06806884568833	-10.0397848661059	1.83475974972479	-6.3581580638166	2.87382107116184	-11.9949306303216	-10.8282807609122	-9.9802838543572	-11.4198159155568	-13.2877123795494	-11.5011160176586	-9.72089722553855	-6.01531587051196	0.342031275347809	-3.5808710539134	-9.22593618196276	-9.53817811188019	-11.5652463550784	-11.9949306303216	-2.26853867534273	-12.6096404744368	-0.220261212098641	-3.70218643611819	-12.7516594793092	-7.12784104277106	-11.4397154729945	-9.28771237954945	-5.33351606916257	-3.55741208108941	-3.98210658996402	5.26472820211491	3.63342307264913	-12.6554441640499	-9.91615351693749	2.77699670845292	-11.8547529722733	-0.606539865822353	-6.89196405137042	-3.11428508220083	-14.6096404744368	-1.9026588912033	-13.6096404744368	-4.07266480882617	-12.0860785183798	-12.9092007562957	-12.7516594793092	-3.79666100318533	-2.50955309432141	-3.98735981922123	-3.57880094229543	-2.01654118840968	-11.1339070434704	-6.41488362001456	-13.8022855523792	-12.2520884698187	-14.0246779737157	-13.3617129609932	-9.66712596909757	-12.7027498788283	-10.6907772371622	-7.15842936260448	-10.543551283979	-13.5221776331865	-8.67300253543424	-10.8414561496599	-9.84145614965989	-0.127210631993763	-8.21303569325495	-12.5652463550784	-7.69077723716222	-5.92840206265901	-3.56285750408046	-9.42973138442188	-6.84311156583795	-12.6096404744368	-5.57209352047463	-10.1177873781071	-12.6096404744368	1.08334273687101	-8.80228555237921	-11.7767504602721	0.862495033554303	-0.729004686528311	-11.726997425075	-3.54271040557271	-12.5221776331865	-12.3617129609932	-1.53403598038472	-8.21303569325495	-11.9372151324653	-10.4397154729945	-2.96600972337508	-3.72776176683637	-13.0246779737157
ERR1018279	-12.9092007562957	-6.6280731925338	-12.9657842846621	-11.4598933549321	-8.70274987882829	-10.8282807609122	-12.4001871088079	-13.1502088557995	-9.86817348803566	-13.6096404744368	-7.63809692048604	-11.4001871088079	-11.4198159155568	-13.9092007562957	-7.78627323439058	5.7754119603424	-10.0397848661059	-6.25759704864138	-13.9092007562957	3.31465882659985	-11.9949306303216	-10.8282807609122	-9.9802838543572	-3.0018478325176	-13.2877123795494	-9.13390704347041	-9.72089722553855	-10.4001871088079	-7.4985048042021	-11.0704816633288	-9.22593618196276	-9.53817811188019	-12.5652463550784	-11.9949306303216	-13.2173230516581	-12.6096404744368	-9.4397154729945	-6.30928791410859	-12.7516594793092	-12.6096404744368	-11.4397154729945	-3.06733405185422	-14.4397154729945	0.00128342754581261	4.76093945323898	-2.78936177161985	-4.44253599205688	-12.6554441640499	-9.91615351693749	-5.46498223160493	-11.8547529722733	-8.7178567712185	-11.726997425075	-8.04358643626572	-14.6096404744368	-8.20876103815463	-13.6096404744368	-11.5872726614084	-12.0860785183798	-12.9092007562957	-12.7516594793092	-13.9092007562957	-11.3808217839409	-13.7027498788283	1.49793931389872	-2.97278931781028	-11.1339070434704	-4.01624935164508	-7.48035745749184	-12.2520884698187	-14.0246779737157	-13.3617129609932	-12.6096404744368	-8.57621747289936	-10.6907772371622	-8.80228555237921	-10.543551283979	-13.5221776331865	-13.7027498788283	-10.8414561496599	-9.84145614965989	-11.7027498788283	-8.21303569325495	-12.5652463550784	-13.4397154729945	-13.0860785183798	-12.0246779737157	-11.6323605509369	-14.0246779737157	-12.6096404744368	-12.4803574574918	-10.1177873781071	-12.6096404744368	-8.41488362001456	-14.2877123795494	-11.7767504602721	-8.31501972554518	-12.5652463550784	-11.726997425075	-10.6789031368739	-12.5221776331865	-13.3617129609932	-0.181591148055577	-11.6096404744368	-11.9372151324653	-10.4397154729945	-4.36082341515831	1.17007246939826	-13.0246779737157
ERR1018278	-12.9092007562957	-14.4397154729945	-3.85329264892023	-11.4598933549321	-1.33806802296373	-10.8282807609122	-12.4001871088079	2.00740722469209	-3.28968616374987	-5.0023101606872	-10.7027498788283	-11.4001871088079	-11.4198159155568	-5.2720185724443	-12.3617129609932	4.67057184456412	-10.0397848661059	-3.40094886765173	-13.9092007562957	1.49028258961453	-11.9949306303216	-10.8282807609122	-9.9802838543572	-11.4198159155568	-13.2877123795494	-11.5011160176586	-9.72089722553855	1.55557077789617	-11.9949306303216	-11.0704816633288	-9.22593618196276	2.062567303194	-12.5652463550784	-11.9949306303216	-13.2173230516581	-4.99861567712946	-4.80914497397	-11.4803574574918	-12.7516594793092	-6.43097562343034	-11.4397154729945	-12.9657842846621	-9.65544416404994	-4.85725982788392	3.20479178636	-5.15020885579951	2.66862747389567	-12.6554441640499	-5.70500585276866	-0.780462816396162	-11.8547529722733	-8.7178567712185	-11.726997425075	-4.18258958128593	-2.72318177873311	-6.90573690099215	-13.6096404744368	-4.57931819179278	-12.0860785183798	-12.9092007562957	-12.7516594793092	-4.92533016331246	-1.30461188971799	-13.7027498788283	-9.87493085421097	-1.37276672350913	-11.1339070434704	4.61307130790109	-6.86480663693727	-12.2520884698187	-4.57243673328484	-5.03599328694349	-12.6096404744368	-4.05457208310347	-10.6907772371622	-12.6096404744368	-2.64475815606912	-13.5221776331865	-13.7027498788283	-10.8414561496599	-4.82377936867721	1.42599095217458	-8.21303569325495	-12.5652463550784	-13.4397154729945	-13.0860785183798	-12.0246779737157	-11.6323605509369	-8.29675751915246	-12.6096404744368	-8.91615351693749	-10.1177873781071	-12.6096404744368	3.24653578062931	-7.37602079767711	-8.38563880023871	2.25679631076668	-3.20809426592809	-11.726997425075	-2.86690999791764	-12.5221776331865	-13.3617129609932	-2.83639822175151	-7.1359347248174	-5.67521243381001	-10.4397154729945	-11.0097276322497	-1.87625435488256	-13.0246779737157
ERR1018277	-12.9092007562957	-6.64241421560082	-12.9657842846621	-11.4598933549321	0.84622450936591	-4.13872744816193	-12.4001871088079	0.312804557650178	-0.835085030447549	-13.6096404744368	0.700084549493092	-11.4001871088079	-11.4198159155568	-13.9092007562957	-12.3617129609932	2.70353043110914	-10.0397848661059	1.60505809326151	-3.08853083078548	3.61831384295428	-11.9949306303216	-8.59283218675026	-9.9802838543572	-11.4198159155568	-7.62095578766465	-11.5011160176586	-9.72089722553855	-11.4001871088079	0.354621414832446	-11.0704816633288	-5.44536203613564	1.79015897070987	-12.5652463550784	-11.9949306303216	-13.2173230516581	-12.6096404744368	2.2759665378766	-7.38322828164803	-12.7516594793092	-7.69675113820685	-11.4397154729945	-7.06081856597806	-14.4397154729945	-4.66163834345914	-3.15546972316483	1.93866217984363	3.57893992036907	-12.6554441640499	-5.33119101621633	-0.74301352751973	-11.8547529722733	1.33826466115929	-2.84622060024472	-3.28545992781807	-3.15354278947261	-8.69077723716222	-8.04739805021574	0.140412210507549	-12.0860785183798	-12.9092007562957	-6.74545432978253	-7.18968029658892	-11.3808217839409	-13.7027498788283	-4.88384820294266	-4.22135405467417	-11.1339070434704	-7.47778351382802	-13.8022855523792	-12.2520884698187	-14.0246779737157	-6.44473354776112	1.01414815852307	1.48386477970494	-10.6907772371622	-7.06467604164757	-10.543551283979	-13.5221776331865	-4.67890313687393	-2.48608484614862	-9.84145614965989	-0.361712960993226	-2.44772130900956	-12.5652463550784	-13.4397154729945	-13.0860785183798	3.23279734591849	-11.6323605509369	2.94447055227216	-12.6096404744368	-12.4803574574918	-10.1177873781071	-12.6096404744368	-0.392042435245507	-4.6918954609936	-7.50373196586565	1.20366474928514	-1.50885495976102	-11.726997425075	-10.6789031368739	-8.50635266602479	-13.3617129609932	3.77450771625869	-5.98393163137235	-11.9372151324653	-10.4397154729945	-11.0097276322497	1.11432037816886	-13.0246779737157
ERR1018276	-12.9092007562957	-14.4397154729945	-7.19812948642474	-11.4598933549321	-3.66474543475894	-10.8282807609122	-12.4001871088079	1.89767413713976	-9.86817348803566	-13.6096404744368	-2.14720210718123	-11.4001871088079	-6.06757593215337	-8.58727266140836	-12.3617129609932	5.65444470660434	-10.0397848661059	-0.702444653378487	-13.9092007562957	-0.739299838505296	-1.82653992131454	-10.8282807609122	-9.9802838543572	-11.4198159155568	-13.2877123795494	-11.5011160176586	-9.72089722553855	-7.95142899168502	-4.37542179619834	-11.0704816633288	-3.09591287848437	0.538230223392207	-12.5652463550784	-11.9949306303216	0.913186225488995	-12.6096404744368	-2.74439050232023	-11.4803574574918	-12.7516594793092	-12.6096404744368	-11.4397154729945	-12.9657842846621	-14.4397154729945	-13.5221776331865	-7.86144762484735	2.53382246187728	1.87146518705886	-9.16669697858808	-3.07096652135414	-3.42151529418127	-11.8547529722733	-0.941891350598826	-11.726997425075	-12.1177873781071	-3.95657149785688	-9.01718343716873	-13.6096404744368	-11.5872726614084	-12.0860785183798	-12.9092007562957	-12.7516594793092	-13.9092007562957	-6.10482148680397	-7.35225263174416	-9.87493085421097	-6.73619636192144	1.52767091626409	3.81596166695049	0.133050534761055	-12.2520884698187	-14.0246779737157	-4.32684161575328	-2.18449014967517	-12.7027498788283	-10.6907772371622	-12.6096404744368	-1.50975849232584	-13.5221776331865	-13.7027498788283	-1.68714898397827	-6.91615351693749	1.53419112033326	-8.21303569325495	-8.34285393374191	-13.4397154729945	-13.0860785183798	-0.674429374270817	-11.6323605509369	-14.0246779737157	-12.6096404744368	-12.4803574574918	-10.1177873781071	-12.6096404744368	1.77150531594949	-14.2877123795494	1.56900492681818	0.17104025443167	-5.33119101621633	-11.726997425075	-10.6789031368739	-12.5221776331865	-13.3617129609932	-4.9889624323014	-5.55979192498625	-11.9372151324653	-10.4397154729945	-9.66712596909757	-10.7894615120216	-13.0246779737157
ERR1018275	-12.9092007562957	-14.4397154729945	-2.72566080062806	-11.4598933549321	-3.55554495388606	-10.8282807609122	-5.32250528835011	-0.788190338125897	-9.86817348803566	-2.73475515600668	-1.84047414429204	-11.4001871088079	-4.76375844005275	-4.09887630651892	-12.3617129609932	4.38897061325264	-10.0397848661059	0.128544167922537	-6.4637083286163	-1.90141874439846	-5.50897813543161	-10.8282807609122	-5.26312674127118	-3.08816271807902	-13.2877123795494	-11.5011160176586	-9.72089722553855	1.35790665287804	-0.847699741983427	-5.10879859487988	-9.22593618196276	1.47951513940435	-12.5652463550784	-11.9949306303216	-1.23310806158878	-6.82010682946645	-1.10048404193296	-11.4803574574918	-12.7516594793092	-12.6096404744368	-5.64025395309453	-12.9657842846621	-8.39047195397465	-13.5221776331865	-5.64241421560082	4.63729839750991	2.26739496738027	-12.6554441640499	2.19980110207651	-3.13860038884256	-11.8547529722733	-1.58415481762842	-11.726997425075	-7.50635266602479	-0.86619977069953	-3.84518351081692	-13.6096404744368	-11.5872726614084	-6.83815100493621	1.61821045932564	-12.7516594793092	-8.84145614965989	-1.74202388398924	-3.34329313260092	-9.87493085421097	-4.23351508516064	-11.1339070434704	1.50685071379049	-8.37602079767711	-12.2520884698187	-14.0246779737157	-3.49638666778554	-12.6096404744368	-12.7027498788283	-10.6907772371622	-12.6096404744368	-3.99286192043667	-13.5221776331865	-13.7027498788283	-1.72403941972194	-9.84145614965989	1.1211016284329	-8.21303569325495	-3.24222572318998	-13.4397154729945	-13.0860785183798	1.47408295186809	-11.6323605509369	-14.0246779737157	0.472404586647828	-6.37482304331949	-6.73619636192144	-7.49589830838762	1.7856760889929	-11.2877123795494	-0.714514921032901	3.85916352029202	-1.8586195289692	-11.726997425075	-10.6789031368739	-12.5221776331865	-13.3617129609932	-0.744172997853594	-11.6096404744368	-11.9372151324653	-6.75010568805416	-11.0097276322497	0.194805698424094	-13.0246779737157
ERR1018274	-12.9092007562957	-14.4397154729945	-12.9657842846621	-11.4598933549321	-4.17657670931474	-10.8282807609122	-3.58311703191705	1.36129673999297	-9.86817348803566	-13.6096404744368	-0.26477245718002	-11.4001871088079	-8.07048166332878	-13.9092007562957	-12.3617129609932	5.41853371106698	-1.24694320993356	-5.1589447028639	-5.92313994725359	-1.71885371414498	-3.42259776009692	-10.8282807609122	-9.9802838543572	-11.4198159155568	-13.2877123795494	-11.5011160176586	-7.48293600159362	1.22502191154748	-1.85694623261241	-11.0704816633288	-9.22593618196276	3.17822224045996	-12.5652463550784	-3.69152262340504	-13.2173230516581	-12.6096404744368	-2.17533803661718	-11.4803574574918	-12.7516594793092	-9.93721513246532	-11.4397154729945	-12.9657842846621	-14.4397154729945	-13.5221776331865	-9.20876103815463	4.37755621510834	0.931955309332861	-12.6554441640499	-1.47116866940645	-5.65617151220796	-11.8547529722733	-2.83928629457879	-11.726997425075	-6.63666068837052	-4.76650456332546	-6.07631074213098	-13.6096404744368	-4.73850529019377	-12.0860785183798	-12.9092007562957	-5.7838866415537	-13.9092007562957	-11.3808217839409	-7.62950089679765	-9.87493085421097	-3.91942419401477	-11.1339070434704	3.18873481384155	-13.8022855523792	-12.2520884698187	-14.0246779737157	-7.11378544754964	-12.6096404744368	-12.7027498788283	-10.6907772371622	-12.6096404744368	-1.50164699838549	-13.5221776331865	-13.7027498788283	0.449207425229149	-6.03410122760228	1.1649921788881	-8.21303569325495	-6.35934205653048	-13.4397154729945	-13.0860785183798	0.601572919519354	-11.6323605509369	-5.52948916482272	-12.6096404744368	-12.4803574574918	-10.1177873781071	-12.6096404744368	1.21963630384028	-14.2877123795494	-11.7767504602721	-1.79610977285334	-4.67742572246843	-11.726997425075	-10.6789031368739	-11.0550516227592	-13.3617129609932	-5.23297241257914	-3.21316948052643	-11.9372151324653	-10.4397154729945	-11.0097276322497	-10.7894615120216	-13.0246779737157
ERR1018273	-12.9092007562957	-14.4397154729945	-12.9657842846621	-11.4598933549321	-1.41680829150375	-10.8282807609122	-0.681399709591418	-2.93467585605386	-9.86817348803566	-13.6096404744368	0.884238423410275	-11.4001871088079	-11.4198159155568	-13.9092007562957	-12.3617129609932	3.15506430799737	-1.9928044985958	-3.36989279087989	-4.9639820420281	-2.1919857109104	-0.661501419903694	-10.8282807609122	-7.28996835348982	-11.4198159155568	-13.2877123795494	-11.5011160176586	-6.48940259709485	-1.89062606689144	0.264164074553317	-11.0704816633288	-1.31926157483296	-0.148177014551305	-12.5652463550784	0.274971277757907	-13.2173230516581	-6.62522201563567	0.175364913775429	-11.4803574574918	-6.71330807052687	-6.7178567712185	-11.4397154729945	-12.9657842846621	-14.4397154729945	-13.5221776331865	-1.08598663770506	4.55621419074399	3.0269717563889	-12.6554441640499	0.933753907924851	-4.58138904627402	-7.35225263174416	-0.586319271841969	-11.726997425075	-12.1177873781071	0.343237247283421	-11.8282807609122	-13.6096404744368	-7.46753341713426	-12.0860785183798	0.396937632889879	-4.03622996892924	-13.9092007562957	-11.3808217839409	-5.50832132001354	-9.87493085421097	-1.5802669644602	-11.1339070434704	-12.1502088557995	-13.8022855523792	-12.2520884698187	-14.0246779737157	-8.20876103815463	-8.96578428466209	-12.7027498788283	-10.6907772371622	-12.6096404744368	-1.30960972476407	-9.0023101606872	-13.7027498788283	1.48125760298853	-9.84145614965989	0.00178783362279521	-0.50385470489792	-12.5652463550784	-13.4397154729945	-13.0860785183798	-4.31014623542745	-11.6323605509369	4.83116584959218	-12.6096404744368	-12.4803574574918	-4.1132859858722	-12.6096404744368	1.71204544855369	-8.4906994017133	-1.24266946656648	2.33665187082312	0.245775534330019	-11.726997425075	-10.6789031368739	-2.76837098552272	-13.3617129609932	-3.76434645515805	-7.15842936260448	-11.9372151324653	-10.4397154729945	-11.0097276322497	-9.03978486610586	-13.0246779737157
ERR1018272	-12.9092007562957	-14.4397154729945	-8.187575708264	-11.4598933549321	-3.4978527386358	-10.8282807609122	-12.4001871088079	4.16380704319874	-9.86817348803566	-4.42600509296359	-1.24536899975576	-11.4001871088079	-4.08216346837642	-13.9092007562957	-12.3617129609932	4.94170543095296	1.63535971435738	-0.74513993546851	-2.38443303749331	-1.31376394445815	-2.48301665540445	-10.8282807609122	-9.9802838543572	-2.96758878150883	-10.9657842846621	-11.5011160176586	-9.72089722553855	0.243730004302143	-0.763391052279014	-3.10805205150442	-9.22593618196276	-0.452313278359632	-12.5652463550784	0.283684759814742	-2.24352320301979	-12.6096404744368	-1.81420955489568	-11.4803574574918	-6.11278669704877	-9.29675751915246	-11.4397154729945	-12.9657842846621	-14.4397154729945	-8.50111601765864	-1.38918656746394	3.62667508857405	2.09343848166374	-12.6554441640499	-0.101149302578831	-4.27452930601195	-11.8547529722733	-1.51535656279133	-11.726997425075	-4.62878686805708	-0.923960888669624	-10.1177873781071	-13.6096404744368	-3.70877366645606	-7.67890313687393	-12.9092007562957	-9.41981591555679	-13.9092007562957	-4.57966312784723	-4.23134561852492	-0.666141233367317	-2.52873969120675	-5.73850529019377	1.77587229581344	-8.17501224680009	-12.2520884698187	-14.0246779737157	-4.69712532963441	-12.6096404744368	-12.7027498788283	1.05782454450723	-12.6096404744368	-2.04263510418978	-13.5221776331865	-13.7027498788283	-1.10817644857636	-1.99125497217821	1.84387533644115	-8.21303569325495	-0.66330528842866	-8.86817348803566	-13.0860785183798	0.839750018799465	-11.6323605509369	-9.17501224680009	-4.76023537348905	-7.07242207389822	-10.1177873781071	-8.0134507182924	2.24820995029815	-14.2877123795494	-2.21785986842365	1.84506847149869	-1.44665915874129	-11.726997425075	-10.6789031368739	-12.5221776331865	-13.3617129609932	-2.1084874881914	-11.6096404744368	-6.70575862870063	-3.76846928518827	-11.0097276322497	-4.187575708264	-13.0246779737157
ERR1018271	-0.846428107622412	-14.4397154729945	-12.9657842846621	-11.4598933549321	-2.40736357139342	-10.8282807609122	-5.03883603671231	0.428978493604391	-9.86817348803566	-7.56524635507836	-3.96420719927255	-11.4001871088079	-6.86817348803566	-13.9092007562957	-12.3617129609932	1.53260123077913	-10.0397848661059	-11.1339070434704	-4.69413451220488	-1.56047260206464	-6.69974739066677	-10.8282807609122	-9.9802838543572	-11.4198159155568	-13.2877123795494	-11.5011160176586	-9.72089722553855	0.755220886494435	-1.86338859986924	-11.0704816633288	-9.22593618196276	-1.20722792248188	-12.5652463550784	-0.730823189822584	-13.2173230516581	-5.6409736812416	-2.15489137276988	-2.5473413137042	-6.67594981948458	-8.79585928321977	-11.4397154729945	-4.44096835630458	-9.41981591555679	-8.75165947930924	6.19360006824004	2.47040931401987	1.28034467148119	-12.6554441640499	-4.46913020206859	-3.66291692368921	-11.8547529722733	-3.12444009248138	-11.726997425075	-8.98758865498043	-2.83002370364592	-4.35048570556997	-13.6096404744368	-11.5872726614084	-12.0860785183798	-12.9092007562957	-3.7714213939345	-8.69077723716222	-11.3808217839409	-4.37721954726074	-0.0467869187532105	-2.90055666188647	-3.05841287083852	-0.643811106259123	-3.03575664378034	-12.2520884698187	-14.0246779737157	-4.37452376004056	-12.6096404744368	-2.5905710451057	-10.6907772371622	-12.6096404744368	-8.93016037493136	-13.5221776331865	-13.7027498788283	-0.437271568654029	-9.84145614965989	-2.353874217308	-8.21303569325495	-12.5652463550784	-13.4397154729945	-13.0860785183798	0.225200880319562	-11.6323605509369	0.441536596978902	-12.6096404744368	-12.4803574574918	-10.1177873781071	-12.6096404744368	0.254581949981277	-14.2877123795494	-2.70811358831871	0.887299100818694	-3.25002816332173	-11.726997425075	-10.6789031368739	-12.5221776331865	-13.3617129609932	-2.14681871758533	-11.6096404744368	-11.9372151324653	-10.4397154729945	-9.26979047155219	-2.95098268231073	-13.0246779737157
ERR1018270	-1.7388904710907	-9.20024953829911	-9.34285393374191	-11.4598933549321	-1.83120394828093	-10.8282807609122	-12.4001871088079	-13.1502088557995	-7.95142899168502	-7.57621747289936	-1.38179893955343	-11.4001871088079	-7.02655770693388	-9.71482271112887	-12.3617129609932	5.5513788166505	-10.0397848661059	-1.45371545841023	-2.71700279668812	-1.25191666518598	-11.9949306303216	-10.8282807609122	-9.9802838543572	-11.4198159155568	-13.2877123795494	-11.5011160176586	-9.72089722553855	-0.508772848489467	-2.67631865370387	-11.0704816633288	-3.0785027329921	-0.509676329614911	-12.5652463550784	-11.9949306303216	2.12623612744281	-12.6096404744368	-0.027954406563335	-11.4803574574918	-12.7516594793092	-12.6096404744368	-11.4397154729945	-12.9657842846621	-9.51160839147629	-4.53951952995999	-7.90920075629572	3.26022743844201	2.37485030422742	-12.6554441640499	-1.48758093553599	-3.97823602570834	-11.8547529722733	-1.03362860023003	-11.726997425075	-6.65689922725032	-5.17814287017876	-8.92313994725359	-13.6096404744368	-2.46132278812751	-12.0860785183798	-6.65253843287453	-12.7516594793092	-13.9092007562957	-11.3808217839409	-13.7027498788283	-9.87493085421097	-7.70877366645606	3.01192315995455	2.51393030898048	-6.07728454914796	-12.2520884698187	-14.0246779737157	-13.3617129609932	-1.91180411647444	-12.7027498788283	-10.6907772371622	-12.6096404744368	-10.543551283979	-13.5221776331865	-13.7027498788283	-4.46148170149892	-5.82337084678835	1.37208845053466	-8.21303569325495	-12.5652463550784	-13.4397154729945	-13.0860785183798	-1.04933749763268	-11.6323605509369	-8.86144762484735	-12.6096404744368	-12.4803574574918	-10.1177873781071	-10.0246779737157	2.57325575129972	-9.05505162275917	-11.7767504602721	2.05207848387148	-11.0246779737157	-11.726997425075	-10.6789031368739	-12.5221776331865	-13.3617129609932	-1.50754173989199	-11.6096404744368	-11.9372151324653	-10.4397154729945	-11.0097276322497	-1.31362049619524	-13.0246779737157
ERR1018269	-1.03023613913361	-14.4397154729945	-9.31501972554518	-11.4598933549321	-1.2335490089756	-10.8282807609122	-12.4001871088079	1.77282313120058	-9.86817348803566	-13.6096404744368	1.50495083976401	-7.51160839147629	-8.22593618196276	-13.9092007562957	-12.3617129609932	5.35098725585125	-10.0397848661059	0.94589980811772	-2.55529053275131	-2.89926450323234	-11.9949306303216	-10.8282807609122	-9.9802838543572	-11.4198159155568	-13.2877123795494	-11.5011160176586	-9.72089722553855	-3.59283218675026	-2.02028192228912	-11.0704816633288	-9.22593618196276	-0.90061052695418	-12.5652463550784	-11.9949306303216	-2.38820439699153	-12.6096404744368	-0.0273955644406104	-3.46641671831296	-12.7516594793092	-6.22809752325223	-11.4397154729945	-12.9657842846621	-14.4397154729945	-6.71633894357625	-4.08240784798924	3.1472155097559	2.13177713441809	-12.6554441640499	-2.9721099229115	-2.80399735266345	-11.8547529722733	0.5294411742167	-11.726997425075	-12.1177873781071	-1.61052129444152	-4.53549901168431	-13.6096404744368	-6.60401592524293	-12.0860785183798	-12.9092007562957	-3.70049742709691	-5.96668625095648	-5.89025165349473	-4.82459675965709	-9.87493085421097	-2.73072742195499	-9.56524635507836	1.41415718678128	-5.30871598346051	-12.2520884698187	-9.78946151202162	-4.66602677282277	-12.6096404744368	-12.7027498788283	-10.6907772371622	-12.6096404744368	-10.543551283979	-13.5221776331865	-13.7027498788283	-10.8414561496599	-9.84145614965989	-0.203252751620605	-8.21303569325495	-2.75379867838687	-13.4397154729945	-13.0860785183798	-0.889663485836535	-11.6323605509369	-8.82173791504538	1.33109178308456	-12.4803574574918	-10.1177873781071	-12.6096404744368	4.06728075194407	-14.2877123795494	-7.96218204798189	3.00790770111965	-4.03386489456205	-11.726997425075	-10.6789031368739	-12.5221776331865	-13.3617129609932	-6.53015569061	-11.6096404744368	-11.9372151324653	-2.15482712592429	-11.0097276322497	-5.8266422655164	-13.0246779737157
ERR1018268	-12.9092007562957	-14.4397154729945	-5.4434773917907	-11.4598933549321	-5.16929035523625	-10.8282807609122	-12.4001871088079	2.37385141311239	-9.86817348803566	-4.40140611609702	-0.366894333713129	-11.4001871088079	-11.4198159155568	-7.16462562856839	-4.73504328203518	3.99889862304931	-10.0397848661059	-11.1339070434704	-13.9092007562957	-0.0347365645483939	-2.28545992781807	-9.82828076091215	-9.9802838543572	-11.4198159155568	-4.15817176148945	-11.5011160176586	-9.72089722553855	-3.25305095403705	1.09359397836805	-11.0704816633288	0.479085663466927	2.54884841219896	-12.5652463550784	-8.52217763318647	-13.2173230516581	-12.6096404744368	-0.671439236323751	-4.4748933057678	-6.26091232020573	-6.91615351693749	-11.4397154729945	-12.9657842846621	-11.1177873781071	-8.00972763224968	-10.2087610381546	2.94724908939566	2.53380502299528	-0.841301051735575	0.954672786444797	-5.04168439902135	-11.8547529722733	-0.311201955460077	-11.726997425075	-12.1177873781071	-3.37977020214957	-6.94430455725164	-13.6096404744368	-11.5872726614084	-6.23242994404826	-12.9092007562957	-4.29590712417299	-13.9092007562957	-11.3808217839409	-7.07436509781601	-9.87493085421097	-4.99447066059321	0.557454204861321	2.96966257135602	-5.6416937686241	-12.2520884698187	-14.0246779737157	-5.44913872688112	-12.6096404744368	-12.7027498788283	1.57149722026869	-12.6096404744368	-2.55393437727549	-13.5221776331865	-13.7027498788283	1.05725616682087	-9.84145614965989	1.05708977000697	0.506906554580693	-1.48568076384452	-13.4397154729945	-13.0860785183798	2.46803324168567	-11.6323605509369	4.3919924362947	1.25229454120184	-12.4803574574918	-10.1177873781071	-12.6096404744368	-0.449434197634178	-14.2877123795494	-2.91158699027328	-0.0200624709507371	-3.25153876699596	-11.726997425075	-10.6789031368739	-12.5221776331865	-13.3617129609932	-7.65253843287453	-11.6096404744368	-11.9372151324653	-2.85579696612517	-11.0097276322497	-10.7894615120216	-13.0246779737157
ERR1018267	-12.9092007562957	-14.4397154729945	-4.63773772839135	-11.4598933549321	-2.42360363477399	-10.8282807609122	1.02342569737721	0.747765480155421	-6.38322828164803	-13.6096404744368	-4.72089722553855	-11.4001871088079	-5.6590845773893	-6.42600509296359	-12.3617129609932	3.1801160272891	-10.0397848661059	1.11284689657144	-3.19047030940827	-2.29095645247529	-11.9949306303216	-10.8282807609122	-9.9802838543572	-11.4198159155568	-7.99861567712946	-11.5011160176586	-9.72089722553855	-11.4001871088079	-0.672818529944433	-11.0704816633288	2.42399491922952	1.66144862697522	-12.5652463550784	-11.9949306303216	2.91484002515229	-12.6096404744368	-2.85611031165565	-11.4803574574918	-12.7516594793092	-7.88172001987361	-8.12986021040771	-12.9657842846621	-10.6789031368739	-13.5221776331865	-1.85178172784586	4.32871226190782	0.920293300211007	-11.6554441640499	-0.0199746997612662	-8.87832144341175	-11.8547529722733	-1.55783676539405	-11.726997425075	-8.63236055093689	-3.66675947727777	-11.8282807609122	-13.6096404744368	-11.5872726614084	-12.0860785183798	-2.02544131997704	-7.35225263174416	-13.9092007562957	-11.3808217839409	-13.7027498788283	-8.39047195397465	-8.12582469717256	-0.42792526007457	-1.62820697980527	-6.59004974607893	-12.2520884698187	-14.0246779737157	-13.3617129609932	-12.6096404744368	-1.61568489437348	-10.6907772371622	-12.6096404744368	-1.98444534051777	-2.70331354167621	-13.7027498788283	-1.03563833675327	-2.13872744816193	1.06887026365287	-0.0794018030708108	-12.5652463550784	-13.4397154729945	-13.0860785183798	-4.7771459901007	-11.6323605509369	4.88741121534151	-12.6096404744368	-12.4803574574918	-10.1177873781071	-12.6096404744368	1.6558555389365	-9.26979047155219	-3.42275246440685	1.66628394664655	-4.78746801296063	-9.51160839147629	-10.6789031368739	-12.5221776331865	-13.3617129609932	-5.07631074213098	-11.6096404744368	-11.9372151324653	-10.4397154729945	-11.0097276322497	-10.7894615120216	-13.0246779737157
ERR1018266	-12.9092007562957	-14.4397154729945	-3.36944542045689	-11.4598933549321	-2.16036283849033	-10.8282807609122	-12.4001871088079	2.73661569819219	-9.86817348803566	-6.46243554949458	-0.919369621925386	-11.4001871088079	-8.00972763224968	-5.2227002291125	-12.3617129609932	5.20075896207052	-10.0397848661059	0.893486475240602	-1.33759395004687	1.03197385219553	-4.73044015648942	-10.8282807609122	-9.9802838543572	-11.4198159155568	-13.2877123795494	-11.5011160176586	-9.72089722553855	-1.50001383557813	-8.65544416404994	-11.0704816633288	-0.356439304429289	-1.06675974862165	-12.5652463550784	-11.9949306303216	1.52567802883978	-7.28545992781807	-0.590636220730427	-6.73619636192144	-6.4842270039535	-12.6096404744368	-11.4397154729945	-12.9657842846621	-8.56524635507836	-7.82500562887929	-7.19601254541264	1.59361670717491	1.46218846508024	-12.6554441640499	-0.375141099845355	-2.68910152485303	-11.8547529722733	1.86875392097623	-11.726997425075	-12.1177873781071	-4.7281440896267	-4.13923579737117	-13.6096404744368	-11.5872726614084	-10.6096404744368	-12.9092007562957	-5.05937466756807	-6.5341613249488	-6.38082178394093	-4.11503485876559	-9.87493085421097	-3.63307635102148	0.568936850623001	-2.81137119948712	-10.2346010430899	-12.2520884698187	-14.0246779737157	-5.64891447959775	-7.67006126012212	-12.7027498788283	-10.6907772371622	-12.6096404744368	-0.749960105884047	-13.5221776331865	-13.7027498788283	-0.185982867288298	-9.84145614965989	0.695708808162136	-0.405145746143604	-0.0107592444285257	-13.4397154729945	-13.0860785183798	-0.474071457169011	-11.6323605509369	-5.7998723457264	-3.70915098960216	-10.2002495382991	-10.1177873781071	-12.6096404744368	2.79779949925806	-14.2877123795494	-2.8104600556115	4.35653965172264	-0.972987534937418	-11.726997425075	-10.6789031368739	-12.5221776331865	-13.3617129609932	-5.76101753400747	-11.6096404744368	-11.9372151324653	-3.71520161987455	-11.0097276322497	-10.7894615120216	-13.0246779737157
ERR1018265	-12.9092007562957	-14.4397154729945	-9.9949306303216	-11.4598933549321	-3.4452048883722	-10.8282807609122	-1.83851213656163	2.70592704716793	-9.86817348803566	-13.6096404744368	-3.23704744129607	-11.4001871088079	-7.32655212141281	-13.9092007562957	-12.3617129609932	5.93576758419637	-10.0397848661059	-1.7858254474	-3.19218348937954	-0.834699025083135	-1.49370273452848	-10.8282807609122	-6.69974739066677	-11.4198159155568	-6.20449901130047	-11.5011160176586	-9.72089722553855	-0.93263663288039	-2.34549113471348	-11.0704816633288	-9.22593618196276	0.26893736269203	-12.5652463550784	-0.116113345707375	1.67764805118778	-12.6096404744368	-1.23494057264851	-11.4803574574918	-12.7516594793092	-11.5652463550784	-11.4397154729945	-12.9657842846621	-14.4397154729945	-13.5221776331865	-0.556350916941291	2.90310191701957	1.63237059667603	-12.6554441640499	-6.69376109560104	-3.95657149785688	-11.8547529722733	-0.653468537971981	-11.726997425075	-12.1177873781071	-3.66291692368921	-11.8282807609122	-13.6096404744368	-3.81319521537496	-10.5221776331865	-12.9092007562957	-8.26534456652099	-10.9372151324653	-5.90573690099215	-4.1752728727679	-9.87493085421097	-8.17501224680009	-0.312097238615011	-3.01718343716873	-5.57552932834022	-12.2520884698187	-14.0246779737157	-5.62308732468015	-3.0230352138332	-10.5652463550784	-10.6907772371622	-12.6096404744368	-1.26406197055937	-13.5221776331865	-13.7027498788283	-1.27711434346054	-9.84145614965989	1.28594072449605	-8.21303569325495	-12.5652463550784	-6.84808924199233	-13.0860785183798	-2.4922408727317	-11.6323605509369	-10.0550516227592	-12.6096404744368	-12.4803574574918	-10.1177873781071	-12.6096404744368	-0.173351862149659	-4.4748933057678	-4.70387742483402	2.51019734144615	-4.09838197893454	-11.726997425075	-10.6789031368739	-12.5221776331865	-13.3617129609932	-2.64061377228604	-5.07679756347553	-3.11778737810714	-10.4397154729945	-11.0097276322497	-6.47649826203621	-13.0246779737157
ERR1018264	-12.9092007562957	-6.12986021040771	-12.9657842846621	-11.4598933549321	0.0311410788796467	-10.8282807609122	-12.4001871088079	-3.12117266329178	-9.86817348803566	-13.6096404744368	-10.7027498788283	-1.64281962518488	-11.4198159155568	-13.9092007562957	-12.3617129609932	3.76146613087223	-10.0397848661059	2.28214916090352	-5.21517777982649	1.61246573938099	-11.9949306303216	-3.7325480994094	-9.9802838543572	-3.27257613575207	-13.2877123795494	-11.5011160176586	-4.50144275190098	-2.13466709004567	0.322320454579985	-9.57621747289936	-9.22593618196276	-3.00462402652545	-12.5652463550784	-1.7257085158979	-13.2173230516581	-12.6096404744368	0.306017199947429	-3.4365880166627	-12.7516594793092	-5.18547418561871	-11.4397154729945	-12.9657842846621	-9.27872359632219	-3.45150418902917	5.46038905364531	2.13721167637201	2.27464632864791	-12.6554441640499	-9.91615351693749	0.00288250853312136	-11.8547529722733	-0.751805233072608	-7.72699742507497	-5.79025968357221	-3.8524588416201	-4.30700155064926	-13.6096404744368	-1.15991146229221	-12.0860785183798	-12.9092007562957	-12.7516594793092	-3.65036296871631	-7.19389870614672	-13.7027498788283	-1.1384098208427	0.21103712104624	-11.1339070434704	2.97876673598375	-13.8022855523792	-12.2520884698187	-14.0246779737157	-13.3617129609932	-4.34461153197865	-12.7027498788283	-10.6907772371622	-12.6096404744368	-10.543551283979	-9.84145614965989	-13.7027498788283	-10.8414561496599	-9.84145614965989	-2.46283317236205	-8.21303569325495	-12.5652463550784	-13.4397154729945	-13.0860785183798	-4.27620555915276	-11.6323605509369	-3.66255149941145	-12.6096404744368	-12.4803574574918	-5.09838197893454	-12.6096404744368	-1.52990570735222	-5.75555129456624	-10.7767504602721	-0.353431785909425	-12.5652463550784	-11.726997425075	-10.6789031368739	-3.37317775306292	-13.3617129609932	2.61162565980713	-10.6096404744368	-11.9372151324653	-10.4397154729945	-11.0097276322497	-0.773614782729614	-13.0246779737157
ERR1018263	-12.9092007562957	-8.23895306762959	-12.9657842846621	-11.4598933549321	0.374232687152866	-9.03978486610586	-12.4001871088079	-7.49329651319934	-9.86817348803566	-13.6096404744368	2.83092864108509	-11.4001871088079	-11.4198159155568	-13.9092007562957	-12.3617129609932	4.19131470566391	-10.0397848661059	2.37059395549759	-9.09394063615277	2.03437068402089	-4.7473905735853	-10.8282807609122	-9.9802838543572	-11.4198159155568	-13.2877123795494	-11.5011160176586	-8.72089722553855	-4.54658251081332	1.06724632755793	-11.0704816633288	-9.22593618196276	0.938240618729373	-12.5652463550784	-11.9949306303216	-13.2173230516581	-12.6096404744368	-10.6554441640499	-3.64313502253107	-9.0782590139205	-7.34285393374191	-11.4397154729945	-12.9657842846621	-14.4397154729945	-1.12919735946984	0.508692319621456	4.20066206701219	3.67647955370277	-12.6554441640499	-9.91615351693749	-1.27840860122462	-11.8547529722733	1.40012801480873	-6.52217763318647	-6.39289461624151	-9.72699742507497	-6.56524635507836	-13.6096404744368	-0.105659496102077	-12.0860785183798	-12.9092007562957	-12.7516594793092	-10.5011160176586	-5.21571379879639	-13.7027498788283	-6.24879339025715	-3.80208429757789	-11.1339070434704	-13.1502088557995	-2.63039392996816	-12.2520884698187	-7.67890313687393	-13.3617129609932	2.79031539014593	-2.23902117228846	-10.6907772371622	-7.70575862870063	-10.543551283979	-13.5221776331865	-13.7027498788283	-10.8414561496599	-9.84145614965989	-2.56721158893612	-8.21303569325495	-2.30721574336599	-13.4397154729945	-13.0860785183798	-1.76424843599568	-11.6323605509369	-8.27872359632219	-0.468950475509686	-12.4803574574918	-10.1177873781071	-8.05121976116815	1.64751714042989	-8.53282487738598	-6.63522588463128	1.33961630298278	-0.412423781326759	-11.726997425075	-2.96770163753744	-12.5221776331865	-13.3617129609932	1.33177972802536	-11.6096404744368	-11.9372151324653	-3.47923079203756	-5.07923413733774	2.25948642699211	-13.0246779737157
ERR1018262	-5.616702138271	-11.2520884698187	-4.86648908032431	-9.96578428466209	-3.91855128820028	-10.8282807609122	-2.05751176837066	1.58217059059184	-9.86817348803566	-9.50111601765864	1.81099416362229	-11.4001871088079	-7.48551916260762	-6.23460104308989	-12.3617129609932	3.28327137611086	-10.0397848661059	1.10271187453187	-7.26091232020573	-1.78572595805158	-2.10153622309439	-7.18968029658892	-9.9802838543572	-11.4198159155568	-11.2173230516581	-11.5011160176586	-9.72089722553855	-4.55741208108941	-1.83758369495876	-11.0704816633288	-9.22593618196276	2.31326907405605	-12.5652463550784	-11.9949306303216	1.89859921089013	-12.6096404744368	-1.51742015028255	-11.4803574574918	-12.7516594793092	-7.98758865498044	-8.28321098731451	-12.9657842846621	-13.4397154729945	-13.5221776331865	-3.27830361814033	2.40971677868846	3.12573044109533	-12.6554441640499	-0.954640909295887	-4.85475297227334	-11.8547529722733	-2.76268103442545	-11.726997425075	-6.54355128397904	-2.37557152325373	-10.3617129609932	-13.6096404744368	-0.833284555033578	-12.0860785183798	1.42233527767617	-12.7516594793092	-13.9092007562957	-6.34168339003397	-13.7027498788283	-2.48568076384452	-5.57346686188333	-0.276292917387627	-1.34329313260092	-3.23039750176675	-4.60752869795696	-14.0246779737157	-13.3617129609932	-12.6096404744368	-8.03221164640106	-10.6907772371622	-12.6096404744368	-10.543551283979	-3.90811740786238	-13.7027498788283	-3.54170199800075	-9.84145614965989	-1.70336052352237	-8.21303569325495	-7.79906883969567	-13.4397154729945	-13.0860785183798	-6.16049182906138	-11.6323605509369	-1.62104453885909	-12.6096404744368	-12.4803574574918	-10.1177873781071	-12.6096404744368	4.9772043517804	-5.64025395309453	2.10159293186931	1.74141521024818	-2.23582372364407	-11.726997425075	-10.6789031368739	-12.5221776331865	-13.3617129609932	2.8456305500546	-11.6096404744368	-11.9372151324653	-10.4397154729945	-11.0097276322497	2.02335827152263	-5.48940259709485
ERR1018261	-12.9092007562957	-7.73927575485341	-10.9949306303216	-11.4598933549321	0.57035606076851	-10.8282807609122	-12.4001871088079	-8.80228555237921	-9.86817348803566	-13.6096404744368	1.68321585015671	-11.4001871088079	-11.4198159155568	-12.9092007562957	-12.3617129609932	3.71834408899803	-10.0397848661059	2.74020441300974	-4.14918457812718	3.08625386557438	-11.9949306303216	-10.8282807609122	-9.9802838543572	-11.4198159155568	-6.80712410931559	-11.5011160176586	-9.72089722553855	-4.07217937980379	0.800173064361986	-11.0704816633288	-9.22593618196276	2.73275544364423	-10.0860785183798	-11.9949306303216	-13.2173230516581	-4.21625001699283	3.30440882295311	-0.381911730878597	-3.71160599844533	-6.28096554710886	-11.4397154729945	-12.9657842846621	-8.29675751915246	-3.50897813543161	-0.737614953051316	4.53209685985222	2.26214146199425	-12.6554441640499	2.44824815572129	0.733154735913392	-11.8547529722733	2.70133391189501	-11.726997425075	-5.69675113820685	-14.6096404744368	-3.09111025302628	-13.6096404744368	-5.94519318988884	-12.0860785183798	-12.9092007562957	-5.12280545287376	-6.14203492435381	-2.63585343569206	-10.3808217839409	-9.87493085421097	-2.53173992459534	-11.1339070434704	-10.3808217839409	-13.8022855523792	-12.2520884698187	-8.35697504198656	-13.3617129609932	-12.6096404744368	-12.7027498788283	-10.6907772371622	-12.6096404744368	-8.58173447786693	-12.5221776331865	-13.7027498788283	-10.8414561496599	-9.84145614965989	-0.391550293344292	-8.21303569325495	-12.5652463550784	-13.4397154729945	-13.0860785183798	-0.714301874041875	-11.6323605509369	-9.35225263174416	-12.6096404744368	-12.4803574574918	-10.1177873781071	-12.6096404744368	-5.28208783035557	-7.43471479193613	-4.12154929690334	1.53682378987025	-4.57656166830619	-11.726997425075	-10.6789031368739	-12.5221776331865	-13.3617129609932	-2.06896753141161	-11.6096404744368	-11.9372151324653	-10.4397154729945	-3.57656166830619	-10.7894615120216	-13.0246779737157
ERR1018260	-12.9092007562957	-14.4397154729945	-12.9657842846621	-11.4598933549321	-5.0218629581086	-10.8282807609122	-2.15591971159607	0.0844316969203686	-9.86817348803566	-13.6096404744368	-3.95971071740019	-11.4001871088079	-5.88001973088377	-13.9092007562957	-12.3617129609932	6.04759989567693	-10.0397848661059	-0.979174253028636	-3.63701961237807	2.94729585183184	-2.0938790470029	-10.8282807609122	-8.9802838543572	-11.4198159155568	-8.00601412945062	-11.5011160176586	-9.72089722553855	-1.78214890318887	-11.9949306303216	-11.0704816633288	-9.22593618196276	-5.17136841831198	-12.5652463550784	-11.9949306303216	-13.2173230516581	-5.29675751915246	-2.56909388613705	-5.90573690099215	-7.55979192498625	-12.6096404744368	-11.4397154729945	-12.9657842846621	-14.4397154729945	-4.86775220170156	-3.74526084825057	0.422372956845967	-2.85496171061428	-12.6554441640499	-5.11528487090397	-2.07527679188773	-11.8547529722733	-2.64891447959775	1.24165106526587	-12.1177873781071	-14.6096404744368	-8.187575708264	-13.6096404744368	-11.5872726614084	-12.0860785183798	-12.9092007562957	-3.72489757085712	-5.9949306303216	-11.3808217839409	-6.7102835515137	-9.87493085421097	-2.58545310044174	-11.1339070434704	-0.519093822595781	-13.8022855523792	-12.2520884698187	-14.0246779737157	-9.32423825557456	2.55023578849357	-12.7027498788283	-10.6907772371622	-12.6096404744368	-10.543551283979	-13.5221776331865	-13.7027498788283	-5.96668625095648	-9.84145614965989	2.06610641656437	-8.21303569325495	-12.5652463550784	-13.4397154729945	-13.0860785183798	1.30453440510322	-11.6323605509369	-14.0246779737157	-12.6096404744368	-12.4803574574918	-10.1177873781071	-12.6096404744368	-1.16925790923908	-14.2877123795494	-7.21732305165805	2.06478974923543	-3.16566093183556	-11.726997425075	-10.6789031368739	-12.5221776331865	-13.3617129609932	-4.82132997073589	-6.16980959045542	-11.9372151324653	-10.4397154729945	-0.50054441072963	-10.7894615120216	-13.0246779737157
ERR1018259	-12.9092007562957	-14.4397154729945	-5.22216160859443	-11.4598933549321	-1.06812031114513	-10.8282807609122	-1.00810179849696	1.86420793971087	-9.86817348803566	-13.6096404744368	-3.73792771160159	-11.4001871088079	-11.4198159155568	-6.98942064892933	-12.3617129609932	4.68947808835962	-2.38375523854221	-3.55131044823116	-5.72394410109742	-2.22505906113455	-4.252363399794	-10.8282807609122	-9.9802838543572	-11.4198159155568	-10.1177873781071	-11.5011160176586	-9.72089722553855	-0.0198723067887434	-1.0321231329776	-9.82828076091215	-9.22593618196276	1.66234224151817	-12.5652463550784	-2.95589969573024	-7.08804003471309	-12.6096404744368	-1.39160707038105	-8.03599328694349	-12.7516594793092	-8.9802838543572	-6.06467604164757	-12.9657842846621	-10.0704816633288	-10.0550516227592	-0.1583327567961	3.69997687172518	2.90388666475123	-12.6554441640499	-2.17130343351249	-8.87832144341175	-11.8547529722733	-1.21062964148482	-11.726997425075	-5.96849187702558	-3.55758193980991	-4.84518351081692	-13.6096404744368	-1.90838816871389	-12.0860785183798	-12.9092007562957	-12.7516594793092	-7.80874057451651	-11.3808217839409	-13.7027498788283	2.92327090570298	-7.27425011974289	-2.26735741985493	2.85582828178947	-4.9866735296463	-12.2520884698187	-14.0246779737157	-13.3617129609932	-12.6096404744368	-12.7027498788283	-10.6907772371622	-12.6096404744368	-10.543551283979	-13.5221776331865	-13.7027498788283	-1.93489648536166	-9.84145614965989	0.959376976512876	-8.21303569325495	-2.61767582579145	-8.84145614965989	-11.7027498788283	-0.968040258602455	-11.6323605509369	-14.0246779737157	-2.50930665531027	-12.4803574574918	-10.1177873781071	-9.96578428466209	3.54734247442403	-14.2877123795494	0.728277545440877	3.10796567014971	-6.26201910586868	-11.726997425075	-10.6789031368739	-12.5221776331865	-13.3617129609932	-3.01940431715172	-11.6096404744368	-11.9372151324653	-5.51160839147629	-11.0097276322497	-3.97732681185069	-13.0246779737157
ERR1018258	-12.9092007562957	-14.4397154729945	-4.55741208108941	-9.05505162275917	-2.0413280460392	-10.8282807609122	-12.4001871088079	-4.55232559665411	-9.86817348803566	-13.6096404744368	-10.7027498788283	-0.185753117872802	-4.98484501857657	-6.00972763224968	-12.3617129609932	4.65053825878711	-10.0397848661059	3.29765951937327	-3.59405119403942	2.9329436825315	-0.340130228525515	-6.35343178590943	-9.9802838543572	-11.4198159155568	-5.73542753960594	-11.5011160176586	-9.72089722553855	-11.4001871088079	-11.9949306303216	-4.06298712678186	2.46197376701873	-9.53817811188019	-12.5652463550784	-11.9949306303216	-1.85308415191272	-12.6096404744368	-10.6554441640499	-3.84580567500721	-12.7516594793092	-12.6096404744368	-11.4397154729945	-12.9657842846621	-8.9802838543572	-0.130554952478696	-1.15274065941554	3.41839371928983	-9.86817348803566	-12.6554441640499	-9.91615351693749	1.22451574174214	-11.8547529722733	-8.7178567712185	-2.17514255389866	-12.1177873781071	-14.6096404744368	-5.33235307430646	-13.6096404744368	-2.57931819179278	-11.0860785183798	-12.9092007562957	-3.0086822430998	-2.68269593163809	-6.86144762484735	-5.31215097327583	-9.87493085421097	1.16049428510332	-11.1339070434704	-13.1502088557995	-13.8022855523792	-12.2520884698187	-14.0246779737157	-4.15302937486189	-12.6096404744368	-1.07081498571608	-10.6907772371622	-12.6096404744368	-10.543551283979	-2.07515519938527	-13.7027498788283	-10.8414561496599	-6.91441218294106	3.72841252019186	-8.21303569325495	-2.37527208468045	-13.4397154729945	-13.0860785183798	0.00544310625262923	-11.6323605509369	-14.0246779737157	1.50131174924366	-7.5679813227996	-10.1177873781071	-12.6096404744368	1.32237237654409	-9.36171296099323	-11.7767504602721	3.16694195279758	-0.581561751731924	-11.726997425075	-1.51750275520905	-12.5221776331865	-13.3617129609932	-2.2575280614308	-11.6096404744368	-11.9372151324653	-1.83985427459542	-0.275349728267033	-10.7894615120216	-13.0246779737157
ERR1018257	-12.9092007562957	-8.12986021040771	-1.38356701755525	-11.4598933549321	-1.52512271400688	-10.8282807609122	-12.4001871088079	-0.391266441672457	-9.86817348803566	-1.9695085356722	-0.771101290238365	-11.4001871088079	-5.58380880610479	-3.36750841675444	-12.3617129609932	1.79968001588721	-1.93236128312464	0.6562309177042	-5.32308271282885	2.15183609182866	-11.9949306303216	-6.767290131023	-4.38533726506342	-0.981992601496305	-13.2877123795494	-11.5011160176586	-9.72089722553855	-3.59405119403942	0.966142490221679	-3.22014357072043	-9.22593618196276	0.695495017496494	-12.5652463550784	-11.9949306303216	1.52875133197753	-11.6096404744368	1.88941902670875	-3.99378098085373	-4.36349369980095	-7.60121185236623	-11.4397154729945	-12.9657842846621	-7.53817811188019	-4.17032901261797	1.46678893293418	5.66230777239492	2.47290102490314	-12.6554441640499	1.73795061853159	-4.8770490384718	-11.8547529722733	0.789036424518157	-11.726997425075	-4.81441250840813	-1.37875690225999	-3.22418247324884	-13.6096404744368	-11.5872726614084	-4.77161841613227	-12.9092007562957	-3.52416801525553	-6.94075549017056	-0.792032205108299	-13.7027498788283	-2.57269419648547	-4.29902769277728	-6.28771237954945	2.084016627845	-5.8690164299474	-2.129039582696	-7.2764851241262	-6.52483208663245	-12.6096404744368	-12.7027498788283	-10.6907772371622	-12.6096404744368	-4.32539472460714	-13.5221776331865	-13.7027498788283	-3.37228111223798	-2.32561166579312	-3.54962011992896	-8.21303569325495	-6.07728454914796	-13.4397154729945	-13.0860785183798	-4.79425717862327	-11.6323605509369	-6.25539109249157	-7.38805335317201	-12.4803574574918	-10.1177873781071	-6.28883992555518	1.64251674717925	-14.2877123795494	-2.47955260668107	-0.529260117684678	-0.227624453085851	-11.726997425075	-7.11178863748569	-12.5221776331865	-13.3617129609932	0.0956949204290089	-11.6096404744368	-4.10432511830057	-9.10979458735361	-11.0097276322497	-10.7894615120216	-5.10680867037007
ERR1018256	-12.9092007562957	-8.21303569325495	-5.06902806618728	-8.38563880023871	-1.04811385030033	-10.8282807609122	-5.34226854317154	0.305912170156621	-9.86817348803566	-9.12582469717256	-1.76375844005275	-11.4001871088079	-11.4198159155568	-5.86312615329835	-12.3617129609932	2.30426570438506	-5.80389660228519	2.86718877699133	-13.9092007562957	-0.249342047818766	-8.63809692048604	-8.25649364893873	-9.9802838543572	-11.4198159155568	-10.4397154729945	-11.5011160176586	-9.72089722553855	-1.86701524650721	1.23388806017428	-11.0704816633288	-9.22593618196276	-1.65476260802846	-12.5652463550784	-11.9949306303216	2.64424854946735	-12.6096404744368	0.194049218708321	-11.4803574574918	-12.7516594793092	-6.73465912678304	-5.83567710600325	-8.80228555237921	-12.9092007562957	-5.92664589075513	-2.95265705486227	3.95221426882422	3.52359331865179	-12.6554441640499	-2.25566665261864	-8.87832144341175	-11.8547529722733	0.119834229210061	-11.726997425075	-7.36171296099323	-1.42569500267956	-10.6554441640499	-13.6096404744368	-1.10060778813031	-12.0860785183798	-4.6590845773893	-5.0459675146093	-13.9092007562957	-5.23297241257914	-13.7027498788283	-3.45545526517151	-6.3652766393163	-10.1339070434704	-2.86102829769983	-6.90920075629572	-12.2520884698187	-14.0246779737157	-13.3617129609932	-2.01473275137348	-0.395624983025968	-1.30871598346051	-12.6096404744368	-6.75165947930924	-1.27257613575207	-13.7027498788283	-3.73293169288172	-9.84145614965989	-0.0775585508447624	-8.21303569325495	-10.3242382555746	-13.4397154729945	-13.0860785183798	-3.87768510066488	-11.6323605509369	4.67040018785511	-12.6096404744368	-12.4803574574918	-10.1177873781071	-10.0550516227592	1.86129240559437	-14.2877123795494	-2.49956503973028	3.43162028557728	-4.25346364392046	-11.726997425075	-10.6789031368739	-11.0860785183798	-13.3617129609932	0.419592823030618	-11.6096404744368	-5.30528915277357	-10.4397154729945	-11.0097276322497	-1.26413127092642	-13.0246779737157
ERR1018255	-12.9092007562957	-8.26534456652099	-3.14432916555963	-11.4598933549321	-3.18875916140132	-10.8282807609122	0.791055545445348	2.81968044430873	-9.86817348803566	-4.33992935329403	-0.68216341378316	-11.4001871088079	-8.06660865418157	-5.22431729826094	-12.3617129609932	5.66643138085879	0.484767158644396	1.75154941479161	-4.0023101606872	-1.40228291423048	-0.7355236199923	-10.8282807609122	-7.23242994404826	-7.60682545882976	-10.0704816633288	-11.5011160176586	-4.47393118833241	-2.23704744129607	-10.2520884698187	-11.0704816633288	-7.79585928321977	-1.52533034083906	-12.5652463550784	-0.0618572612917045	-13.2173230516581	-5.1672152811052	-1.03750280027986	-3.23568781906662	-5.10879859487988	-3.635763768826	-11.4397154729945	-12.9657842846621	-7.243318260191	-13.5221776331865	1.32645681267613	0.354632697743324	2.29467073694931	-12.6554441640499	-1.23344723992369	-2.44167358160543	-11.8547529722733	-0.632226377949969	-11.726997425075	-12.1177873781071	-4.07217937980379	-4.44567638302454	-13.6096404744368	-6.50635266602479	-8.55979192498625	-12.9092007562957	-3.54691970727177	-13.9092007562957	-11.3808217839409	-4.0617819683784	0.0870282700051869	-3.83238515924489	1.33845294035505	1.42178074180506	-2.5654171387472	-12.2520884698187	-14.0246779737157	-5.02045750739746	-12.6096404744368	-2.89271386504778	0.0279749789594001	-12.6096404744368	-1.78254591603328	-8.20876103815463	-13.7027498788283	-0.698131450271027	-6.44096835630458	1.0875510975415	-8.21303569325495	-4.48293600159362	-13.4397154729945	-13.0860785183798	0.478971805032942	-11.6323605509369	-14.0246779737157	-2.79896843290014	-12.4803574574918	-10.1177873781071	-12.6096404744368	1.47487728599312	-14.2877123795494	-6.88854128572963	2.38354118096403	-1.32304661702739	-11.726997425075	-10.6789031368739	-12.5221776331865	-13.3617129609932	-1.6435406347471	-11.6096404744368	-11.9372151324653	-6.25649364893873	-11.0097276322497	-4.10680867037007	-13.0246779737157
ERR1018254	-12.9092007562957	-9.52217763318647	-2.12224004733329	-9.07048166332878	-1.00650677894158	-10.8282807609122	-2.23487266034399	2.57577701666125	-9.86817348803566	-5.08951292411196	0.112700132749362	-7.93016037493137	-6.06660865418157	-4.10011286701366	-12.3617129609932	3.09359059818312	-10.0397848661059	4.02158632655395	-3.60999273790844	1.46162285018504	-11.9949306303216	-5.09937080353863	-9.9802838543572	-11.4198159155568	-3.29463247083645	-6.85642372525786	-9.72089722553855	-1.01864415762328	1.91330496408777	-11.0704816633288	-9.22593618196276	-0.238374307797517	-9.65544416404994	-1.03717708535314	-1.39293250263815	-12.6096404744368	0.557513022352974	-1.75735481592664	-7.76101753400747	-5.86144762484735	-11.4397154729945	-12.9657842846621	-7.30814427945426	-4.14535000058605	-2.49809722868709	-0.143484332985702	1.15042969819421	-12.6554441640499	1.12760026573164	-3.3983605269548	-11.8547529722733	-0.549979149021011	-3.52118347095058	-0.636212158896711	-2.24352320301979	-2.67677982911964	-10.3617129609932	-8.53282487738598	-8.51688333351696	2.5645074321521	-4.04049689789175	-5.99585100996423	-3.40721050842146	-13.7027498788283	-2.817460242182	-4.25925373212397	-11.1339070434704	-5.09098731876342	-13.8022855523792	-11.2520884698187	-8.14611610116563	-4.35461190461808	-12.6096404744368	-8.29222786067194	-10.6907772371622	-12.6096404744368	-4.40445814820817	-4.10656012268388	-13.7027498788283	-3.35166341587283	-4.38895985338461	-1.52325541592956	-8.21303569325495	-12.5652463550784	1.05915450473993	0.75380133178915	-1.63168981075052	-0.026734057555374	0.977551033093021	-12.6096404744368	-7.28771237954945	-6.15020885579951	-12.6096404744368	1.99164065803218	-11.4803574574918	-1.0789902946868	4.86761827371146	-1.28707852197046	-11.726997425075	-10.6789031368739	-11.4803574574918	-0.770978192341475	-1.91904223273165	-11.6096404744368	-11.9372151324653	-10.4397154729945	-11.0097276322497	-10.7894615120216	-13.0246779737157
ERR1018253	-12.9092007562957	-14.4397154729945	-4.77595972578207	-7.38322828164803	-2.07327182488296	-10.8282807609122	-12.4001871088079	-2.14356401304056	-7.21732305165805	-13.6096404744368	-2.32604564605536	-11.4001871088079	-11.4198159155568	-5.01158797427521	-12.3617129609932	2.05615343016328	-10.0397848661059	4.67716260803214	-13.9092007562957	-0.635606865219205	-2.16624361658187	-10.8282807609122	-9.9802838543572	-11.4198159155568	-13.2877123795494	-11.5011160176586	-9.72089722553855	-11.4001871088079	-6.89711347399699	-11.0704816633288	-9.22593618196276	0.141118843073518	-9.15020885579951	-11.9949306303216	2.84494799759784	-12.6096404744368	0.412402175364041	-5.03362860023003	-12.7516594793092	-3.68984604559766	-5.15277273605647	-12.9657842846621	-7.96939553821447	-13.5221776331865	-0.963588101385283	4.08335294968922	1.39820806412034	-4.48519601442823	-0.124188488881007	-5.6323605509369	-11.8547529722733	-0.472789506614451	-11.726997425075	-12.1177873781071	-2.30322271347104	-2.58476053755252	-13.6096404744368	-11.5872726614084	-12.0860785183798	-12.9092007562957	-11.7516594793092	-13.9092007562957	-2.72451610733271	-13.7027498788283	-2.42538497903146	-6.88172001987361	1.38399453006415	-1.76356248826421	-2.56995028829973	-9.92313994725359	-14.0246779737157	-9.41981591555679	-7.3013014442974	-1.28205274578605	-10.6907772371622	-12.6096404744368	-10.543551283979	0.649164762013808	-13.7027498788283	-1.26015189730067	-9.84145614965989	-1.78100809945967	-8.21303569325495	-3.83670738173146	-13.4397154729945	-13.0860785183798	-12.0246779737157	-11.6323605509369	2.90793472888747	-1.80243651190648	-12.4803574574918	-10.1177873781071	-12.6096404744368	2.92328802248989	-9.26979047155219	-0.547404565297131	3.54221222954014	-5.97482942426509	-11.726997425075	-10.6789031368739	-10.9949306303216	-13.3617129609932	-0.867173133789541	-11.6096404744368	-11.9372151324653	-5.19654148952155	-11.0097276322497	-6.92489185401519	-8.35697504198656
ERR1018252	-1.10814534830278	-9.82828076091215	-2.95042498968293	-8.64385618977473	-1.44049839754885	-10.8282807609122	-12.4001871088079	-4.21169850246417	-6.69824848659335	-12.6096404744368	-0.0156658551595116	-11.4001871088079	-11.4198159155568	-4.20822759572263	-12.3617129609932	2.41493921233125	-10.0397848661059	2.17871782768775	-6.82992111929341	-0.674843882258409	-11.9949306303216	-8.75789143302075	-9.9802838543572	-11.4198159155568	-13.2877123795494	-11.5011160176586	-9.72089722553855	-1.90487223507421	-0.287818049559938	-11.0704816633288	-9.22593618196276	0.271007269722624	-12.5652463550784	-11.9949306303216	-13.2173230516581	-12.6096404744368	-0.510457064357526	-5.32713116819597	-12.7516594793092	-7.76415042349244	-11.4397154729945	-6.74081791966181	-8.40506933018761	-13.5221776331865	-0.314212312232399	5.06965663063443	4.49159980096592	-12.6554441640499	-1.16087886998681	-4.5152328413556	-11.8547529722733	-0.63262893435147	-11.726997425075	-6.24879339025715	-4.31875765200723	-6.265344566521	-13.6096404744368	-8.39532135363605	-12.0860785183798	-2.57012162975372	-5.42043363983979	-13.9092007562957	-11.3808217839409	-13.7027498788283	-3.46817191904373	-11.4598933549321	-0.405050226831024	0.930956799721916	-8.79585928321977	-12.2520884698187	-14.0246779737157	-13.3617129609932	1.38113937272224	-1.14694650279718	-10.6907772371622	-12.6096404744368	-10.543551283979	-4.7598444521912	-13.7027498788283	-7.73619636192144	-9.84145614965989	-1.05196737228321	-8.21303569325495	-12.5652463550784	-13.4397154729945	-13.0860785183798	0.65330770818482	-11.6323605509369	-9.20024953829911	-12.6096404744368	-12.4803574574918	-10.1177873781071	-8.77043668633987	2.06742188334005	-6.97664527729385	-6.74855356844142	3.73676504561708	-3.84850482460817	-11.726997425075	-10.6789031368739	-12.5221776331865	-13.3617129609932	-0.799721654253926	-11.6096404744368	-7.49329651319934	-10.4397154729945	-11.0097276322497	-10.7894615120216	-13.0246779737157
ERR1018251	-11.5221776331865	-7.06660865418157	-12.9657842846621	-11.4598933549321	-4.70162321337401	-10.8282807609122	-0.651223697731741	-5.60121185236623	-8.86817348803566	-9.71482271112887	-1.06727358811536	-11.4001871088079	-3.76630823821923	-13.9092007562957	-6.37721954726074	5.20545155529603	-10.0397848661059	-2.10538010558041	-13.9092007562957	1.42230298046165	-11.9949306303216	-9.64385618977473	-9.9802838543572	-11.4198159155568	-13.2877123795494	-11.5011160176586	-5.90746778907126	-2.18016834757346	-3.29010946906101	-6.98942064892933	-9.22593618196276	-9.53817811188019	-12.5652463550784	-11.9949306303216	-4.48164615346042	-8.53817811188019	-1.64769344709366	-3.39851265381116	-4.38594039845051	-12.6096404744368	-5.09739383160763	-12.9657842846621	-14.4397154729945	-4.95545200137727	-0.429575929969823	2.14842004267796	2.04190178870562	-12.6554441640499	0.780066479312538	-2.75418796469277	-11.8547529722733	-0.338980139729836	-11.726997425075	-12.1177873781071	-14.6096404744368	-4.20157615452214	-13.6096404744368	-1.75940479230909	-12.0860785183798	-12.9092007562957	-5.19759995988516	-2.94463773035059	-1.7063234685281	-4.06081856597806	2.951474030767	-1.34769249067829	-11.1339070434704	-0.53155222710578	-3.37796927187403	-12.2520884698187	-14.0246779737157	-6.17814287017876	-12.6096404744368	-5.6280731925338	-10.6907772371622	-12.6096404744368	-1.20170888326237	-13.5221776331865	-13.7027498788283	-3.68019711675262	-9.84145614965989	1.86668646443561	-8.21303569325495	-2.37437414167995	-13.4397154729945	-13.0860785183798	-12.0246779737157	-7.73619636192144	-2.75740359105185	-0.207910957577711	-12.4803574574918	-10.1177873781071	-12.6096404744368	2.60039346215964	-10.0704816633288	-10.0397848661059	4.53501963528681	-0.914928922142893	-11.726997425075	-8.22162318909168	-12.5221776331865	-13.3617129609932	-1.75867232345437	-11.6096404744368	-11.9372151324653	-4.11353569509669	-11.0097276322497	-0.556584306093444	-13.0246779737157
ERR1018250	-10.543551283979	-14.4397154729945	-10.1177873781071	-11.4598933549321	1.78160311499063	-6.68631298901762	-8.52217763318647	-0.0283663235325429	-6.60682545882976	-5.265344566521	0.959770155211467	-11.4001871088079	-6.73005722482403	-9.09394063615277	-12.3617129609932	2.15164778604221	-10.0397848661059	2.09676785471469	-4.0617819683784	1.90201953754789	-11.9949306303216	-10.8282807609122	-9.9802838543572	-11.4198159155568	-7.24989091411448	-11.5011160176586	-9.72089722553855	-5.44787873113214	-11.9949306303216	-11.0704816633288	-9.22593618196276	-6.38443303749331	-12.5652463550784	-11.9949306303216	-3.29576544039769	-2.63737862570352	-0.332807257596282	-0.0555763018323899	-12.7516594793092	-9.80228555237921	-11.4397154729945	-12.9657842846621	-8.07048166332878	-2.8238815172269	-2.01467445242045	3.74552992963848	5.05822037045004	-12.6554441640499	-4.98256263391942	0.182361774449873	-11.8547529722733	-0.165903688547015	-11.726997425075	-6.18023373292283	-14.6096404744368	-1.18813444016138	-13.6096404744368	-1.26160396173626	-12.0860785183798	-12.9092007562957	-12.7516594793092	-3.77734379568693	-2.69273469802518	-5.9721099229115	0.170296848239102	-1.66168398753226	-11.1339070434704	-13.1502088557995	-13.8022855523792	-12.2520884698187	-9.59841321901356	-13.3617129609932	-12.6096404744368	-12.7027498788283	-4.22296961479919	-12.6096404744368	-10.543551283979	-13.5221776331865	-13.7027498788283	-10.8414561496599	-9.84145614965989	0.776735686999212	-8.21303569325495	-12.5652463550784	-13.4397154729945	-13.0860785183798	-12.0246779737157	-11.6323605509369	-14.0246779737157	-12.6096404744368	-7.21517777982649	-10.1177873781071	-7.81847758588179	3.84627366058269	-8.38563880023871	-0.637782622512831	2.94261584230983	0.227260508134729	-11.726997425075	-1.39433499920852	-12.5221776331865	-13.3617129609932	-2.87323854311852	-11.6096404744368	-7.09788782066943	-10.4397154729945	-6.60401592524293	-2.38202453102259	-13.0246779737157
ERR1018249	-12.9092007562957	-14.4397154729945	-12.9657842846621	-11.4598933549321	-3.42538497903146	-10.8282807609122	-3.75204818873929	0.64875073249734	-9.86817348803566	-8.59283218675026	-0.809574772630729	-11.4001871088079	-11.4198159155568	-13.9092007562957	-12.3617129609932	3.71908703850356	-10.0397848661059	-0.191145454768826	-5.05601118052045	-1.22813131991497	-5.34168339003397	-10.8282807609122	-9.9802838543572	-11.4198159155568	-13.2877123795494	-11.5011160176586	-9.72089722553855	-2.89346406862938	-2.34336634541162	-11.0704816633288	-9.22593618196276	2.4579987045598	-12.5652463550784	-11.9949306303216	-13.2173230516581	-12.6096404744368	-1.78981065774015	-11.4803574574918	-12.7516594793092	-11.6096404744368	-11.4397154729945	-12.9657842846621	-14.4397154729945	-6.83320744199208	-10.2087610381546	1.29312913192186	2.31365799149637	-12.6554441640499	-2.30037730050609	-4.18285157984125	-11.8547529722733	-1.87070379276067	-11.726997425075	-8.91615351693749	-3.16604936218322	-10.8282807609122	-13.6096404744368	-0.912184165974657	-12.0860785183798	-1.10649799245236	-7.52217763318647	-13.9092007562957	-3.14777738267535	-9.71482271112887	-1.0852824135341	-6.10482148680397	1.32223968336585	0.484602194372203	-13.8022855523792	-12.2520884698187	-14.0246779737157	-7.62379853743347	-12.6096404744368	-12.7027498788283	-7.51424345164425	-12.6096404744368	-1.71482271112887	-13.5221776331865	-13.7027498788283	-2.60226274111554	-9.84145614965989	-0.383322366978007	-8.21303569325495	-12.5652463550784	-13.4397154729945	-13.0860785183798	1.39971798353103	-11.6323605509369	5.51799874950098	-12.6096404744368	-12.4803574574918	-10.1177873781071	-8.55979192498625	3.55552660557386	-10.9657842846621	-6.88683294326727	0.684360951417925	-4.06105935627168	-11.726997425075	-10.6789031368739	-12.5221776331865	-13.3617129609932	-2.97188352902467	-5.37482304331949	-4.11853897752028	-10.4397154729945	-11.0097276322497	-3.1933707299136	-8.17918792277128
ERR1018248	-2.87789718372897	-10.543551283979	-8.84808924199233	-11.4598933549321	-1.34527118374761	-10.8282807609122	-12.4001871088079	1.70789138145543	-5.58588612113739	-3.76670091515168	-2.95836450109017	-11.4001871088079	-11.4198159155568	-11.5652463550784	-12.3617129609932	2.6144672154051	-10.0397848661059	1.40687403962988	-3.85162551594154	1.14625115879931	-6.15225959536428	-10.8282807609122	-4.22377807379535	-11.4198159155568	-8.80228555237921	-11.5011160176586	-9.72089722553855	0.466590579134473	-0.030206674429471	-11.0704816633288	-9.22593618196276	1.83163001664657	-12.5652463550784	-0.344611531978652	-13.2173230516581	-12.6096404744368	0.567944518602579	-11.4803574574918	-7.57346686188333	-6.34989721074603	-11.4397154729945	-12.9657842846621	-14.4397154729945	-7.80550945325349	2.59525539247733	5.76620554966317	1.02432677207395	-12.6554441640499	-0.423545584475584	-4.4758560652569	-11.8547529722733	-0.910040911229857	-11.726997425075	-4.78071064678532	-0.864228749871302	-3.11303631986121	-13.6096404744368	-11.5872726614084	-6.7178567712185	-2.71861628428731	-12.7516594793092	-13.9092007562957	-4.53549901168431	-13.7027498788283	-3.74952344749703	-9.67890313687393	-11.1339070434704	1.14253107072563	-1.54292057923113	-12.2520884698187	-14.0246779737157	-5.57209352047463	-12.6096404744368	-2.01251904564724	-10.6907772371622	-12.6096404744368	-5.48875463164902	-4.75516164026518	-13.7027498788283	-2.65000071007263	-6.67153114821757	-0.214742411007388	-8.21303569325495	-12.5652463550784	-13.4397154729945	-13.0860785183798	0.25519856641969	-5.67006126012212	0.675707555643306	-12.6096404744368	-12.4803574574918	-10.1177873781071	-9.72699742507497	0.959458588451288	-7.41242378132676	-2.96353183293071	0.0426163236405747	-2.07011812671582	-11.726997425075	-10.6789031368739	-2.25153876699596	-13.3617129609932	-0.658697347026991	-9.50111601765864	-11.9372151324653	-10.4397154729945	-11.0097276322497	-10.7894615120216	-13.0246779737157
ERR1018247	-5.77833323063476	-14.4397154729945	-3.70387742483402	-11.4598933549321	-2.24550581942876	-10.8282807609122	-6.40018710880786	1.28623652117249	-9.86817348803566	-4.70613516401293	-1.86617347270117	-11.4001871088079	-6.73773523677762	-5.2264762138017	-12.3617129609932	4.20811923082842	-10.0397848661059	0.684585374536961	-5.52616114710497	-1.41062000452204	-2.9105018491609	-5.45292533021211	-6.82010682946645	-11.4198159155568	-13.2877123795494	-11.5011160176586	-9.72089722553855	-11.4001871088079	-11.9949306303216	-11.0704816633288	-4.58346287754759	-1.3153428174375	-12.5652463550784	0.299572905385288	2.445390353076	-12.6096404744368	-0.816240375952993	-5.30871598346051	-11.7516594793092	-7.39532135363605	-5.56115360044448	-12.9657842846621	-9.76415042349244	-13.5221776331865	5.56013990145643	1.73348884125004	1.15896386865167	-12.6554441640499	1.22517619629159	-3.22755688429485	-10.2346010430899	-0.41914058233465	-11.726997425075	-12.1177873781071	-3.05949493725601	-5.00879836004951	-13.6096404744368	-7.93721513246532	-7.72699742507497	-12.9092007562957	-7.05697137692254	-13.9092007562957	-11.3808217839409	-4.96668625095648	-1.72370583208485	-4.32192809488736	-0.775786810369495	2.09146627632852	-10.4803574574918	-12.2520884698187	-14.0246779737157	-2.77053512685991	-12.6096404744368	-12.7027498788283	-10.6907772371622	-12.6096404744368	-10.543551283979	-8.52217763318647	-13.7027498788283	-0.108783037952018	-2.6765031061801	-0.698880646849237	-8.21303569325495	-7.67006126012212	-13.4397154729945	-13.0860785183798	-0.62903227557856	-11.6323605509369	0.769856352313071	-12.6096404744368	-12.4803574574918	-10.1177873781071	-12.6096404744368	0.483116666483041	-5.35402172459722	-0.959037452221502	-0.800048172340114	-3.30871598346051	-11.726997425075	-10.6789031368739	-12.5221776331865	-13.3617129609932	-1.63312110032097	-8.54894454274926	-11.9372151324653	-10.4397154729945	-11.0097276322497	-5.30928791410859	-13.0246779737157
ERR1018246	-1.56614319497103	-14.4397154729945	-5.29279329083434	-11.4598933549321	-0.907305430068086	-10.8282807609122	-12.4001871088079	-0.128045985599857	-2.95679550143483	-13.6096404744368	-1.12752580294879	-11.4001871088079	-11.4198159155568	-6.39775217989081	-12.3617129609932	4.35318141446913	-10.0397848661059	1.45248473774199	-4.40690443118664	1.70744085947544	-4.32915966411844	-10.8282807609122	-9.9802838543572	-11.4198159155568	-13.2877123795494	-11.5011160176586	-9.72089722553855	-11.4001871088079	0.884769822953588	-11.0704816633288	-9.22593618196276	0.67498484398953	-12.5652463550784	-2.08926733809709	-13.2173230516581	-12.6096404744368	-0.732188573135334	-11.4803574574918	-12.7516594793092	-7.80874057451651	-11.4397154729945	-12.9657842846621	-11.2877123795494	-9.4906994017133	0.586510162968139	2.99378484640564	4.04293057192341	-12.6554441640499	-1.86638387011162	-5.93633139887512	-11.8547529722733	-0.850402440860002	-11.726997425075	-7.55979192498625	-3.57621747289936	-6.16255724822716	-13.6096404744368	-10.1502088557995	-12.0860785183798	-0.730272611379091	-5.9639820420281	-13.9092007562957	-4.91702497274223	-13.7027498788283	-9.87493085421097	-6.63666068837052	1.88634333645812	3.67360277943403	-5.09690001163331	-12.2520884698187	-14.0246779737157	-13.3617129609932	1.57833977979965	-12.7027498788283	-3.23813606239348	-12.6096404744368	-2.86113311806104	-13.5221776331865	-13.7027498788283	-1.36523947226	-9.84145614965989	-0.0306929190156536	-8.21303569325495	-6.84311156583795	-13.4397154729945	-13.0860785183798	1.0876597132579	-11.6323605509369	-7.46753341713426	-12.6096404744368	-12.4803574574918	-10.1177873781071	-9.13390704347041	3.65568040506319	-14.2877123795494	-1.7875676225192	0.850735426361879	-4.24222572318998	-11.726997425075	-10.6789031368739	-12.5221776331865	-13.3617129609932	-1.03688104467311	-5.60191235980456	-10.9372151324653	-10.4397154729945	-11.0097276322497	-10.7894615120216	-13.0246779737157
ERR1018245	-12.9092007562957	-14.4397154729945	-3.58207999218803	-11.4598933549321	-1.64372094345421	-10.8282807609122	-12.4001871088079	0.936899837986087	-9.86817348803566	-4.48940259709485	-2.06346947216946	-11.4001871088079	-4.73005722482403	-5.11178863748569	-12.3617129609932	2.97613263938167	-10.0397848661059	-0.392004572215274	-2.94931025076107	0.601991204973553	-7.12381116573491	-7.98393163137235	-6.9040080870754	-11.4198159155568	-8.0023101606872	-11.5011160176586	-9.72089722553855	-1.32380481857539	-0.652039599184178	-11.0704816633288	-2.56123874784857	2.68466167044543	-12.5652463550784	-11.9949306303216	-13.2173230516581	-12.6096404744368	-0.989277440598847	-4.32279397170092	-5.26867771018511	-8.4906994017133	-10.3242382555746	-6.42848821757125	-8.39047195397465	-4.10308494368549	2.33669471157134	4.87521486405361	2.65298661898741	-12.6554441640499	-0.1664378971398	-3.20996200528387	-11.8547529722733	-0.603643195311831	-11.726997425075	-8.00601412945062	-1.12060789716952	-4.44128174721293	-13.6096404744368	-4.09813487864433	-9.04739805021574	-12.9092007562957	-8.31501972554518	-5.60471779586777	-1.63093001533045	-13.7027498788283	-1.99596609871551	-2.60621040566497	1.01845614056804	1.8357543354412	-8.66127324285213	-9.36171296099323	-14.0246779737157	-3.2540140807989	-12.6096404744368	-12.7027498788283	-10.6907772371622	-12.6096404744368	-2.97426243858639	-8.75789143302075	-13.7027498788283	-5.09591287848437	-9.84145614965989	-1.7095755961347	-8.21303569325495	-12.5652463550784	-13.4397154729945	-13.0860785183798	-3.57295170564115	-11.6323605509369	-9.28771237954945	-12.6096404744368	-12.4803574574918	-10.1177873781071	-7.66127324285213	2.07636070237226	-7.50111601765864	-4.36706178498547	4.53219413175206	-1.73024867795163	-11.726997425075	-3.49378399252173	-12.5221776331865	-13.3617129609932	-3.35092723427759	-11.6096404744368	-4.50340471282106	-10.4397154729945	-0.230380576771692	-8.04358643626572	-13.0246779737157
ERR1018244	-12.9092007562957	-6.74545432978253	-12.9657842846621	-11.4598933549321	-3.79385693030863	-10.8282807609122	-1.30696585495466	0.016966919717001	-9.86817348803566	-4.45957589535534	0.461235171174255	-11.4001871088079	-5.39228856916648	-13.9092007562957	-12.3617129609932	5.86241469115682	-10.0397848661059	2.19421946123162	-2.50160614677526	0.832468786967176	-11.9949306303216	-6.83320744199208	-6.69824848659335	-11.4198159155568	-7.88512662131686	-11.5011160176586	-9.72089722553855	-8.90920075629572	-1.98816090322914	-11.0704816633288	1.79829526469561	2.12953690893032	-12.5652463550784	-11.9949306303216	-1.46175984202572	-12.6096404744368	-2.47810500576047	-3.25539109249157	-4.92972059591839	-5.80228555237921	-11.4397154729945	-12.9657842846621	-14.4397154729945	-0.924043008509938	-1.13968074991303	-0.0785484349020045	2.27765750100343	-12.6554441640499	1.31374504820329	-1.23026210736555	-11.8547529722733	0.816878184305929	-10.726997425075	-8.40996812960045	-8.69077723716222	-5.27313391462656	-4.23922550555711	-6.53282487738598	-7.75789143302075	-12.9092007562957	-12.7516594793092	-4.84767377905472	-4.77516942445259	-13.7027498788283	-1.14155741630958	-1.71198406318567	0.68196193254601	-8.75789143302075	-13.8022855523792	-12.2520884698187	-14.0246779737157	-3.72375348273936	-12.6096404744368	-12.7027498788283	-6.6833444796557	-12.6096404744368	-2.46378791460671	-9.90920075629572	-13.7027498788283	-2.25064594638662	-9.84145614965989	1.53115934636631	-8.21303569325495	-12.5652463550784	-6.28771237954945	-13.0860785183798	-0.017154237839852	-11.6323605509369	-1.53993897902266	-12.6096404744368	-12.4803574574918	-10.1177873781071	-12.6096404744368	1.81518601259272	-14.2877123795494	-2.88384820294265	-10.543551283979	-0.649638542368731	-11.726997425075	-2.09381746048218	-11.3242382555746	-13.3617129609932	-2.65517150300256	-11.6096404744368	-11.9372151324653	-10.4397154729945	-11.0097276322497	-10.7894615120216	-13.0246779737157
ERR1018243	-12.9092007562957	-13.4397154729945	-12.9657842846621	-9.15842936260448	-13.2877123795494	-10.8282807609122	-12.4001871088079	-13.1502088557995	-9.86817348803566	-13.6096404744368	-2.40201600621005	-11.4001871088079	-11.4198159155568	-13.9092007562957	-12.3617129609932	6.45408012717508	-10.0397848661059	2.80653235142939	-4.58380880610479	-1.56768193305048	-11.9949306303216	-10.8282807609122	-9.9802838543572	-5.40018710880786	-13.2877123795494	-11.5011160176586	-9.72089722553855	-11.4001871088079	-11.9949306303216	-11.0704816633288	-9.22593618196276	-9.53817811188019	-12.5652463550784	-11.9949306303216	-13.2173230516581	-12.6096404744368	-3.45862393554456	-4.42662547355406	-12.7516594793092	-12.6096404744368	-11.4397154729945	-12.9657842846621	-14.4397154729945	-9.26091232020574	-2.67475175907962	-5.37183300071368	-7.10780328953452	-12.6554441640499	-9.91615351693749	-8.87832144341175	-11.8547529722733	-8.7178567712185	-11.726997425075	-5.52815703634314	-14.6096404744368	-6.22054695253234	-13.6096404744368	-7.51688333351696	-12.0860785183798	-12.9092007562957	-12.7516594793092	-13.9092007562957	-11.3808217839409	-13.7027498788283	-3.65944912446411	-11.4598933549321	-11.1339070434704	-13.1502088557995	-13.8022855523792	-12.2520884698187	-14.0246779737157	-13.3617129609932	-12.6096404744368	-9.80228555237921	-10.6907772371622	-12.6096404744368	-10.543551283979	-13.5221776331865	-13.7027498788283	-10.8414561496599	-9.84145614965989	1.2302706573281	-8.21303569325495	-1.38089692626449	-12.4397154729945	-13.0860785183798	0.0539732196096132	-11.6323605509369	-7.01718343716873	-5.38986692354394	-12.4803574574918	-10.1177873781071	-11.2877123795494	-8.51160839147629	-8.90228134235593	-11.7767504602721	-6.577594747506	-7.75165947930924	-11.726997425075	-10.6789031368739	-12.5221776331865	-13.3617129609932	-1.79771393721155	-11.6096404744368	-11.9372151324653	-5.14407406962741	-11.0097276322497	-10.7894615120216	-13.0246779737157
ERR1018242	-12.9092007562957	-14.4397154729945	-12.9657842846621	-11.4598933549321	0.0444081090607183	-10.8282807609122	-12.4001871088079	-0.87649271400025	-6.6323605509369	-13.6096404744368	-1.29272259994372	-11.4001871088079	-11.4198159155568	-13.9092007562957	-12.3617129609932	4.13574088398575	-10.0397848661059	-0.351111244461239	-5.81360086560704	1.32220506574686	-11.9949306303216	-10.8282807609122	-9.9802838543572	-11.4198159155568	-13.2877123795494	-11.5011160176586	-9.72089722553855	-3.89539495677069	0.0333278466044188	-11.0704816633288	-9.22593618196276	-1.20553006609214	-12.5652463550784	-11.9949306303216	-13.2173230516581	-12.6096404744368	-0.561643266659957	-3.08301897818896	-12.7516594793092	-9.45989335493213	-11.4397154729945	-12.9657842846621	-14.4397154729945	-7.47264936235658	5.21054004647518	1.50017997975614	2.71065547651646	-12.6554441640499	-6.0445383960765	-6.83156334490145	-11.8547529722733	0.387329451120725	-11.726997425075	-12.1177873781071	-2.81786709357807	-4.1025891721889	-13.6096404744368	-9.66712596909757	-12.0860785183798	-12.9092007562957	-5.58727266140836	-13.9092007562957	-11.3808217839409	-13.7027498788283	-9.87493085421097	-7.10184583423812	-11.1339070434704	1.05811557808995	-5.73465912678304	-7.85475297227334	-14.0246779737157	-13.3617129609932	-12.6096404744368	-5.94964458200683	-10.6907772371622	-12.6096404744368	-4.74584137070796	-13.5221776331865	-13.7027498788283	-3.55979192498625	-9.84145614965989	0.348991532669513	-8.21303569325495	-12.5652463550784	-13.4397154729945	-13.0860785183798	1.38025844582621	-11.6323605509369	-8.41981591555679	-12.6096404744368	-12.4803574574918	-10.1177873781071	-12.6096404744368	2.25464846051215	-14.2877123795494	-11.7767504602721	3.97952694497453	-6.6510877590058	-11.726997425075	-10.6789031368739	-12.5221776331865	-13.3617129609932	-2.97721320039724	-8.08216346837642	-11.9372151324653	-10.4397154729945	-11.0097276322497	-5.73773523677762	-13.0246779737157
ERR1018241	-12.9092007562957	-14.4397154729945	-12.9657842846621	-11.4598933549321	-14.2877123795494	-10.8282807609122	-12.4001871088079	-2.67097976466762	-9.86817348803566	-13.6096404744368	-10.7027498788283	-1.61299045526092	-11.4198159155568	-13.9092007562957	-12.3617129609932	6.17335133772992	-10.0397848661059	-1.46557976107141	-1.56973614009454	1.79721224281374	-1.96606608855807	-7.20237271019208	-9.9802838543572	-11.4198159155568	-13.2877123795494	-11.5011160176586	-9.72089722553855	-2.48818790051649	-0.148161027150656	-5.26867771018511	-9.22593618196276	-3.27802370059174	-12.5652463550784	-11.9949306303216	-0.636638258584668	-12.6096404744368	0.653839641571464	-2.03528347387092	-12.7516594793092	-8.28321098731451	-11.4397154729945	-12.9657842846621	-14.4397154729945	0.12899279995394	0.873348626937505	-7.96218204798189	-8.86817348803566	-12.6554441640499	-9.91615351693749	1.11334711560551	-11.8547529722733	-8.7178567712185	1.29858207356814	-4.36497932967261	-14.6096404744368	-5.03788783093327	-13.6096404744368	-7.70274987882829	-12.0860785183798	-12.9092007562957	-12.7516594793092	-2.53977118476324	-11.3808217839409	-13.7027498788283	-8.40996812960045	0.651343358840493	-11.1339070434704	-13.1502088557995	-13.8022855523792	-12.2520884698187	-14.0246779737157	-13.3617129609932	-12.6096404744368	-12.7027498788283	-10.6907772371622	-12.6096404744368	-10.543551283979	-13.5221776331865	-13.7027498788283	-0.992546128591066	-9.84145614965989	1.79073451062431	-8.21303569325495	-1.93959285235571	-5.93544820629113	-2.77813528935149	1.12866953503533	-11.6323605509369	-14.0246779737157	0.63151409393244	-12.4803574574918	-9.11778737810714	-12.6096404744368	-1.15498774840309	-14.2877123795494	-11.7767504602721	-10.7027498788283	0.0842275795113123	-11.726997425075	-10.6789031368739	-12.5221776331865	-13.3617129609932	-4.03575664378034	-11.6096404744368	-11.9372151324653	-4.53315887322979	-11.0097276322497	-3.14292669578812	-13.0246779737157
ERR1018240	-12.9092007562957	-14.4397154729945	-6.14816102715066	-11.4598933549321	0.846882395003787	-10.8282807609122	-12.4001871088079	3.51118210329632	-9.86817348803566	-10.5872726614084	-6.00972763224968	-11.4001871088079	-11.4198159155568	-6.96218204798189	-12.3617129609932	4.39509845503806	-10.0397848661059	-4.02655770693388	-13.9092007562957	-0.682510685741466	-4.41888982477445	-10.8282807609122	-9.9802838543572	-11.4198159155568	-13.2877123795494	-11.5011160176586	-9.72089722553855	-2.36564836255169	-0.135538469289807	-11.0704816633288	-9.22593618196276	-0.290479963121125	-12.5652463550784	-11.9949306303216	0.85246234332525	-12.6096404744368	-0.334225229146789	-11.4803574574918	-7.60964047443681	-8.4906994017133	-11.4397154729945	-12.9657842846621	-14.4397154729945	-13.5221776331865	0.240045611899779	2.07948051706992	3.59852718972822	-12.6554441640499	-3.33104582474629	-6.40018710880786	-10.1502088557995	-1.01549085222285	-11.726997425075	-6.09986547010987	-2.38631748490052	-8.23460104308989	-13.6096404744368	-0.497791622596356	-12.0860785183798	-8.04739805021574	-6.4136531764083	-13.9092007562957	-11.3808217839409	-13.7027498788283	-0.251075118100974	-8.82828076091215	-0.0165849690165339	1.8700095509354	-2.2521571974009	-12.2520884698187	-14.0246779737157	-13.3617129609932	1.78289916557061	-5.4906994017133	-1.07257377844213	-12.6096404744368	-1.16890105142254	-13.5221776331865	-13.7027498788283	-0.269842653306091	-9.84145614965989	2.33214649790406	-8.21303569325495	-6.03788783093327	-13.4397154729945	-13.0860785183798	0.632389210654829	-11.6323605509369	2.01047551614123	-12.6096404744368	-12.4803574574918	-10.1177873781071	-5.69450802548616	3.66008662421674	-6.6409736812416	-3.27020797844003	1.98560243543895	-5.11128986650721	-11.726997425075	-10.6789031368739	-12.5221776331865	-13.3617129609932	-0.507993024406045	-9.20876103815463	-1.60550780868712	-10.4397154729945	-11.0097276322497	0.141838205821689	-13.0246779737157
ERR1018239	-12.9092007562957	-14.4397154729945	-0.899937358114503	-7.66712596909757	-4.06660865418157	-10.8282807609122	2.24228237959713	1.01965210413614	-9.86817348803566	-1.86449139711499	1.35070656412037	-11.4001871088079	-3.30614509764643	-2.78726881447348	-12.3617129609932	3.42292995547262	-10.0397848661059	4.25075015472542	-4.40049176408106	1.16542962042419	-10.9949306303216	-3.35741856149845	-2.34945599711064	-4.35107444054688	-13.2877123795494	-11.5011160176586	-9.72089722553855	-4.23541604831308	2.20163386116965	-4.27397098749071	-2.08136952040288	-1.29018003202308	-12.5652463550784	-1.07804579350173	-11.6554441640499	-12.6096404744368	0.463277173068289	-4.74622851549517	-3.08963573279821	-6.19389870614672	-11.4397154729945	-12.9657842846621	-6.39289461624151	-7.06274601454917	2.452115686517	1.21872538043106	0.203288874520959	-12.6554441640499	-0.88352877527814	-2.17481680821756	-11.8547529722733	-0.096468057769387	-11.726997425075	-3.97755406160163	1.2642842000366	-0.0353278269580342	-13.6096404744368	-11.5872726614084	-12.0860785183798	-12.9092007562957	-1.35258417145397	-13.9092007562957	-11.3808217839409	-5.59562000412188	-2.35011786817452	-3.14305413671757	-11.1339070434704	-13.1502088557995	-13.8022855523792	-12.2520884698187	-14.0246779737157	-5.20556333819558	-12.6096404744368	-12.7027498788283	-10.6907772371622	-12.6096404744368	0.119661617532184	-10.7767504602721	-13.7027498788283	-1.23922550555711	0.316296377284691	-3.64043385147258	-8.21303569325495	-12.5652463550784	-13.4397154729945	-13.0860785183798	-2.23168438271294	-11.6323605509369	-6.2270164478619	-12.6096404744368	-6.37004194518769	-10.1177873781071	-12.6096404744368	1.36531739891497	-8.58727266140836	1.06127851154754	4.62930590627168	1.06379973420066	-11.726997425075	-10.6789031368739	-12.5221776331865	-13.3617129609932	-1.46813200439445	-8.68482797083103	-11.9372151324653	-10.4397154729945	-11.0097276322497	-10.7894615120216	-13.0246779737157
ERR1018238	-12.9092007562957	-4.45989335493213	-1.85506609111144	-10.4598933549321	0.339331251859214	-10.8282807609122	-12.4001871088079	-13.1502088557995	-6.51688333351696	-7.63522588463128	1.83175566064403	-11.4001871088079	-11.4198159155568	-3.74410050365111	-10.2002495382991	2.56225219482107	-10.0397848661059	2.31148858381732	-2.10786547600582	0.538905619181431	-11.9949306303216	-10.8282807609122	-9.9802838543572	-11.4198159155568	-13.2877123795494	-10.5011160176586	-9.72089722553855	-3.57278002776377	0.610180333774339	-6.10382892051722	-9.22593618196276	0.0977860666852937	-12.5652463550784	-11.9949306303216	5.2692927782677	-6.29222786067194	-0.213704753713491	-2.01969679288424	-12.7516594793092	-7.90228134235593	-11.4397154729945	-12.9657842846621	-7.90573690099215	-3.13834630376954	-0.388109992751186	1.58607775371051	3.94529868166407	-12.6554441640499	-9.91615351693749	0.499578047010132	-11.8547529722733	-0.795809190511626	-11.726997425075	-7.12381116573491	-13.6096404744368	-4.41549923557368	-13.6096404744368	-11.5872726614084	-12.0860785183798	-12.9092007562957	-12.7516594793092	-5.24167976479524	-7.44222232860507	-13.7027498788283	0.142518000882395	-3.69469481839649	0.272309907408669	-9.0023101606872	-13.8022855523792	-12.2520884698187	-6.0023101606872	-13.3617129609932	-12.6096404744368	-12.7027498788283	-10.6907772371622	-10.6323605509369	-10.543551283979	-13.5221776331865	-13.7027498788283	-10.8414561496599	-9.84145614965989	-2.60156206356856	-8.21303569325495	-3.88129475972584	-13.4397154729945	-9.88172001987361	-12.0246779737157	-11.6323605509369	2.07311070522602	0.132958440145642	-12.4803574574918	-10.1177873781071	-12.6096404744368	3.19758550400843	-6.57484151185954	-11.7767504602721	-13.8022855523792	-0.0584128708385235	-11.726997425075	-10.6789031368739	-12.5221776331865	-9.9949306303216	-1.63468820090276	-11.6096404744368	-11.9372151324653	-7.04168439902135	-11.0097276322497	-8.93016037493136	-13.0246779737157
ERR1018237	-12.9092007562957	-8.53817811188019	-12.9657842846621	-11.4598933549321	-2.57974937474852	-10.8282807609122	-12.4001871088079	-13.1502088557995	-9.86817348803566	-13.6096404744368	-0.000129848396945571	-11.4001871088079	-11.4198159155568	-13.9092007562957	-12.3617129609932	5.79151247991909	-10.0397848661059	-1.12796715798954	-1.92801771734318	3.11028305428386	-11.9949306303216	-10.8282807609122	-9.9802838543572	-11.4198159155568	-13.2877123795494	-11.5011160176586	-9.72089722553855	0.224423130487261	-11.9949306303216	-3.78886317301772	-9.22593618196276	-9.53817811188019	-12.5652463550784	-11.9949306303216	2.34674986373839	-12.6096404744368	-10.6554441640499	-3.09591287848437	-12.7516594793092	-12.6096404744368	-11.4397154729945	-12.9657842846621	-14.4397154729945	0.28344770837798	3.2335414527684	2.57271022964344	0.788618898297595	-12.6554441640499	-9.91615351693749	1.71320750309833	-11.8547529722733	-0.0283663235325429	0.946289189388743	-9.15020885579951	-14.6096404744368	-6.08216346837642	-13.6096404744368	-7.95858878325788	-12.0860785183798	-12.9092007562957	-12.7516594793092	0.0894167935616642	-3.82173791504538	-13.7027498788283	-1.08225510588023	-1.22607117097253	-11.1339070434704	-13.1502088557995	-13.8022855523792	-12.2520884698187	-8.77043668633987	-13.3617129609932	-12.6096404744368	-2.57647561175567	-10.6907772371622	-12.6096404744368	-10.543551283979	-13.5221776331865	-13.7027498788283	-10.8414561496599	-9.84145614965989	-12.7027498788283	-8.21303569325495	-12.5652463550784	-13.4397154729945	-13.0860785183798	-12.0246779737157	-11.6323605509369	-6.65253843287453	-12.6096404744368	-12.4803574574918	-10.1177873781071	-12.6096404744368	-8.29222786067194	-14.2877123795494	-11.7767504602721	-8.78946151202162	-12.5652463550784	-11.726997425075	-10.6789031368739	-12.5221776331865	-13.3617129609932	-0.465241130655638	-11.6096404744368	-11.9372151324653	-10.4397154729945	-3.22985600038443	-4.5368379398926	-13.0246779737157
ERR1018236	-12.9092007562957	-14.4397154729945	-12.9657842846621	-11.4598933549321	-3.07242207389822	-10.8282807609122	1.46878660930127	0.398820975575827	-6.56524635507836	-13.6096404744368	1.11685710547941	-11.4001871088079	-11.4198159155568	-13.9092007562957	-12.3617129609932	3.32673003975222	-10.0397848661059	-0.149344573584957	-3.6918954609936	-1.65849238478751	-2.37011652812465	-10.8282807609122	-9.9802838543572	-11.4198159155568	-13.2877123795494	-11.5011160176586	-9.72089722553855	-11.4001871088079	-2.27830361814033	-11.0704816633288	-9.22593618196276	-1.1543774780974	-12.5652463550784	-11.9949306303216	2.77526129234775	-12.6096404744368	-1.70002860863476	-4.23351508516064	-12.7516594793092	-10.7767504602721	-11.4397154729945	-12.9657842846621	-14.4397154729945	-10.4198159155568	0.603093376569011	-2.11753693195758	1.90473456077381	-12.6554441640499	-3.55384965987091	-2.77922430264387	-11.8547529722733	-8.7178567712185	-11.726997425075	-8.87493085421097	-2.05475189179579	-6.94430455725164	-13.6096404744368	-2.99723268129814	-12.0860785183798	-2.59518405239436	-8.78946151202162	-13.9092007562957	-7.47521415421589	-13.7027498788283	-2.14420161195529	-10.4598933549321	-1.17869796011047	0.70453559143249	-5.95769186371337	-12.2520884698187	-14.0246779737157	-4.64421690862668	-12.6096404744368	-12.7027498788283	-10.6907772371622	-12.6096404744368	-3.45087301980073	-13.5221776331865	-13.7027498788283	-2.79947053677215	-9.84145614965989	-0.24968506478248	-0.549218957825424	-12.5652463550784	-13.4397154729945	-13.0860785183798	-1.65917570552254	-11.6323605509369	5.95312715652592	-12.6096404744368	-12.4803574574918	-10.1177873781071	-12.6096404744368	0.236425265528704	-14.2877123795494	-11.7767504602721	-3.48907857799391	-3.8416629728329	-11.726997425075	-10.6789031368739	-12.5221776331865	-13.3617129609932	-2.30614509764643	-9.11778737810714	-11.9372151324653	-10.4397154729945	-11.0097276322497	-5.08020992029066	-13.0246779737157
ERR1018235	-12.9092007562957	-7.53015569061	-1.24441162518527	-11.4598933549321	-3.78726881447348	-10.8282807609122	-5.2060957962348	1.64251212625951	-9.86817348803566	-13.6096404744368	0.618163464317964	-11.4001871088079	-4.73427507379504	-3.0991235338421	-12.3617129609932	4.81573065367836	-1.13898160037626	0.051692278358375	-4.32800017437076	0.647397407439114	-4.90271283481941	-8.43471479193613	-3.89689854736108	-11.4198159155568	-13.2877123795494	-11.5011160176586	-9.72089722553855	-4.65435382891234	0.850999394716473	-11.0704816633288	-9.22593618196276	0.197802500050914	-12.5652463550784	-11.9949306303216	-13.2173230516581	-12.6096404744368	0.00798482004067837	-11.4803574574918	-6.10184583423812	-6.70726535995079	-11.4397154729945	-12.9657842846621	-6.87493085421097	-12.3617129609932	-5.27816365257719	3.3721455786669	4.08929390147498	-12.6554441640499	-0.631153443036975	-3.47232908373591	-11.8547529722733	1.56533883232897	-11.726997425075	-6.08902179388053	0.0137123648206545	-3.74777813437766	-13.6096404744368	-6.86312615329835	-12.0860785183798	1.15326057533825	-3.58467399056303	-9.96578428466209	-11.3808217839409	-12.7027498788283	-8.47521415421589	-5.14152558805871	2.97008241606121	1.50659178733694	-9.37123573511173	-12.2520884698187	-14.0246779737157	-4.43908943912011	-12.6096404744368	-12.7027498788283	-0.79743809449064	-12.6096404744368	-2.57012162975372	-6.50111601765864	-13.7027498788283	-1.21089678249862	-9.84145614965989	0.327089470244237	-8.21303569325495	-12.5652463550784	-13.4397154729945	-13.0860785183798	-2.30664463344082	-11.6323605509369	-7.82828076091215	-12.6096404744368	-12.4803574574918	-10.1177873781071	-6.87154821481632	3.10985029046499	-14.2877123795494	-5.02280068647499	1.1830545146729	-2.27327339304702	-11.726997425075	-10.6789031368739	-12.5221776331865	-13.3617129609932	-2.58113002684589	-11.6096404744368	-11.9372151324653	-10.4397154729945	-11.0097276322497	-5.23895306762959	-13.0246779737157
ERR1018234	-12.9092007562957	-6.091971086303	-12.9657842846621	-11.4598933549321	-5.41058165078379	-10.8282807609122	-12.4001871088079	-13.1502088557995	-9.86817348803566	-13.6096404744368	-2.98142279421338	-11.4001871088079	-11.4198159155568	-13.9092007562957	-9.18337571973471	-3.53082252447483	-10.0397848661059	-2.24920486386574	-12.9092007562957	-2.5250811922259	-11.9949306303216	-10.8282807609122	-9.9802838543572	-11.4198159155568	-13.2877123795494	-11.5011160176586	-9.72089722553855	-11.4001871088079	-1.16288023724521	-11.0704816633288	-9.22593618196276	-3.16929035523625	-12.5652463550784	-11.9949306303216	-13.2173230516581	-12.6096404744368	-5.24058846743542	-7.187575708264	-12.7516594793092	-11.0246779737157	-11.4397154729945	-12.9657842846621	-14.4397154729945	-6.40751665060635	5.46654718560526	-2.55741208108941	-9.86817348803566	-12.6554441640499	-8.10581473644106	-8.87832144341175	-11.8547529722733	-2.41257739843183	-11.726997425075	-8.95858878325788	-12.9092007562957	-11.8282807609122	-13.6096404744368	-11.5872726614084	-12.0860785183798	-12.9092007562957	-12.7516594793092	-13.9092007562957	-5.96578428466209	-13.7027498788283	5.71377113651299	-6.89539495677069	-0.934731010217715	-7.37841929372563	-13.8022855523792	-12.2520884698187	-14.0246779737157	-13.3617129609932	-2.26999920989313	-12.7027498788283	-10.6907772371622	-12.6096404744368	-10.543551283979	-13.5221776331865	-13.7027498788283	-10.8414561496599	-9.84145614965989	-12.7027498788283	-8.21303569325495	-12.5652463550784	-10.6096404744368	-13.0860785183798	-5.56388081305413	-8.70274987882829	-7.12381116573491	-12.6096404744368	-12.4803574574918	-10.1177873781071	-8.07436509781601	-0.784706587606397	-8.83485341483564	-11.7767504602721	-3.95836450109017	-12.5652463550784	-11.726997425075	-10.6789031368739	-12.5221776331865	-13.3617129609932	-2.64602185699284	-11.6096404744368	-11.9372151324653	-10.4397154729945	-11.0097276322497	-3.47056882114165	-13.0246779737157
ERR1018233	-12.9092007562957	-5.66712596909757	-12.9657842846621	-11.4598933549321	-0.596470489081392	-10.8282807609122	-12.4001871088079	-12.1502088557995	-9.86817348803566	-13.6096404744368	1.87389586064534	-11.4001871088079	-11.4198159155568	-13.9092007562957	-8.12180044061376	5.60179455461674	-10.0397848661059	0.268769725802831	-3.4641859104273	2.58650776105246	-11.9949306303216	-10.8282807609122	-9.9802838543572	-11.4198159155568	-13.2877123795494	-8.4906994017133	-9.72089722553855	-0.165515297413178	2.83505900615833	-11.0704816633288	-9.22593618196276	0.969520754093301	-12.5652463550784	-8.30585972625971	-13.2173230516581	-12.6096404744368	-0.723157962648636	-4.34168339003397	-12.7516594793092	-5.88001973088377	-10.4397154729945	-3.16967976412994	-14.4397154729945	-4.63164510582385	-2.72900468652831	1.56816347405508	-2.54052641266287	-12.6554441640499	-9.91615351693749	-2.18823306237429	-11.8547529722733	0.215628901197337	-5.92664589075513	-5.63737862570352	-14.6096404744368	-6.98758865498044	-13.6096404744368	-6.187575708264	-12.0860785183798	-12.9092007562957	-8.55435803893562	-13.9092007562957	-11.3808217839409	-13.7027498788283	-6.67153114821757	-3.03622996892924	-5.77754162839768	-4.3478393672415	-13.8022855523792	-6.45103078622233	-14.0246779737157	-12.3617129609932	-6.86648908032431	-8.15842936260448	-10.6907772371622	-8.15020885579951	-10.543551283979	-13.5221776331865	-11.7027498788283	-10.8414561496599	-9.84145614965989	4.1708576427139	-8.21303569325495	-12.5652463550784	-13.4397154729945	-13.0860785183798	1.22562661333732	-11.6323605509369	-7.53549901168431	-12.6096404744368	-12.4803574574918	-10.1177873781071	-8.61528703757795	-3.18941705508817	-7.81197894858305	-11.7767504602721	-8.96578428466209	-3.94164193876428	-11.726997425075	-10.6789031368739	-12.5221776331865	-7.89539495677069	1.17825570990942	-9.16669697858808	-11.9372151324653	-10.4397154729945	-11.0097276322497	0.158750643867436	-9.82828076091215
ERR1018232	-2.40476370683282	-14.4397154729945	-3.42693576391785	-11.4598933549321	-0.801530991591654	-10.8282807609122	-1.03531304244416	0.447420504590497	-9.86817348803566	-3.17331932468214	-2.22458698609066	-11.4001871088079	-5.65253843287453	-4.53717286619495	-12.3617129609932	2.00864823116329	-3.31129145877863	0.160145725404579	-5.85058453527664	2.53192786550898	-5.41488362001456	-9.28771237954945	-2.41496055759509	-4.47296971209497	-13.2877123795494	-11.5011160176586	-9.72089722553855	0.601791583862026	0.862471228865934	-11.0704816633288	-4.50340471282106	1.15844690566952	-12.5652463550784	1.81355752408867	-9.48035745749184	-12.6096404744368	1.05833035093885	-10.4803574574918	-4.08975855193938	-5.8406291533398	-1.83629518314554	-7.53817811188019	-7.5679813227996	-5.29845981438346	1.04636532965747	2.84543585477358	3.67547948887647	-12.6554441640499	-0.144169725316234	-3.70500585276866	-11.8547529722733	0.910717314001691	-11.726997425075	-6.36646649096386	-1.34106192476584	-5.29902769277728	-13.6096404744368	-11.5872726614084	-6.60401592524293	-0.531865069822979	-4.5806984311144	-13.9092007562957	-11.3808217839409	-7.34051379528739	0.569607747218612	-6.23786383009889	-9.09394063615277	3.32843007469591	-13.8022855523792	-9.0023101606872	-14.0246779737157	-6.98210658996402	-12.6096404744368	-4.32250528835011	-10.6907772371622	-12.6096404744368	-5.29732472774671	-5.83485341483564	-13.7027498788283	-1.87980733558845	-6.42228840123632	-1.59514046446618	-8.21303569325495	-12.5652463550784	-13.4397154729945	-13.0860785183798	-2.09690001163331	-11.6323605509369	1.99520952132679	-12.6096404744368	-12.4803574574918	-10.1177873781071	-6.25759704864138	3.66433492240715	-3.67281852994443	-0.0621735344444045	4.0386626824489	-1.0012990101791	-11.726997425075	-10.6789031368739	-8.40506933018761	-13.3617129609932	-2.37512238869682	-11.6096404744368	-6.243318260191	-10.4397154729945	-11.0097276322497	-8.82828076091215	-10.726997425075
ERR1018231	-12.9092007562957	-8.48551916260762	-6.83980263080737	-11.4598933549321	-5.83897658152005	-7.64963854236873	1.0235676362452	2.90361870307816	-9.86817348803566	-5.68854338633002	-2.66767588145067	-11.4001871088079	-3.6474674433271	-8.19601254541264	-12.3617129609932	4.28445268710384	-10.0397848661059	-3.63863587636338	-4.56251656232279	-1.61820720518637	-1.85783492964912	-6.67447542483312	-5.60331439591188	0.222705658252264	-5.75633091903314	-11.5011160176586	-9.72089722553855	-11.4001871088079	-3.77754162839768	-11.0704816633288	-9.22593618196276	-2.52242628082577	-12.5652463550784	-11.9949306303216	-2.98415992396573	-8.23026210736555	-1.58670921869825	-9.54355128397904	-6.14203492435381	-12.6096404744368	-11.4397154729945	-9.86817348803566	-14.4397154729945	-4.82418800627827	-0.987045229307111	4.14869011066367	1.52965106074686	-12.6554441640499	-1.5009526782822	-3.17553354582686	-11.8547529722733	-2.23073604337123	-1.38360465978819	-3.64493861701636	-2.63504663445513	-7.02092583885455	-13.6096404744368	-0.616989750284488	-10.9657842846621	-9.02467797371566	-6.50242339884543	-7.05889368905357	-7.10382892051722	-0.803569212138962	-8.31043245604953	-3.71539111157258	-11.1339070434704	0.651857652613818	-13.8022855523792	-12.2520884698187	-14.0246779737157	-5.21785986842365	1.69558855481102	-11.7027498788283	-10.6907772371622	-12.6096404744368	-1.43039225278139	-13.5221776331865	-13.7027498788283	-2.53985507945351	-9.84145614965989	-0.901337902276137	-8.21303569325495	-12.5652463550784	-3.29081525403711	-7.53282487738598	0.894185263558939	-11.6323605509369	4.41186956226766	-6.32423825557456	-12.4803574574918	-10.1177873781071	-12.6096404744368	2.06815829637268	-14.2877123795494	-2.70472366302871	3.13302915617786	-3.27229732716276	-11.726997425075	-10.6789031368739	-12.5221776331865	-2.10333289333651	-1.61741020947092	-6.89025165349473	-11.9372151324653	-10.4397154729945	-11.0097276322497	0.323266295056421	-13.0246779737157
ERR1018230	-10.5872726614084	-14.4397154729945	-5.35048570556997	-11.4598933549321	-5.37243051368179	-10.8282807609122	3.59623985817197	2.49191465000495	-9.86817348803566	-1.28954508957571	0.108410709380786	-11.4001871088079	-4.82132997073589	-6.79746316892236	-12.3617129609932	4.39640955463845	1.77555207799208	2.66505161428921	-3.3965362547949	-0.121878931989921	-2.3089304308843	-5.77675046027207	-2.83969934877698	-11.4198159155568	-1.94347196097155	-11.5011160176586	-9.72089722553855	1.23352611423353	1.98873194278066	-11.0704816633288	-9.22593618196276	-1.14947258272777	-12.5652463550784	-0.489220327396239	-7.4397154729945	-12.6096404744368	-1.78522861419637	-3.23365078520691	-5.27369190923451	-5.5693507534111	-11.4397154729945	-12.9657842846621	-9.59841321901356	-3.03256575441042	-1.63334486764121	2.17178968146187	2.71643345662617	-12.6554441640499	1.01207517667811	-6.0078696860291	-11.8547529722733	-3.60191235980456	-11.726997425075	-9.84145614965989	-4.07509440697682	-5.01811812786608	-13.6096404744368	-9.86817348803566	-4.91006802114954	-12.9092007562957	-1.70082569069066	-6.74545432978253	-1.81857935971986	-13.7027498788283	1.07883523818732	-3.60331439591188	-0.964235346399025	-6.47136867426459	-13.8022855523792	-12.2520884698187	-14.0246779737157	-7.37602079767711	-12.6096404744368	-12.7027498788283	-10.6907772371622	-12.6096404744368	-0.687543927832056	-2.67300253543424	-13.7027498788283	1.04635135892145	-2.61078564534301	3.03680748966039	-8.21303569325495	-12.5652463550784	-10.3428539337419	-7.70575862870063	-3.43799453308976	-11.6323605509369	-3.9270847333565	-12.6096404744368	-8.67300253543424	-10.1177873781071	-7.31731884163477	1.47857840674443	-8.64385618977473	0.109748346505271	2.60981877590872	0.697711556403467	-11.726997425075	-10.6789031368739	-12.5221776331865	-13.3617129609932	-7.20876103815463	-11.6096404744368	-3.66346523371325	-10.4397154729945	-11.0097276322497	-10.7894615120216	-13.0246779737157
ERR1018229	-6.29222786067194	-4.55741208108941	-8.86817348803566	-7.32886970430621	0.566250140010241	-10.8282807609122	-5.21732305165805	-3.23419371306764	-2.28602271114523	-11.2520884698187	2.07355977077153	-11.4001871088079	-11.4198159155568	-10.8547529722733	-12.3617129609932	-0.0122571210841556	-7.39047195397465	2.94079820254475	-5.35638389465566	0.867730445696303	-11.9949306303216	-10.8282807609122	-9.9802838543572	-11.4198159155568	-7.59562000412188	-7.44724914567991	-9.72089722553855	-6.36289987594367	1.39196563710175	-11.0704816633288	-9.22593618196276	-0.0622789742382071	-12.5652463550784	-10.9949306303216	3.34261021080168	-12.6096404744368	0.113287098478183	-11.4803574574918	-12.7516594793092	-5.65617151220796	-9.40996812960045	-7.42973138442188	-14.4397154729945	-5.23840834606719	-1.07624990101169	3.36228471814552	4.79128793841653	-6.04263510418978	-2.76033312036676	-6.03788783093327	-11.8547529722733	2.03475451203194	-11.726997425075	-3.67465964178298	-2.10382892051722	-11.8282807609122	-10.4198159155568	-3.41750180228585	-12.0860785183798	-12.9092007562957	-12.7516594793092	-13.9092007562957	-1.60669363964735	-7.45989335493213	-2.01601592473074	-11.4598933549321	-11.1339070434704	-0.485882790849219	-6.47393118833241	-12.2520884698187	-14.0246779737157	-13.3617129609932	-11.6096404744368	-12.7027498788283	-10.6907772371622	-11.6096404744368	-9.54355128397904	-5.49589830838762	-6.03788783093327	-3.63845620203214	-9.84145614965989	-4.70387742483402	-8.21303569325495	-5.97301585389316	-13.4397154729945	-10.2002495382991	-4.57003595648305	-11.6323605509369	-5.24550581942876	-11.6096404744368	-12.4803574574918	-10.1177873781071	-5.36587144247496	3.87976457058822	-6.44599079842099	-6.95142899168502	2.62750878756201	-5.67521243381001	-11.726997425075	-10.6789031368739	-11.2520884698187	-9.21732305165805	-0.285547848242795	-8.52749143308294	0.862859989599611	-10.4397154729945	-11.0097276322497	-2.30222618044481	-13.0246779737157
ERR1018228	0.263154625411455	-7.73312352787181	-2.72604256698141	-11.4598933549321	-0.727403431214224	-10.8282807609122	-12.4001871088079	-1.938431150732	-3.89582439420231	-3.72299126106484	-0.430178409300542	-11.4001871088079	-8.7830919871459	-4.41119543298445	-12.3617129609932	1.7653183258749	-10.0397848661059	2.94572193074316	-7.55979192498625	1.05399406524333	-6.40874186939837	-6.37004194518769	-4.82582371511663	-11.4198159155568	-5.98484501857657	-11.5011160176586	-9.72089722553855	-1.97126112895815	1.55331134764133	-11.0704816633288	-6.99125497217821	-0.258252591724484	-12.5652463550784	-11.9949306303216	2.37297159365903	-12.6096404744368	2.0807804406774	-4.07972194631649	-8.59841321901356	-6.06274601454917	-11.4397154729945	-12.9657842846621	-8.16669697858808	-9.41981591555679	-6.75945363679104	4.66396619932913	2.81037317822845	-7.73619636192144	-0.832873333099769	-2.08253005332081	-11.8547529722733	-2.13885451867251	-9.51160839147629	-6.40751665060635	-2.00966953519779	-6.10979458735361	-13.6096404744368	-11.5872726614084	-4.93765720234495	-3.92972059591839	-6.68186251235447	-9.52217763318647	-11.3808217839409	-6.77043668633987	-9.87493085421097	-2.86996532868209	-0.345674452804289	-1.01566585515951	-4.82910070696485	-12.2520884698187	-14.0246779737157	-7.91267294820252	-12.6096404744368	0.2096405139276	0.203188624709169	-8.90920075629572	-3.7830919871459	-9.9949306303216	-12.7027498788283	-6.70726535995079	-4.28743063068792	0.631001811282439	-3.09320173982886	-12.5652463550784	-13.4397154729945	-13.0860785183798	-2.95355084876735	-11.6323605509369	2.9837068766035	-12.6096404744368	-8.61528703757795	-10.1177873781071	-9.81522460808671	3.12308343919524	-14.2877123795494	-1.86365109419156	3.61168112958045	-1.60972853224139	-11.726997425075	-10.6789031368739	-12.5221776331865	-13.3617129609932	0.150156705470783	-11.6096404744368	-11.9372151324653	-10.4397154729945	-11.0097276322497	-10.7894615120216	-13.0246779737157
ERR1018227	-12.9092007562957	-14.4397154729945	-3.52052107652164	-11.4598933549321	-2.06238442173867	-9.82828076091215	-12.4001871088079	1.58555388446254	-9.86817348803566	-13.6096404744368	-3.97937334941004	-11.4001871088079	-10.4198159155568	-4.89668365273926	-11.3617129609932	5.02403371848783	-10.0397848661059	-0.00581132266480881	-2.71170050534267	-0.298584018683038	-5.33759395004687	-10.8282807609122	-9.9802838543572	-11.4198159155568	-5.60682545882976	-11.5011160176586	-9.72089722553855	0.0927351568279215	-0.0210722236186012	-11.0704816633288	-3.99401083746871	-2.17097855341544	-12.5652463550784	-11.9949306303216	-13.2173230516581	-12.6096404744368	-1.47180878257672	-4.09221713304034	-12.7516594793092	-8.66127324285213	-6.91267294820252	-12.9657842846621	-9.20024953829911	-6.71330807052687	-0.747947724968487	-0.275559272567026	0.47291401837478	-12.6554441640499	-9.91615351693749	-3.67006126012212	-11.8547529722733	-3.51655308399259	2.62984617896092	-5.41303834791364	-5.92840206265901	-7.04358643626572	-13.6096404744368	-11.5872726614084	-8.29675751915246	-12.9092007562957	-6.15225959536428	-3.05997611629521	-10.2697904715522	-5.28827604239737	-6.64963854236873	-1.30059051192167	0.700954557420603	2.88957672755513	-13.8022855523792	-12.2520884698187	-14.0246779737157	-11.2877123795494	4.46993610515	-12.7027498788283	-10.6907772371622	-12.6096404744368	-4.06057781586638	-13.5221776331865	-13.7027498788283	-2.07874649324289	-9.84145614965989	-0.502402961900415	-8.21303569325495	-4.4475639040625	-1.77833323063476	-4.76454251346384	2.28114628585502	-11.6323605509369	-0.458762723900067	-8.4906994017133	-12.4803574574918	-10.1177873781071	-12.6096404744368	2.7687856312166	-14.2877123795494	-1.31501972554518	1.8467179517175	-1.40901002476846	-11.726997425075	-10.6789031368739	-12.5221776331865	-13.3617129609932	-3.43533892996918	-9.42973138442188	-11.9372151324653	-9.06274601454917	-11.0097276322497	-10.7894615120216	-13.0246779737157
ERR1018226	-11.9092007562957	-9.60964047443681	-12.9657842846621	-11.4598933549321	-2.47601658765383	-10.8282807609122	-4.08045396918592	-5.99217300914262	-9.86817348803566	-3.02104294547752	-1.80233587046654	-11.4001871088079	-2.75185382093288	-13.9092007562957	-12.3617129609932	4.09434925108255	-10.0397848661059	1.22902180765853	-7.29675751915246	0.0113668210297267	-11.9949306303216	-10.8282807609122	-7.6323605509369	-11.4198159155568	-13.2877123795494	-9.78946151202162	-9.72089722553855	-2.05955507586003	0.831504361705839	-11.0704816633288	-9.22593618196276	1.09949720117019	-12.5652463550784	-5.34813316523476	-13.2173230516581	-3.97846341873283	0.0949926950320548	-3.8759895575981	-5.46625726044699	-7.51952805477252	-11.4397154729945	-12.9657842846621	-14.4397154729945	-4.79786441911015	-4.46817191904373	5.52334773130212	1.60356344359467	-12.6554441640499	0.027649494650658	-6.81685018013575	-11.8547529722733	-1.06084866256704	-4.29647399845961	-11.1177873781071	-14.6096404744368	-3.35919400429156	-10.4198159155568	-3.92818242422654	-12.0860785183798	-12.9092007562957	-12.7516594793092	-2.50594286768632	-3.42926507130866	-13.7027498788283	-7.02843989251185	0.271879808516219	1.49648791545605	-1.11032398816242	-7.0134507182924	-12.2520884698187	-14.0246779737157	-13.3617129609932	-2.41142566864856	-2.40110126769845	-10.6907772371622	-7.55707242363266	-10.543551283979	-13.5221776331865	-13.7027498788283	-10.8414561496599	-4.14713820183955	-0.184490149675173	-8.21303569325495	-12.5652463550784	-0.999971146387718	1.08257316328992	-3.01835189519072	-11.6323605509369	-7.53817811188019	-12.6096404744368	-12.4803574574918	-10.1177873781071	-11.5221776331865	-0.0197552951466102	-14.2877123795494	-2.75243700292865	3.41550720038247	0.518958066107357	-7.6266468997425	-10.6789031368739	-12.5221776331865	-13.3617129609932	-1.86627866757095	-6.75477209117658	-11.9372151324653	-10.4397154729945	-11.0097276322497	-4.93500681266955	-13.0246779737157
ERR1018225	1.20673698361261	-14.4397154729945	-12.9657842846621	-11.4598933549321	-4.04811385030033	-10.8282807609122	-12.4001871088079	-3.88491347290237	-5.97846341873283	-13.6096404744368	-7.79265685118143	-11.4001871088079	-11.4198159155568	-13.9092007562957	-12.3617129609932	0.801688443929817	-10.0397848661059	0.17018145776525	-13.9092007562957	-2.6398942236223	-3.53032237018281	-10.8282807609122	-9.9802838543572	-11.4198159155568	-13.2877123795494	-11.5011160176586	-9.72089722553855	0.632016885440427	0.320484678017694	-6.88172001987361	-9.22593618196276	1.2634010442317	-12.5652463550784	-1.84980429240592	-0.571235845494918	-12.6096404744368	-1.64408162848772	-11.4803574574918	-12.7516594793092	-7.53817811188019	-11.4397154729945	-12.9657842846621	-14.4397154729945	-13.5221776331865	-7.24113401292912	1.96989644729633	2.24307494358227	-12.6554441640499	0.0741354671242926	-3.9556758311878	-7.39289461624151	-5.29789215943185	-9.80228555237921	-9.28771237954945	-4.56081306107292	-11.8282807609122	-13.6096404744368	-6.04549098445108	-12.0860785183798	-4.53148966670216	-12.7516594793092	-13.9092007562957	-11.3808217839409	-13.7027498788283	-6.75477209117658	-11.4598933549321	0.606224267589409	-2.3613422502373	-2.25229466238823	-12.2520884698187	-14.0246779737157	-6.74545432978253	-1.26319599672763	-2.90206564450984	-1.83686198656908	-12.6096404744368	-2.58805317631231	-2.64205394714074	-13.7027498788283	-0.299826650147363	-9.84145614965989	-2.03416031691199	-4.5886605355326	-12.5652463550784	-13.4397154729945	-13.0860785183798	1.2264160463931	-11.6323605509369	5.92202915931566	-12.6096404744368	-12.4803574574918	-10.1177873781071	-12.6096404744368	2.71254735966361	-4.54456098543695	-2.97664527729385	0.719726676644407	-6.05217677283899	-11.726997425075	-10.6789031368739	-3.72929166628079	-13.3617129609932	0.878348681236995	-3.45055753870591	-11.9372151324653	-10.4397154729945	-11.0097276322497	-4.02608754397033	-13.0246779737157
ERR1018224	-12.9092007562957	-4.06250494260595	-12.9657842846621	-11.4598933549321	-4.54691970727177	-10.8282807609122	-12.4001871088079	-7.99125497217821	-9.86817348803566	-13.6096404744368	3.30828805704821	-11.4001871088079	-11.4198159155568	-13.9092007562957	-8.27425011974289	3.28297793515571	-10.0397848661059	-11.1339070434704	-13.9092007562957	5.18932288810318	-11.9949306303216	-10.8282807609122	-9.9802838543572	-11.4198159155568	-4.21410633897451	-6.83650126771712	-9.72089722553855	2.73749640827745	-11.9949306303216	-11.0704816633288	-9.22593618196276	-0.511608391476285	-12.5652463550784	-11.9949306303216	-13.2173230516581	-8.85475297227334	2.14969835152412	-4.22566624182896	-12.7516594793092	-12.6096404744368	-11.4397154729945	-12.9657842846621	-14.4397154729945	1.29497650853978	1.86918838202361	1.51022772975393	3.4321189262227	-12.6554441640499	-9.91615351693749	-2.44300661513751	-11.8547529722733	-8.7178567712185	-5.24495861857225	-5.63953458382463	-14.6096404744368	-6.16566093183556	-13.6096404744368	-11.5872726614084	-12.0860785183798	-12.9092007562957	-12.7516594793092	-5.94164193876428	-6.12280545287376	-13.7027498788283	-9.87493085421097	-0.850506491998028	-11.1339070434704	2.90423551867726	-13.8022855523792	-12.2520884698187	-14.0246779737157	-13.3617129609932	-12.6096404744368	-12.7027498788283	-10.6907772371622	-6.07145154238439	-10.543551283979	-13.5221776331865	-13.7027498788283	-10.8414561496599	-9.84145614965989	0.146980997223229	-8.21303569325495	-12.5652463550784	-13.4397154729945	-7.74545432978253	-1.68126089770778	-11.6323605509369	-8.11378544754964	-12.6096404744368	-12.4803574574918	-10.1177873781071	-2.23704744129607	-2.38903542078587	-14.2877123795494	-11.7767504602721	-8.54894454274926	-2.03931037340601	-10.726997425075	-10.6789031368739	-12.5221776331865	-7.07242207389822	0.617712234338247	-11.6096404744368	-11.9372151324653	-10.4397154729945	-5.02280068647499	-4.00903062199011	-13.0246779737157
ERR1018223	-12.9092007562957	-9.65544416404994	-3.88086962489415	-11.4598933549321	-4.69226839495997	-10.8282807609122	-1.90481821065731	3.35592682609979	-6.2709040918629	-3.9040080870754	-0.498239867020078	-11.4001871088079	-3.31516331300894	-5.32481637421219	-12.3617129609932	3.73682672808548	0.612324187206692	2.57677365042005	-1.53090590038383	2.04312398878302	-1.50901919632561	-2.80752805585075	-9.9802838543572	-11.4198159155568	-0.924344154589114	-11.5011160176586	-9.72089722553855	-0.144887345214856	3.02707264099791	-11.0704816633288	-8.22593618196276	-2.04930764022437	-12.5652463550784	0.193052581734246	2.46194234511006	-12.6096404744368	-0.0996335740360644	-4.88982387141869	-6.40018710880786	-4.55435803893562	-11.4397154729945	-12.9657842846621	-14.4397154729945	-3.42151529418127	0.377667954902733	2.05040417945901	2.69567763232987	-12.6554441640499	0.142674831187115	-4.52616114710497	-8.83485341483564	0.992188336253312	0.240216619694175	-0.0514440038268515	0.111098102279772	-6.33235307430646	-13.6096404744368	-11.5872726614084	-3.91506493691082	-12.9092007562957	-4.36795518683519	-6.91441218294106	-1.43713483234384	-13.7027498788283	-4.05505162275917	-8.89539495677069	-0.36238048049556	-1.91126136222971	-3.39760013319826	-12.2520884698187	-14.0246779737157	-3.46354916980529	-0.413422585016317	-4.6766875822421	-10.6907772371622	-12.6096404744368	-1.52516423698292	-2.09209410442636	-13.7027498788283	-1.4802769522023	0.741315967427512	-1.66735507377177	-8.21303569325495	-12.5652463550784	2.0172734400653	0.660189332561099	1.07769419790833	-3.18560544113815	-0.329159664118438	-12.6096404744368	-12.4803574574918	-10.1177873781071	-7.15636984042619	2.51713204655224	-4.36557401024199	-0.850480478509971	1.63269630663675	1.23394939794521	-11.726997425075	-10.6789031368739	-12.5221776331865	-9.52217763318647	-2.91975166990788	-11.6096404744368	-11.9372151324653	-10.4397154729945	-11.0097276322497	-10.7894615120216	-13.0246779737157
ERR1018222	-12.9092007562957	-14.4397154729945	-3.29222786067194	-11.4598933549321	-5.44913872688112	-10.8282807609122	4.65918932709627	3.10056058468467	-9.86817348803566	-3.77536695920211	-4.5649048483799	-11.4001871088079	-11.4198159155568	-4.92533016331246	-12.3617129609932	4.11276934709388	0.761268250310853	-2.29307608903987	-13.9092007562957	-0.768887133504861	-0.555841835261922	-10.8282807609122	-9.9802838543572	-11.4198159155568	-1.99700231083204	-5.66859286809623	-9.72089722553855	0.284194288546651	-1.32966723406242	-11.0704816633288	-9.22593618196276	-1.65771834567551	-12.5652463550784	-11.9949306303216	-1.18196752534191	-12.6096404744368	-2.28806464302108	-11.4803574574918	-10.4397154729945	-9.69077723716222	-11.4397154729945	-12.9657842846621	-8.55435803893562	-6.47649826203621	-2.07266480882617	4.37456517604678	1.06726698228818	-5.30528915277357	-1.17592464374844	-5.10929650516641	-3.24687473028285	-1.58931156141911	-2.45878255189796	-3.78368793691309	-3.4136531764083	-11.8282807609122	-13.6096404744368	-11.5872726614084	-7.7117950184313	-12.9092007562957	-11.7516594793092	-5.95142899168502	-10.2346010430899	-6.84311156583795	-9.87493085421097	-3.12230285922963	-0.0851752791152511	-6.36646649096386	-5.44850859145251	-12.2520884698187	-14.0246779737157	-7.36171296099323	-12.6096404744368	-12.7027498788283	1.70853158731076	-11.5652463550784	-2.10091720006898	-13.5221776331865	-13.7027498788283	-0.553701416382315	-3.62415427533218	1.68745491137894	-8.21303569325495	-12.5652463550784	0.289869868302402	-2.39441084868889	0.955201193013027	1.26673257914395	1.48944531408552	-12.6096404744368	-12.4803574574918	-5.21357091679694	-12.6096404744368	-1.58952863534873	-14.2877123795494	-3.26381944548619	-3.05121976116815	-3.01975529514661	-11.726997425075	-4.69600304638771	-6.23026210736555	-13.3617129609932	-2.59152724948799	-9.03978486610586	-5.20396714215495	-10.4397154729945	-11.0097276322497	-10.7894615120216	-13.0246779737157
ERR1018221	-12.9092007562957	-6.20556333819558	-3.42105162872946	-11.4598933549321	-3.51325473998416	-10.8282807609122	2.69606505555039	3.67950937536143	-9.86817348803566	-2.83856373417401	0.404924914956981	-4.1566271199705	-2.31136306543162	-5.50963525001409	-12.3617129609932	3.65532778349483	0.208704529568595	-5.96939553821447	-1.55486659720687	0.638194346432011	-11.9949306303216	-6.91093580766647	-5.62308732468015	-11.4198159155568	0.268530210737552	-11.5011160176586	-9.72089722553855	-0.0243111240391866	1.85997352258206	-11.0704816633288	-9.22593618196276	-1.3429271242673	-12.5652463550784	-11.9949306303216	-7.55979192498625	-12.6096404744368	0.272572682513088	-3.79626008751208	-4.85183380223958	-4.66969402197812	-11.4397154729945	-12.9657842846621	-8.15431325413225	-4.95724361295913	-4.41058165078379	3.85805163570701	-0.504980299536848	-12.6554441640499	2.54358744092614	-0.574519210732803	-9.35225263174416	-0.730057224824029	-7.96218204798189	-12.1177873781071	-14.6096404744368	-3.81502154030667	-13.6096404744368	-11.5872726614084	-4.88811401042934	-12.9092007562957	-3.90573690099215	-5.65253843287453	-3.76062640074199	-0.493032530658558	-6.82010682946645	-2.47641797180379	-11.1339070434704	-4.46561960516992	-10.4598933549321	-12.2520884698187	-8.90228134235593	-2.11228758095976	-12.6096404744368	-12.7027498788283	-10.6907772371622	-12.6096404744368	-2.14152558805871	-9.78946151202162	-13.7027498788283	-9.63236055093689	-1.53893250607383	2.17651426812214	-8.21303569325495	-12.5652463550784	-13.4397154729945	-8.38082178394093	-0.240469156852898	-4.94252893236178	-7.98393163137235	-12.6096404744368	-12.4803574574918	-10.1177873781071	-12.6096404744368	1.45583351330517	-14.2877123795494	0.617166809748942	4.14964226630841	1.54196576605851	-11.726997425075	-1.53558265830215	-12.5221776331865	-13.3617129609932	-1.3567533333509	-11.6096404744368	-11.9372151324653	-8.10979458735361	-11.0097276322497	-10.7894615120216	-13.0246779737157
ERR1018220	-1.88635283620343	-14.4397154729945	-6.80712410931559	-11.4598933549321	-0.69859965253742	-10.8282807609122	-7.53015569061	2.42646336323173	-3.72795291556681	-13.6096404744368	-2.91517375795865	-11.4001871088079	-7.3013014442974	-9.243318260191	-12.3617129609932	3.59763485861772	-1.42553998252781	-5.03315612763996	-2.66474543475894	1.66895871225172	-2.30685877316971	-10.8282807609122	-9.9802838543572	-11.4198159155568	-12.2877123795494	-11.5011160176586	-9.72089722553855	-1.39308405817479	1.9382029733533	-11.0704816633288	-3.05649119883826	-0.478969370487115	-12.5652463550784	-11.9949306303216	2.54448291332509	-5.68260330571652	0.693069839856774	-11.4803574574918	-12.7516594793092	-6.99677197714577	-11.4397154729945	-12.9657842846621	-14.4397154729945	-13.5221776331865	0.0762033369892713	0.81732036207725	2.2130454896981	-12.6554441640499	-4.02326977932285	-2.79716230450067	-8.33351606916257	-0.9720250210406	-11.726997425075	-7.5462453931483	-2.72289601166455	-11.8282807609122	-13.6096404744368	-11.5872726614084	-10.4001871088079	-1.89421466252095	-5.59701593557175	-8.29675751915246	-11.3808217839409	-5.27536718912962	-2.34036766259131	-3.6521756276316	1.78434902622924	2.64058853875202	-3.96218204798189	-5.15739923400599	-14.0246779737157	-4.58415481762842	1.75731346365458	-1.48928108140382	-10.6907772371622	-12.6096404744368	-1.66168398753226	-9.18337571973471	-13.7027498788283	0.470104707676897	-9.84145614965989	0.530630127685673	-8.21303569325495	-12.5652463550784	-13.4397154729945	-13.0860785183798	-1.93854174868835	-11.6323605509369	4.76835267349475	-12.6096404744368	-12.4803574574918	-10.1177873781071	-11.6096404744368	3.3143659003678	-14.2877123795494	-0.114082084754529	-1.63953458382463	-3.65890233838939	-11.726997425075	-10.6789031368739	-7.5462453931483	-13.3617129609932	-2.70359545570561	-5.01484935634755	-11.9372151324653	-10.4397154729945	-11.0097276322497	-6.83156334490145	-11.9657842846621
ERR1018219	-12.9092007562957	-5.23242994404826	-12.9657842846621	-11.4598933549321	-0.986073293957078	-10.8282807609122	-12.4001871088079	-13.1502088557995	-9.86817348803566	-13.6096404744368	-5.99953841143715	-11.4001871088079	-1.43303875768551	-13.9092007562957	-8.6266468997425	5.99499260716931	-10.0397848661059	-3.49134824140982	0.0117675497773542	1.12473838443067	-11.9949306303216	-10.8282807609122	-9.9802838543572	-7.34285393374191	-13.2877123795494	-6.243318260191	-7.87832144341175	-3.65489889347681	2.46930774073744	-5.99585100996423	-9.22593618196276	-9.53817811188019	-12.5652463550784	-11.9949306303216	-13.2173230516581	-4.09640636063076	-10.6554441640499	-6.5235042494095	-12.7516594793092	-6.99125497217821	-11.4397154729945	-12.9657842846621	-14.4397154729945	-0.818274059741809	1.04013494840128	-1.28521377912973	-1.44222232860507	-12.6554441640499	-2.85652821159076	-1.92719446486756	-11.8547529722733	-3.14611610116563	3.80272365888158	-3.83732590051516	-14.6096404744368	-5.25153876699596	-13.6096404744368	-5.65181291360307	-12.0860785183798	-12.9092007562957	-12.7516594793092	-4.06854385908729	-5.0900042215936	-13.7027498788283	0.695388110282014	-0.598806448936736	-11.1339070434704	0.277020645454111	-4.85725982788392	-12.2520884698187	-6.35934205653048	-9.11778737810714	-12.6096404744368	-12.7027498788283	-10.6907772371622	-6.29902769277728	-10.543551283979	-13.5221776331865	-7.59283218675026	-10.8414561496599	-3.28447558494776	-1.33129991940875	-8.21303569325495	-12.5652463550784	-13.4397154729945	-13.0860785183798	-12.0246779737157	-11.6323605509369	-0.792806806491143	-12.6096404744368	-12.4803574574918	-10.1177873781071	-8.86144762484735	-0.734203075240248	-3.19389870614672	-8.53282487738598	0.807973087477712	-2.2481763998052	-9.53282487738598	-10.6789031368739	-12.5221776331865	-12.1502088557995	-0.518453051969707	-2.55215635563791	-11.9372151324653	-10.4397154729945	-11.0097276322497	-7.19178795955091	-13.0246779737157
ERR1018218	-12.9092007562957	-14.4397154729945	-12.9657842846621	-11.4598933549321	-2.81258695380701	-10.8282807609122	-12.4001871088079	3.14743370245989	-1.42876006879851	-13.6096404744368	0.0965857145625073	-11.4001871088079	-10.2002495382991	-13.9092007562957	-12.3617129609932	4.27371803187712	-3.60911224044999	-0.826002733335982	-3.18180387097829	0.194641828143477	-1.84316332821317	-7.18968029658892	-8.04739805021574	-11.4198159155568	-13.2877123795494	-11.5011160176586	-9.72089722553855	-1.32662448955212	-4.73850529019377	-11.0704816633288	-9.22593618196276	-2.58926815055233	-12.5652463550784	-11.9949306303216	-8.31501972554518	-4.19099722506091	0.107835143889347	-4.85308415191273	-8.40018710880786	-11.2877123795494	-11.4397154729945	-12.9657842846621	-14.4397154729945	-13.5221776331865	-5.43533892996918	-1.44328121618211	3.21438440491741	-12.6554441640499	0.263334935996507	-3.3345344592907	-11.8547529722733	1.85779791048504	-4.0617819683784	-12.1177873781071	-1.60274465440557	-5.19601254541264	-13.6096404744368	-5.15123386120028	-6.07436509781601	-12.9092007562957	-4.9001258137301	-10.1666969785881	-11.3808217839409	-5.34402542795235	2.43640173539474	-4.11178863748569	-11.1339070434704	4.0291604299011	-13.8022855523792	-12.2520884698187	-14.0246779737157	-6.10780328953452	-12.6096404744368	-12.7027498788283	-10.6907772371622	-12.6096404744368	-1.57157885430321	-13.5221776331865	-13.7027498788283	-0.430742246862865	-9.84145614965989	0.976664242261131	-8.21303569325495	-12.5652463550784	-8.6266468997425	-13.0860785183798	2.46949009227667	-11.6323605509369	4.07153186767685	-12.6096404744368	-12.4803574574918	-10.1177873781071	-12.6096404744368	1.44078214660354	-14.2877123795494	-7.6323605509369	-7.76101753400747	-5.77437955580932	-11.726997425075	-9.67890313687393	-12.5221776331865	-13.3617129609932	-2.62184354539427	-6.64674446909955	-11.9372151324653	-10.4397154729945	-11.0097276322497	-0.00356786488029882	-13.0246779737157
ERR1018217	-12.9092007562957	-6.95142899168502	-12.9657842846621	-9.76415042349244	-0.55620241622745	-10.8282807609122	-12.4001871088079	-5.27928375747887	-9.86817348803566	-13.6096404744368	2.47889416913021	-11.4001871088079	-11.4198159155568	-13.9092007562957	-12.3617129609932	0.778031909045879	-10.0397848661059	2.94375258042301	-9.78946151202162	1.93846270645552	-11.9949306303216	-10.8282807609122	-9.9802838543572	-6.3013014442974	-13.2877123795494	-11.5011160176586	-9.72089722553855	-7.73005722482403	-10.9949306303216	-8.25208846981873	-9.22593618196276	2.35121275951649	-12.5652463550784	-11.9949306303216	-10.4397154729945	-12.6096404744368	0.874875638329751	-0.799319887261142	-12.7516594793092	-8.19178795955091	-5.8160371651574	-12.9657842846621	-9.14203492435381	-3.70181092985868	-1.85350117606388	3.28448896285257	3.60862948586567	-12.6554441640499	-5.13542753724287	-3.5065166179587	-11.8547529722733	1.86241171542654	-11.726997425075	-4.70575862870063	-1.88555301264282	-3.70462961204652	-10.1833757197347	-0.738529360987218	-12.0860785183798	-12.9092007562957	-6.6323605509369	-9.14203492435381	-3.28616344128639	-13.7027498788283	0.95345150136626	-11.4598933549321	3.78236348000289	0.468291360015459	-3.63397160084288	-12.2520884698187	-14.0246779737157	-9.72699742507497	2.61107084474156	-8.64385618977473	-10.6907772371622	-8.84808924199233	-10.543551283979	-13.5221776331865	-6.32423825557456	-9.84145614965989	-9.84145614965989	-2.32626268515125	-8.21303569325495	-5.4434773917907	-13.4397154729945	-13.0860785183798	-1.58018068661185	-11.6323605509369	-10.0397848661059	-1.34014849129717	-12.4803574574918	-10.1177873781071	-7.93368344149506	3.72624050645421	-5.64529960664439	-11.7767504602721	-0.881188464272415	-4.09541956507868	-11.726997425075	-10.6789031368739	-12.5221776331865	-13.3617129609932	1.90401388092705	-11.6096404744368	-4.65290132937773	-5.13694963519403	-11.0097276322497	1.90385967805961	-13.0246779737157
ERR1018216	-12.9092007562957	-10.2002495382991	-9.85475297227334	-8.0860785183798	-1.74424549569903	-8.89539495677069	-7.83815100493621	0.191297332121166	-9.86817348803566	-5.8160371651574	-0.925905646426127	-11.4001871088079	-5.55843153352205	-12.4397154729945	-12.3617129609932	4.70047855940779	-10.0397848661059	4.24618991823438	-1.56098332071092	0.0321290618649526	-2.3577882652754	-5.11228758095976	-7.62095578766465	-7.33817744653244	-4.64891447959775	-11.5011160176586	-6.48293600159362	-4.37392537967492	3.36535519711612	-11.0704816633288	-9.22593618196276	1.33611768268044	-12.5652463550784	-11.9949306303216	3.99671955211795	-6.0218629581086	1.63320798805286	-1.13612496613644	-3.87091485194339	-4.92270230276642	-11.4397154729945	-4.04192201658606	-8.62095578766464	-3.42461021125553	-0.0373547389243267	-0.48325864389417	0.635345782610895	-12.6554441640499	1.16909761907992	0.991883693233777	-11.8547529722733	-1.4442623610907	-3.24975367796305	-5.11878959769651	-14.6096404744368	-2.19033861055923	-13.6096404744368	-11.5872726614084	-12.0860785183798	-12.9092007562957	-0.854935616669956	-3.58138904627402	-11.3808217839409	-6.96218204798189	-9.87493085421097	0.134142065893945	-11.1339070434704	-8.59283218675026	-4.14203492435381	-12.2520884698187	-14.0246779737157	-1.70773653636207	-12.6096404744368	1.01379810513096	-10.6907772371622	-9.59841321901356	-2.8222480077003	-9.39047195397465	-13.7027498788283	-10.8414561496599	-6.20024953829911	0.891395854662138	-8.21303569325495	-5.42414555022595	-4.2636808780327	-5.61741020947092	-4.34373246520571	-3.38383053381327	-4.46721427211783	-12.6096404744368	-12.4803574574918	-4.93324258739205	-12.6096404744368	0.863748192379312	-14.2877123795494	-0.0176068938620624	-4.78269482402133	-0.702045609817047	-11.726997425075	-6.39532135363605	-10.5652463550784	-13.3617129609932	-2.14031663454995	-5.05169818764936	-1.77043668633987	-10.4397154729945	-11.0097276322497	-10.7894615120216	-13.0246779737157
ERR1018215	-6.5693507534111	-4.24167976479524	-7.44976913765842	-9.66712596909757	1.90876296004263	-10.8282807609122	-12.4001871088079	-2.70068499714735	-4.81441250840813	-13.6096404744368	3.59327607611471	-11.4001871088079	-11.4198159155568	-9.35225263174416	-7.38563880023871	4.52350173796379	-10.0397848661059	1.42523907017265	-8.51688333351696	3.51137062497506	-8.84808924199233	-10.8282807609122	-9.9802838543572	-11.4198159155568	-13.2877123795494	-6.70274987882829	-9.72089722553855	-3.92423463965067	3.1799966440227	-11.0704816633288	-9.22593618196276	0.729365691949537	-12.5652463550784	-7.59841321901356	1.33612911123522	-12.6096404744368	1.50786566343707	-5.43035336979081	-6.74700311687802	-4.83567710600325	-11.4397154729945	-12.9657842846621	-14.4397154729945	-3.80208429757789	0.371737271836387	2.18163690110487	2.01201079508001	-8.17918792277128	-6.12079612797948	-6.16152416902735	-11.8547529722733	-0.961058191073076	-6.74855356844142	-5.38744933598048	-0.807831089993129	-9.03978486610586	-13.6096404744368	-11.5872726614084	-12.0860785183798	-12.9092007562957	-12.7516594793092	-9.76415042349244	1.0813055369017	-13.7027498788283	-9.87493085421097	-7.39289461624151	-2.0924016956351	-1.23249774146085	-7.50897813543161	-12.2520884698187	-14.0246779737157	-13.3617129609932	-3.75457735606919	-12.7027498788283	-10.6907772371622	-6.86480663693727	-4.71255134612406	-6.30928791410859	-13.7027498788283	-8.18337571973471	-9.84145614965989	-1.18688580865371	-8.21303569325495	-12.5652463550784	-6.81197894858305	-10.1018458342381	-6.90055666188647	-11.6323605509369	3.37485586714366	-12.6096404744368	-12.4803574574918	-10.1177873781071	-12.6096404744368	1.01725205703788	-14.2877123795494	-11.7767504602721	0.195057770208024	-11.5652463550784	-11.726997425075	-10.6789031368739	-11.5221776331865	-7.84476888370072	0.934139030353971	-11.6096404744368	-11.9372151324653	-10.4397154729945	-11.0097276322497	-0.650385612902067	-13.0246779737157
ERR1018214	1.37129678405755	-10.3242382555746	-12.9657842846621	-11.4598933549321	-4.77833323063476	-10.8282807609122	-12.4001871088079	1.81123672769467	-9.86817348803566	-7.02092583885455	-6.30700155064926	-11.4001871088079	-11.4198159155568	-13.9092007562957	-12.3617129609932	6.1860480598066	-3.68352983265151	-1.4952474195695	-0.859744865965084	-2.42848821757125	-2.68984604559766	-8.09394063615277	-9.9802838543572	-11.4198159155568	-13.2877123795494	-11.5011160176586	-9.72089722553855	-1.61272570009133	-3.86417622615997	-11.0704816633288	-9.22593618196276	-9.53817811188019	-12.5652463550784	-11.9949306303216	1.79330079114929	-5.52616114710497	-4.74777813437766	-8.31501972554518	-12.7516594793092	-12.6096404744368	-11.4397154729945	-12.9657842846621	-14.4397154729945	-9.57621747289936	-2.58813992626218	0.439176298288351	-0.770485905760267	-5.42910966709233	-3.44363435148632	0.161707132705864	-11.8547529722733	-2.56635681047713	0.128781696376315	-6.9639820420281	-7.29222786067194	-11.8282807609122	-13.6096404744368	-11.5872726614084	-12.0860785183798	-12.9092007562957	-12.7516594793092	-6.00416095637514	-9.21732305165805	-13.7027498788283	-9.87493085421097	-2.10097909042058	-11.1339070434704	-0.536231084080838	-13.8022855523792	-12.2520884698187	-14.0246779737157	-13.3617129609932	0.531019571618633	-1.39160707038105	-10.6907772371622	-12.6096404744368	-1.65694472163063	-6.62237646236427	-13.7027498788283	-8.26979047155219	-9.84145614965989	2.12750121921584	-8.21303569325495	-12.5652463550784	-13.4397154729945	-13.0860785183798	-0.738553432182288	-11.6323605509369	0.681125381594945	-12.6096404744368	-11.4803574574918	-10.1177873781071	-12.6096404744368	-1.11297391010882	-14.2877123795494	-6.62950089679765	-2.36356794497199	-0.882757116947805	-11.726997425075	-4.74661576419993	-12.5221776331865	-13.3617129609932	-2.36602018158957	-11.6096404744368	-11.9372151324653	-10.4397154729945	-11.0097276322497	-5.76336656308691	-13.0246779737157
ERR1018213	-11.7027498788283	-1.17507739887817	-9.25208846981873	-9.76415042349244	0.823847166826116	-10.8282807609122	-3.2255312907002	-6.90055666188647	-4.6911498821445	-13.6096404744368	4.21546815588054	-11.4001871088079	-8.72089722553855	-9.59841321901356	-1.91577242048869	1.2671162618804	-10.0397848661059	2.14864456057194	-5.17136841831198	4.30659108187926	-10.0860785183798	-4.46881070366381	-9.9802838543572	-5.69525534228137	-13.2877123795494	-4.51919719935521	-9.72089722553855	-8.36171296099323	2.51239125081881	-8.02843989251186	-9.22593618196276	-9.53817811188019	-9.0023101606872	-11.9949306303216	-13.2173230516581	-12.6096404744368	2.48196536231921	-0.483722568650392	-12.7516594793092	-5.00092362041624	-11.4397154729945	-5.95500444590884	-7.40018710880786	-2.11422261840583	2.77558789535762	1.43828220434398	0.18570165645569	-12.6554441640499	-9.91615351693749	-1.43210414267776	-11.8547529722733	-8.7178567712185	-5.82337084678835	-4.52848995316494	-14.6096404744368	-2.60375281176625	-8.243318260191	-11.5872726614084	-12.0860785183798	-12.9092007562957	-1.69161582376948	-13.9092007562957	-3.72089722553855	-13.7027498788283	-6.06854385908729	-1.80138012678078	-3.5912664036158	4.19711838004716	-5.56115360044448	-2.4641859104273	-14.0246779737157	-13.3617129609932	-12.6096404744368	-6.20449901130047	-10.6907772371622	-4.31157790671779	-10.543551283979	-10.4198159155568	-5.88086962489415	-10.8414561496599	-9.84145614965989	-2.95645950910923	-8.21303569325495	-12.5652463550784	-6.12381116573491	-13.0860785183798	-2.90530450325449	-11.6323605509369	-9.22593618196276	-12.6096404744368	-12.4803574574918	-10.1177873781071	-6.6641966380589	0.203664749285143	-3.83033150047691	-11.7767504602721	-8.11778737810714	-1.43089782704644	-6.96218204798189	-10.6789031368739	-9.62095578766464	-4.45830675514516	2.74147345828962	-11.6096404744368	-7.51952805477252	-10.4397154729945	-3.16152416902735	-3.31415850074144	-7.44724914567991
ERR1018212	-12.9092007562957	-7.07242207389822	-1.39111507694672	-4.95053651096315	-8.31962162750419	-10.8282807609122	-1.09869091382531	-0.803972164409265	-4.90703487232656	-1.3073942615919	-2.44355586950393	-11.4001871088079	-4.45197774722836	-3.43144248985183	-12.3617129609932	4.09536073077528	-0.777368523292246	5.18133237746699	-2.48463067922429	-1.36799242392118	-7.15842936260448	-4.02891082283785	-9.9802838543572	-11.4198159155568	-1.49630526307168	-11.5011160176586	-9.72089722553855	-3.06443464701121	0.365446188724037	-8.12582469717256	-1.62184354539427	-2.01315950595398	-12.5652463550784	-11.9949306303216	0.138093596487284	-12.6096404744368	-1.61940352490923	-2.47040890371746	-2.74884446370219	-6.09887630651892	-11.4397154729945	-12.9657842846621	-6.90920075629572	-0.13294172835162	0.159603353986728	2.61061502848694	-0.281193440247423	-1.02497152063528	2.25118887102195	-1.38033345421261	-9.31501972554518	-4.25732111958997	-11.726997425075	-6.52882294682848	-2.26624653281539	-4.84228362031113	-13.6096404744368	-7.91964250301737	-7.00601412945062	-12.9092007562957	-12.7516594793092	-3.21893410156404	-5.77991773935075	1.31415704534995	-9.87493085421097	-1.47589619418173	-11.1339070434704	-3.15933132889888	-13.8022855523792	-12.2520884698187	-14.0246779737157	-2.23168438271294	0.783724842888489	-2.93776774098354	-5.61458000740409	-12.6096404744368	-4.33438893096648	-3.74758434096735	-13.7027498788283	-3.75652589099652	-4.05385307235304	0.30283958494283	-8.21303569325495	-12.5652463550784	-5.83485341483564	-13.0860785183798	1.45753125628857	-11.6323605509369	-14.0246779737157	-9.80228555237921	-4.75010568805416	-10.1177873781071	-12.6096404744368	2.46409316523824	-14.2877123795494	-0.353984846360972	2.74643961480913	0.608705175673392	-11.726997425075	-10.6789031368739	-12.5221776331865	-9.70274987882829	-2.7557461611892	-11.6096404744368	-11.9372151324653	-10.4397154729945	-11.0097276322497	-10.7894615120216	-13.0246779737157
ERR1018211	-12.9092007562957	-7.48551916260762	-2.42259776009692	-6.50897813543161	-1.26600364025787	-10.8282807609122	-0.412270180576986	3.01496223993271	-9.86817348803566	-3.50242339884543	-1.00584029331736	-7.08411966534174	-4.44473354776112	-4.24304504836537	-12.3617129609932	3.64257797296853	-10.0397848661059	3.941987062846	-4.24934204781877	0.381416282623109	-11.9949306303216	-3.45008444637804	-9.9802838543572	-11.4198159155568	-2.27494818674295	-7.88854128572963	-9.72089722553855	-1.37988283497132	1.27692539055103	-11.0704816633288	-9.22593618196276	-0.507111099956182	-12.5652463550784	-1.02353371109312	-0.270555993166337	-12.6096404744368	-0.212383657914828	-1.69483492895236	-7.72699742507497	-6.01624935164508	-11.4397154729945	-12.9657842846621	-7.08020992029066	-5.55707242363266	-0.926536200959152	0.480203069320378	-0.105566359916235	-12.6554441640499	1.95441967813292	-3.79125801939566	-8.82828076091215	-1.57067863005856	-2.05229644394692	0.988332035374986	-1.40052985051412	-2.17631584772089	-12.6096404744368	-6.93016037493137	-6.32308271282885	2.11938273964975	-2.20463200923012	-4.98210658996402	-4.30215502584733	-13.7027498788283	-1.78458232339725	-3.389715705574	-11.1339070434704	-5.08118636367202	-13.8022855523792	-12.2520884698187	-14.0246779737157	-4.15379956531041	-12.6096404744368	-8.22593618196276	-10.6907772371622	-12.6096404744368	-4.65689922725032	-3.77833323063476	-13.7027498788283	-2.57209352047463	-3.63666068837052	-1.47878841408241	-8.21303569325495	-12.5652463550784	2.99436067860403	-0.417578879622103	-3.59196209744043	1.3387666844218	0.0201430163861817	-12.6096404744368	-7.14203492435381	-4.45355739814813	-12.6096404744368	1.47199899197526	-7.5462453931483	-1.00871127146107	4.24958945168915	0.874741892644166	-11.726997425075	-10.6789031368739	-10.9092007562957	0.792705454181577	-2.52425100746316	-11.6096404744368	-11.9372151324653	-10.4397154729945	-11.0097276322497	-10.7894615120216	-13.0246779737157
ERR1018210	-12.9092007562957	-14.4397154729945	-9.40996812960045	-11.4598933549321	-14.2877123795494	-9.243318260191	-1.13666411947909	1.81053359078902	-9.86817348803566	-13.6096404744368	2.8520348041305	-11.4001871088079	-3.39410747469116	-9.20024953829911	-8.86144762484735	5.1106472104986	-10.0397848661059	4.49243198178417	-2.84829701833616	2.41364011361119	-1.85459643833505	-3.10209357100199	-9.9802838543572	-4.4646636503867	-13.2877123795494	-11.5011160176586	-9.72089722553855	1.19072230775562	-9.51160839147629	-8.3013014442974	-9.22593618196276	-9.53817811188019	-9.92313994725359	-11.9949306303216	2.05846197010896	-12.6096404744368	-9.65544416404994	0.045009537962598	0.275090506782362	-9.243318260191	-11.4397154729945	-5.08804003471309	-7.07242207389822	-0.347105133910529	-0.211782040587804	-7.66712596909757	-8.77675046027207	-12.6554441640499	-9.91615351693749	1.52014059690538	-11.8547529722733	-8.7178567712185	-4.12230285922963	-12.1177873781071	-14.6096404744368	-2.21544576441738	-13.6096404744368	-11.5872726614084	-12.0860785183798	-12.9092007562957	-1.14614803085326	-3.19905662579897	-2.3628256651445	-5.44222232860507	-0.495491468464765	2.08550283977492	-11.1339070434704	-5.80954948681182	-8.59841321901356	-12.2520884698187	-14.0246779737157	-3.80712410931559	-12.6096404744368	-4.88470035597445	-10.6907772371622	-12.6096404744368	-10.543551283979	-13.5221776331865	-12.3617129609932	-10.8414561496599	-9.84145614965989	-0.232921547488585	-8.21303569325495	-12.5652463550784	-13.4397154729945	-13.0860785183798	-3.11641046199466	-11.6323605509369	-10.1833757197347	-12.6096404744368	-12.4803574574918	-10.1177873781071	-12.6096404744368	-9.51160839147629	-7.6641966380589	-6.88683294326727	-12.8022855523792	1.62875026930506	-11.726997425075	-1.48628692975065	-12.5221776331865	-13.3617129609932	0.860335143612442	-11.6096404744368	-11.9372151324653	-10.4397154729945	-3.4771407448083	-6.79105829695595	-13.0246779737157
ERR1018209	-12.9092007562957	-8.30585972625971	-3.83835735479581	-11.4598933549321	-1.87906419820227	-10.8282807609122	-11.4001871088079	1.61265917156098	-9.86817348803566	-13.6096404744368	-10.7027498788283	-11.4001871088079	0.234280576852223	-5.23460104308989	-12.3617129609932	5.78345272544683	-10.0397848661059	1.64605203093261	-1.23005903958551	0.0809577672683536	-11.9949306303216	-4.46021088438007	-9.9802838543572	-11.4198159155568	-13.2877123795494	-11.5011160176586	-9.72089722553855	-5.42105162872946	-0.746591558110364	-7.00601412945062	-9.22593618196276	-2.89775844608472	-12.5652463550784	-1.11216282891326	0.121002134739076	-7.39289461624151	-0.816773940515464	-2.41234697890768	-12.7516594793092	-1.97165717065896	-11.4397154729945	-12.9657842846621	-8.03978486610586	-2.88406119401721	-0.0376508768322345	-0.951903346727056	2.41238591527871	-12.6554441640499	-1.97143084780323	-1.85668495528028	-8.75789143302075	-8.7178567712185	-8.15020885579951	-5.58035324746857	-14.6096404744368	-3.44175196125616	-13.6096404744368	-3.32771044748137	-12.0860785183798	-12.9092007562957	-12.7516594793092	-2.76228944996464	-5.17188840211321	-6.88512662131686	-3.97369567564809	-0.693457765762195	-0.376076966818733	-13.1502088557995	0.425781538703535	-12.2520884698187	-14.0246779737157	-13.3617129609932	-0.743424066699359	-12.7027498788283	-10.6907772371622	-12.6096404744368	-3.05205711165691	-13.5221776331865	-13.7027498788283	-10.8414561496599	-0.422713786774084	2.81587459312072	-8.21303569325495	-12.5652463550784	-13.4397154729945	-13.0860785183798	-0.307983528513269	-11.6323605509369	-7.33351606916257	-12.6096404744368	-12.4803574574918	-1.89249959280011	-12.6096404744368	1.35599727906902	-10.9092007562957	0.173037862050151	2.94116454355537	-5.20662845086181	-11.726997425075	-1.6937144253207	-12.5221776331865	-13.3617129609932	-1.57162173613896	-11.6096404744368	-11.9372151324653	-10.4397154729945	-11.0097276322497	-6.88512662131686	-13.0246779737157
ERR1018208	-6.52217763318647	-9.65544416404994	-5.23949799494141	-11.4598933549321	-4.2272866407723	-10.8282807609122	-7.71482271112887	-5.6510877590058	-9.86817348803566	-8.39532135363605	-3.40766974606369	-11.4001871088079	-9.10979458735361	-7.12784104277106	-12.3617129609932	0.532795700026432	-10.0397848661059	-0.831486323802506	-5.79105829695595	0.0623427976550524	-11.9949306303216	-10.8282807609122	-9.9802838543572	-11.4198159155568	-10.9092007562957	-11.5011160176586	-9.72089722553855	-4.6323605509369	-0.425714381369795	-11.0704816633288	-9.22593618196276	-0.448331415441421	-12.5652463550784	-11.9949306303216	-0.488977336947075	-12.6096404744368	-1.31846977511495	-6.00879836004951	-7.44724914567991	-7.90573690099215	-11.4397154729945	-12.9657842846621	-10.4397154729945	-5.98210658996402	6.34706145439459	2.75115732482021	-1.26485912583162	-12.6554441640499	-8.91615351693749	-4.97301585389316	-11.8547529722733	-3.03386489456205	-11.726997425075	-12.1177873781071	-1.0885615110845	-8.36171296099323	-13.6096404744368	-11.5872726614084	-12.0860785183798	-12.9092007562957	-12.7516594793092	-13.9092007562957	-10.3808217839409	-13.7027498788283	-5.5845009121583	-5.87070379276067	-2.54902897259805	-0.15696486901591	-13.8022855523792	-12.2520884698187	-14.0246779737157	-13.3617129609932	-6.47778351382802	-9.92313994725359	-10.6907772371622	-12.6096404744368	-8.33817744653244	-10.8817200198736	-13.7027498788283	-3.93588973499875	-9.84145614965989	-5.66566056009307	-8.21303569325495	-12.5652463550784	-11.5221776331865	-13.0860785183798	-4.21812835172969	-11.6323605509369	-14.0246779737157	-7.04739805021574	-12.4803574574918	-10.1177873781071	-12.6096404744368	-3.70274987882829	-14.2877123795494	-7.44473354776112	1.58811374976588	-1.47469281171674	-11.726997425075	-10.6789031368739	-12.5221776331865	-13.3617129609932	-2.93434497534275	-11.6096404744368	-11.9372151324653	-10.4397154729945	-11.0097276322497	-10.7894615120216	-13.0246779737157
ERR1018207	-12.9092007562957	-14.4397154729945	-3.78667138398352	-11.4598933549321	-4.34461153197865	-10.8282807609122	-11.3617129609932	0.309700073597285	-3.9024970724559	-13.6096404744368	-4.57003595648305	-11.4001871088079	-11.4198159155568	-5.20556333819558	-8.06660865418157	5.14320155819142	2.07346722671259	0.160261921328093	-2.29838884529862	-0.443830575122885	-3.78329060971672	-10.8282807609122	-9.9802838543572	-11.4198159155568	-13.2877123795494	-11.5011160176586	-9.72089722553855	-1.30860877170102	-0.449158423048788	-11.0704816633288	-9.22593618196276	-1.88347554420938	-12.5652463550784	-11.9949306303216	-3.48438846050796	-12.6096404744368	-0.00317742554102414	-4.05217677283899	-12.7516594793092	-5.81035885291489	-6.63953458382463	-12.9657842846621	-9.73927575485341	-5.99401083746871	-1.63191335616536	3.49834278853121	1.18267958649067	-12.6554441640499	-7.87832144341175	-3.12784104277106	-11.8547529722733	-4.01952130032964	-3.31301100015131	-3.4928091985381	-4.65508062743698	-5.55164875167764	-13.6096404744368	-11.5872726614084	-12.0860785183798	-12.9092007562957	-5.67964241182779	-5.71406519205613	-11.3808217839409	-13.7027498788283	0.254993056888331	-4.52516423698292	-3.10519387528723	-13.1502088557995	-7.40506933018761	-12.2520884698187	-14.0246779737157	-13.3617129609932	2.77900331187074	-2.19086547810489	-10.6907772371622	-12.6096404744368	-2.3312636174312	-13.5221776331865	-13.7027498788283	-1.62433217718096	-9.84145614965989	4.53890127481455	-8.21303569325495	-12.5652463550784	-2.85329264892023	-4.33351606916257	-0.757354815926641	-11.6323605509369	-1.00392947702593	-12.6096404744368	-12.4803574574918	-10.1177873781071	-12.6096404744368	2.34098945998079	-14.2877123795494	-5.56183492042922	-0.17471909885376	-4.49915716462059	-11.726997425075	-10.6789031368739	-12.5221776331865	-13.3617129609932	-2.17644627262184	-3.87535424234047	-11.9372151324653	-10.4397154729945	-4.30728714800561	-10.7894615120216	-13.0246779737157
ERR1018206	-12.9092007562957	-6.40996812960045	-12.9657842846621	-11.4598933549321	-1.28093048982095	-10.8282807609122	-2.71056683096761	-7.81197894858305	-9.86817348803566	-13.6096404744368	1.81062818470792	-11.4001871088079	-11.4198159155568	-13.9092007562957	-12.3617129609932	2.59860341139054	-10.0397848661059	3.84067068504683	-13.9092007562957	1.12201664861985	-11.9949306303216	-10.8282807609122	-9.9802838543572	-11.4198159155568	-13.2877123795494	-11.5011160176586	-9.72089722553855	-11.4001871088079	0.251252507902011	-11.0704816633288	-9.22593618196276	-4.49720096765526	-12.5652463550784	-11.9949306303216	-6.94075549017056	-12.6096404744368	-0.169063248578419	-11.4803574574918	-12.7516594793092	-7.94430455725164	-11.4397154729945	-12.9657842846621	-14.4397154729945	-13.5221776331865	-1.83325885022844	-1.67982728977266	2.63301031447275	-12.6554441640499	-9.91615351693749	-7.87832144341175	-11.8547529722733	-1.93832056125351	-11.726997425075	-6.17397021350026	-2.9646576192078	-11.8282807609122	-13.6096404744368	-5.44787873113214	-12.0860785183798	-12.9092007562957	-12.7516594793092	-13.9092007562957	-9.09394063615277	-13.7027498788283	-9.87493085421097	-6.92313994725359	-11.1339070434704	-4.70462961204652	-13.8022855523792	-12.2520884698187	-14.0246779737157	-13.3617129609932	-12.6096404744368	-12.7027498788283	-10.6907772371622	-12.6096404744368	-10.543551283979	-13.5221776331865	-13.7027498788283	-10.8414561496599	-9.84145614965989	-6.46753341713426	-8.21303569325495	-12.5652463550784	-11.0550516227592	-13.0860785183798	3.7535211039942	-11.6323605509369	5.1481161557517	-12.6096404744368	-12.4803574574918	-10.1177873781071	-12.6096404744368	2.66329451701087	-14.2877123795494	-11.7767504602721	-1.69787400377726	-6.79906883969567	-11.726997425075	-10.6789031368739	-12.5221776331865	-13.3617129609932	-3.22014357072043	-11.6096404744368	-11.9372151324653	-10.4397154729945	-11.0097276322497	-2.05829269131903	-13.0246779737157
ERR1018205	-6.49199737304772	-6.4560884427287	-12.9657842846621	-6.24769670070157	-3.0494270735653	-10.8282807609122	-8.0860785183798	-7.04358643626572	-6.42724612103228	-13.6096404744368	-1.15434536575745	-11.4001871088079	-11.4198159155568	-13.9092007562957	-12.3617129609932	5.76871656782092	-10.0397848661059	3.55252093991826	-1.41142566864856	-0.462077782588623	-11.9949306303216	-10.8282807609122	-9.9802838543572	-11.4198159155568	-13.2877123795494	-11.5011160176586	-9.72089722553855	-11.4001871088079	1.52890132574385	-11.0704816633288	-9.22593618196276	-1.63518106999927	-12.5652463550784	-11.9949306303216	-9.60964047443681	-12.6096404744368	-1.03708826677047	-4.90876731929655	-12.7516594793092	-6.96758878150883	-11.4397154729945	-12.9657842846621	-14.4397154729945	-6.74081791966181	-1.05445222309087	2.14759651133653	1.2560867561799	-12.6554441640499	-6.58173447786693	-2.03990351366881	-11.8547529722733	0.285058890577995	-6.6409736812416	-4.01042497941909	-4.7381202121077	-7.0860785183798	-13.6096404744368	-4.61210812691045	-12.0860785183798	-12.9092007562957	-12.7516594793092	-12.9092007562957	-11.3808217839409	-13.7027498788283	-2.95187543917145	-11.4598933549321	-3.01216982346273	-2.88182635449985	-2.8592475157932	-12.2520884698187	-14.0246779737157	-13.3617129609932	3.05131815192308	-3.52234339351766	-10.6907772371622	-12.6096404744368	-10.543551283979	-13.5221776331865	-8.05121976116815	-8.39532135363605	-9.84145614965989	0.7410484092918	-8.21303569325495	0.121227643929202	-13.4397154729945	-13.0860785183798	-2.58458744876517	-11.6323605509369	-7.28096554710886	-0.0676212892245321	-12.4803574574918	-10.1177873781071	-8.16669697858808	1.11812712163654	-8.22162318909168	-11.7767504602721	0.00260891766513462	-12.5652463550784	-11.726997425075	-10.6789031368739	-12.5221776331865	-13.3617129609932	1.56447572706124	-11.6096404744368	-11.9372151324653	-2.4870551056982	-11.0097276322497	-2.4802769522023	-13.0246779737157
ERR1018204	-12.9092007562957	-14.4397154729945	-12.9657842846621	-11.4598933549321	-14.2877123795494	-10.8282807609122	6.17125066975457	-9.9802838543572	-9.86817348803566	-13.6096404744368	-6.04549098445108	-1.65521694293204	-11.4198159155568	-13.9092007562957	-12.3617129609932	2.23930332531415	-10.0397848661059	-6.36646649096386	-13.9092007562957	-1.48088085140361	-11.9949306303216	-10.8282807609122	-9.9802838543572	-4.57209352047463	-13.2877123795494	-11.5011160176586	-9.72089722553855	-11.4001871088079	-9.27872359632219	-7.23242994404826	-9.22593618196276	-9.53817811188019	-12.5652463550784	-6.09986547010987	-13.2173230516581	-4.05169818764936	-10.6554441640499	-11.4803574574918	-12.7516594793092	-12.6096404744368	-11.4397154729945	-11.9657842846621	-14.4397154729945	-3.68112209917892	1.45208932210239	-5.8160371651574	-8.4397154729945	-12.6554441640499	-9.91615351693749	-2.81492001713426	-11.8547529722733	-8.7178567712185	0.684378906552223	-8.55979192498625	-14.6096404744368	-11.8282807609122	-13.6096404744368	-11.5872726614084	-12.0860785183798	-12.9092007562957	-12.7516594793092	-2.86933266018449	-11.3808217839409	-13.7027498788283	-3.44332044916983	2.42987837024628	-11.1339070434704	-6.21517777982649	-13.8022855523792	-12.2520884698187	-14.0246779737157	-13.3617129609932	-12.6096404744368	-12.7027498788283	-10.6907772371622	-12.6096404744368	-10.543551283979	-13.5221776331865	-13.7027498788283	-10.8414561496599	-9.84145614965989	-7.64963854236873	-8.21303569325495	-12.5652463550784	-13.4397154729945	-13.0860785183798	-11.0246779737157	-11.6323605509369	-9.31501972554518	-12.6096404744368	-12.4803574574918	-10.1177873781071	-12.6096404744368	-9.51160839147629	-13.2877123795494	-11.7767504602721	-13.8022855523792	2.19900639230288	-11.726997425075	-10.6789031368739	-12.5221776331865	-13.3617129609932	-5.67300253543424	-11.6096404744368	-11.9372151324653	-10.4397154729945	-11.0097276322497	2.85363043747988	-13.0246779737157
ERR1018203	-12.9092007562957	-10.2697904715522	-8.63236055093689	-11.4598933549321	-3.29987992970719	-10.8282807609122	2.03302119356486	2.33762546970381	-9.86817348803566	-13.6096404744368	-3.21933714529927	-11.4001871088079	-11.4198159155568	-13.9092007562957	-12.3617129609932	5.23831377979024	-10.0397848661059	0.945989674662381	-1.02702802316979	3.13894058455029	-4.13416034784134	-10.8282807609122	-9.9802838543572	-6.00323526173903	-5.88683294326727	-11.5011160176586	-9.72089722553855	-4.37691976647194	1.9227573076402	-8.54894454274926	-9.22593618196276	-5.25814906511679	-12.5652463550784	-7.88512662131686	-13.2173230516581	-12.6096404744368	0.913967422689022	-2.73706177704173	-6.15534118081691	-6.61528703757795	-11.4397154729945	-7.79265685118143	-12.2877123795494	0.160429743364169	0.0527636572095633	-1.8081847102931	-2.1806261072621	-12.6554441640499	-9.91615351693749	-2.70519400993109	-11.8547529722733	-8.7178567712185	2.94522375738754	-6.40140611609702	-8.20876103815463	-5.06033710592324	-8.78946151202162	-11.5872726614084	-12.0860785183798	-12.9092007562957	-12.7516594793092	-4.16980959045542	-11.3808217839409	-13.7027498788283	-4.59004974607893	-0.488026018218199	-11.1339070434704	-4.55911156890626	-13.8022855523792	-12.2520884698187	-14.0246779737157	-13.3617129609932	1.4177904186051	-4.66309967054371	-10.6907772371622	-12.6096404744368	-10.543551283979	-11.7516594793092	-13.7027498788283	-10.8414561496599	-9.84145614965989	3.82048125834005	-1.62233204509727	-12.5652463550784	-13.4397154729945	-13.0860785183798	-0.4038663124733	-11.6323605509369	2.26073929722486	-12.6096404744368	-12.4803574574918	-10.1177873781071	-12.6096404744368	-0.194063738352816	-14.2877123795494	-11.7767504602721	-3.99424073071132	-5.49005085369569	-11.726997425075	-10.6789031368739	-12.5221776331865	-13.3617129609932	-3.21933714529927	-11.6096404744368	-7.60401592524293	-1.52093503739817	-3.66309967054371	-6.17709857404855	-13.0246779737157
ERR1018202	-12.9092007562957	-14.4397154729945	-9.22593618196276	-11.4598933549321	-4.37183300071368	-10.8282807609122	-4.05361348171213	0.762153182714019	-9.86817348803566	-13.6096404744368	-1.96725026638291	-2.65081591997459	-5.60331439591188	-13.9092007562957	-12.3617129609932	5.4259224934226	-10.0397848661059	-2.49118600412645	-2.58701258358278	0.944213773098409	-6.11278669704877	-10.8282807609122	-6.65689922725032	-11.4198159155568	-8.75165947930924	-11.5011160176586	-9.72089722553855	-2.52416801525553	-1.399730246491	-5.42538497903146	-9.22593618196276	-3.11866428216628	-12.5652463550784	-11.9949306303216	-13.2173230516581	-8.03599328694349	-2.10649799245236	-3.1652726060405	-3.95881310029804	-10.6789031368739	-11.4397154729945	-2.27732414423759	-14.4397154729945	-4.3303200864942	5.07426822163104	1.93200446051809	-0.215311765899578	-12.6554441640499	-2.51721365865656	-4.44253599205688	-11.8547529722733	-3.4952474195695	-11.726997425075	-2.4397154729945	-8.18337571973471	-3.92511099201832	-13.6096404744368	-11.5872726614084	-10.8547529722733	-12.9092007562957	-3.43815089737116	-13.9092007562957	-11.3808217839409	-13.7027498788283	2.88418957171714	-3.88768686163543	-11.1339070434704	-1.92906117865656	-6.35343178590943	-12.2520884698187	-14.0246779737157	-13.3617129609932	-12.6096404744368	-12.7027498788283	-4.98393163137235	-12.6096404744368	-4.23895306762959	-13.5221776331865	-13.7027498788283	-3.38322828164803	-9.84145614965989	0.356639651427756	-8.21303569325495	-12.5652463550784	-3.31746265811706	-7.26312674127118	5.77066475103601e-05	-11.6323605509369	-14.0246779737157	-12.6096404744368	-12.4803574574918	-4.27369190923451	-12.6096404744368	-0.614734640649319	-14.2877123795494	-11.7767504602721	-0.907224257417858	-0.872551608373136	-11.726997425075	-10.6789031368739	-12.5221776331865	-13.3617129609932	-6.25098927354392	-11.6096404744368	-11.9372151324653	-10.4397154729945	-11.0097276322497	-10.7894615120216	-13.0246779737157
ERR1018201	-8.30585972625971	-14.4397154729945	-2.34894141835375	-11.4598933549321	-0.427129729290206	-10.8282807609122	-3.5065166179587	2.53513724459623	-9.86817348803566	-8.00972763224968	1.41820614274775	-11.4001871088079	-4.50504172087244	-3.81624037595299	-12.3617129609932	5.19346977070245	-10.0397848661059	-3.27914369679812	-0.864071184473593	0.90598237371231	-11.9949306303216	-10.8282807609122	-9.9802838543572	-11.4198159155568	-13.2877123795494	-11.5011160176586	-9.72089722553855	-2.58675255263355	-8.04739805021574	-11.0704816633288	-9.22593618196276	1.11945578430581	-12.5652463550784	-11.9949306303216	-13.2173230516581	-12.6096404744368	0.383109814208963	0.281941522118327	-2.52832348515104	-9.72699742507497	-11.4397154729945	-12.9657842846621	-6.30700155064926	-1.42973138442188	3.32990000227976	0.211859489015121	1.46445393768991	-12.6554441640499	1.16093309237242	-1.83742901276485	-11.8547529722733	-0.90163434554074	-11.726997425075	-8.52217763318647	-14.6096404744368	-2.08552732208468	-13.6096404744368	-9.9949306303216	-12.0860785183798	-12.9092007562957	-12.7516594793092	-2.39501778813448	-11.3808217839409	-3.08754940554975	-1.54780522312983	1.03282729881439	-3.41288468172178	3.14900566823255	-7.73927575485341	-12.2520884698187	-14.0246779737157	-9.4906994017133	-12.6096404744368	-12.7027498788283	-10.6907772371622	-12.6096404744368	-10.543551283979	-13.5221776331865	-13.7027498788283	-1.31462493369124	-9.84145614965989	3.30107837024058	-8.21303569325495	-12.5652463550784	-13.4397154729945	-13.0860785183798	0.672914078204122	-11.6323605509369	-10.3617129609932	-12.6096404744368	-12.4803574574918	-10.1177873781071	-12.6096404744368	-0.268938436634619	-14.2877123795494	-7.32423825557456	1.89753861628138	-1.50463229468674	-11.726997425075	-6.69974739066677	-12.5221776331865	-13.3617129609932	-3.15008078131402	-11.6096404744368	-11.9372151324653	-10.4397154729945	-11.0097276322497	-5.55911156890626	-13.0246779737157
ERR1018200	-12.9092007562957	-3.92445367784146	-7.93721513246532	-11.4598933549321	1.93748752450554	-10.8282807609122	3.71735070046401	-9.62095578766464	-9.86817348803566	-1.72165834137836	1.43421987881561	-11.4001871088079	-5.08705894318198	-7.96939553821447	-6.21089678249862	1.60621479029708	-10.0397848661059	3.54414408444248	-13.9092007562957	3.5315598757677	-11.9949306303216	-3.69955994247046	-9.9802838543572	-11.4198159155568	-13.2877123795494	-6.74236173472715	-9.72089722553855	-11.4001871088079	1.95557691373938	-7.03221164640106	-5.93544820629113	-9.53817811188019	-8.64963854236873	-11.9949306303216	-9.63236055093689	-12.6096404744368	2.61314028059414	0.157768110511293	0.359285012394972	-5.90228134235593	-11.4397154729945	-12.9657842846621	-6.10184583423812	0.843815050910604	-2.8166468834341	-0.130223329301958	-1.41861982690485	-12.6554441640499	-1.53232402855579	-1.76768307533726	-11.8547529722733	-8.7178567712185	-11.726997425075	-2.22654373199715	-14.6096404744368	0.18972969362145	-13.6096404744368	-3.55435803893562	-12.0860785183798	-12.9092007562957	-5.0904956864394	-3.18429342300399	-7.62379853743347	-7.20662845086181	-6.9603842969195	0.560851881742931	-2.85391832079453	-13.1502088557995	-8.88172001987361	-12.2520884698187	-13.0246779737157	-11.1177873781071	-12.6096404744368	-12.7027498788283	-5.74700311687802	-7.05697137692254	-10.543551283979	-8.86144762484735	-7.66712596909757	-10.8414561496599	-9.84145614965989	0.842978831788325	-8.21303569325495	-12.5652463550784	-6.77833323063476	-9.40018710880786	-4.38744933598048	-11.6323605509369	-14.0246779737157	-12.6096404744368	-12.4803574574918	-10.1177873781071	-12.6096404744368	1.84562653598418	-14.2877123795494	-3.22027801879293	4.74594236981955	0.0311269599340364	-4.81644361537587	-10.6789031368739	-8.59283218675026	-4.65471718240649	-3.50815716287154	-11.6096404744368	-11.9372151324653	-10.4397154729945	-7.12986021040771	-3.53349294641431	-13.0246779737157
ERR1018199	4.2789259103051	-14.4397154729945	-12.9657842846621	-11.4598933549321	-0.891321663957551	-4.72089722553855	-6.61953651057931	-0.238221145521358	-9.86817348803566	-13.6096404744368	2.12978086692362	-11.4001871088079	-4.46498223160493	-13.9092007562957	-12.3617129609932	5.58193567939901	-6.99125497217821	0.443097375113008	-5.87747304877343	2.21699490163076	-5.59631780101136	-10.8282807609122	-9.9802838543572	-11.4198159155568	-13.2877123795494	-11.5011160176586	-9.72089722553855	-2.76611193982572	-1.87917033725259	-11.0704816633288	-9.22593618196276	-9.53817811188019	-12.5652463550784	-11.9949306303216	-13.2173230516581	-6.05505162275917	-0.208094265928085	-0.745599457961803	-2.22667877786834	-5.48875463164902	-11.4397154729945	-12.9657842846621	-11.9092007562957	0.391954642417037	-1.73619636192144	-3.80894276007369	-5.34285393374191	-12.6554441640499	-4.40445814820817	0.137096888755334	-11.8547529722733	-8.7178567712185	-5.85642372525786	-8.72089722553855	-14.6096404744368	-3.25539109249157	-7.95858878325788	-7.36646649096386	-12.0860785183798	-12.9092007562957	-12.7516594793092	-2.95243369287995	-11.3808217839409	-13.7027498788283	-2.06045745587458	3.0053299174151	-11.1339070434704	-13.1502088557995	-13.8022855523792	-12.2520884698187	-4.2848973639424	-6.57209352047463	-4.23541604831308	-6.04263510418978	-10.6907772371622	-12.6096404744368	-5.19178795955091	-13.5221776331865	-13.7027498788283	-10.8414561496599	-9.84145614965989	0.229661747463663	-8.21303569325495	-12.5652463550784	-13.4397154729945	-2.70651179762449	1.06537240210991	-11.6323605509369	-14.0246779737157	-12.6096404744368	-12.4803574574918	-10.1177873781071	-7.81522460808671	-6.90228134235593	-14.2877123795494	-11.7767504602721	-13.8022855523792	-0.554697057863487	-11.726997425075	-10.6789031368739	-12.5221776331865	-5.11378544754964	0.677377441005377	-11.6096404744368	-11.9372151324653	-10.4397154729945	-11.0097276322497	0.376857124447477	-13.0246779737157
ERR1018198	-9.14203492435381	-2.66401375220699	-12.9657842846621	-11.4598933549321	0.147957881387101	-5.11428508220083	-7.23895306762959	1.54517269116164	-9.86817348803566	-13.6096404744368	-3.78866378181557	0.662287546327623	-1.50013625867981	-13.9092007562957	-5.87747304877343	4.19925223368966	-9.03978486610586	0.61629181900673	-0.846583757744752	1.84830144336361	-4.32221666275329	-5.05889368905357	-9.9802838543572	1.81851111141669	-7.77043668633987	-6.61105004469148	-9.72089722553855	2.63213557453555	1.13102968117137	-11.0704816633288	-9.22593618196276	0.490796015188068	-10.8282807609122	0.143027637051682	-2.95926183903911	-2.72537454214486	1.02438351384691	-2.14976064483409	-0.0967920110420139	-5.87070379276067	-3.63935479753978	-12.9657842846621	-8.30585972625971	-5.46817191904373	-0.186442475911326	-0.804828811856548	2.26174141228646	-12.6554441640499	-2.79957097851974	2.10355470853548	-11.8547529722733	0.0764906869170353	1.34032298682786	-1.03634832448457	-0.873212116502394	-2.86996532868209	-10.2697904715522	-11.5872726614084	-12.0860785183798	-12.9092007562957	-1.57093577967142	-0.455277234041573	-7.18968029658892	-6.38443303749331	2.67832886228223	0.477014105250355	-0.803846229734398	1.30422481075774	-9.30585972625971	-12.2520884698187	-14.0246779737157	-7.0782590139205	2.02742302746628	-0.893732093049291	-10.6907772371622	-9.00972763224968	-3.72680640289119	-8.64385618977473	-13.7027498788283	-5.89625395949978	-7.85141725971009	-1.11662942894657	-8.21303569325495	-4.37272936299221	0.00728162988044755	-6.577594747506	0.410373670726004	-11.6323605509369	-8.28321098731451	-10.6096404744368	-12.4803574574918	-10.1177873781071	-7.55164875167764	2.38377616626895	-5.29109766473409	0.899918059919488	0.644751536969085	2.68025458363378	-10.3808217839409	-10.6789031368739	-10.8022855523792	-6.54489770968656	0.223743799570679	-11.6096404744368	-5.54422433976026	-10.4397154729945	-11.0097276322497	-10.7894615120216	-13.0246779737157
ERR1018197	-12.9092007562957	-14.4397154729945	-4.23432947696374	-5.77437955580932	-2.44874485998608	-10.8282807609122	-5.43783818575383	2.41818994794577	-9.86817348803566	-5.64241421560082	-1.56781023533531	-11.4001871088079	-4.87112594200754	-5.87154821481632	-12.3617129609932	4.19381037241886	0.372706986041509	5.02759288118726	-4.1180378677407	-1.67936513932476	-2.0351652056378	-7.81197894858305	-9.9802838543572	-8.80874057451651	-13.2877123795494	-11.5011160176586	-9.72089722553855	-3.24906769295612	-1.16656743204816	-2.130049652341	-9.22593618196276	-1.31114825613412	-12.5652463550784	-11.9949306303216	-13.2173230516581	-12.6096404744368	-1.54713049508695	-11.4803574574918	-3.82051442801158	-8.71482271112887	-11.4397154729945	-9.12582469717256	-10.9092007562957	-7.24113401292912	1.72099197402086	3.97254562026577	1.57693324138206	-12.6554441640499	-0.740239414658717	-6.89711347399699	-11.8547529722733	-1.83825417617671	-11.726997425075	-8.9949306303216	-3.4637083286163	-9.63236055093689	-13.6096404744368	-11.5872726614084	-12.0860785183798	-4.38926214674158	-12.7516594793092	-5.15636984042619	-11.3808217839409	-8.90228134235593	-1.88448727052382	-5.86985986466355	-11.1339070434704	0.344408123030442	-5.85391832079453	-5.7102835515137	-14.0246779737157	-6.12582469717255	0.515137156339154	-12.7027498788283	-4.54691970727177	-12.6096404744368	-2.46873084011701	-13.5221776331865	-13.7027498788283	-0.80899331089066	-2.81735854725785	0.271772263755452	-8.21303569325495	-12.5652463550784	-9.23460104308989	-13.0860785183798	-1.69390111550127	-11.6323605509369	-13.0246779737157	-12.6096404744368	-12.4803574574918	-10.1177873781071	-12.6096404744368	1.03797956033852	-14.2877123795494	0.358688822548729	2.79658529548811	-1.38843099237551	-11.726997425075	-10.6789031368739	-9.80228555237921	-13.3617129609932	-1.76043087386755	-11.6096404744368	-11.9372151324653	-10.4397154729945	-8.75789143302075	-5.24605322791223	-9.06274601454917
ERR1018196	-12.9092007562957	-5.48487293861434	-4.17762062762432	-11.4598933549321	-3.73063166044416	-10.8282807609122	-6.03599328694349	2.3957730011374	-5.99309163065782	-13.6096404744368	-5.14101643151879	-11.4001871088079	-5.86312615329835	-5.58519335039616	-12.3617129609932	4.25330631969168	-2.1540563868582	-3.12343394124828	-1.55512094358444	-2.53533173299656	-1.94308358041786	-8.47008912203802	-9.9802838543572	-11.4198159155568	-5.77043668633987	-11.5011160176586	-9.72089722553855	-7.66712596909757	-1.16288023724521	-11.0704816633288	-4.23134561852492	-2.22586869219403	-12.5652463550784	-0.0164244466196072	2.25435821023574	-10.8282807609122	-1.78642252761168	-11.4803574574918	-12.7516594793092	-7.22162318909168	-4.94164193876428	-12.9657842846621	-8.58727266140836	-13.5221776331865	-2.37691976647194	4.00290410560262	0.975248645153782	-12.6554441640499	-1.04546120654173	-4.47168873972145	-11.8547529722733	-2.55114132625208	-11.726997425075	-2.17540320340992	-2.85935220684516	-9.95142899168502	-13.6096404744368	-6.82337084678835	-6.30585972625971	-7.11578502519599	-6.42105162872946	-13.9092007562957	-11.3808217839409	-13.7027498788283	-0.267149063367743	-11.4598933549321	-11.1339070434704	-6.88512662131686	-13.8022855523792	-7.47264936235658	-14.0246779737157	-9.20876103815463	0.392768022853852	-12.7027498788283	1.86655591364379	-12.6096404744368	-2.95713157202863	-7.42228840123632	-13.7027498788283	-1.88326263957282	-9.84145614965989	1.98441071123737	-1.44583358215745	-12.5652463550784	-7.95500444590884	-10.0097276322497	-6.92139016530363	-11.6323605509369	5.08441766477293	-12.6096404744368	-12.4803574574918	-10.1177873781071	-12.6096404744368	0.50386770669558	-2.66026969233582	-8.44473354776112	0.528931322625863	-2.95814025378407	-11.726997425075	-10.6789031368739	-6.09690001163331	-13.3617129609932	-1.04192201658606	-11.6096404744368	-11.9372151324653	-10.4397154729945	-11.0097276322497	-6.616702138271	-12.0246779737157
ERR1018195	-12.9092007562957	-9.88172001987361	-12.9657842846621	-8.66712596909757	-1.67373879216922	-10.8282807609122	-9.67890313687393	-8.50111601765864	-9.86817348803566	-13.6096404744368	-0.178436714714272	-11.4001871088079	-11.4198159155568	-13.9092007562957	-12.3617129609932	6.07690685798394	-10.0397848661059	3.26947157531458	-2.66081699698612	-2.61016890190413	-11.9949306303216	-10.8282807609122	-9.9802838543572	-11.4198159155568	-13.2877123795494	-11.5011160176586	-9.72089722553855	-11.4001871088079	-0.526119595426826	-11.0704816633288	-9.22593618196276	-9.53817811188019	-12.5652463550784	-11.9949306303216	1.714773035398	-12.6096404744368	-0.551373874084942	-3.31962162750419	-12.7516594793092	-8.90920075629572	-11.4397154729945	-12.9657842846621	-14.4397154729945	-10.4598933549321	-6.84808924199233	2.2718349991735	0.656075284702097	-12.6554441640499	-9.91615351693749	1.77513484552345	-11.8547529722733	-0.785377799351452	-7.43721296579133	-12.1177873781071	-7.07631074213098	-5.69600304638771	-13.6096404744368	-10.5872726614084	-12.0860785183798	-12.9092007562957	-12.7516594793092	-13.9092007562957	-11.3808217839409	-13.7027498788283	-6.85308415191273	-4.44787873113214	-9.01718343716873	-13.1502088557995	-13.8022855523792	-12.2520884698187	-14.0246779737157	-13.3617129609932	-6.37362628253673	-1.63993918490134	-10.6907772371622	-12.6096404744368	-10.543551283979	-13.5221776331865	-13.7027498788283	-10.8414561496599	-9.84145614965989	-0.740552742739664	-8.21303569325495	-2.51614037836833	-13.4397154729945	-13.0860785183798	-12.0246779737157	-11.6323605509369	-9.48035745749184	1.24505749403958	-12.4803574574918	-10.1177873781071	-12.6096404744368	0.364942163061311	-14.2877123795494	-11.7767504602721	-3.78190082562985	-12.5652463550784	-11.726997425075	-10.6789031368739	-12.5221776331865	-13.3617129609932	-0.508075091304494	-11.6096404744368	-11.9372151324653	-0.981166454340673	-11.0097276322497	-6.69226839495997	-13.0246779737157
ERR1018194	-12.9092007562957	-7.41488362001456	-11.3242382555746	-11.4598933549321	-2.73187705615425	-10.8282807609122	-1.54468724782082	1.00761174141411	-6.85642372525786	-7.46243554949458	-5.83238515924489	-2.83742901276485	-2.8337216068077	-13.9092007562957	-12.3617129609932	4.12024824708037	-10.0397848661059	-4.65799148853219	-2.40751665060635	-0.225801205582356	-2.96049659075422	-10.8282807609122	-9.9802838543572	-11.4198159155568	-13.2877123795494	-11.5011160176586	-9.72089722553855	-7.13188220799292	-0.343677541313105	-5.90228134235593	-9.22593618196276	-0.857573491335722	-12.5652463550784	-11.9949306303216	-9.15842936260448	-12.6096404744368	-0.271339333378517	-4.5201899933209	-9.27872359632219	-9.36171296099323	-11.4397154729945	-12.9657842846621	-14.4397154729945	-4.97029976578458	2.82356799317601	2.38739562979234	-0.726281222263242	-12.6554441640499	-1.03020667442947	-3.27984413621611	-11.8547529722733	-2.24934204781877	-4.19865920739302	-4.28827604239737	-1.17837141075623	-6.5998118570687	-13.6096404744368	-0.446501869630952	-7.48551916260762	-3.80248683525932	-12.7516594793092	-7.85141725971009	-11.3808217839409	-6.43846367678504	4.80935373039961	-4.16488438474178	-7.32886970430621	-13.1502088557995	-0.869464443243812	-12.2520884698187	-14.0246779737157	-13.3617129609932	-12.6096404744368	-8.86817348803566	-10.6907772371622	-10.9372151324653	-10.543551283979	-13.5221776331865	-13.7027498788283	-3.29647399845961	-9.84145614965989	2.34897737376139	-8.21303569325495	-0.617786513693126	-8.67890313687393	-13.0860785183798	0.695619732568244	-11.6323605509369	3.80400914542092	-0.968915397731865	-12.4803574574918	-10.1177873781071	-12.6096404744368	1.91542146705092	-5.21893410156404	-6.57072148514451	0.308931642170549	-2.05685131741755	-11.726997425075	-10.6789031368739	-12.5221776331865	-13.3617129609932	2.15847598975471	-11.6096404744368	-11.9372151324653	-3.80329224772456	-2.43222093644758	-0.77169230639379	-13.0246779737157
ERR1018193	-12.9092007562957	-14.4397154729945	-12.9657842846621	-11.4598933549321	-4.6510877590058	-10.8282807609122	-7.39532135363605	1.0357505798318	-9.86817348803566	-13.6096404744368	-5.69675113820685	-11.4001871088079	-11.4198159155568	-13.9092007562957	-12.3617129609932	5.24694956634374	-10.0397848661059	-2.94130945670999	-3.68056703856	-1.15521264992094	-1.94775106189752	-10.8282807609122	-9.9802838543572	-11.4198159155568	-8.44473354776112	-11.5011160176586	-9.72089722553855	-5.21036254992784	-2.47529437747839	-11.0704816633288	-9.22593618196276	-9.53817811188019	-12.5652463550784	-2.47593632422279	-12.2173230516581	-6.05121976116815	-2.42120616732325	-6.54220611368029	-10.9092007562957	-9.34285393374191	-11.4397154729945	-12.9657842846621	-14.4397154729945	-8.77675046027207	5.23333015010034	0.592110150750013	-2.98017000980864	-12.6554441640499	-1.56170714842085	-2.38563880023871	-11.8547529722733	-2.77220964421549	-1.87297429873789	-12.1177873781071	-14.6096404744368	-7.04358643626572	-13.6096404744368	-11.5872726614084	-12.0860785183798	-12.9092007562957	-10.0860785183798	-7.19178795955091	-11.3808217839409	-8.33817744653244	-1.52682613676454	-3.98987901113839	2.4263291712751	1.53106949272595	-12.8022855523792	-12.2520884698187	-14.0246779737157	-9.26091232020574	0.174725987706133	-5.45925850561896	-10.6907772371622	-12.6096404744368	-1.26794792669971	-13.5221776331865	-13.7027498788283	-2.16980959045542	-8.84145614965989	0.653793792969268	-8.21303569325495	-4.30557441130953	-13.4397154729945	-13.0860785183798	-7.10581473644106	-11.6323605509369	-7.99125497217821	-3.38037101217007	-12.4803574574918	-10.1177873781071	-8.76415042349244	2.51460455110566	-14.2877123795494	-11.7767504602721	-8.09394063615277	-3.8059129478837	-11.726997425075	-10.6789031368739	-12.5221776331865	-13.3617129609932	-6.88172001987361	-11.6096404744368	-11.9372151324653	-3.25387645188957	-3.97188352902467	-10.7894615120216	-13.0246779737157
ERR1018192	-6.67742572246843	-9.13390704347041	-12.9657842846621	-8.6266468997425	-14.2877123795494	-5.69525534228137	-9.13390704347041	-13.1502088557995	-9.86817348803566	-13.6096404744368	-10.7027498788283	-11.4001871088079	-7.51424345164425	-13.9092007562957	-12.3617129609932	5.53334998051519	-10.0397848661059	4.40407202557816	-5.20343546901796	2.03431785565815	-11.9949306303216	-10.8282807609122	-9.9802838543572	-11.4198159155568	-13.2877123795494	-11.5011160176586	-9.72089722553855	-8.97301585389316	-11.9949306303216	-11.0704816633288	-9.22593618196276	-3.81420955489568	-12.5652463550784	-11.9949306303216	-7.08804003471309	-12.6096404744368	-10.6554441640499	-2.05757182436155	-9.02467797371566	-12.6096404744368	-11.4397154729945	-9.73927575485341	-10.4598933549321	0.0732581238316365	-0.781851215236601	3.68247217031919	-8.81522460808671	-12.6554441640499	-2.14547765576826	0.79527654758056	-11.8547529722733	-8.7178567712185	-1.5152740806553	-2.92752370948674	-14.6096404744368	-4.41796432808438	-13.6096404744368	-7.49329651319934	-12.0860785183798	-12.9092007562957	-12.7516594793092	-4.33613624047465	-2.88619283601389	-13.7027498788283	-8.87493085421097	-1.58316025808717	-11.1339070434704	-13.1502088557995	-13.8022855523792	-12.2520884698187	-14.0246779737157	-13.3617129609932	-7.05889368905357	2.13072334397075	-10.6907772371622	-12.6096404744368	-10.543551283979	-13.5221776331865	-13.7027498788283	-10.8414561496599	-9.84145614965989	1.74233396084904	-8.21303569325495	-12.5652463550784	-2.14752167635761	-2.69581608402875	-0.45486191348819	-11.6323605509369	-14.0246779737157	-12.6096404744368	-12.4803574574918	-10.1177873781071	-12.6096404744368	-1.70806645143468	-5.30300911272431	-3.34300031850596	-13.8022855523792	-3.50897813543161	-11.726997425075	-10.6789031368739	-12.5221776331865	-13.3617129609932	-4.06250494260595	-7.0782590139205	-11.9372151324653	-10.4397154729945	-11.0097276322497	-4.78627323439058	-13.0246779737157
ERR1018191	-12.9092007562957	-3.21665231147168	-2.60366511793643	-11.4598933549321	-1.72170592445331	-10.8282807609122	-8.92313994725359	-2.06666909005871	-9.86817348803566	-2.86543732330398	-0.333661509461189	-11.4001871088079	-11.4198159155568	-4.01298480676215	-3.4872977725779	1.50160219551667	-10.0397848661059	3.3505594796456	-13.9092007562957	-0.128660988823759	-11.9949306303216	-10.8282807609122	-9.9802838543572	-11.4198159155568	-13.2877123795494	-8.32423825557456	-9.72089722553855	0.162532318241457	2.35719163773091	-11.0704816633288	-9.22593618196276	-0.944221275997749	-12.5652463550784	-11.9949306303216	-11.7027498788283	-12.6096404744368	0.122606462651041	-4.03008882163025	-12.7516594793092	-0.502607344379491	-11.4397154729945	-1.37037759877194	-6.97846341873283	-3.07923413733774	3.3087074392181	5.21020610006734	-7.86144762484735	-12.6554441640499	-4.32452728593532	-1.0747297063115	-11.8547529722733	-2.43432484273764	-11.726997425075	-7.04739805021574	-14.6096404744368	-1.91609906842387	-13.6096404744368	-11.5872726614084	-12.0860785183798	-11.9092007562957	-12.7516594793092	-2.29704109557418	-2.70068499714735	-13.7027498788283	-4.54928229179467	-1.20137708430484	-11.1339070434704	-13.1502088557995	0.654178875949847	-12.2520884698187	-14.0246779737157	-13.3617129609932	-12.6096404744368	-12.7027498788283	-10.6907772371622	-7.88172001987361	-10.543551283979	-6.33584487522255	-13.7027498788283	-10.8414561496599	-9.84145614965989	-3.75418796469277	-8.21303569325495	-12.5652463550784	-8.05505162275917	-8.92313994725359	-1.50401837318601	-5.13390704347041	-4.52848995316494	-12.6096404744368	-12.4803574574918	-10.1177873781071	-12.6096404744368	-2.69021845010176	-14.2877123795494	-5.28827604239737	3.68173260393601	3.06668853803386	-8.26979047155219	-4.71558062816279	-12.5221776331865	-13.3617129609932	-1.01604510102966	-11.6096404744368	-9.86817348803566	-10.4397154729945	-11.0097276322497	-7.61528703757795	-8.34754562906663
ERR1018190	-12.9092007562957	-14.4397154729945	-2.56353962940801	-11.4598933549321	-0.352381554800273	-10.8282807609122	-7.84808924199233	2.87646193893095	-9.86817348803566	-13.6096404744368	-0.198576425669593	-11.4001871088079	-6.93721513246532	-3.99907697051177	-12.3617129609932	5.9080380435302	-10.0397848661059	-4.24742265852373	-1.40698094440779	-0.161943768236785	-11.9949306303216	-10.8282807609122	-9.9802838543572	-11.4198159155568	-13.2877123795494	-11.5011160176586	-9.72089722553855	-2.87080931849242	-6.81685018013575	-11.0704816633288	-9.22593618196276	0.461360916322366	-12.5652463550784	-11.9949306303216	-8.86817348803566	-12.6096404744368	-0.396745169002277	-0.355313057115657	-4.19469103296255	-11.4397154729945	-11.4397154729945	-12.9657842846621	-6.28433501934713	-3.06322827931746	1.05386203780924	-1.38643063005769	-0.502689105479009	-12.6554441640499	1.51901847414844	-4.64963854236873	-11.8547529722733	-2.06352977668348	-11.726997425075	-9.57621747289936	-14.6096404744368	-2.67604201919964	-13.6096404744368	-11.5872726614084	-12.0860785183798	-12.9092007562957	-12.7516594793092	-3.06033710592324	-11.3808217839409	-4.99447066059321	-1.88097589685773	0.0377617361846849	-2.53533173299656	1.12125417210486	-8.0782590139205	-12.2520884698187	-14.0246779737157	-13.3617129609932	-12.6096404744368	-12.7027498788283	-9.69077723716222	-12.6096404744368	-10.543551283979	-13.5221776331865	-13.7027498788283	-3.23473684532474	-9.84145614965989	3.62970632194555	-8.21303569325495	-12.5652463550784	-7.30585972625971	-9.70274987882829	-4.55334145988647	-11.6323605509369	-4.04501461164144	-12.6096404744368	-12.4803574574918	-10.1177873781071	-12.6096404744368	-1.79015988797567	-14.2877123795494	-7.85809641534771	1.52279900775998	-4.548269281777	-11.726997425075	-7.16049182906138	-12.5221776331865	-13.3617129609932	-4.29081525403711	-11.6096404744368	-11.9372151324653	-10.4397154729945	-11.0097276322497	-9.78946151202162	-13.0246779737157
ERR1018189	-12.9092007562957	-10.3617129609932	-6.41734765996604	-8.09788782066943	-14.2877123795494	-10.8282807609122	3.5606587127241	2.39057964656282	-9.86817348803566	-5.5679813227996	-2.06256520681535	-11.4001871088079	-11.4198159155568	-8.52749143308294	-12.3617129609932	4.37873633324949	-3.00937908502651	3.93145330423501	-2.98838986609915	-0.291927566009924	-1.33362514801194	-5.53282487738598	-5.65399056690844	-11.4198159155568	-3.79445734442878	-11.5011160176586	-9.72089722553855	-2.52616114710497	-0.158268356517503	-11.0704816633288	-3.43877652402488	-1.69684467696533	-12.5652463550784	-11.9949306303216	0.452743017439522	-12.6096404744368	-1.35560838119558	-6.46753341713426	-7.17709857404855	-7.16049182906138	-11.4397154729945	-12.9657842846621	-10.5872726614084	-2.26381944548619	-2.29173329100152	4.0815245546493	1.17975307152219	-12.6554441640499	1.53065509519407	-6.18442457113743	-11.8547529722733	-1.31243759193991	-11.726997425075	-5.9639820420281	-3.62397639541815	-2.65562596671427	-13.6096404744368	-6.36884914227485	-9.66712596909757	-12.9092007562957	-12.7516594793092	-7.42973138442188	-4.06057781586638	0.178096324623434	-1.48778322882416	-1.48301665540445	2.15201463495921	0.128491378510422	-10.1502088557995	-12.2520884698187	-14.0246779737157	-13.3617129609932	-5.91789695526554	-12.7027498788283	-10.6907772371622	-9.28771237954945	-10.543551283979	-13.5221776331865	-13.7027498788283	0.519270147097131	-9.84145614965989	0.515116966361532	-8.21303569325495	-12.5652463550784	-1.31624067475036	-5.2764851241262	0.582218772775729	-11.6323605509369	-1.38646834708207	-12.6096404744368	-12.4803574574918	-10.1177873781071	-12.6096404744368	-1.62540004920669	-14.2877123795494	1.56619654960793	1.10024434363197	-1.85454426412963	-11.726997425075	-10.6789031368739	-12.5221776331865	-4.74468055929421	-4.14228965994923	-8.59841321901356	-11.9372151324653	-10.4397154729945	-11.0097276322497	-7.43721296579133	-13.0246779737157
ERR1018188	-12.9092007562957	-5.99677197714577	-2.70717114313176	-11.4598933549321	1.60945712740936	-10.8282807609122	2.27305630247069	1.83380899656714	-9.86817348803566	-4.9122384669341	-0.106606722113493	-11.4001871088079	-5.5428785420499	-4.0445383960765	-12.3617129609932	3.7183725867428	-10.0397848661059	1.44061207513101	-1.17439344875963	1.93181162703552	-4.65508062743698	-7.08411966534174	-7.40996812960045	-11.4198159155568	-5.45798964446339	-5.75867232345437	-9.72089722553855	-11.4001871088079	1.29939120612683	-1.60221893879772	-3.26992962709036	-0.210329166959743	-9.34285393374191	-11.9949306303216	-2.40346552938939	-12.6096404744368	1.41688296808295	-0.735667752570559	-4.27229732716276	-5.81360086560704	-11.4397154729945	-12.9657842846621	-6.41858125990516	-2.99608119664855	-0.235670831894575	2.45354655134896	1.93895193167114	-12.6554441640499	1.88086572845812	-5.81278967916965	-11.8547529722733	-0.00614452029790098	-5.19918912293282	-6.61105004469148	-2.11416015731519	-1.98398870113405	-13.6096404744368	-11.5872726614084	-7.78946151202162	-2.08920594812491	-12.7516594793092	-4.64963854236873	-7.57346686188333	-13.7027498788283	-5.29619053347375	-0.400034805293243	-11.1339070434704	-13.1502088557995	-13.8022855523792	-8.70274987882829	-9.69077723716222	-13.3617129609932	-12.6096404744368	-12.7027498788283	-8.6266468997425	-12.6096404744368	-10.543551283979	-13.5221776331865	-13.7027498788283	-6.47649826203621	-2.19396471676378	-1.33591771101915	-0.0651136724013452	-12.5652463550784	-1.01981379978138	1.71459282186502	0.404314591755335	-11.6323605509369	2.325190664623	-12.6096404744368	-12.4803574574918	-10.1177873781071	-12.6096404744368	-1.77216036595337	-14.2877123795494	-2.83918304950479	4.80863629044168	-0.135522621332287	-11.726997425075	-10.6789031368739	-3.01100635965702	-6.05985580648895	-0.355331513099652	-11.6096404744368	-11.9372151324653	-10.4397154729945	-11.0097276322497	-10.7894615120216	-13.0246779737157
ERR1018187	-12.9092007562957	-3.25456472776775	-10.4198159155568	-7.06274601454917	-3.11291150305611	-10.8282807609122	-6.34168339003397	-2.67006126012212	-9.86817348803566	-2.17091358617426	-0.611072080157921	-11.4001871088079	-7.85809641534771	-10.4198159155568	-12.3617129609932	-0.366447891983077	-4.00647779490243	4.9861474031626	-7.47778351382802	-0.244411625185267	-6.49980982015802	-3.60191235980456	-4.0445383960765	-11.4198159155568	-13.2877123795494	-11.5011160176586	-9.72089722553855	-11.4001871088079	3.73469336441549	-11.0704816633288	-9.22593618196276	-1.45292533021211	-7.94430455725164	-3.79165754724116	-2.32250528835011	-12.6096404744368	1.9189967698092	-3.61281394641615	-3.94674961529775	-3.68705607172315	-11.4397154729945	-12.9657842846621	-8.51688333351696	-4.23161662351133	-1.5367542204647	3.36519419790372	-0.302101662202167	-12.6554441640499	-3.3345344592907	-7.42973138442188	-11.8547529722733	-0.382475819814409	-3.73312352787181	-0.481182895825773	-2.05163837566201	-5.62379853743347	-13.6096404744368	-9.65544416404994	-4.19020692373143	-12.9092007562957	-12.7516594793092	-13.9092007562957	-3.44536203613564	-13.7027498788283	-9.87493085421097	-5.95500444590884	-2.35424301381322	-5.72623348804844	-6.31272426755752	-12.2520884698187	-14.0246779737157	-13.3617129609932	-2.03410122760228	-12.7027498788283	4.41917614968498	-6.87323854311852	-6.34519787421021	-4.37721954726074	-13.7027498788283	-1.67484388225841	-9.84145614965989	0.33427078210061	-3.81644361537587	-12.5652463550784	0.952765937295996	-1.77882820269193	-3.08155270038927	-0.5229651644366	1.02509968685491	-12.6096404744368	-12.4803574574918	-10.1177873781071	-8.76415042349244	0.505636911762774	-14.2877123795494	-2.96567157851454	-7.34519787421021	-1.84425076732206	-11.726997425075	-8.01718343716873	0.590558906795641	-13.3617129609932	-1.34574778656331	-11.6096404744368	-5.99585100996423	-10.4397154729945	-11.0097276322497	-10.7894615120216	-13.0246779737157
ERR1018186	-8.06660865418157	-14.4397154729945	-12.9657842846621	-11.4598933549321	-1.3936146279657	-10.8282807609122	3.46841518827621	-1.57626049283468	-9.86817348803566	-13.6096404744368	-2.36082341515831	-11.4001871088079	-4.51721365865656	-13.9092007562957	-12.3617129609932	5.13921407022025	-10.0397848661059	-0.781231229219062	-5.29619053347375	-0.207344515339959	-1.85110493171878	-4.54052641266287	-5.51490296938872	-11.4198159155568	-13.2877123795494	-11.5011160176586	-8.66712596909757	-3.97914581293123	-4.14586068910143	-4.97029976578458	-9.22593618196276	-0.750858096719653	-12.5652463550784	-0.453241329565227	-2.09326330007043	-2.81289105253448	-0.782545916033282	-1.3951695629009	-2.49622386295087	-5.28658571409516	-11.4397154729945	-12.9657842846621	-8.36646649096386	-3.89025165349473	-1.50659860091317	4.20814264733772	2.38357712237233	-12.6554441640499	1.7273759385949	-1.17299399036102	-9.76415042349244	-2.54902897259805	-1.2977148130548	-3.36587144247496	-0.0330970794442746	-2.16812275880833	-13.6096404744368	-2.02315249181082	-12.0860785183798	-12.9092007562957	-12.7516594793092	-5.56115360044448	-2.08479272112297	-3.94674961529775	2.59256945844952	-2.55122588476342	-11.1339070434704	-13.1502088557995	-13.8022855523792	-12.2520884698187	-14.0246779737157	-4.67300253543424	-6.21303569325495	-7.67006126012212	-10.6907772371622	-12.6096404744368	-4.05577123124074	-13.5221776331865	-13.7027498788283	-2.71766695541126	-4.50504172087244	-1.60164962965404	-8.21303569325495	-11.5652463550784	-0.930902806139158	-10.4397154729945	-1.38812887310507	-11.6323605509369	-0.498076852933562	-12.6096404744368	-12.4803574574918	-10.1177873781071	-10.1018458342381	2.8651190746909	-14.2877123795494	-3.71918618160497	-13.8022855523792	0.213042378111207	-11.726997425075	-10.6789031368739	-12.5221776331865	-3.67927272699786	-2.34805971012714	-11.6096404744368	-5.77912526745997	-10.4397154729945	-11.0097276322497	-1.78547726469265	-7.0782590139205
ERR1018185	-1.93038031472002	-2.53566630977006	-2.40392357628949	-11.4598933549321	-1.87498377093264	-10.8282807609122	4.67262787082358	1.49091921014211	-9.86817348803566	-7.40018710880786	1.38864693813891	-11.4001871088079	-11.4198159155568	-3.94586002375368	-12.3617129609932	2.65596999403266	0.461979003936974	0.307405208720342	-3.67890313687393	0.353492677896655	-2.23840834606719	-10.8282807609122	-9.9802838543572	-5.08656864749642	-6.20876103815463	-7.78946151202162	-9.72089722553855	1.80697564951171	1.22694004070925	-11.0704816633288	-9.22593618196276	0.802598562470159	-9.39047195397465	0.71663977760338	-1.87858666908414	-12.6096404744368	0.718929275915775	-11.4803574574918	-10.2520884698187	-6.20449901130047	-11.4397154729945	-5.92313994725359	-7.45735563213023	-13.5221776331865	4.37601109811721	1.41090005421968	1.8762870793073	-8.6266468997425	0.971641033159055	-8.87832144341175	-11.8547529722733	-0.613034585846575	-11.726997425075	-1.24103170743398	-0.875407174594177	-5.35402172459722	-5.02514767746094	-11.5872726614084	-7.18128030173252	-12.9092007562957	-5.30016412059571	-13.9092007562957	-11.3808217839409	-7.91615351693749	-1.1623957808305	-5.69152262340504	-11.1339070434704	0.554372738191971	-13.8022855523792	-12.2520884698187	-14.0246779737157	-4.47329013298266	-3.4365880166627	-12.7027498788283	-4.89453646520064	-12.6096404744368	-1.42495880526671	-2.7394684353266	-13.7027498788283	0.0612923384782941	-2.61307871778218	-0.435319421567965	-0.286198625966743	-12.5652463550784	0.483075379976509	-1.2709737216822	1.15686255320659	-11.6323605509369	0.657475377680649	-12.6096404744368	-12.4803574574918	-10.1177873781071	-12.6096404744368	0.209328586607864	-14.2877123795494	0.0860364141533377	-3.00057719346275	-2.87344997347589	-11.726997425075	-10.6789031368739	-0.78963607431882	-2.01654118840968	-3.24714866839075	-11.6096404744368	-11.9372151324653	-10.4397154729945	-11.0097276322497	-4.01765070682169	-13.0246779737157
