"","ERR9830889","ERR9830890","ERR9830891","ERR9830892","ERR9830893","ERR9830894","ERR9830895","ERR9830896","ERR9830897","ERR9830898","ERR9830899","ERR9830900","ERR9830901","ERR9830902","ERR9830903","ERR9830904","ERR9830905","ERR9830906","ERR9830907","ERR9830908","ERR9830909","ERR9830910","ERR9830911","ERR9830912","ERR9830913","ERR9830914","ERR9830915","ERR9830916","ERR9830917","ERR9830918","ERR9830919","ERR9830920","ERR9830921","ERR9830922","ERR9830923","ERR9830924","ERR9830925","ERR9830926","ERR9830927","ERR9830928","ERR9830929","ERR9830930","ERR9830931","ERR9830932","ERR9830933","ERR9830934","ERR9830935","ERR9830936","ERR9830937","ERR9830938","ERR9830939","ERR9830940","ERR9830941","ERR9830942","ERR9830943","ERR9830944","ERR9830945","ERR9830946","ERR9830947","ERR9830948","ERR9830949","ERR9830950","ERR9830951","ERR9830952","ERR9830953","ERR9830954","ERR9830955","ERR9830956","ERR9830957","ERR9830958","ERR9830959","ERR9830960","ERR9830961","ERR9830962","ERR9830963","ERR9830964","ERR9830965","ERR9830966","ERR9830967","ERR9830968","ERR9830969","ERR9830970","ERR9830971","ERR9830972","ERR9830973","ERR9830974","ERR9830975","ERR9830976","ERR9830977"
"f99b93ca3356c00a895f88385c5e062d",0,0,0,0,0,0,0,0,0,0,5,0,0,0,0,0,0,6,28,9,0,0,0,0,0,2,0,0,0,0,0,0,0,0,0,0,0,0,5,0,0,0,0,0,0,0,0,0,10,2,3,7,8,0,0,0,0,0,0,0,7,0,0,0,0,0,0,3,0,2,0,0,3,3,0,2,0,5,5,0,0,0,3,0,2,33,7,5,4
"119028f0ef18e5326af01829c57ee772",0,0,0,0,0,0,0,0,0,0,0,0,0,0,0,0,0,0,0,0,0,0,0,0,0,0,0,0,0,0,0,0,0,0,0,0,0,0,0,0,0,0,0,0,0,0,0,0,0,2,0,0,0,0,0,0,0,0,0,0,0,0,0,0,0,0,0,0,0,0,0,0,0,0,0,0,0,0,0,0,0,0,0,0,0,0,0,0,0
"f8bece4f456e968d1b19887b5b9d2936",0,0,0,0,0,0,0,0,0,0,0,0,0,0,0,0,0,0,0,0,0,0,0,0,0,0,0,0,0,0,0,0,0,0,0,0,0,4,0,0,0,0,0,0,0,0,0,0,0,0,0,0,0,0,0,0,0,0,0,0,0,0,0,0,0,0,0,0,0,0,0,0,0,0,0,0,0,0,0,0,0,0,0,0,0,0,0,0,0
"9dd9b931edd706fe4ec01cd29c97e7ec",3,0,0,0,0,0,0,0,0,0,0,0,0,0,0,0,0,0,0,0,0,0,0,0,0,0,0,0,0,0,0,0,0,0,0,0,0,0,0,0,0,0,0,0,0,0,0,0,0,0,0,0,0,0,0,0,0,0,0,0,0,0,0,0,0,0,0,0,0,0,0,0,0,0,0,0,0,0,0,0,0,0,0,0,0,0,0,0,0
"a67df0640a9f142e334ace128afcbcd6",2,0,0,0,0,0,0,0,0,0,0,0,0,0,0,0,0,0,0,0,0,0,0,0,0,0,0,0,0,0,0,0,0,0,0,0,0,0,0,0,0,0,0,0,0,0,0,0,0,0,0,0,0,0,0,0,0,0,0,0,0,0,0,0,0,0,0,0,0,0,0,0,2,0,0,0,0,0,0,0,0,0,0,0,0,0,0,0,0
"6478419ce321e93975870b760c0f31f0",3,0,0,0,0,0,0,0,0,0,0,0,0,0,0,0,0,0,0,0,0,0,0,0,0,0,0,0,0,0,0,0,0,0,0,0,0,2,0,0,0,0,0,0,0,0,0,0,0,23,0,0,0,0,0,0,0,0,0,2,0,0,0,0,0,0,0,0,0,0,0,0,0,0,0,0,0,0,0,0,2,0,0,0,0,6,0,0,0
"cb1c7883504dd35ac3a1144625b4cc05",0,0,0,0,0,0,0,0,0,0,0,0,0,0,0,0,0,0,0,0,0,0,0,0,0,0,0,0,0,2,0,0,0,0,0,0,0,0,0,0,0,0,0,0,0,0,0,0,0,12,0,0,0,0,0,0,0,0,0,0,0,0,0,2,0,0,0,0,0,0,0,0,0,0,0,0,0,0,5,0,0,0,0,0,0,0,0,0,0
"24cb328c9fd7acc137e16d564d2da79b",0,0,0,0,0,0,0,0,8,0,0,0,0,0,0,0,0,7,4,0,2,0,0,3,0,0,0,0,0,0,27,4,0,0,0,0,0,0,0,0,2,4,28,0,0,0,2,0,0,0,0,0,6,0,12,3,18,340,0,31,0,0,0,0,0,0,0,0,0,0,0,0,0,0,0,2,0,0,2,2,0,0,0,0,0,0,0,3,0
"49f1eb4ced8dbabfa16df20c3eb69278",0,0,0,0,0,0,0,0,0,0,0,0,0,0,0,0,0,0,0,0,0,0,0,0,0,0,0,0,0,0,0,0,0,0,0,0,0,0,0,0,0,0,0,0,0,0,0,0,0,9,0,0,0,0,0,0,0,0,0,0,0,0,0,0,0,0,0,0,0,0,0,0,0,0,0,0,0,0,0,0,0,0,0,0,0,0,0,0,0
"55d9a77db4f4902267da2c6962facbb3",0,0,0,0,0,0,0,0,0,0,0,0,0,0,0,0,0,0,0,0,0,0,0,0,0,0,0,0,0,0,0,0,0,0,0,0,0,0,0,0,0,0,0,0,0,0,0,0,0,0,0,0,0,0,0,0,0,0,0,0,0,0,0,0,0,0,0,0,0,0,0,0,0,0,0,0,0,0,0,0,0,0,0,0,0,0,3,0,0
"7c35a8d39f790c2d5512f5b415cc2e7a",0,0,0,0,0,0,0,0,0,0,0,0,0,0,0,0,0,0,0,0,0,0,0,0,0,0,0,0,0,0,0,0,0,0,0,0,0,0,0,0,0,0,0,0,0,0,0,0,0,0,0,0,0,0,0,0,0,0,0,0,0,0,0,0,0,0,0,0,0,0,0,0,29,0,0,0,0,0,0,0,0,0,0,0,0,0,0,0,0
"0d9140212982df4d2c13ea5da57df617",0,0,0,0,0,0,0,0,0,0,0,0,0,0,0,0,0,0,0,0,0,0,0,0,0,0,0,0,0,0,0,0,0,0,0,0,0,0,0,0,0,0,0,0,0,0,0,0,5,0,0,0,0,0,0,0,0,0,0,0,0,0,0,0,0,0,0,0,0,0,0,0,0,0,0,0,0,0,0,0,0,0,0,0,0,0,0,0,0
"a0d35a957fb5fb23f6b3a5b2e0c634b3",0,0,0,0,20,0,0,0,16,0,0,0,0,0,0,0,0,0,2,0,0,0,0,0,0,0,0,0,0,76,0,5,0,0,0,0,0,0,0,0,0,0,0,0,0,0,0,0,0,0,0,0,0,3,0,0,0,7,0,18,0,0,0,13,0,12,0,0,0,0,0,0,0,0,0,0,0,0,0,0,0,4,0,0,0,0,0,14,0
"bc29605ee2f490499f5eb3a724b29a91",0,3,0,33,675,0,0,0,332,0,15,5,0,0,21,0,0,120,9,0,0,0,192,0,0,0,0,0,0,147,41,0,0,0,0,0,0,0,117,0,0,0,0,12,0,0,454,0,0,0,0,0,0,2,35,0,0,718,0,0,5,194,0,0,0,0,110,0,0,336,0,0,6,0,0,0,4,0,48,0,0,0,0,0,0,0,0,0,42
"44396f15b10f6577d61a11c6047c939f",0,0,0,7,1196,0,0,7,1099,0,0,0,0,0,18,0,0,648,2,3,0,12,310,0,0,0,0,39,0,520,628,77,0,0,0,0,0,0,274,0,82,0,0,5,0,0,994,0,0,0,0,427,0,9,26,45,17,5692,0,0,4,137,0,5,0,517,665,969,0,1013,0,0,0,0,0,0,0,0,50,0,0,0,0,0,0,0,0,11,131
"6f8fe54e715639c5c5bce8efae8a886c",0,0,0,0,0,0,0,0,0,0,0,0,0,0,0,0,0,0,0,0,0,0,0,0,0,0,0,0,0,0,0,0,0,0,0,0,0,0,0,0,0,0,0,0,0,0,0,0,0,0,0,0,0,4,0,0,0,0,0,0,0,0,0,0,0,0,0,0,0,0,0,0,0,0,0,0,0,0,0,0,0,0,0,0,0,0,0,0,0
"26b0fd3cb46859713999bbf58faea436",0,0,0,0,0,0,0,0,0,0,0,0,0,0,0,0,0,0,0,0,0,0,0,0,0,0,0,68,0,0,0,0,0,0,0,0,0,0,0,0,0,0,0,0,0,0,0,0,0,0,10,193,0,0,0,241,21,0,0,0,0,0,0,1563,0,0,0,0,16,0,0,0,0,0,0,16,0,0,0,0,0,0,0,0,0,0,0,0,0
"d156d43cfcf76114cdb045818d287906",0,0,0,0,0,0,0,0,0,0,0,0,0,0,0,0,0,0,0,0,0,0,0,0,0,0,0,0,0,0,0,0,0,0,0,0,0,0,0,0,0,0,0,0,0,0,0,0,0,0,0,0,0,0,0,0,0,0,0,0,0,0,0,0,0,0,0,0,0,0,0,0,0,0,0,0,0,0,0,0,0,0,0,0,0,42,0,0,0
"d50fe0084836847342908c887cf3cdb8",0,0,0,0,0,0,0,0,0,0,0,0,0,0,0,0,0,0,0,0,0,0,0,0,0,0,0,0,0,0,0,0,0,0,0,0,0,0,0,0,0,0,3,0,0,0,0,0,0,2,0,0,0,0,0,0,0,0,0,0,0,0,0,0,0,0,0,0,0,0,0,0,0,0,0,0,0,0,0,0,0,0,0,0,0,0,0,0,0
"d7f300239d79f65c4e664adebcd54b14",0,0,2,0,0,0,0,0,0,0,0,0,0,0,0,0,0,0,0,0,0,0,0,0,0,0,0,0,0,0,0,0,0,0,0,0,0,0,0,0,0,0,0,0,0,0,0,0,0,0,0,0,0,0,0,0,0,0,0,0,0,0,0,0,0,0,0,0,0,0,0,0,0,0,0,0,0,0,0,0,0,0,0,0,0,2,0,0,0
"c0fb21b0fb015aa886d608d04848890f",0,0,0,0,0,0,3,0,0,0,0,0,0,0,0,0,0,0,0,0,0,0,0,0,0,0,0,0,0,0,0,0,0,0,0,0,0,0,0,0,2,0,7,0,0,0,0,0,0,0,0,0,0,0,0,0,0,0,0,0,0,0,0,0,0,0,0,0,4,0,0,0,6,0,0,0,0,0,0,0,0,0,0,0,0,0,0,0,0
"a961629232b27792c1361fe4e7a58e3b",0,0,0,0,0,0,0,0,0,0,0,0,0,0,0,0,0,0,0,0,0,0,0,0,0,0,0,0,0,0,0,0,0,0,0,0,0,0,0,0,0,0,0,0,0,0,0,0,0,0,0,0,0,0,0,0,0,0,0,0,0,0,0,0,0,0,0,0,0,0,0,0,0,0,0,0,0,0,0,0,0,0,0,0,0,20,0,0,0
"3b1587103652c02cf8eff6d0cfb75d2c",0,0,0,0,0,0,0,0,0,0,0,0,0,0,0,0,0,0,0,0,0,0,0,0,0,0,0,0,0,0,0,0,0,0,0,0,0,0,0,0,0,0,0,0,0,0,0,0,0,0,3,0,0,0,0,0,0,0,0,0,0,0,0,0,0,0,0,0,0,0,0,0,0,0,0,0,0,0,6,0,0,0,0,0,0,0,0,0,0
"882b5b49ef18215727a0900958cdec5d",0,0,0,0,0,0,0,0,0,0,0,4,0,0,0,0,0,0,0,0,0,0,0,0,0,0,0,0,0,0,0,0,0,0,0,0,0,0,0,0,0,0,0,0,0,0,0,0,0,0,0,0,0,0,0,0,0,0,0,0,0,0,0,0,0,0,0,0,0,0,0,0,0,0,0,0,0,0,0,0,0,0,0,0,0,0,0,0,0
"498d91cc020526baf60e7911b6c589d6",0,0,0,0,0,4,0,0,0,0,0,0,0,0,0,0,0,0,0,0,0,0,0,0,0,0,0,2,0,0,0,0,0,0,0,0,0,0,0,0,0,0,0,0,0,0,0,0,0,0,0,0,28,0,0,0,0,0,0,0,0,0,0,0,0,0,0,0,0,0,0,0,5,0,0,0,0,0,0,0,0,0,0,0,0,0,0,0,0
"f000eb15e0fdebdc52c32d3a700e22b6",0,0,0,0,0,0,0,0,0,0,0,0,0,0,0,0,0,0,0,0,0,0,0,0,0,0,0,0,0,0,0,0,0,0,0,0,0,0,0,0,0,0,0,0,0,0,0,0,0,0,0,0,5,0,0,0,0,0,0,0,0,0,0,0,0,0,0,0,0,0,0,0,0,0,0,0,0,0,0,0,0,0,0,0,0,0,0,0,0
"cc9218769e5b98a23e0e449b6606bf26",0,0,0,0,0,0,0,0,0,0,0,0,0,0,0,0,0,0,0,0,0,2,0,0,0,0,0,0,0,0,0,0,0,0,0,0,0,0,0,0,0,0,0,0,0,0,0,0,0,0,0,0,0,0,0,0,0,0,0,0,0,0,0,0,0,0,0,0,0,0,0,0,0,0,0,0,0,0,0,0,0,0,0,0,0,0,0,0,0
"27f098662c8f87b4aaff903d9c0f28d3",0,5,57,7,14,40,0,0,97,0,0,0,40,0,2,0,0,78,12,79,40,31,5,138,7,135,0,0,11,166,131,0,0,7,0,0,21,0,19,5,7,0,15,0,0,35,55,0,0,7,0,179,170,0,0,116,16,144,11,75,0,0,9,51,24,243,98,45,5,168,0,10,16,12,0,0,0,0,55,41,0,0,11,16,0,3,40,0,290
"4102c0c9284b080a36ae312a7b497915",0,0,0,0,0,0,0,0,210,0,0,43,0,0,69,0,0,467,5,0,26,0,0,0,0,0,0,0,0,814,360,146,0,0,0,0,0,0,54,0,50,0,20,0,18,0,119,0,0,120,0,0,0,0,0,226,248,373,0,0,0,79,0,0,40,171,114,18,107,346,0,0,70,0,0,102,4,0,181,7,0,5,0,0,0,0,0,0,0
"f2d73f4246bd92dcdb116955c2d3ac7c",0,0,0,0,0,0,2,0,0,0,0,0,0,0,0,0,0,0,0,0,0,0,0,0,0,0,0,0,0,0,0,0,0,0,0,0,0,0,0,0,0,0,0,0,0,0,0,0,0,0,0,59,0,0,0,0,0,0,0,0,0,3,0,0,0,0,5,77,0,6,0,0,0,0,0,0,0,0,0,0,0,0,0,0,0,0,0,0,0
"d09c79773d4b9e43484e592b61a6eca3",0,0,0,0,0,0,0,0,65,0,0,0,0,0,0,0,0,17,0,0,2,0,0,110,0,9,0,0,0,28,0,0,0,0,0,0,0,0,10,0,0,0,0,0,0,0,0,0,0,0,0,0,0,0,0,42,0,30,0,0,0,0,0,0,7,0,0,9,0,0,0,0,0,0,0,2,0,0,0,0,0,0,0,0,0,0,0,0,0
"d62d8aa34d175fc8fd6575df74a5042f",4,0,0,0,0,0,0,0,0,0,0,0,0,0,0,0,0,0,0,0,0,0,0,0,0,0,0,0,0,0,0,0,0,0,0,0,0,0,0,0,0,0,0,0,0,0,0,0,0,0,0,0,0,0,0,0,0,0,0,0,0,0,0,0,0,0,0,0,0,0,0,0,0,0,0,0,0,0,0,0,0,0,0,0,0,0,0,0,0
"2968144e8c7489fc5cc3a0fca86c1979",0,0,0,0,0,0,0,0,0,0,0,0,0,0,0,0,0,0,0,0,0,0,0,0,0,0,0,0,0,0,0,0,0,0,0,0,0,0,0,0,0,0,0,0,0,0,0,0,0,0,0,0,0,0,0,0,0,0,0,0,0,0,0,0,0,0,0,0,0,0,0,0,0,0,0,0,0,0,0,0,0,0,0,0,0,6,0,0,0
"6f3f68e5c8e2a11b388ddbbea9fa182d",0,0,0,0,0,11,14,11,2,0,0,0,0,0,0,3,0,0,0,3,0,3,0,0,0,0,0,0,0,0,0,0,0,0,0,0,0,73,17,0,7,0,0,0,3,0,0,15,0,27,8,0,9,5,0,6,8,0,0,0,0,0,0,9,6,0,0,0,3,0,0,0,4,0,0,0,0,4,27,0,4,0,17,0,0,17,0,0,0
"8703b97a491054483fcad4fa4bb8e8f2",0,0,0,0,0,0,0,0,0,0,0,0,0,0,0,0,0,0,0,0,0,0,0,0,0,0,0,0,0,0,0,0,0,0,0,0,0,0,0,0,0,0,0,0,0,0,0,0,0,0,0,0,0,0,0,0,0,0,0,0,0,0,0,0,0,0,0,0,6,0,0,0,0,0,0,0,0,0,0,0,0,0,0,0,0,14,0,0,0
"f512a0d20386c284215d59f7c8725a5c",0,0,0,0,0,0,0,0,0,0,0,0,0,0,0,0,0,0,0,0,0,0,0,0,0,0,0,0,0,0,0,0,0,0,0,0,0,0,0,0,0,0,0,0,0,0,0,0,0,0,0,0,0,0,0,0,0,0,0,0,0,0,0,0,0,0,0,0,0,0,0,0,0,0,0,0,0,0,3,0,0,0,0,0,0,0,0,0,0
"7200ec6b61695f95dd4dc398d808efb9",0,0,0,0,0,0,0,0,0,0,0,2,0,0,0,0,0,0,0,0,0,0,0,0,0,0,0,0,0,0,0,0,0,0,0,0,0,0,0,0,0,0,0,0,0,0,0,0,0,0,0,0,0,0,0,0,0,0,0,0,0,0,0,0,0,0,0,0,0,0,0,0,0,0,0,0,0,0,0,0,0,0,0,0,0,0,0,0,0
"3a80de1ab51aa1ccc77a1232d152f5fa",0,0,0,0,0,0,0,0,0,0,0,0,0,0,0,0,0,0,0,0,0,0,0,0,0,0,0,0,0,0,0,0,0,0,0,0,0,0,0,0,0,0,0,0,0,0,0,0,0,15,0,0,0,0,0,0,0,0,0,0,0,0,0,0,0,0,0,0,0,0,0,0,0,0,0,0,0,2,0,0,0,0,0,0,0,0,0,0,0
"14d05bcb6de5774c6a83affe499761f1",0,0,0,0,0,0,0,0,0,0,0,0,0,0,0,0,0,0,2,0,0,0,0,0,0,0,0,0,0,0,0,0,0,0,0,0,0,0,0,0,0,0,0,0,0,0,0,0,0,0,0,0,0,0,0,0,0,0,0,0,0,0,0,0,0,0,0,0,0,0,0,0,0,0,0,0,0,0,0,0,0,0,0,0,0,46,0,0,0
"b59896814b6fd6d33c073ad9ad635b07",0,0,0,0,0,0,0,0,0,0,0,0,0,0,0,0,0,0,0,0,0,0,0,0,0,0,0,0,0,0,0,0,0,0,0,0,0,8,0,0,0,0,0,0,0,0,0,0,0,0,0,0,0,0,0,0,0,0,0,0,0,0,0,0,0,0,0,0,0,0,0,0,0,0,0,0,0,0,4,0,0,0,0,0,0,0,0,0,0
"9a680731668922753a3a4a8aced69156",0,0,0,0,0,0,0,0,0,0,0,0,0,0,0,0,0,0,0,0,0,0,0,0,0,0,0,0,0,0,0,0,0,0,0,0,0,0,0,0,0,0,0,0,0,0,0,0,0,0,0,0,0,0,0,0,0,0,0,0,0,0,0,0,0,0,0,0,0,0,0,0,8,0,0,0,0,0,0,0,0,0,0,0,0,0,0,0,0
"f47beff0fc3748fcf424bf33bc490cf2",0,0,0,0,0,0,0,0,0,0,0,0,0,0,0,0,0,0,0,0,0,0,0,0,0,0,0,0,0,0,0,0,0,0,4,0,0,0,0,0,0,0,5,0,0,0,0,0,0,0,0,0,0,3,0,0,0,0,0,0,0,0,0,0,0,2,0,0,0,0,0,0,0,0,0,0,0,0,0,0,0,0,0,0,0,113,0,0,0
"d7f295e1611b69c121b4c4d17523101b",0,0,0,0,0,0,0,0,0,0,0,0,0,0,0,0,0,0,0,0,0,0,0,0,0,0,0,0,0,0,0,0,0,0,0,0,0,0,0,0,0,0,0,0,0,0,0,0,0,9,0,0,2,0,0,0,0,0,0,0,0,0,0,0,0,0,0,0,0,0,0,0,0,0,0,0,0,0,0,0,0,0,0,0,0,0,0,0,0
"aaa898b8ab555d70169c90fc8f96e8b9",0,0,0,0,0,0,0,0,0,0,0,0,0,0,0,0,0,0,0,0,0,0,0,0,0,0,0,0,0,0,0,0,0,0,0,0,0,0,0,0,0,0,0,0,0,0,0,4,0,0,0,0,0,0,0,0,0,0,0,0,0,0,0,0,0,0,0,0,0,0,0,0,0,0,0,0,0,0,0,0,0,0,0,0,0,0,0,0,0
"9a46009d88af58ee6284d3b8aa10ff1d",2,0,0,0,0,0,0,0,0,0,0,0,0,0,0,0,0,0,0,0,0,0,0,0,0,0,0,0,0,0,0,0,0,0,0,0,0,0,0,0,0,0,0,0,0,0,0,0,0,0,0,0,0,0,0,0,0,0,0,0,0,0,0,0,0,0,0,0,0,0,0,0,0,0,0,0,0,0,0,0,0,0,0,0,0,0,0,0,0
"bfcc7e237fe6a77b523dd9d3b03098b2",4,0,0,0,0,0,0,0,0,0,0,0,0,0,0,0,0,0,0,0,0,0,0,0,0,0,0,0,0,0,0,0,0,0,0,0,0,0,0,0,0,0,0,0,0,0,0,0,0,0,0,0,0,0,0,0,0,0,0,0,0,0,0,0,0,0,0,0,0,0,0,0,0,0,0,0,0,0,0,0,0,0,0,0,0,0,0,0,0
"2df2ab26fff1b60cabd46105a44fd635",0,0,0,0,0,0,0,0,0,0,0,0,0,0,0,0,0,0,0,0,0,0,0,0,0,0,0,3,0,0,0,0,0,0,0,0,0,0,0,0,0,0,0,0,0,0,0,0,0,0,0,0,0,0,0,0,0,0,0,0,0,0,0,0,0,0,0,0,0,0,0,0,0,0,0,0,0,0,0,0,0,0,0,0,0,0,0,0,0
"ea403646ed22d679fa4586263d8fc32f",19,2,0,0,0,0,0,8,0,6,0,5,0,5,3,0,0,0,0,31,0,11,0,0,0,0,0,0,0,12,0,2,0,0,0,0,0,6,7,0,0,0,443,0,0,0,10,11,0,37,9,7,2,28,0,0,5,0,0,8,0,0,15,13,0,9,0,0,4,0,0,0,11,4,0,0,3,0,24,9,0,9,0,0,10,67,0,0,11
"973ade598a47da2350e21668fd2ad5eb",0,0,0,0,0,0,0,0,0,0,0,0,0,0,0,0,0,0,0,0,0,0,0,0,0,0,0,0,0,0,0,0,0,0,0,0,0,0,0,0,0,0,0,0,0,0,0,0,0,0,0,0,0,0,0,0,0,0,0,0,0,0,0,0,0,0,0,0,0,0,0,0,0,0,0,0,0,0,0,0,0,0,0,0,0,8,0,0,0
"b35d059f8459f8764646c39c0a03c39b",0,0,0,0,0,0,0,0,0,0,0,0,0,0,0,0,0,0,0,0,0,3,0,0,0,0,0,0,0,0,0,0,0,0,0,0,0,0,0,0,0,0,0,0,0,0,0,0,0,0,0,0,0,0,0,0,0,0,0,0,0,0,0,0,0,0,0,0,0,0,0,0,0,0,0,0,0,0,0,0,0,0,0,0,0,0,0,0,0
"28b19c81e2e6fcc1cbdb899d4b943627",0,0,0,0,0,0,0,0,0,0,31,23,0,0,0,0,0,0,0,0,0,0,0,0,0,0,0,0,0,0,0,0,0,0,0,0,0,0,0,0,0,0,0,0,0,0,0,0,0,0,0,0,0,0,0,0,0,0,0,0,0,0,0,0,0,0,0,0,0,0,0,0,0,0,0,0,0,0,0,25,0,0,0,0,0,11,0,0,0
"107273e73071282e4d0f4a0b46548da5",0,0,12,0,0,0,0,0,0,0,0,0,0,0,0,0,0,0,52,0,0,0,0,0,0,0,0,0,0,0,0,0,0,0,0,0,0,0,0,0,0,0,0,97,0,0,0,0,0,0,0,0,0,7,0,0,0,0,0,0,0,0,0,0,0,0,0,0,4,0,0,0,0,0,0,0,0,0,0,0,0,0,0,0,0,346,0,0,0
"eb2034ac90cabd257a8ea9400275dd66",4,0,0,0,0,0,0,0,0,0,0,0,0,0,0,0,0,0,0,0,0,0,0,0,0,0,0,0,0,0,0,0,0,0,0,0,0,0,0,0,0,0,0,0,0,0,0,0,0,0,0,0,0,0,0,0,0,0,0,0,0,0,0,0,0,0,0,0,0,0,0,0,0,0,0,0,0,0,0,0,0,0,0,0,0,0,0,0,0
"adf8882d5fd60155f03f9a52e900d32d",0,0,0,0,0,0,0,0,0,0,0,0,0,0,0,0,0,0,0,0,0,0,0,0,0,0,0,0,0,0,0,0,0,0,0,0,0,0,0,0,0,0,0,0,0,0,0,0,0,0,0,0,0,0,0,0,0,0,0,0,0,0,0,0,0,0,0,0,0,0,0,0,0,0,0,0,0,0,0,0,0,0,0,0,0,16,0,0,0
"30ad487e1e86be71afce4e03fd7553b5",0,0,0,0,0,0,0,0,0,0,0,0,0,0,0,0,0,0,0,0,0,0,0,0,0,0,0,0,0,0,0,0,0,0,0,0,0,0,0,0,0,0,0,0,0,0,0,0,0,0,0,0,0,0,0,0,0,0,0,0,0,0,0,4,0,0,0,0,0,0,0,0,0,0,0,0,0,0,0,0,0,0,0,0,0,0,0,0,0
"7d58b73b13de6e7980febf7dd1a7fe76",0,0,0,0,0,0,0,0,0,0,0,0,0,0,0,0,0,0,17,0,0,0,0,0,2,0,0,0,0,0,0,0,0,0,0,0,0,0,0,0,0,8,0,0,0,56,0,0,0,0,0,0,488,0,0,0,0,0,0,0,422,0,0,0,0,0,0,0,37,0,0,0,0,0,0,0,0,0,0,8,0,0,0,0,0,0,0,0,0
"4552af3e905206840cf8b67bcaf2693f",0,0,0,0,0,0,0,0,0,0,0,0,0,0,0,0,0,0,0,0,0,0,0,0,0,0,0,0,0,39,0,0,0,0,0,0,0,0,0,0,0,0,0,0,0,0,0,0,0,0,0,0,0,0,0,0,0,0,0,0,0,0,0,0,0,0,0,0,0,0,0,0,0,0,0,0,0,0,0,0,0,0,0,0,0,0,0,0,0
"d46e2205f0c6ecf67b51f83d111c509c",590,24,5646,0,1163,73,205,68,1169,86,6,18,30,0,147,407,284,601,334,68,133,38,42,32,53,2881,291,24032,0,221,19181,144,23,343,0,112,66,53,769,1670,326,444,171,250,345,790,88,822,365,526,82,114,2412,2409,0,488,72,329,7,378,287,1444,44,73,0,11,680,142,0,7760,1003,0,81,23,0,140,52,0,54,8535,139,64,776,24,225,102,0,4759,2111
"b4bb370a59f2637d406ccc0f5a1b2a1e",0,0,0,0,0,0,0,0,0,0,0,0,0,0,0,7,0,0,0,0,0,0,0,0,0,7,0,0,0,0,0,18,0,0,0,0,0,0,0,0,0,0,0,0,0,0,0,0,0,0,0,0,17,0,0,0,0,0,0,0,0,0,0,0,0,0,0,0,0,0,0,0,0,0,0,0,0,0,0,0,0,0,0,0,0,0,0,0,0
"945184b6386c192c0066e0a98a154780",0,26,1461,0,17,0,434,216,1207,0,363,913,108,55,141,69,549,1180,7502,290,0,64,0,12,239,3240,22428,4554,38,1491,0,0,8,0,0,0,0,208,26,18,5289,694,43,838,245,1131,89,803,2054,104,61,76,28,725,0,136,163,129,6,169,3500,429,22,23,1085,171,161,41,946,31,158,0,0,26,0,47,0,0,100,2552,128,73,627,0,3368,277,31,1191,13216
"8b80340fccbb20bbc0b06b52e5a279cd",0,0,0,0,0,0,0,0,0,0,0,0,0,0,0,0,0,0,0,0,0,0,0,0,0,0,0,0,0,0,0,0,0,0,0,0,0,0,0,0,0,0,0,0,0,0,0,0,0,0,0,0,0,0,0,0,0,0,0,0,0,0,0,0,0,0,0,0,0,0,0,0,0,0,0,46,0,0,0,0,0,0,0,0,0,0,0,0,0
"8adadd953ff6f3831d8492aaecdbe713",0,0,398,122,14,0,13097,0,9147,23,17,11,16420,72,68,13,0,39,26,37,22,33,29,38,0,27,0,28,0,0,1994,27,0,24,21,28,21,12813,4267,11428,40565,0,119,0,28,20,6653,4069,57,28,22,25,23,15,0,0,16801,1331,0,20,11,145,0,0,1454,12484,3266,13,12226,269,0,0,22764,21725,0,4021,11,0,0,1265,0,0,0,0,15,135,16158,7,11
"394eda29c886632f514dd94b58381186",4,0,13,0,5,0,74,57,53,8,127,64,0,3,47,10,20,0,158,0,5,49,3,0,45,5,47,18,278,61,0,44,5,25,0,48,3,91,3,18,9,217,15,225,0,0,0,128,82,117,300,0,26,7,5,88,242,240,10,0,301,0,8,4,25,14,6,0,101,41,0,0,19,29,0,82,5,106,6,57,47,47,0,0,33,79,0,51,21
"6118b1d7d46eb70b45ee1307a57a755c",0,0,0,0,0,0,0,0,0,0,0,7,0,0,0,0,0,0,0,0,0,0,0,0,0,0,0,0,0,0,0,0,0,0,0,0,0,0,0,0,0,0,0,0,0,0,0,0,0,6,0,0,0,0,0,0,0,0,0,0,0,0,0,0,0,0,0,0,0,0,0,0,0,0,0,0,0,0,0,0,0,0,0,0,0,7,0,0,0
"a843fc211658b32d18ca8567f97f1a1e",0,0,0,0,0,0,0,0,0,0,0,0,0,0,0,0,0,0,0,0,0,0,0,0,0,0,0,0,0,0,0,0,0,0,0,0,0,0,0,0,0,0,0,0,0,0,0,0,6,16,0,0,0,0,0,0,0,0,0,0,0,0,0,0,0,0,0,0,0,0,0,0,0,0,0,0,0,0,0,0,0,0,0,0,0,0,0,0,0
"a3408be7cb40a3820a5f59294e010858",0,0,0,0,0,0,0,0,0,0,0,0,6,0,0,0,0,0,0,0,0,0,0,0,0,0,0,0,0,0,0,0,0,0,0,0,0,0,0,0,0,0,0,0,0,0,0,0,0,0,0,0,0,0,0,0,0,0,0,0,0,0,0,0,0,0,0,0,0,0,0,0,0,0,0,0,0,0,0,0,0,0,0,0,0,0,0,0,0
"9bb276530d60c2d320b7fd8bc8cf8613",0,0,0,0,0,0,0,0,0,0,0,0,0,0,0,0,0,0,0,0,0,0,0,0,0,0,0,0,0,0,0,0,0,0,0,0,0,0,0,0,0,0,0,0,0,0,0,0,0,0,0,0,0,0,0,0,0,0,0,0,0,0,0,0,0,0,0,0,0,0,0,0,0,0,0,0,0,2,0,0,0,0,0,0,0,47,0,0,0
"4109c42a2e9f1c2b2f539c2ff893f54d",0,0,0,0,0,0,0,0,0,0,0,0,0,0,0,0,0,0,0,0,0,0,0,0,0,0,0,0,0,0,0,0,0,0,0,0,0,0,0,0,0,0,0,0,0,0,0,0,0,0,0,0,0,0,0,0,0,0,0,0,0,0,0,0,0,0,0,0,0,0,0,0,0,0,0,0,0,0,0,0,0,0,0,0,0,41,0,0,0
"67da37a27427f41e9a28d4bcd418445b",0,0,0,0,0,0,0,0,1109,4,0,0,0,0,0,0,0,52,12,0,69,0,0,0,0,0,0,4,0,2397,0,0,0,0,0,0,0,7,0,19,9,0,13,7,6,11,599,0,21,0,3,0,0,18,0,758,0,389,0,11,0,19,0,0,127,0,673,34,0,0,0,0,0,0,0,0,0,0,0,748,0,8,0,0,0,65,0,0,0
"99ebc3fd7be0a94952e00751f9337419",0,0,0,0,0,0,0,0,0,0,0,0,0,0,0,0,0,0,0,0,0,0,0,0,0,0,0,0,0,0,0,0,0,0,0,0,0,0,0,0,0,0,0,0,0,0,0,0,0,0,0,0,0,0,0,0,0,0,0,0,0,0,0,0,0,0,0,0,0,0,0,0,0,0,0,0,0,0,0,0,0,0,0,0,0,146,0,0,0
"f179bd107516ffa74815272feed765a8",0,36,425,312,494,110,1686,623,1286,43,229,0,611,96,327,253,629,58,219,482,2013,831,39,352,146,625,544,338,443,440,193,873,686,35,667,693,10,78,52,164,391,36,299,564,409,1128,601,94,751,461,131,127,0,701,0,851,728,150,398,473,624,11,0,352,287,204,52,158,303,27,593,479,138,812,148,383,0,527,54,1042,0,537,39,50,489,208,1250,411,336
"7b2963eb465aa949c1fc339505286dff",0,0,0,0,0,0,0,0,0,0,0,0,0,0,0,0,0,0,0,0,0,0,0,16,0,0,0,0,0,0,0,0,0,0,0,0,0,0,0,0,0,0,0,0,0,0,0,0,0,0,0,0,0,0,0,0,0,0,0,0,0,0,0,0,0,0,0,0,0,0,0,0,0,0,0,0,0,0,0,0,0,0,0,0,0,0,0,0,0
"69a11f927915e2a3ba1f7b9c84486527",24,14,0,8,0,0,0,0,0,0,0,11,0,0,0,0,0,86,0,0,0,0,0,92,0,0,0,0,0,0,0,0,0,0,0,0,3,0,0,0,8,0,0,6,0,0,0,0,0,0,0,30,908,0,0,0,0,0,0,80,10,4,0,0,47,6,0,15,0,0,0,18,0,0,37,0,553,0,0,0,31,0,215,0,0,62,0,0,0
"7f3ad9a7e6609dfa371d22d4bd53fe96",0,0,0,0,0,0,0,0,0,0,0,0,0,0,0,0,0,0,0,0,0,0,0,0,0,0,0,0,0,0,0,0,0,0,0,0,0,0,0,0,0,0,0,0,0,0,0,0,0,0,0,0,0,0,0,0,0,0,0,0,0,0,0,75,0,0,0,0,0,9,0,0,0,0,0,0,0,0,26,0,0,0,0,0,0,0,0,0,0
"e9c5c7f40dc0d24681936be2db1c8467",0,0,0,0,0,0,0,0,0,0,0,0,9,0,0,0,0,0,0,0,0,0,0,0,0,0,0,0,0,0,0,0,0,0,0,0,0,0,0,0,0,0,0,0,0,0,0,0,0,0,0,0,0,0,0,0,0,0,0,0,0,0,0,0,0,0,0,0,0,0,0,0,0,0,0,0,0,0,0,0,0,0,0,0,0,0,0,0,0
"54b5f4d902f9a7d8da0ea72644bc1254",0,0,0,0,0,0,0,0,0,0,0,0,0,0,0,0,0,0,0,0,0,0,0,0,0,0,0,0,0,0,0,0,0,0,0,0,0,0,0,0,0,0,0,0,0,0,0,0,0,0,0,0,0,0,0,0,0,0,0,0,0,0,0,0,0,0,0,0,0,0,0,0,0,0,0,0,0,0,0,0,0,0,0,0,0,45,0,0,0
"d50f18f4c668202cb6ab3331b783eb1b",0,0,0,0,0,0,0,0,0,0,0,0,0,0,0,0,0,0,0,0,0,0,0,0,0,0,0,0,0,0,0,0,0,0,0,0,0,0,0,0,0,0,0,0,0,0,0,0,0,0,0,0,0,0,0,0,0,0,0,0,0,0,0,0,0,0,0,0,0,0,0,0,0,0,0,0,0,0,0,0,0,0,0,0,0,8,0,0,0
"1e104b993416995498346089f57fd3bf",9,0,0,0,0,0,0,0,0,0,0,0,0,4,2,0,0,0,0,3,0,4,0,0,3,2,5,2,0,0,0,0,0,0,0,2,0,0,0,0,0,0,0,0,0,0,0,0,0,19,5,0,0,13,2,0,0,0,0,0,0,0,5,0,0,0,0,3,0,0,0,0,11,0,0,0,0,0,3,0,0,4,0,2,0,25,0,0,0
"a65e4648c9e4e2fa6ee2443bd08452dc",0,0,0,0,0,0,0,0,0,0,0,5,0,0,0,0,0,0,0,0,0,0,0,0,0,0,0,0,0,0,0,0,0,0,0,0,0,2,0,0,0,0,0,0,0,0,0,0,0,0,0,0,0,0,0,0,0,0,0,0,0,0,0,0,0,0,0,0,0,0,0,0,0,0,0,0,0,0,0,0,2,0,0,0,0,0,0,0,0
"4f5efd25dacb5d639316e7291ff6ff8b",0,0,0,0,0,0,0,0,0,0,0,0,0,0,0,0,0,0,0,0,0,0,0,0,0,0,0,0,0,0,0,0,0,0,0,0,0,0,0,0,0,0,0,0,0,0,0,3,0,0,0,0,0,3,0,0,0,3,0,0,0,0,0,0,0,0,3,0,0,0,0,0,0,0,0,4,0,0,0,0,0,0,0,0,0,0,0,0,0
"4837cdf9d4a86ad21d994419283d784b",0,0,0,0,0,0,0,0,0,0,0,0,0,0,0,0,0,0,0,0,0,0,0,0,0,0,0,0,4,0,0,0,0,0,0,0,0,0,112,0,0,0,0,0,0,0,6,0,0,0,0,0,22,0,0,0,0,0,0,0,0,0,0,0,0,0,0,0,0,0,0,0,0,0,0,0,0,0,0,0,0,0,0,0,0,0,0,81,0
"abd34643df4e48940286e05ff8518132",0,0,0,0,0,0,0,0,0,0,0,0,0,0,0,0,0,0,0,0,0,0,0,0,0,0,0,0,0,0,0,0,0,0,0,0,0,6,0,0,0,0,0,0,0,0,0,0,0,0,0,0,0,0,0,0,0,0,0,0,0,0,0,0,0,0,0,0,0,0,0,0,0,0,0,0,0,0,0,0,0,0,0,0,0,0,0,0,0
"f4801b7a68515d9005fa572ee6afdf41",0,0,0,0,0,0,0,6,0,0,0,0,0,0,0,0,0,0,0,0,0,0,0,0,0,0,0,0,0,0,0,0,0,0,0,0,0,0,0,0,0,0,0,0,0,0,0,0,0,0,0,0,0,0,0,0,0,0,0,0,0,0,0,0,0,0,0,0,0,0,0,0,0,0,0,0,0,0,0,0,0,0,0,0,0,0,0,0,0
"fec2da4ccc40b9ad85a020553063366b",0,0,0,0,0,0,0,0,0,0,0,0,0,0,15,0,0,14,0,28,0,0,0,28,0,44,0,0,0,12,20,29,0,0,0,0,27,0,0,0,0,0,0,0,0,0,0,0,0,0,0,13,0,0,0,27,8,15,0,26,0,0,0,0,20,39,15,15,0,5,0,0,8,0,56,0,0,0,0,0,0,0,0,0,0,0,0,32,66
"4e5ff310075a50266f9d480989d68398",0,0,0,0,0,0,0,0,0,0,0,0,0,0,0,0,0,0,0,0,0,0,0,0,0,0,0,0,0,0,0,0,0,0,0,0,0,0,0,0,0,0,0,0,0,0,0,0,0,8,0,0,0,0,0,0,0,0,0,0,0,0,0,0,0,0,0,0,0,0,0,0,0,0,0,0,0,0,0,0,0,0,0,0,0,0,0,0,0
"00277acb893afe3e6c6872ca49ec809e",0,0,0,0,0,2,0,0,0,0,0,0,0,0,0,0,0,0,0,0,0,0,0,0,0,0,0,0,0,13,0,0,0,0,0,0,0,0,0,0,0,0,0,0,0,0,0,0,0,5,0,0,0,0,0,0,0,0,0,0,0,0,2,0,0,0,0,0,0,0,0,0,0,0,0,0,0,0,0,0,0,0,0,0,0,0,0,0,0
"eb60699a200f7836fa0cb9b124f5d10d",0,0,0,0,0,0,0,0,0,0,0,0,0,0,0,0,0,0,0,0,0,0,0,0,0,0,0,0,0,0,0,0,0,0,0,0,0,5,0,0,0,0,0,0,0,0,0,0,0,0,0,0,0,0,0,0,0,0,0,0,0,0,0,0,0,0,0,0,0,0,0,0,0,0,0,0,0,0,0,0,0,0,0,0,0,0,0,0,0
"e5c19d7800b18015f3a917fc015fc42f",0,0,0,0,0,0,0,0,3,0,0,0,0,0,0,0,0,0,0,0,0,4,0,0,0,0,0,0,0,0,2,0,0,0,4,3,0,8,0,0,0,0,3,0,0,0,0,0,0,7,0,0,0,0,0,0,0,0,0,0,0,0,0,6,0,0,0,0,3,0,0,0,4,0,0,0,0,0,66,0,0,5,0,0,4,0,0,0,0
"6c09321e225978e0f13c22da082561c0",0,0,0,0,0,0,0,0,0,0,0,0,0,0,0,0,0,0,0,0,0,0,0,0,0,0,0,0,0,0,0,0,0,0,0,0,0,0,0,0,0,0,0,0,0,0,0,0,0,0,0,0,0,0,0,0,0,0,0,0,0,0,0,0,0,0,0,0,0,0,0,0,0,0,0,0,0,0,0,0,0,0,0,0,0,337,0,0,0
"4d4b768ef964e8da84b7d56a75093348",0,0,0,0,0,0,0,0,0,0,0,0,0,0,0,0,0,0,0,0,0,0,0,0,0,0,0,0,0,0,0,0,0,0,0,0,0,0,0,0,0,0,0,0,0,0,0,0,0,0,0,0,0,0,0,0,0,0,0,0,0,0,0,0,0,0,0,0,0,0,0,0,3,0,0,0,0,0,0,0,0,0,0,0,0,37,0,0,0
"524f945306ac2c325b6027df82cc10c2",0,0,0,0,0,0,0,0,0,0,0,0,0,0,0,0,0,0,0,0,0,0,0,0,0,0,0,0,0,0,0,0,0,0,0,0,0,0,0,0,0,0,0,0,0,0,0,0,0,0,0,0,0,0,0,0,0,0,0,0,0,0,0,0,0,0,0,0,0,0,0,0,0,0,0,0,0,0,0,0,0,0,0,0,0,53,0,0,0
"73ff0a30a35907b93f8e4e13e4874bf0",0,0,0,0,0,0,0,0,0,0,0,0,0,0,0,0,0,0,0,0,0,0,0,0,0,0,0,0,0,0,0,0,0,0,0,0,0,0,0,0,0,0,0,0,0,0,0,0,0,0,0,0,0,0,0,0,0,0,0,0,0,0,0,0,0,0,0,0,0,0,0,0,0,0,0,0,0,0,0,0,0,0,0,0,0,6,0,0,0
"c2b7e0e61c5f19d0756a21abdddb7fbe",0,0,0,0,0,0,0,0,0,0,0,0,0,0,0,0,0,0,0,0,0,0,0,0,0,0,0,0,0,0,0,0,0,0,0,0,0,0,0,0,0,0,0,0,0,0,0,0,0,0,0,0,0,0,0,0,0,0,0,0,0,0,0,0,0,0,0,0,0,0,0,0,0,0,0,0,0,0,0,0,0,0,0,0,0,3,0,0,0
"d9b3d3986f2603088380ab50cff6aec3",0,0,0,0,0,0,0,0,0,0,0,0,0,0,0,0,0,0,0,0,0,0,0,0,0,0,0,0,0,0,0,0,0,0,0,0,0,0,0,0,0,0,0,0,0,0,0,0,0,0,0,0,0,0,0,0,0,0,0,0,0,0,0,0,0,0,0,0,0,0,0,0,0,0,0,0,0,0,0,0,0,0,0,0,0,80,0,0,0
"e8a499c569880b49145fc0bb9a2f71c5",0,0,0,0,0,0,0,0,0,0,0,0,0,0,0,0,0,0,0,0,0,0,0,0,0,0,0,0,0,0,0,0,0,0,0,0,0,0,0,0,0,0,0,0,0,0,0,0,0,0,0,0,0,0,0,0,0,0,0,0,0,0,0,0,0,0,0,0,0,0,0,0,0,0,0,0,0,0,9,0,0,0,0,0,0,0,0,0,0
"ac1f0d6ac4b3edd4329f892a36c7cb2e",0,0,0,0,0,0,0,0,0,0,0,0,0,0,0,0,0,0,0,0,0,0,0,0,0,0,0,0,0,0,0,0,0,0,0,0,0,0,0,0,0,0,0,0,0,0,0,0,0,0,0,0,0,0,0,0,0,0,0,0,0,0,0,0,0,0,0,0,0,0,0,0,0,0,0,0,0,4,0,0,0,0,0,0,0,0,0,0,0
"de445cd2e591df50ae5e1b5dd28a228b",0,0,0,0,0,0,0,0,0,0,0,0,0,0,0,0,0,0,0,0,0,0,0,0,0,0,0,0,0,0,0,0,0,0,0,0,0,0,0,0,0,0,0,0,0,0,0,0,0,7,0,0,0,0,0,0,0,0,0,0,0,0,0,0,0,0,0,0,0,0,0,0,0,0,0,0,0,0,0,0,0,0,0,0,0,17,0,0,0
"0ff1d34f9844312bb99a5c74f0eb9172",0,0,0,0,0,0,0,0,0,0,0,0,0,0,0,0,0,0,0,0,0,0,0,0,0,0,0,0,0,0,0,0,0,0,0,0,0,0,0,0,0,0,0,0,0,0,0,0,0,0,0,0,0,0,0,0,0,0,0,0,0,0,0,0,0,0,0,0,0,0,0,0,0,0,0,0,0,0,0,0,0,0,0,0,0,8,0,0,0
"776cb4e060b94a3b82cafbcd8c44e05a",0,0,0,0,0,0,0,0,0,0,0,0,0,0,0,0,0,0,0,0,0,0,0,0,0,0,0,0,0,0,0,0,0,0,0,0,0,0,0,0,0,0,0,0,0,0,0,0,0,0,0,0,0,0,0,0,0,0,0,0,0,0,5,0,0,0,0,0,0,0,0,0,0,0,0,0,0,0,0,0,0,0,0,0,0,0,0,0,0
"a99f8336c1bd31088e8f10763a794342",0,0,0,0,0,0,0,0,0,0,0,0,0,0,0,0,0,0,0,0,0,0,0,0,0,0,0,0,0,0,0,0,0,0,0,0,0,0,0,0,0,0,0,0,0,0,0,0,0,0,0,0,0,0,0,0,0,0,0,0,0,0,0,0,0,0,0,0,0,0,0,0,0,0,0,0,0,0,0,0,0,0,0,0,0,11,0,0,0
"6bab220bb6c25d945de1473c96b6f8b2",0,0,0,0,0,0,0,0,0,0,0,0,0,0,0,0,0,0,0,0,0,0,0,0,0,0,0,0,0,0,0,0,0,0,0,0,0,0,0,0,0,0,0,0,0,0,0,0,0,0,0,0,0,0,0,0,0,0,0,0,0,0,0,0,0,0,0,0,0,0,0,0,0,0,0,0,0,0,0,0,0,0,0,0,0,5,0,0,0
"d14368ceff3dfd711843aee819334418",0,0,0,0,0,0,0,0,0,0,0,0,0,0,0,0,0,0,0,0,0,0,0,0,0,0,0,0,0,0,0,0,0,0,0,0,0,0,0,0,0,0,0,0,0,0,0,0,0,15,0,0,0,0,0,0,0,0,0,0,0,0,0,0,0,0,0,0,0,0,0,0,0,0,0,0,0,0,0,0,0,0,0,0,0,0,0,0,0
"c55eaf68f794cc4a6dc6651bdbfe4551",0,0,0,0,0,0,0,0,0,0,0,0,0,0,0,0,0,0,0,0,0,0,0,0,0,0,0,0,0,0,0,0,0,0,0,0,0,0,0,0,0,0,0,0,0,0,0,0,0,0,0,0,0,0,0,0,0,0,0,0,0,0,0,0,0,0,0,0,0,0,0,0,0,0,0,0,0,0,0,0,0,0,0,0,0,6,0,0,0
"7b28c20e72c6c95b3e604f0849245770",0,0,0,0,3565,5459,0,0,0,506,0,32,5,0,0,0,0,2223,16,12,0,0,0,1565,0,5,0,0,3,765,18231,0,4,0,0,0,0,0,4633,7,0,0,0,0,0,0,0,343,4,13,0,2196,0,0,0,41,371,1403,133,1036,0,750,0,0,607,3335,50,2770,0,1508,0,0,0,0,0,0,0,33,0,551,0,0,0,0,2,0,0,0,12
"cb3675a64914346eb8dba2a6bdc9c74a",0,0,0,0,0,0,0,0,0,0,0,0,0,0,0,0,0,0,0,0,0,0,0,0,0,0,0,0,0,0,0,0,0,0,0,0,0,0,0,0,0,0,0,0,0,0,0,0,0,0,0,0,0,0,0,0,0,0,0,0,0,0,0,0,0,0,0,0,0,0,0,0,0,0,0,0,0,0,0,0,0,0,0,0,0,16,0,0,0
"c6ccca86cfd198d7b35796658332b181",0,0,0,0,0,0,0,0,0,0,0,0,0,0,0,0,0,0,0,0,0,0,0,0,0,0,0,0,0,0,0,0,0,0,0,0,0,0,0,0,0,0,0,0,0,0,0,0,0,0,0,0,0,0,0,0,0,0,0,0,0,0,0,0,0,0,0,0,0,0,0,0,0,0,0,0,0,0,0,0,0,0,0,0,0,17,0,0,0
"3c48c273a6dd7d0a2c2d5e00422d5840",0,8,0,0,0,0,0,0,25,3,0,12,9,0,0,0,0,39,0,52,0,0,0,0,0,0,0,0,0,47,0,13,0,0,0,0,0,0,125,0,0,0,0,0,0,0,0,0,0,0,0,47,0,31,6,0,0,319,0,0,0,0,0,3,0,15,144,38,24,11,0,0,0,0,0,0,0,10,29,43,0,0,0,0,0,0,98,9,0
"238533b8867c2cb42e0ce2a53fff2340",0,0,0,0,0,0,0,0,0,0,0,0,0,0,0,0,0,0,0,0,0,0,0,0,0,0,0,0,0,0,0,0,0,0,0,0,0,0,0,0,0,0,0,0,0,0,0,0,0,0,0,0,0,0,0,0,0,0,0,0,0,0,0,0,0,0,0,0,0,0,0,0,0,0,0,0,0,0,0,0,0,0,0,0,0,16,0,0,0
"44c7a81a5450f587a70d992553b11e95",0,0,0,0,0,0,0,0,0,0,0,0,0,0,0,0,0,0,0,0,0,0,0,0,0,0,0,0,0,0,0,0,0,0,0,0,0,0,0,0,0,0,0,0,0,0,0,0,0,0,0,0,0,0,0,0,0,0,0,0,0,0,0,0,0,0,0,0,0,0,0,0,0,0,0,0,0,0,0,0,0,0,0,0,0,11,0,0,0
"6daa3a4cd45d1f281d663dd18618cd0c",0,0,2,0,0,0,0,0,0,0,0,0,0,0,0,0,0,0,0,0,0,0,0,0,0,0,0,0,0,0,0,0,0,0,0,0,0,0,0,0,0,0,0,0,0,0,0,0,0,0,0,0,0,0,0,0,0,0,0,0,0,0,0,0,0,0,0,0,0,0,0,0,0,0,0,0,0,0,0,0,0,0,0,0,0,10,0,0,0
"0ae5531a9802e71139c959faebdde10c",0,0,0,0,0,0,0,0,0,0,0,0,0,0,0,0,0,0,0,0,0,0,0,0,0,0,0,0,0,0,0,0,0,0,0,0,0,0,0,0,0,0,0,0,0,0,0,0,0,0,0,0,0,0,0,0,0,0,0,0,0,0,0,0,0,0,0,0,0,0,0,0,0,0,0,0,0,0,0,0,0,0,0,0,0,63,0,0,0
"50387b28545bf8a657394a2c72dbfddf",0,0,0,0,0,0,13066,45,1034,71,0,0,0,0,0,0,0,43,0,0,0,66,0,3266,0,0,0,164,0,0,0,0,324,0,0,0,0,0,398,0,0,0,0,0,0,0,20,0,0,5881,393,6,0,1351,0,0,0,0,0,0,0,6,0,0,328,0,145,35,569,0,0,0,6,0,0,0,0,0,0,87,0,0,0,0,0,0,2488,0,0
"4b0f3ecb0a1e6129b025841c4845a99c",0,0,0,0,0,0,0,0,0,0,0,0,0,0,0,0,0,0,0,0,0,0,0,0,0,0,0,0,0,0,0,0,0,0,0,0,0,0,0,0,0,0,0,0,0,0,0,0,0,0,0,0,0,0,0,0,0,0,0,0,0,0,0,0,0,0,0,0,0,0,0,0,0,0,0,0,0,0,0,0,0,0,0,0,0,119,0,0,0
"a1ff5a302850b8e973510502a7d4f002",0,0,0,0,0,0,0,0,0,0,0,0,0,0,0,0,0,0,0,0,0,0,0,0,0,0,0,0,0,0,0,0,0,0,0,0,0,0,0,0,0,0,0,0,0,0,0,0,0,0,0,0,0,0,0,0,0,0,0,0,0,0,0,0,0,0,0,0,0,0,0,0,0,0,0,0,0,0,0,0,0,0,0,0,0,32,0,0,0
"49533df4ae008a2e2bbea6bf2777fad1",0,0,0,0,0,0,0,0,0,0,0,0,0,0,0,0,0,0,0,0,0,0,0,0,0,0,0,0,0,0,0,0,0,0,0,0,0,0,0,0,0,0,0,0,0,0,0,0,0,0,0,0,0,0,0,0,0,0,0,0,0,0,4,0,0,0,0,0,0,0,0,0,0,0,0,0,0,0,0,0,0,0,0,0,0,0,0,0,0
"0cc08632745373034be39da6972d0b2d",0,0,0,0,0,0,0,0,0,0,0,0,0,0,0,0,0,0,0,0,0,0,0,0,0,0,0,0,0,0,0,0,0,0,0,2,0,0,0,0,0,0,0,0,0,0,0,0,0,0,0,0,0,0,0,0,0,0,0,0,0,0,0,0,0,0,0,0,0,0,0,0,0,0,0,0,0,0,0,0,0,0,0,0,0,0,0,0,0
"ff71f360d7836f52d9881efe4e7c1f5e",0,0,0,0,0,0,0,0,0,0,0,0,0,0,0,0,0,0,0,0,0,0,0,0,0,0,0,0,0,0,3,0,0,0,2,0,0,0,0,0,0,0,0,0,0,0,0,0,0,0,0,0,0,0,0,0,0,0,0,0,0,0,0,0,0,0,0,0,0,0,0,0,0,0,0,0,0,0,0,0,0,0,0,0,0,0,0,0,0
"57dd958e56c827e41b45bfe25e6dace1",0,0,0,0,0,0,0,0,0,0,0,0,0,0,0,0,0,0,0,0,0,0,0,0,0,0,0,0,0,6,0,0,0,0,0,0,0,0,0,0,0,0,0,0,0,0,0,0,0,0,0,0,0,0,0,0,0,0,0,0,0,0,0,0,0,0,0,0,0,0,0,0,0,0,0,0,0,0,0,0,0,3,0,0,0,0,2,0,0
"aaebc83ee0001fab131137ae5d44d397",0,0,0,0,0,0,0,0,0,0,0,0,0,0,0,0,0,0,0,0,0,0,0,0,0,0,0,0,0,0,0,0,0,0,0,0,0,0,0,0,0,0,0,0,0,0,0,0,0,9,0,0,0,0,0,0,0,0,0,0,0,0,0,0,0,0,0,0,0,0,0,0,0,0,0,0,0,0,0,0,0,0,0,0,0,17,0,0,0
"fde935c65d711b5ce84a95c78ca5a779",0,0,0,0,0,0,0,0,0,0,0,0,0,0,0,0,0,0,0,0,0,0,0,0,0,0,0,0,0,0,0,0,0,0,0,0,0,0,0,0,0,0,0,0,0,0,2,0,0,0,0,0,0,0,0,0,0,0,0,0,0,0,0,0,0,0,0,0,0,0,0,0,0,0,0,0,0,0,0,0,0,0,0,0,0,0,0,0,0
"d88fdd25cf0defbbeed5e4a61038ecee",0,0,0,0,0,0,0,0,0,0,0,0,0,0,0,0,0,0,0,0,0,0,0,0,0,0,0,0,0,0,0,0,0,0,0,0,0,0,0,0,0,0,0,0,0,0,0,0,0,0,0,0,0,0,0,0,0,0,0,5,0,0,0,0,0,0,0,0,0,0,0,0,0,0,0,0,0,0,4,0,0,0,0,0,0,10,0,0,0
"26915c3209ae35ef27dd02617e8d7d91",0,0,0,0,0,0,0,0,0,0,0,0,0,0,0,0,0,0,0,0,0,0,0,0,0,0,0,0,0,0,0,0,0,0,0,0,0,0,0,0,0,0,0,0,0,0,0,0,0,14,0,0,0,0,0,0,0,0,0,0,0,0,0,0,0,0,0,0,0,0,0,0,0,0,0,0,0,0,0,0,0,0,0,0,0,0,0,0,0
"145ed9fc8cc40384112c4e8f81ad9ccd",0,0,0,0,0,0,0,0,0,0,0,0,0,0,0,0,0,0,0,0,0,0,0,0,0,0,0,0,0,0,0,0,0,0,0,0,0,0,0,0,0,0,0,0,2,0,0,0,0,0,0,0,0,0,0,0,0,0,0,0,0,0,0,0,0,0,0,0,0,0,0,0,0,0,0,0,0,0,0,0,0,0,0,0,0,0,0,0,0
"ba7b5d03d6feb3245377d14103b5ce6e",0,0,2,0,0,3,0,0,0,0,0,0,0,0,0,0,0,0,0,0,0,0,0,0,0,0,0,0,0,4,0,0,0,0,0,0,0,0,0,0,0,0,0,0,0,0,0,0,0,0,0,0,0,0,0,0,0,0,0,0,0,0,0,0,0,0,0,0,0,0,3,0,0,0,0,0,0,0,0,0,0,0,0,0,0,54,0,0,0
"0f372d33b140e0f06111fc9b6f107072",0,0,0,0,0,0,0,0,0,0,0,0,0,0,0,0,0,0,0,0,0,0,0,0,0,0,0,0,0,0,0,0,0,0,0,0,0,0,0,0,0,0,0,0,0,0,0,0,0,0,0,0,15,0,0,0,0,0,0,0,0,0,0,0,0,0,0,0,0,0,0,0,0,0,0,0,0,0,0,0,0,0,0,0,0,25,0,0,0
"5fe8a79baa0e9601bc73ff3938dbf497",0,0,0,0,0,0,0,0,0,0,0,0,0,0,0,0,0,0,0,0,0,0,0,0,0,0,0,0,0,0,0,0,0,0,0,0,0,16,0,0,0,0,0,0,0,0,0,0,0,0,0,0,0,0,0,0,0,0,0,0,0,0,0,0,0,0,0,0,0,0,0,0,11,0,0,0,0,0,0,0,0,0,0,0,0,7,0,0,0
"1adbe9be70d151cc4f39fef3ea6a14de",0,0,0,0,0,0,0,0,0,0,0,0,0,0,0,0,0,0,0,0,0,0,0,0,0,0,0,0,0,0,0,0,0,0,0,0,0,0,0,0,0,0,0,0,0,0,0,0,0,0,0,0,0,0,0,0,0,0,0,0,0,0,0,0,0,0,0,0,0,0,0,0,0,0,0,0,0,0,0,0,0,0,0,0,0,15,0,0,0
"4e480dcef062c593e9db02b36b68c6ce",0,0,7,0,0,0,0,0,0,0,0,0,0,0,0,0,0,0,0,0,0,0,0,0,0,0,0,0,0,0,0,0,0,2,0,0,0,10,0,0,0,0,0,0,0,0,0,2,8,2,0,0,0,0,0,6,26,0,0,0,0,0,0,0,0,0,0,0,0,0,0,0,0,0,0,0,0,0,17,0,12,0,0,0,0,221,0,0,0
"e4304c9496921fcf8a88c1ef30dfd0eb",0,0,0,0,0,0,0,0,0,0,0,0,0,0,0,0,0,0,0,0,0,0,0,0,0,0,0,0,0,0,0,0,0,0,0,0,0,0,0,0,0,0,0,0,0,0,0,0,0,0,0,0,0,0,0,0,0,0,0,0,0,0,0,0,0,0,0,0,0,0,0,0,0,0,0,0,0,0,0,0,0,0,0,0,0,8,0,0,0
"dd504218bc0cc12a1d7f7a6cbd529695",0,0,0,0,0,0,0,0,0,0,0,0,2,0,0,0,0,0,0,0,0,0,0,0,0,0,0,0,0,0,0,0,0,0,0,0,0,0,0,0,0,0,0,0,0,0,0,0,0,0,0,0,0,0,0,0,0,0,0,0,0,0,0,0,0,0,0,0,0,0,0,0,0,0,0,0,0,0,0,0,0,0,0,0,0,0,0,0,0
"eda87a763317de68b05666a082b49223",0,0,0,0,0,0,0,0,0,0,0,0,0,0,0,0,0,0,0,0,0,0,0,0,0,0,0,0,0,0,6,0,0,0,0,0,0,0,0,0,0,0,0,0,0,0,0,0,0,0,0,0,0,0,0,0,0,0,0,0,0,0,0,0,0,0,0,0,0,0,0,0,0,0,0,0,0,0,0,0,0,0,0,0,0,0,0,0,0
"944f13689c74d1e715ef3e3fd03d6b5c",0,0,0,0,0,0,0,0,0,0,0,0,0,0,0,0,0,0,0,0,0,0,0,0,0,0,0,0,0,0,0,0,0,0,0,0,0,0,0,0,0,0,0,0,0,0,0,0,0,0,0,0,0,0,0,0,0,0,0,0,0,0,0,0,0,0,0,0,0,0,0,0,0,0,0,0,0,0,0,0,0,0,0,0,0,4,0,0,0
"3c76496de2c06c9a4dcc9c174b773a59",0,0,0,0,0,0,0,0,0,0,0,0,0,0,0,0,0,0,0,0,0,0,0,0,0,3,0,0,0,0,0,0,0,0,0,0,0,0,0,0,0,0,0,0,0,0,15,0,0,23,0,0,0,0,0,0,0,0,0,0,0,0,0,0,0,0,0,0,0,0,0,0,0,0,0,0,0,0,0,0,0,0,0,0,0,20,0,0,0
"e1464539879868d4c7719804c23ac0e6",0,0,0,0,0,0,0,0,0,0,0,0,0,0,0,0,0,0,0,0,0,0,0,0,0,0,0,0,0,0,0,0,0,0,0,0,0,0,0,0,0,0,0,0,0,0,0,0,0,0,0,0,0,0,0,0,0,0,0,0,0,0,0,0,0,0,0,0,0,0,0,0,0,0,0,0,0,0,0,0,0,0,0,0,0,4,0,0,0
"94bd81a24ab324ac713530b0bd96720f",0,0,0,0,0,0,0,0,0,0,0,0,0,0,0,0,0,0,0,0,0,0,0,0,0,0,0,0,0,0,0,0,0,0,0,0,0,0,4,0,0,0,0,0,0,0,8,0,0,0,0,0,0,0,0,0,0,0,0,0,0,0,0,0,0,0,0,0,4,0,0,0,0,0,0,0,0,0,0,0,0,0,0,0,0,88,0,0,0
"aa4706ce1980e1bf31bd60cd29f2ff8a",0,0,0,0,0,0,0,0,0,0,0,0,0,0,0,0,0,0,0,0,0,0,0,0,0,0,0,0,0,0,0,0,0,0,0,0,0,0,0,0,0,0,0,0,0,0,0,0,0,0,0,0,0,0,0,0,0,0,0,0,0,0,0,0,0,0,0,0,0,0,0,0,0,0,0,0,0,0,0,0,0,0,0,0,0,10,0,0,0
"b4d8bf7843949181ee0989808fc4b142",0,0,0,0,0,0,0,0,0,0,0,0,0,3,0,0,0,0,0,0,0,0,0,0,0,0,0,0,0,0,0,0,0,0,0,0,0,0,0,0,0,0,0,0,0,0,0,0,0,0,0,0,0,0,0,0,0,0,0,0,0,0,0,0,0,0,0,0,0,0,0,0,0,0,0,0,0,0,0,0,0,2,0,0,0,172,0,0,0
"61f94809e37751a82c1ad80d9561f9b0",0,0,0,0,0,7,0,0,0,0,0,0,3,0,0,0,0,0,0,0,0,0,0,0,0,0,0,0,0,0,0,0,0,0,3,0,0,6,0,0,0,0,0,0,0,0,27,10,0,13,6,5,133,0,0,0,2,0,0,0,4,0,0,3,0,0,0,0,0,0,0,0,9,0,0,0,0,0,19,0,0,0,0,0,0,825,0,0,3
"58393c188464c18cd7e96bb66cf66dbc",2,0,0,0,0,0,0,0,0,0,0,0,0,0,0,0,0,0,0,0,0,0,0,0,0,0,0,0,0,0,0,0,0,0,0,0,0,0,0,0,0,0,0,0,0,0,0,0,0,0,0,0,0,0,0,0,0,0,0,0,0,0,0,0,0,0,0,0,0,0,0,0,0,0,0,0,0,0,0,0,0,0,0,0,0,0,0,0,0
"1f2c5cee479756b4c1d168271ca131d5",0,0,0,0,0,0,0,0,0,0,0,0,0,0,0,0,0,0,0,0,0,0,0,0,0,0,0,0,0,0,0,0,0,0,0,0,0,0,0,0,0,0,0,0,0,0,0,0,0,0,0,0,0,0,0,0,0,0,0,0,0,0,0,0,0,0,0,0,0,0,0,0,0,0,0,0,0,0,5,0,0,0,0,0,0,0,0,0,0
"d829bee4984f82ffc2453212157caf96",0,0,4,0,0,0,0,0,0,0,0,0,0,0,0,0,0,0,0,0,0,0,0,0,0,0,0,0,0,0,0,0,0,0,0,0,0,0,0,0,0,0,0,0,0,0,0,0,0,0,0,0,0,0,0,0,3,0,0,0,0,0,0,0,0,0,0,0,0,0,0,0,0,0,0,0,0,0,0,0,0,0,0,0,0,0,0,0,0
"1a56ad3ec2b87cfbeaba8976be08b4b9",0,0,0,0,0,0,0,0,0,0,0,0,0,0,0,0,0,0,0,0,0,0,0,0,0,0,4,0,0,0,0,0,0,0,0,0,0,0,0,0,0,0,0,0,0,0,0,0,0,0,0,0,0,0,0,0,0,0,0,0,0,0,0,0,0,0,0,0,0,0,0,0,0,0,0,0,0,0,0,0,0,0,0,0,0,41,0,0,0
"229f76e5c4491c2f3c4077ff8bdf52ae",0,0,0,0,0,0,0,0,0,0,0,0,0,0,0,0,0,0,0,0,0,0,0,0,0,0,0,0,0,0,0,0,0,0,0,0,0,0,0,0,0,0,0,0,0,0,0,0,0,0,0,0,0,0,0,0,0,0,0,0,0,0,0,0,0,0,0,0,0,0,0,0,0,0,0,0,0,0,0,0,0,0,0,0,0,18,0,0,0
"21d24d87336a5ed939c13da81cbcc7f9",0,0,0,0,0,0,0,0,0,0,0,0,0,0,0,0,0,0,0,0,0,0,0,0,0,0,0,0,0,0,0,0,0,0,0,0,0,0,0,0,0,0,0,0,0,0,0,0,0,0,0,0,0,0,0,0,0,0,0,0,0,0,0,0,0,0,0,0,0,0,0,0,0,0,0,0,0,0,0,0,0,0,0,0,0,10,0,0,0
"42dc3709284ad3e5a2e6e96525775bd5",0,0,0,0,0,0,0,0,0,0,0,0,0,0,0,0,0,0,0,0,0,0,0,0,0,0,0,0,0,0,0,0,0,0,0,0,0,0,0,0,0,0,0,0,0,0,0,0,0,0,0,0,0,0,0,0,0,0,0,0,0,0,0,0,0,0,0,0,0,0,0,0,0,0,0,0,0,0,0,0,0,0,0,0,0,17,0,0,0
"d90d17fc532d5a1046f528b1614dc989",0,0,0,0,0,0,0,0,0,0,0,0,0,0,2,0,0,0,0,0,0,0,0,0,0,0,0,0,0,0,0,0,0,0,0,0,0,0,0,0,0,0,4,0,0,0,0,0,0,0,0,0,0,0,0,0,0,0,0,0,0,0,0,0,0,0,0,0,0,0,0,0,0,0,0,0,0,0,0,0,0,0,0,2,0,0,0,0,0
"5915294afb05609492c42e0830582f98",0,0,0,0,0,0,0,0,0,0,0,0,0,0,0,0,0,0,0,0,0,0,0,0,0,0,0,0,0,0,0,0,0,0,0,0,0,0,0,0,0,0,0,0,0,0,0,0,0,0,0,0,0,0,0,0,0,0,0,0,0,0,0,0,0,0,0,0,0,0,0,0,0,0,0,0,0,0,0,0,0,0,0,0,0,26,0,0,0
"92f1720367db58c68a96eceb9feb416a",0,0,0,0,0,0,0,0,0,0,0,0,0,0,0,0,0,0,0,0,0,0,0,0,0,0,0,0,0,0,0,0,0,0,0,0,0,0,0,0,0,0,0,0,0,0,0,0,0,0,0,0,0,0,0,0,0,0,0,0,0,0,0,0,0,0,0,0,0,0,0,0,0,0,0,0,0,0,24,0,0,0,0,0,0,17,0,0,0
"7ead17a076e7b7b419bf50abe7eee3f4",0,0,0,0,0,0,0,0,0,0,0,0,0,0,0,0,0,0,0,0,0,0,0,0,0,0,0,0,0,0,0,0,0,0,0,0,0,0,0,0,0,0,0,0,0,0,10,0,0,0,4,0,0,0,0,0,0,0,0,0,0,0,0,0,0,0,0,0,0,0,0,0,0,0,0,0,0,0,0,0,0,0,0,0,0,9,0,0,0
"7b9ce8e5c02aca74dd6c923413e99764",0,0,2,0,0,0,0,0,0,0,0,0,0,0,0,0,0,0,0,0,0,0,0,0,0,0,0,0,0,0,0,0,0,0,0,0,0,16,0,0,0,0,0,0,0,0,0,0,0,0,0,0,0,0,0,0,0,0,0,0,0,0,0,0,0,0,0,0,0,0,0,0,0,0,0,0,0,0,0,0,0,0,0,0,0,0,0,0,0
"0356b8bf9fd15d2b45124228f1e8a464",0,0,0,0,0,0,0,0,0,0,0,0,0,0,0,0,0,0,0,0,0,0,0,0,0,0,0,0,0,0,0,0,0,0,0,0,0,0,0,0,0,0,0,0,0,0,0,0,0,0,0,0,0,0,0,0,0,0,0,0,0,0,0,0,0,0,0,0,0,0,2,0,0,0,0,0,0,0,0,0,0,0,0,0,0,15,0,0,0
"e0d1229567e5a103e46107c349217b47",0,0,0,0,0,0,0,0,0,0,0,0,0,0,0,0,0,0,0,0,0,0,0,0,0,0,0,0,0,0,0,0,0,0,0,0,0,0,0,0,0,0,0,0,0,0,0,0,0,0,0,0,0,0,0,0,0,0,0,0,0,0,0,0,0,0,0,0,0,0,0,0,0,0,0,0,0,0,7,0,0,0,0,0,0,0,0,0,0
"400ae0d816fcb6936d8fc9af2ab5d247",0,0,0,0,0,0,0,0,0,0,0,0,0,0,0,0,0,0,0,0,0,0,0,0,0,0,0,0,0,0,0,0,0,0,0,0,0,0,0,0,0,0,0,0,0,0,0,0,0,0,0,0,0,0,0,0,0,0,0,0,0,0,0,4,0,0,0,0,0,0,0,0,0,0,0,0,0,0,0,0,0,0,0,0,0,0,0,0,0
"c130baecd35f08a8f79bdfbdc0abb6c0",0,0,0,0,0,0,0,0,0,0,0,0,0,0,0,0,0,0,0,0,0,0,0,0,0,0,0,0,0,0,0,0,0,0,0,0,0,0,0,0,0,0,0,0,0,0,0,0,0,0,0,0,0,0,0,0,4,0,0,0,0,0,0,0,0,0,0,0,0,0,0,0,2,0,0,0,0,0,0,0,0,0,0,0,0,49,0,0,0
"1ddc8a4694ed56884c16d791174a6390",0,0,0,0,0,0,0,0,0,0,0,0,0,0,0,0,0,0,0,0,0,0,0,0,0,0,0,0,0,0,0,0,0,0,0,0,0,0,0,0,0,0,0,0,0,0,0,0,0,0,0,0,0,0,0,0,0,0,0,0,0,0,0,0,0,3,0,0,0,0,0,0,0,0,0,0,0,0,0,0,0,0,0,0,0,0,0,0,0
"7f7d9adaf06b5adea704daf5b15cf6bb",0,0,0,0,0,0,0,0,0,0,0,0,0,0,0,0,0,0,0,0,0,0,0,0,0,0,0,0,0,0,0,0,0,0,0,0,0,5,0,0,0,0,0,0,0,0,0,0,0,0,0,0,0,0,0,0,0,0,0,0,0,0,0,0,0,0,0,0,0,0,0,0,0,0,0,0,0,0,0,0,0,0,0,0,0,0,0,0,0
"c24a8bccc6724e79506c31365af3364b",0,0,0,0,0,0,0,0,0,0,0,0,0,0,0,0,0,0,0,2,0,0,0,0,0,0,0,0,0,0,0,0,0,0,0,0,0,0,0,0,0,0,0,0,0,0,0,0,0,0,0,0,0,0,0,0,0,0,0,0,0,0,0,0,0,0,0,0,0,0,0,0,0,0,0,0,0,0,0,0,0,0,0,0,0,30,0,0,0
"1a86af4406d8a625aeb2580ca8e084bf",0,0,0,0,0,0,0,0,0,0,0,0,0,0,0,0,0,0,0,0,0,0,0,0,0,0,0,0,0,0,0,0,0,0,0,0,0,0,0,0,0,0,0,0,0,0,0,0,0,0,0,0,0,0,0,0,0,0,0,0,0,0,0,0,0,0,0,0,0,0,0,0,0,0,0,0,0,0,0,0,0,0,0,0,0,7,0,0,0
"1e0e23d0b2d3040784ca3bb103abf809",0,0,0,0,0,0,0,0,0,0,0,0,0,0,0,0,0,0,0,0,0,0,0,0,0,0,0,0,0,0,0,0,0,0,0,0,0,0,0,0,0,0,0,0,0,0,0,0,0,4,0,0,0,0,0,0,0,0,0,0,0,0,0,0,0,0,0,0,0,0,0,0,0,0,0,0,0,0,0,0,0,0,0,0,0,0,0,0,0
"91f014e30b5624fa3f73a1acfff3da47",0,0,0,0,0,0,0,0,0,0,0,0,0,0,0,0,0,0,0,0,0,0,0,0,0,0,0,0,0,0,0,0,0,0,0,0,0,0,0,0,0,0,0,0,0,0,0,0,0,0,0,0,0,0,0,0,0,0,0,0,0,0,0,0,0,0,0,0,0,0,0,0,0,0,2,0,0,0,0,0,0,0,0,0,0,14,0,0,0
"34578d6bea9f0fac5bb11a4a6b6cc967",0,0,0,0,0,0,0,0,0,0,0,0,0,0,0,0,0,0,0,0,0,0,0,0,0,0,0,0,0,0,0,0,0,0,0,0,0,0,0,0,0,0,0,0,0,0,0,0,0,0,0,0,0,0,0,0,0,0,0,0,0,0,3,0,0,0,0,0,0,0,0,0,0,0,0,0,0,0,0,0,0,0,0,0,0,0,0,0,0
"fd645e7f3cb456b01988cba820facfb1",0,0,2,0,0,0,0,0,0,0,0,0,0,0,0,0,0,0,0,0,0,0,0,0,0,0,0,0,0,0,0,0,0,0,0,0,0,0,0,0,0,0,0,0,0,0,0,0,0,0,0,0,0,0,0,0,0,0,0,0,0,0,0,0,0,0,0,0,0,0,0,0,0,0,0,0,0,0,0,0,0,0,0,0,0,0,0,0,0
"5856684d8ae5911a75011457e17d0f1c",0,0,0,0,0,0,0,0,0,0,0,0,0,0,0,0,0,0,0,0,0,0,0,0,0,0,0,0,0,0,0,0,0,0,0,0,0,0,0,0,0,0,0,0,0,0,0,0,0,0,0,0,0,0,0,0,0,0,0,0,0,0,0,0,0,0,0,0,0,0,0,0,7,0,0,0,0,0,0,0,0,0,0,0,0,0,0,0,0
"a55e2d592c315b2695a5a50cdfcb73a1",0,0,0,0,0,0,0,0,0,0,0,0,0,0,0,0,0,0,0,0,0,0,0,0,0,0,0,0,0,0,0,0,0,0,0,0,0,0,0,0,0,0,0,0,0,0,0,0,0,0,0,0,0,0,0,0,0,0,0,0,0,0,0,0,0,0,0,0,0,0,0,0,0,0,0,0,0,0,0,0,0,0,0,0,0,5,0,0,0
"b35e30cf9079e8eaeb96cb88b183a91c",0,0,0,0,0,0,0,0,0,0,0,0,0,0,0,0,0,0,0,0,0,0,0,0,0,0,0,0,0,0,0,0,0,0,0,0,0,0,0,0,0,0,0,0,0,0,0,0,0,0,0,0,0,0,0,0,0,0,0,0,0,0,0,0,0,0,0,0,0,0,0,0,0,0,0,0,0,0,0,0,0,0,0,0,0,19,0,0,0
"b21cc4c35eb51bf92932052b57ff1db7",0,0,0,0,0,0,0,0,0,0,0,0,0,0,0,0,0,0,0,0,0,0,0,0,0,0,0,0,0,0,0,0,0,0,0,0,0,0,0,0,0,0,0,0,0,0,0,0,0,0,0,0,0,0,0,0,0,0,0,0,0,0,0,0,0,0,0,0,0,0,0,0,0,0,0,0,0,0,0,0,0,0,0,0,0,61,0,0,0
"f99ccaaf35afbf4166f84ccb6c357d31",0,0,0,0,0,0,0,0,0,0,0,0,0,0,0,0,0,0,0,0,0,0,0,0,0,0,0,0,0,0,0,0,0,0,0,0,0,0,0,0,0,0,0,0,0,0,0,0,0,0,0,0,0,0,0,0,0,0,0,0,0,0,0,0,0,0,0,0,0,0,0,0,0,0,0,0,0,0,0,0,0,0,0,0,0,126,0,0,0
"8802222b2b85b0b11211142487f59e36",0,0,0,0,0,0,0,0,0,0,0,0,0,0,0,0,0,0,0,0,0,0,0,0,0,0,0,0,0,0,0,0,0,0,0,0,0,0,0,0,0,0,0,0,0,0,0,0,0,0,0,0,0,0,0,0,0,0,0,0,0,0,0,0,0,0,0,0,0,0,0,0,0,0,0,0,0,0,0,0,0,0,0,0,0,20,0,0,0
"04a5cf83a575b9bde526d1e1399ce9e9",0,0,0,0,0,0,0,0,0,0,0,0,0,0,0,0,0,0,0,0,0,0,0,0,0,0,0,0,0,0,0,0,0,0,0,0,0,0,0,0,0,0,0,0,0,0,0,0,0,0,0,0,0,0,0,0,0,0,0,0,0,0,0,0,0,0,0,0,0,0,0,0,0,0,0,0,0,0,0,0,0,0,0,0,0,20,0,0,0
"bb607eb8c327b9d6f2eee955fc94b1c0",0,0,0,0,0,0,0,0,0,0,0,0,0,0,0,0,0,0,0,0,0,0,0,0,0,0,0,0,0,0,0,0,0,0,0,0,0,0,0,0,0,0,0,0,0,0,0,0,0,0,0,0,0,0,0,0,0,0,0,0,0,0,0,0,0,0,0,0,0,0,0,0,0,0,0,0,0,0,4,0,0,0,0,0,0,0,0,0,0
"e6f2bd2c6fddb8ae5661f3ec732d69cd",0,0,0,0,0,0,0,0,0,0,0,0,0,0,0,0,0,0,0,0,0,0,0,0,0,0,0,0,0,0,0,0,0,0,0,0,0,3,0,0,0,0,0,0,0,0,0,0,0,0,0,0,0,0,0,0,0,0,0,0,0,0,0,0,0,0,0,0,0,0,0,0,0,0,0,0,0,0,0,0,0,0,0,0,0,0,0,0,0
"c9a54aebf5dfcbd9adca048d100b3c16",0,0,0,0,0,0,0,0,0,0,0,0,0,0,0,0,0,0,0,0,0,0,0,0,0,0,0,0,0,0,0,0,0,0,0,0,0,3,0,0,0,0,0,0,0,0,0,0,0,0,0,0,0,0,0,0,0,0,0,0,0,0,0,0,0,0,0,0,0,0,0,0,0,0,0,0,0,0,0,0,0,0,0,0,0,10,0,0,0
"b7bb03f41b2044386d4c609b1085f722",0,0,0,0,0,0,0,0,0,0,0,0,0,0,0,0,0,0,0,0,0,0,0,0,0,0,0,0,0,0,35,0,0,0,0,0,0,0,0,0,0,0,0,0,0,0,0,0,0,0,0,0,0,0,0,0,0,0,0,0,0,0,0,0,0,0,0,0,0,0,0,0,0,0,0,0,0,0,0,0,0,0,0,0,0,0,0,0,0
"cc6986b200bbcf90924ef985d3562c87",0,0,0,0,0,5,0,0,0,0,0,0,0,0,0,0,0,0,0,0,0,0,0,0,0,0,0,0,0,0,0,0,0,0,0,0,0,0,0,0,0,0,0,0,0,0,0,0,0,0,0,0,0,0,0,0,0,0,0,0,0,0,0,0,0,0,0,0,0,0,0,0,0,0,0,0,0,0,0,0,0,0,0,0,0,0,0,0,0
"2794206d50655dd2f0007186fd080d04",0,0,0,0,0,0,0,0,2,0,0,0,0,0,0,0,0,0,0,0,0,0,0,0,0,0,0,0,0,0,0,0,0,0,0,0,0,0,0,0,0,0,0,0,0,0,0,0,0,0,0,0,0,0,0,0,0,0,0,0,0,0,0,0,0,0,0,0,0,0,0,0,0,0,0,0,0,0,0,0,0,0,0,0,0,0,0,0,0
"ec8008d6f0b63a8b7ac3a6b3b64059b1",0,0,0,0,0,0,0,0,0,0,0,0,0,0,0,0,0,0,0,0,0,0,0,0,0,0,0,0,0,0,0,0,0,0,0,0,0,0,0,0,0,0,0,0,0,0,0,0,0,0,0,0,0,0,0,0,0,0,0,0,0,0,0,0,0,0,0,0,0,0,0,0,0,0,0,0,0,0,0,0,0,0,0,0,0,8,0,0,0
"b4aeac499e52ccfa332f4734d83a3bb8",0,0,0,0,0,0,0,0,0,0,0,0,0,0,0,0,0,0,0,0,0,0,0,0,0,0,0,0,0,0,0,0,0,0,0,0,0,0,0,0,0,0,0,0,0,0,0,0,0,0,6,0,0,0,0,0,0,0,0,0,0,0,0,0,0,5,0,0,0,0,0,0,0,0,0,0,0,0,0,0,0,0,0,0,0,9,0,0,0
"ec063f7777c1d260c2a4a2ecaf8cfc1a",0,0,0,0,0,0,0,0,0,0,0,0,0,0,0,0,0,0,0,0,0,0,0,0,0,0,0,0,0,0,0,0,0,0,0,0,0,0,0,0,0,0,0,0,0,0,0,0,0,0,0,0,0,0,0,0,0,0,0,0,0,0,0,0,0,0,0,0,0,0,0,0,0,0,0,0,0,0,0,0,0,0,0,0,0,3,0,0,0
"2f99c6bdfce7b0afb7d3fb56fa64fe6c",0,0,0,0,0,0,0,0,0,0,0,0,0,0,0,0,0,0,0,0,0,0,0,0,0,0,0,0,0,0,0,0,0,0,0,0,0,0,0,0,0,0,0,0,0,0,0,0,0,0,0,0,0,0,0,0,0,0,0,0,0,0,0,0,0,0,0,0,0,0,0,0,0,0,0,0,0,0,0,0,0,0,0,0,0,19,0,0,0
"4f58e24f7573fb54c2152c0d0da31f5e",0,0,0,0,0,0,0,0,0,0,0,0,0,0,0,0,0,0,0,0,0,0,0,0,0,0,0,0,0,0,0,0,0,0,0,0,0,0,0,0,0,0,0,0,0,0,0,0,0,0,0,0,0,0,0,0,0,0,0,0,0,0,0,0,0,0,0,0,0,0,0,0,0,0,0,0,0,0,0,0,0,0,0,0,0,3,0,0,0
"06c444e971a450fef2ff2d90f91c0fe4",0,0,0,0,0,0,0,0,0,0,0,0,0,0,0,0,0,0,0,0,0,0,0,0,0,0,0,0,0,0,0,0,0,0,0,0,0,0,0,0,0,0,0,0,0,0,0,0,0,0,0,0,0,0,0,0,0,0,0,0,0,0,0,0,0,0,0,0,0,0,0,0,0,0,0,0,0,0,0,0,0,0,0,0,0,25,0,0,0
"e6ad5f7a87c9aae9cb3d9c756cda73f9",0,0,0,0,0,0,0,0,0,0,0,0,0,0,0,0,0,0,0,0,0,0,0,0,0,0,0,0,0,0,0,0,0,0,0,0,0,0,0,0,0,0,0,0,0,0,0,0,0,0,0,0,0,0,0,0,0,0,0,0,0,0,0,0,0,0,0,0,0,0,0,0,0,0,0,0,0,0,0,0,0,0,0,0,0,6,0,0,0
"423b9f5bfba9a02b1bb1b572c092f9a4",0,0,0,0,0,0,0,0,0,0,0,0,0,0,0,0,0,0,0,0,0,0,0,0,0,0,0,0,0,0,0,0,0,0,0,0,0,0,0,0,0,0,0,0,0,0,0,0,0,0,0,0,0,0,0,0,0,0,0,0,0,0,0,0,0,0,0,0,0,0,0,0,0,0,0,0,0,0,0,0,0,0,0,0,4,0,0,0,0
"2e8110fc7ac6f1bd9de7170801d6d60a",0,0,0,0,0,0,0,0,0,0,0,0,0,0,0,0,0,0,0,0,0,0,0,0,0,0,0,0,0,0,0,0,0,0,0,0,0,0,0,0,0,0,0,0,0,0,0,0,0,0,0,0,0,0,0,0,0,0,0,0,0,0,0,0,0,0,0,0,0,0,0,0,0,0,0,0,0,0,0,0,0,0,0,0,0,18,0,0,0
"068fcb4463433d24a9eedb6899a94677",0,0,0,0,0,0,0,0,0,0,0,0,0,0,0,0,0,0,0,0,0,0,0,0,0,0,0,0,0,0,0,0,0,0,0,0,0,0,0,0,0,0,0,0,0,0,0,0,0,0,0,0,0,0,0,0,0,0,0,0,0,0,3,0,0,0,0,0,0,0,0,0,0,0,0,0,0,0,0,0,0,0,0,0,0,22,0,0,0
"eaa8c65cb4ccf4c015caf9728e6e66fb",0,0,0,3,0,0,0,0,0,0,0,0,0,0,0,0,0,0,0,0,0,0,0,0,0,0,0,0,0,0,0,0,0,0,0,0,0,0,0,0,0,0,0,0,0,0,0,0,0,0,0,0,0,0,0,0,0,0,0,0,0,0,0,0,0,0,0,0,0,0,0,0,0,0,0,0,0,0,0,0,0,0,0,0,0,0,0,0,0
"8624322ae2483faffff421f46f814fc2",8,0,0,0,0,0,0,0,6,0,0,0,0,0,0,0,5,0,0,0,0,0,0,0,0,0,0,0,0,0,0,0,0,0,0,0,0,0,0,0,0,0,0,0,0,18,0,0,0,0,0,0,0,0,0,81,0,0,0,0,0,7,0,0,8,0,0,0,0,43,0,0,0,0,0,0,0,0,0,0,0,0,44,0,0,0,0,0,5
"4f6c9ee0f472b568270d7ed78278aa19",0,0,0,0,0,0,0,0,4,0,0,0,0,0,0,0,0,0,0,0,0,0,0,0,0,0,0,0,0,0,2,0,0,0,0,0,0,0,0,0,0,0,0,0,0,0,0,0,0,0,0,0,0,0,0,0,0,0,0,0,0,0,0,0,0,0,0,0,10,0,0,0,0,0,0,0,0,0,0,0,0,0,0,0,0,0,0,0,0
"310e46cbebba09036a86b72a0aa5eb1b",0,0,0,0,0,0,0,0,0,0,0,0,0,0,0,0,0,52,0,0,0,0,0,0,0,0,0,0,0,0,0,0,0,0,0,0,0,0,0,0,0,0,0,0,0,0,24,0,0,0,0,0,0,0,0,0,0,101,0,0,2,5,0,0,0,41,361,0,0,0,0,0,0,0,0,0,0,0,0,0,0,0,6,0,0,0,0,0,8
"c4f0710eb90cbedb839c238b591f4bb9",0,17,0,13,80,0,0,0,110,4,0,0,55,0,70,0,0,187,0,20,0,10,0,29,0,0,0,14,21,4,173,12,0,96,0,0,21,0,19,0,216,21,10,0,0,0,235,0,0,0,0,33,0,0,7,0,0,51,0,69,11,60,34,60,0,16,0,0,42,130,0,22,0,0,104,56,0,0,8,8,0,11,0,0,0,0,41,4,17
"cf0e29b1acfd7c9cc92b326cbfc88908",0,0,0,0,2,0,0,0,3,0,0,2,0,0,0,0,0,231,0,0,0,0,0,0,0,383,0,0,0,23,53,0,0,0,0,0,0,0,0,0,0,0,0,0,0,0,0,49,0,0,0,0,0,0,0,0,0,612,0,23,0,12,0,0,0,72,0,0,0,7,0,0,0,0,0,0,0,0,7,0,0,0,0,0,0,0,0,0,12
"ab1e4aeddde9eb4e80144c135051d941",0,0,0,0,5,0,0,0,0,0,0,0,3,0,0,0,0,13,0,0,0,0,0,0,0,0,0,9,0,2,0,0,0,0,0,0,2,0,0,0,0,0,0,0,0,0,0,0,0,0,0,0,0,0,0,0,0,14,0,0,0,0,0,0,0,0,0,0,0,0,0,0,0,0,0,0,0,0,0,3,0,0,0,0,0,0,0,0,0
"1bf7defa79d5396037b0ed70c4da4249",0,0,37,0,67,0,0,0,15,0,0,0,0,0,0,0,0,86,0,0,0,0,0,0,0,0,0,0,0,11,0,0,0,0,0,0,0,0,9,0,0,0,7,0,0,0,0,0,0,0,0,0,0,0,14,0,0,10,0,0,0,15,0,0,0,42,10,4,0,5,0,0,0,19,28,9,0,0,0,0,0,0,0,0,0,0,46,0,17
"26c6e3ed14694582e207478c1f23c21f",0,0,0,0,322,0,0,639,593,0,0,914,5,0,182,32,0,257,185,63,44,0,0,0,24,0,0,64,3,0,223,2,0,69,0,0,31,2453,236,14,121,12,0,0,0,0,38,38,114,42,39,809,209,828,2,363,0,308,20,156,30,17,111,111,0,0,11,811,86,0,0,0,0,0,82,8,15,0,17,0,306,182,69,0,109,61,0,29,22
"bdf8a26094624622d68509a87fa75ba7",0,0,0,0,0,0,0,0,0,0,0,0,0,0,0,0,0,0,0,0,0,0,0,0,0,0,0,0,0,0,0,0,0,0,0,0,0,0,0,0,0,0,0,0,0,0,0,0,0,32,0,0,18,52,0,0,0,0,0,0,0,0,0,0,0,0,0,0,0,0,0,0,0,33,0,0,0,0,0,0,0,0,0,0,0,0,0,0,0
"367efce99d6ad28271a76e29d546507e",0,0,0,0,0,0,0,0,0,0,0,0,0,0,0,0,0,0,0,0,0,0,0,0,0,0,0,0,0,0,0,0,0,0,0,0,0,0,0,0,0,0,0,0,0,0,0,0,0,0,0,0,0,0,0,0,0,0,0,0,0,0,0,0,0,0,0,0,0,0,0,0,29,0,0,0,0,0,0,0,0,0,0,0,0,0,0,0,0
"65d43491988bfe557da4d86a5ba25dae",10,0,0,0,0,0,11,0,0,5,0,13,0,0,0,0,0,0,0,0,0,0,0,0,0,0,0,0,0,0,0,0,0,3,0,0,0,0,0,0,0,0,0,0,0,0,0,0,0,25,17,0,0,0,0,0,0,0,0,0,0,0,25,20,0,10,0,0,0,0,9,0,11,0,0,0,0,0,0,0,6,0,0,0,8,27,0,0,0
"bd6cde8c31a0a70ab6b862148e16327f",0,0,0,0,75,0,0,0,0,0,0,0,0,0,0,0,0,0,0,0,0,0,0,0,0,0,0,0,0,0,0,0,0,0,0,0,0,0,0,0,0,0,0,0,0,0,0,0,0,0,0,0,0,0,0,0,0,0,0,0,0,0,0,0,0,0,0,0,0,0,0,0,0,0,0,0,0,0,0,0,0,0,0,0,0,0,0,0,0
"8fc5f4b2e47671ea1fb4813676615b60",0,0,0,0,0,0,0,0,0,0,0,0,0,0,0,0,0,0,0,0,0,0,0,0,0,0,0,0,0,0,0,0,0,0,0,0,0,0,0,0,0,0,0,0,0,0,0,0,0,0,0,0,0,0,0,0,0,0,0,0,0,0,0,0,0,0,0,0,0,0,0,0,0,0,0,0,0,0,0,0,0,0,0,0,0,4,0,0,0
"a65c4bb7defa88d3127ff6ce4cae80b7",0,0,0,0,0,0,0,0,7,0,0,0,0,0,0,0,0,0,0,0,0,0,0,0,0,0,0,0,0,0,0,0,0,0,0,0,0,0,0,0,0,0,0,0,0,0,0,0,0,0,0,0,0,0,0,0,0,0,0,0,0,0,0,0,0,0,0,0,0,0,0,0,0,0,0,0,0,0,0,0,0,0,0,0,0,0,0,0,0
"7fd072aff74564746d11ca0c54ee6ae2",0,0,0,0,28,0,0,7,249,0,0,17,38,0,0,0,0,821,0,0,0,14,0,0,0,0,0,47,0,301,330,0,0,0,0,0,0,0,58,0,0,0,0,0,0,0,688,0,0,44,4,10,0,126,23,82,3,0,0,113,0,3,12,78,0,0,17,0,8,147,0,6,142,0,0,2,0,0,0,132,0,69,0,0,0,18,20,7,0
"4ec17ebcf0bdc1ee7293b28193fabda5",0,0,0,0,0,0,0,0,0,0,0,0,0,0,0,0,0,0,0,0,0,0,0,0,0,0,0,0,0,0,0,0,0,0,0,0,0,0,0,0,0,0,0,0,0,0,0,0,0,0,0,0,0,0,0,0,0,0,0,3,0,0,0,0,0,0,0,0,0,0,0,0,0,0,0,0,0,0,0,0,0,0,0,0,0,0,0,0,0
"2bd9309f2f97cae51d18d06ea1ca519a",0,0,0,0,0,10,34,0,0,18,0,0,0,0,0,0,0,0,0,0,6,0,0,0,0,0,78,0,0,0,0,86,0,0,0,0,0,0,0,0,11,0,0,0,0,0,28,0,0,132,23,0,1386,0,0,12,20,332,0,178,0,0,0,0,0,0,0,0,0,225,19,0,0,0,0,0,0,50,45,0,69,0,0,0,22,19,0,0,79
"9908fffab7ed4f3bec44cda2f5084d49",0,32,26,0,0,0,0,0,366,0,0,54,0,0,16,0,0,17,22,0,0,236,0,16,16,54,0,0,30,0,0,0,0,0,0,0,0,0,42,0,0,1308,0,16,0,51,0,0,0,0,0,0,1311,0,0,0,0,0,0,0,349,16,0,0,13,10,273,0,310,16,75,0,8,0,18,0,0,0,14246,9086,0,0,22,0,87,0,0,39,153
"5e72ba94b3cf6dc49f8de1e2f73355b9",0,0,0,0,0,0,0,0,0,0,0,0,0,0,0,0,0,0,0,0,0,0,0,0,0,0,0,0,0,0,0,0,0,0,0,0,0,0,0,0,0,0,0,0,0,0,0,0,0,0,0,0,0,2,0,0,0,0,0,0,0,0,0,0,0,0,0,0,0,0,0,0,0,0,0,0,0,0,0,0,0,0,0,0,0,0,0,0,0
"33295f1846cff2bf9c88e15798fbc91d",0,0,0,0,0,0,0,5,0,0,0,0,0,0,0,0,0,0,0,0,0,0,0,0,0,0,0,0,0,0,15,0,0,0,0,0,0,0,0,0,0,0,0,0,0,0,0,0,0,0,0,20,0,0,0,0,6,0,0,0,0,0,0,0,0,0,0,0,69,0,0,0,0,0,0,0,6,0,15,0,0,11,0,0,0,0,0,0,0
"292f1960dec9b7635205d29d195e9cc0",0,0,0,0,0,0,0,0,0,0,0,0,0,0,0,4,0,0,0,0,0,0,0,0,0,0,0,0,0,0,0,0,0,0,0,0,0,0,0,0,0,0,0,0,0,0,0,0,0,0,0,0,0,0,0,0,0,0,0,0,0,0,0,0,0,0,0,0,0,0,0,0,0,0,0,0,0,0,0,0,0,0,0,0,0,0,0,0,0
"8e09caaee61bd482522f087e96e093de",0,0,0,0,0,0,0,9,0,0,0,0,0,0,0,0,0,0,0,0,0,0,0,0,0,0,0,0,0,0,0,0,0,0,0,0,0,0,0,0,0,0,0,0,0,0,0,3,0,0,0,0,0,0,0,0,0,0,0,0,0,0,0,5,0,0,0,0,0,0,0,0,0,0,0,0,0,0,0,0,0,0,0,0,0,16,0,0,0
"2e00c26062ea6467e7813073c96ce271",0,0,0,0,0,0,0,0,0,0,0,0,0,0,0,0,0,0,0,0,0,0,0,0,0,0,0,0,0,0,0,0,0,0,0,0,0,0,0,0,0,0,0,0,0,0,0,0,0,3,0,0,0,0,0,0,0,0,0,0,0,0,0,0,0,0,0,0,0,0,0,0,0,0,0,0,0,0,0,0,0,0,0,0,0,0,3,0,0
"402d831775a97f6016cf74294dbc11fa",0,0,0,0,0,0,0,0,0,0,0,0,0,0,0,0,0,0,0,0,0,0,0,0,0,0,0,0,0,0,0,0,0,0,0,0,0,0,0,0,0,0,0,0,0,0,0,0,0,0,0,0,0,0,0,0,0,0,0,0,0,0,0,0,0,0,0,0,0,0,0,0,0,0,0,0,0,0,0,0,0,0,0,0,0,5,0,0,0
"01734df56eebe7e7320f9861fd02679c",0,0,0,0,0,0,0,0,0,0,0,0,0,0,0,0,0,0,0,0,0,0,0,0,0,0,0,0,0,0,0,0,0,0,0,0,0,3,0,0,0,0,0,0,0,0,0,0,0,0,0,0,0,0,0,0,0,0,0,0,0,0,0,0,0,0,0,0,0,0,0,0,0,0,0,0,0,0,0,0,0,0,0,0,0,0,0,0,0
"79a0ad1a89fe80d8b650df1184c7dfb2",0,0,0,0,0,0,0,0,0,0,0,0,0,0,0,0,0,0,0,0,0,0,0,0,0,0,0,0,0,47,0,0,0,0,0,0,0,0,0,0,0,0,0,0,0,0,0,0,0,0,0,0,0,0,0,0,0,0,0,0,0,0,0,0,0,0,0,0,0,0,0,0,0,0,0,0,0,0,0,0,0,2,0,0,0,0,0,0,0
"1c73e1dd8862b6fdbc044d6e0d9ecc26",0,0,0,0,0,0,0,0,0,0,0,0,0,0,0,0,0,0,0,0,0,0,0,0,0,0,0,0,0,0,0,0,0,0,0,0,0,3,0,0,0,0,0,0,0,0,0,0,0,0,0,0,0,0,0,0,0,0,0,0,0,0,0,0,0,0,0,0,0,0,0,0,0,0,0,0,0,0,57,0,4,0,0,0,0,171,0,0,0
"8630154f745ba598cdab0bbc4abb4e54",0,0,0,0,0,0,0,0,0,0,0,0,0,0,0,0,0,0,0,0,0,0,0,0,0,0,0,0,0,0,0,0,0,0,0,0,0,0,0,0,0,0,0,0,0,0,0,0,0,0,0,0,0,0,0,0,0,0,0,0,0,0,0,0,0,0,0,0,0,0,0,0,0,0,0,0,0,0,0,0,0,0,0,0,0,560,0,0,0
"83e948f389f9d97b0c975afc880989e8",4,0,0,0,0,0,0,0,0,0,0,0,0,0,0,0,0,0,0,0,0,0,0,0,0,0,0,0,0,0,0,0,0,0,0,0,0,0,0,0,0,0,18,0,0,0,0,0,0,0,0,0,0,0,0,0,0,0,0,0,0,0,0,0,0,0,0,0,0,0,0,0,0,0,0,0,0,0,0,0,0,0,0,0,0,0,27,0,0
"85c44c83eddc5d3028261a1000b7d0e1",0,0,0,0,0,3,5,10,0,0,0,23,0,0,12,0,12,73,0,0,0,0,0,0,0,14,10,28,19,0,10,106,0,0,0,0,0,0,8,0,0,2,0,4,0,0,780,0,0,73,5,0,1090,16,0,178,33,214,0,56,0,7,0,0,7,18,5,14,5,569,0,0,0,0,12,0,3,44,78,49,4,0,0,0,0,7,0,0,0
"e3209869e0eec68db18762f7563bbf9d",0,0,0,0,0,0,0,0,0,0,0,0,0,0,0,0,0,0,0,0,0,0,0,0,0,0,0,0,0,0,0,0,0,0,0,0,0,0,0,0,0,0,0,0,0,0,0,0,0,0,0,0,0,0,0,0,0,0,0,0,0,0,0,0,0,0,0,0,0,0,0,0,0,0,0,0,0,0,146,0,0,0,0,0,0,0,0,0,0
"f58404da296a4a3870dfba5852a6a763",0,0,0,0,0,0,26,0,0,0,0,0,0,0,0,0,0,0,0,0,0,0,0,0,0,0,0,0,0,0,0,0,0,0,0,0,0,0,0,0,19,0,0,0,0,0,0,0,0,0,0,0,0,0,0,0,0,0,0,0,0,0,0,0,0,0,0,0,0,0,0,0,0,0,0,0,0,0,0,0,0,0,0,0,0,0,0,0,0
"9e9c4270966cf507485654eb33a69880",806,27,132,22,42,59,651,263,49,37,256,155,59,6,86,13,655,143,20,35,0,115,188,78,120,72,0,26,72,21,143,0,11,0,0,57,0,6178,5,0,123,83,81,59,0,64,58,61,253,1305,65,0,6,234,0,17,422,18,221,0,31,166,0,0,0,291,85,16,1217,22,50,0,107,35,135,402,310,234,110,2284,0,117,31,8,287,14,27,55,159
"9e75d15ba3717ca20d8aa45e3c4a6bab",4,0,3,0,0,0,7,0,0,0,46,0,0,4,3,0,50,0,0,0,0,0,0,0,0,23,0,83,0,0,23,0,0,0,0,0,0,17,0,0,0,12,0,17,0,0,42,0,0,0,19,0,0,7,0,23,0,0,0,0,0,0,0,0,0,0,0,0,0,0,0,0,0,0,0,0,0,0,0,22,109,0,0,0,6,31,0,0,0
"6f899e58ffc768754891187809557d7d",1998,1899,32,653,32,412,356,1337,78,0,1086,271,39,621,922,151,3359,0,54,1108,2843,1869,1487,4729,1189,3576,0,0,5148,54,369,552,2818,7199,7,27,1425,1026,70,928,1839,2915,1996,198,699,654,1943,1789,13142,470,410,0,674,305,161,6123,170,138,3513,1140,927,3040,160,0,84,62,654,1512,286,229,19,73,75,1243,99,269,1100,59,4066,17162,659,125,4944,0,371,257,0,1376,4739
"3420507770c6d10a3672aeb8c6125f3f",0,0,0,0,0,0,0,0,0,0,0,0,0,0,0,0,0,0,0,0,0,0,0,0,0,0,0,0,0,0,0,0,0,0,0,0,0,0,0,0,0,0,0,0,0,0,0,0,0,9,0,0,0,0,0,0,0,0,0,0,0,0,0,0,0,0,0,0,0,0,0,0,0,0,0,0,0,0,0,0,0,0,0,0,0,0,0,0,0
"c667664df1fb6f8705f9a8a861370a72",411,0,5,0,40,0,18,54,10,382,0,8,6,0,0,0,133,114,3,0,0,117,188,0,20,58,0,0,0,48,0,0,0,8,0,0,9,6,125,0,0,0,147,0,0,0,0,0,0,680,14,4,0,0,0,24,69,11,534,4,0,613,5,0,0,17,0,0,0,189,0,0,0,0,3,0,0,0,1838,580,0,58,16,0,251,4,47,39,0
"feb1c288cd46f6fd9bc3c2c35970cbdf",93,38,0,42,0,0,0,0,44,0,0,0,0,0,0,0,0,0,0,0,68,668,0,0,0,0,0,170,112,17,0,0,0,0,0,0,0,0,0,0,0,18,8,0,95,0,38,13,0,0,0,0,0,0,0,185,241,0,16,0,0,5,0,0,11,0,0,4,0,12,16,0,0,2,0,11,0,0,54,1300,0,0,191,0,1390,0,0,0,345
"bd2ad00d586fbb853586dae6812f7b24",0,0,0,0,0,0,0,12,0,0,0,0,0,0,0,0,0,0,0,0,0,0,23510,0,0,0,0,0,0,0,0,0,0,0,0,0,0,22,0,0,0,0,0,0,0,0,0,0,0,0,0,0,0,16,0,0,0,0,0,0,0,0,0,0,0,0,0,0,0,0,0,0,0,0,0,0,0,0,0,0,0,0,0,0,0,0,0,0,0
"8df399e29acb5a583f449a82db4e17c9",0,0,0,0,0,0,0,0,2,0,0,0,0,0,0,0,0,0,0,0,0,0,0,0,0,0,0,0,0,0,0,0,0,0,0,0,0,0,0,0,0,0,0,0,0,8,0,0,0,0,0,0,0,0,0,0,19,0,0,0,0,0,0,0,0,0,0,0,0,0,0,0,0,0,0,0,0,0,0,0,0,0,0,0,0,31,0,0,24
"a7fe69d61cb22afa7516c62655f3db91",0,67,143,987,313,0,1115,272,2553,27,76,1925,4775,0,0,0,21,465,88,1246,0,118,4056,514,10,0,0,180,0,451,3884,0,1857,1465,0,0,8094,25,3376,50,83,0,0,15,0,0,2240,3,124,3211,171,1252,0,1066,613,1127,1844,129,959,1973,129,769,1331,9691,1454,10854,1549,1046,2907,1712,0,1446,5089,900,4,288,0,0,2804,2401,32,181,0,175,0,5100,15978,2163,907
"1569f7ae988e26c905ab8fab427c8a0d",0,0,0,0,171,0,0,3,9,0,22,0,0,0,0,0,0,382,0,0,0,92,0,0,0,0,0,0,0,52,0,226,0,0,0,0,0,0,2,0,0,0,0,0,0,0,79,16,413,26,0,17,1215,0,0,4,5,57,0,577,0,0,0,0,0,0,73,13,0,123,0,2,2,0,0,3,0,0,72,0,0,0,0,48,0,0,3,0,0
"4f8734354a729eec4399f08ee02f290b",0,0,0,0,0,0,0,0,0,0,0,0,0,0,0,0,0,0,0,0,0,0,0,0,0,0,0,0,0,0,0,0,0,0,0,0,0,0,0,0,0,0,0,0,0,0,0,0,0,0,0,0,0,0,0,10,0,0,0,0,0,0,0,0,0,0,0,0,0,0,0,0,0,0,0,0,0,0,0,0,0,0,0,0,0,0,0,0,0
"55b7688dfd42d9b2545d67bb5b0f086c",0,0,0,0,0,36,0,0,0,0,17,0,0,19,46,0,193,0,0,0,0,0,278,30,0,925,0,169,17,0,0,0,0,0,0,0,0,0,0,7,15,0,97,223,34,72,0,0,0,5,0,0,0,0,0,0,0,0,0,0,0,0,0,0,17,0,0,0,0,0,88,0,0,18,0,0,96,0,25,213,0,0,124,0,0,0,0,228,0
"6221f5561c44216c6674b8199f23acf8",0,122,77,39,0,0,59,120,242,0,765,8,0,172,487,0,818,0,123,524,0,0,71,125,187,577,0,0,0,0,47,0,198,28,0,333,0,0,0,83,0,130,491,1408,0,783,0,3,0,0,133,0,0,83,61,0,103,23,474,0,144,0,133,0,204,108,29,48,30,27,208,123,46,66,0,115,0,719,381,304,0,84,412,0,0,256,219,289,0
"08a0cf376add32f3f4b57ec1e82a7a27",0,28,0,0,0,1030,0,0,0,878,0,0,0,0,0,0,0,0,0,68,0,1402,0,0,0,0,0,257,19,0,0,0,0,12,715,0,0,0,0,0,0,0,0,0,0,29,0,0,1034,0,88,0,0,0,0,0,0,0,13,0,0,0,0,0,1099,25,0,7,134,0,0,61,152,0,0,0,350,0,0,0,0,0,0,66,0,0,0,0,0
"dcb780205dff9735d08f1a23c93470cf",0,0,0,0,0,0,0,0,4,0,0,0,7,0,0,0,0,0,0,0,0,0,0,0,0,0,0,0,6,0,25,0,0,0,0,0,0,0,0,0,0,0,0,0,0,0,20,0,0,0,0,0,0,0,0,0,0,0,0,0,0,0,0,0,0,0,0,0,14,0,0,0,0,0,0,0,0,0,0,16,0,0,0,0,0,0,0,0,0
"94a302cc7a648f23c27353f085b24e06",0,0,0,0,0,0,0,0,0,0,0,0,0,0,0,0,0,0,0,0,0,0,0,0,0,0,0,0,0,0,0,0,0,0,0,0,0,281,0,0,0,0,0,0,0,0,0,0,0,0,0,0,0,0,0,0,0,0,0,0,0,0,0,0,0,0,0,0,0,0,0,0,0,0,0,0,0,0,0,0,0,0,0,0,0,0,0,0,0
"23ee6710b95a84be74cd782b6aa7a642",0,0,0,0,0,0,0,0,0,0,0,0,0,0,0,0,21,0,179,0,0,2,0,0,0,0,0,8,0,0,57,0,0,0,0,0,0,0,111,0,0,0,799,0,0,0,0,0,0,0,0,0,0,0,0,0,0,59,0,0,0,0,0,0,0,0,0,0,0,0,0,0,0,0,0,28,0,0,0,0,0,0,0,0,0,0,0,19,0
"923f521b9cf313f1f95c9367e09bbc1c",2,6,62,0,162,7,5,12,104,46,79,37,0,3,33,0,11,12,389,4,0,925,0,0,0,0,2096,5,0,23,0,10,0,77,0,28,0,18,0,0,0,730,0,152,0,6,0,58,12,25,14,0,71,6,0,11,268,31,0,0,72,0,0,0,29,11,0,0,174,164,26,0,0,0,0,0,0,6,8,136,4,0,23,0,241,33,9,0,43
"c92ac62278a485f343ab1c271bb2d30c",0,0,0,0,0,0,0,0,0,0,0,0,0,0,0,0,0,0,0,0,0,4,0,0,0,0,0,0,0,0,0,0,0,0,0,0,0,0,0,0,0,0,0,0,0,0,0,0,0,0,0,0,0,0,0,0,0,0,0,0,0,0,0,0,0,0,0,0,0,0,0,0,0,0,0,0,0,0,0,0,0,0,0,0,0,0,0,0,0
"44158349d8858abc6c04aada0c131da5",0,841,58,662,0,583,33,266,381,0,1183,189,0,302,550,0,5643,0,67,576,0,492,1158,1116,232,2291,0,121,73,0,16,0,3529,16,0,472,116,238,10,421,0,292,689,1556,72,1603,27,583,0,10,136,0,0,11,368,0,96,97,1986,5,410,28,0,8,302,0,91,81,5,0,2963,111,390,3496,0,549,836,358,101,2434,1017,101,2221,0,3671,390,0,8964,239
"b6ecd20f301035741915d6c32bda2410",0,0,29,7,0,0,0,0,31,0,0,0,9,0,35,0,39,0,0,0,0,24,0,0,9,0,0,39,0,0,5,0,0,0,0,0,0,0,15,0,0,17,23,84,18,0,0,0,55,0,0,0,0,8,0,49,7,0,0,0,0,0,0,0,0,0,0,0,15,0,0,14,20,0,0,0,11,0,7,27,0,0,210,0,0,12,11,15,31
"be22632d5e3f6175707a3213d7a90ad2",803,273,744,1681,384,415,451,976,521,94,1604,213,870,100,1355,467,457,0,342,731,2216,54,538,166,240,969,0,1503,145,959,435,11,287,528,0,565,198,789,345,265,1214,441,1116,4886,985,1373,304,679,0,266,274,350,0,293,213,1484,494,159,914,78,266,47,194,1360,427,590,197,141,247,325,357,351,224,1094,2117,1137,152,1132,0,1001,548,335,522,0,0,353,3432,2020,1108
"42332ac0fa41f533732771355628489f",0,0,0,0,0,0,0,3,0,0,0,0,0,0,0,0,0,0,0,0,0,0,0,0,0,0,0,0,0,0,0,0,0,0,0,0,0,0,0,0,0,0,0,0,0,0,421,0,0,0,0,0,0,0,0,7,0,0,0,0,0,0,0,0,0,0,0,0,0,0,0,0,0,0,0,0,0,0,0,0,0,0,0,0,0,0,0,0,0
"48aae40f567c8a9c7139736355cb6647",0,0,0,0,0,0,0,0,0,0,0,0,0,0,0,0,0,0,0,0,0,0,0,0,0,0,0,0,0,0,0,0,0,0,0,0,0,0,0,0,0,0,8,0,0,0,0,0,0,0,0,0,0,0,0,0,0,0,0,0,0,0,0,0,0,0,0,0,0,0,0,0,0,0,0,0,0,0,0,0,0,0,0,0,0,0,0,0,0
"6b15cd3552e3f49e35f1d88fc3fc76eb",0,0,0,0,0,0,0,0,0,0,0,0,0,0,0,0,0,53,0,0,0,0,0,0,0,0,0,0,0,0,142,0,0,0,0,0,0,0,0,0,0,0,0,0,0,0,0,0,5,0,0,0,161,0,0,0,0,0,0,0,0,3,0,0,0,0,0,0,0,0,0,0,0,0,0,0,0,0,4,19,0,0,0,0,0,0,0,0,0
"814d36cce47414becceb7665900831e6",0,0,0,0,17,0,0,0,0,0,0,0,0,0,0,0,0,0,0,0,0,0,0,0,0,0,0,0,0,0,0,0,0,0,0,0,0,0,0,0,0,0,0,0,0,0,0,0,0,0,0,0,0,0,0,0,0,0,0,0,0,0,0,0,0,0,0,0,0,0,0,0,0,0,0,0,0,0,0,0,0,0,0,0,0,0,0,0,0
"76d8a48584df9606988db622d7fe4813",0,0,0,0,0,0,0,0,0,0,0,0,0,0,0,0,0,0,0,0,0,0,0,0,0,0,0,0,0,0,0,0,0,0,0,0,0,0,0,0,0,0,0,0,0,0,0,0,0,0,0,0,0,0,0,0,0,0,0,0,0,0,0,0,0,0,0,0,0,0,0,0,0,0,0,319,0,0,0,0,0,0,0,2,0,0,0,0,0
"4b7712254e4dd8d5bc585d4a6c5c2e88",0,0,0,0,240,46,0,0,97,0,0,0,15,0,4,0,0,188,0,0,36,0,0,20,0,0,1523,12,37,5640,1329,502,0,0,434,101,0,0,0,0,0,0,0,0,0,0,2007,0,0,20,0,12,720,0,0,235,2486,316,0,1754,0,19,0,0,12,0,54,0,121,2528,14,0,0,0,0,0,0,0,26,41,0,0,8,0,0,0,0,0,0
"e92159c91aeb204e77ba7a625416173e",0,3,0,0,0,0,18867,145,25,0,0,0,0,0,0,0,0,0,0,0,0,0,0,0,0,0,0,0,0,0,32,0,0,0,0,0,0,0,552,0,0,0,0,0,0,0,5,0,0,0,0,0,0,0,0,0,0,0,0,0,0,161,0,0,0,0,0,0,36,0,0,0,0,0,0,2569,0,0,0,0,0,0,0,0,0,0,0,0,0
"8d285f20c373b48b4e80c0f84937935b",0,0,0,0,1303,0,0,31,2450,52,0,0,17,0,655,0,0,180,0,0,0,0,0,0,310,0,0,26,0,1123,19,0,0,0,5,0,0,0,89,0,0,0,0,0,0,0,25,0,4,0,55,0,0,18,125,711,73,116,0,0,0,58,1226,0,0,1175,12,10,95,87,0,202,1367,0,0,53,0,0,41,96,0,1030,0,0,0,340,2093,62,42
"822a0ee849989f75cc532cb3540de19a",0,0,0,0,0,0,0,16,157,0,0,4,21,0,33,0,0,42,0,11,0,13,38,60,0,78,0,35,40,438,5,10,27,0,0,0,0,0,30,0,179,0,0,0,0,3,34,0,0,40,0,14,0,142,0,103,29,320,58,186,0,13,12,0,10,135,46,7,10,236,0,0,83,0,0,0,0,0,23,31,0,55,0,0,0,0,34,10,0
"d68ea0b947ff7c2e4dfd824debfde94c",0,0,0,0,0,0,0,0,0,0,0,0,0,0,0,0,0,18,0,18,13,0,0,0,0,0,0,0,0,16,0,0,0,0,0,0,0,0,29,0,50,0,0,0,0,0,88,0,0,0,0,0,0,0,0,0,65,59,0,0,0,21,0,0,0,41,120,67,0,38,0,0,0,0,0,0,0,0,0,10,0,10,0,0,0,8,0,0,0
"51ea85f428a5daaaf348c94671af386e",0,0,0,0,0,0,0,11,0,0,0,0,0,0,0,24,0,0,0,0,0,0,0,0,0,0,0,0,0,0,0,0,0,0,0,0,9,0,0,0,0,0,0,0,0,0,6,0,0,4,0,0,0,0,0,0,0,0,0,0,0,0,0,0,0,3,0,0,0,0,0,0,0,0,0,0,7,0,0,0,2,0,0,0,0,0,0,0,0
"a663a01aeb4dbb88bbe0a9840e8f64dc",15,0,0,0,0,28,0,0,0,0,0,21,0,14,0,0,0,58,0,0,0,15,0,0,0,35,266,28,4,8,0,0,0,2,0,227,0,0,0,0,0,0,0,0,0,0,27,121,0,0,0,0,0,0,0,36,0,0,0,19,0,0,0,0,0,0,0,22,0,0,48,0,0,0,0,0,0,0,0,0,0,0,0,0,56,0,0,10,15
"a333ee090a52b582e1a0e2dd776eb937",0,0,0,0,0,0,0,0,0,0,0,0,0,0,0,0,0,0,0,0,0,0,0,0,0,0,0,0,0,0,0,0,0,0,0,0,0,0,0,0,0,0,0,0,0,0,0,0,0,0,0,0,98,0,0,0,0,0,0,19,0,0,0,52,0,0,0,0,0,0,0,0,0,0,0,0,0,0,0,0,0,0,0,0,0,0,0,0,0
"e865f29a716e8d51f83931befa951240",0,0,88,0,0,546,70,0,0,4581,0,125,0,0,0,0,0,0,0,0,108,0,0,83,233,917,0,539,0,42,17,164,75,98,628,0,227,42,0,194,0,0,0,14,0,7,20,0,294,1409,9,15,0,8,0,10,7,7,0,301,172,0,0,56,0,11,0,129,209,39,1597,10,14,14,0,0,8,140,461,0,0,18,564,0,0,0,49,11,0
"533b6c05a74b2c25a94f884d6fe42f9d",0,456,2285,814,480,0,2378,3959,777,1284,1678,0,4240,0,1171,0,5,846,110,500,0,0,2592,617,0,0,0,0,2226,0,635,0,256,599,17,0,4,2951,679,0,4885,4577,1509,935,322,2780,2510,0,14,0,373,372,0,1064,1146,3719,5082,1321,803,0,0,413,3868,1398,4436,7198,802,0,837,1199,0,1197,15357,4908,2684,203,583,0,0,719,3219,4123,0,77,0,1285,25973,1352,3394
"ca6a32bb35285f6d955fd6ac914bb66c",0,0,0,0,0,0,0,0,0,0,0,0,0,0,0,0,0,0,0,0,0,0,0,0,0,0,0,0,0,0,0,0,0,0,0,0,0,0,0,0,5,0,0,0,0,0,0,0,0,0,0,0,0,0,0,0,0,0,0,0,0,0,0,0,0,0,0,0,0,0,0,0,0,0,0,0,0,0,0,0,0,0,0,0,0,0,0,0,0
"c974714ea2025f08ff53bcb05e443b18",0,0,0,0,0,0,0,0,0,0,0,0,0,0,0,0,0,54,0,0,0,0,0,3,0,0,0,0,0,0,0,0,0,0,0,0,0,0,0,0,0,0,0,0,0,0,0,0,0,0,0,0,0,0,0,0,0,0,0,0,0,0,0,0,0,0,0,0,0,0,0,0,0,0,0,0,0,0,0,0,0,0,0,0,0,0,0,0,0
"bc6a59a66d65219dc321649375b9be2e",0,0,0,0,0,0,0,0,0,0,0,0,0,0,0,0,0,0,0,0,0,0,0,0,0,0,0,0,0,0,0,0,0,0,0,0,0,0,0,0,0,0,0,0,0,0,0,0,0,0,0,4,0,0,0,0,0,0,0,0,0,0,0,0,0,0,0,0,0,0,0,0,0,0,0,0,0,0,4,0,0,0,0,0,0,0,0,0,0
"7f4767d01227d691b8e5125a2a7d997f",0,0,0,0,0,0,0,0,0,0,0,0,0,0,0,0,0,0,0,0,0,0,0,0,0,0,0,0,0,0,252,0,0,0,0,0,0,0,131,0,0,0,77,0,0,0,0,0,0,0,0,0,0,0,0,0,0,0,0,0,0,95,0,0,0,0,17,0,0,0,0,0,0,0,0,0,0,0,0,16,0,0,0,0,0,0,0,0,0
"eee617817ba722e01d2fc37a3819b87f",0,0,0,0,0,0,0,0,0,0,0,0,0,0,0,0,0,0,0,0,0,4,0,0,0,0,0,0,0,0,0,0,0,0,0,0,0,0,0,0,0,0,0,0,0,0,0,0,0,0,0,0,0,0,0,0,0,0,0,0,0,0,0,0,0,0,0,0,0,0,0,0,0,0,0,0,0,0,0,0,0,0,0,0,0,0,0,0,0
"782a79a0725adc6ac22fc1fd15933a12",0,58,813,446,1310,0,1126,891,1363,5186,376,0,1417,0,1083,0,0,54,383,2195,311,7,478,0,0,5084,0,0,221,1137,294,0,537,9,0,0,1163,579,973,0,1171,941,473,104,205,429,905,6,1007,450,402,12,0,292,871,623,733,94,428,0,0,203,1099,640,787,1857,93,0,1298,306,0,500,297,3211,509,516,0,0,1103,1151,103,364,0,76,0,134,2211,402,33
"5f8d35126b0a7321413d21487ec72b73",0,0,0,0,0,5,0,0,0,0,0,0,0,0,0,0,0,6,0,0,0,0,0,0,0,7,0,0,0,0,0,0,0,0,0,19,0,0,0,0,0,0,0,0,0,0,0,83,0,0,3,0,301,0,0,0,0,0,0,0,0,0,0,0,3,5,11,0,0,0,74,0,0,0,0,0,0,0,0,0,0,0,0,0,57,0,0,0,7
"2fb5a4a7d5e419920ec9257327a118ca",0,0,0,0,5,0,0,4,0,16,0,0,0,0,0,6,0,13,0,0,2,16,0,11,0,77,0,0,3,0,71,0,0,0,0,0,7,0,0,0,0,0,0,0,0,0,41,0,0,0,0,12,0,0,0,6,11,12,0,10,0,0,0,0,0,13,0,5,0,17,0,0,0,0,0,0,0,0,12,4,0,0,0,0,0,0,0,4,55
"f6a377c5ab2574dcfc89cb36cc1e8f73",0,0,0,0,0,0,0,0,0,0,0,16,0,0,0,0,0,0,0,0,0,0,0,0,0,0,0,0,0,0,0,0,0,0,0,0,0,0,340,3,0,0,0,0,0,0,1517,0,0,0,0,0,0,0,0,1217,0,143,0,0,0,0,0,0,0,0,0,60,0,0,0,0,0,0,0,0,0,0,0,0,0,0,0,0,0,0,0,0,0
"517d3bc548fd07325c3ff50e823751ec",0,0,0,0,0,0,0,0,0,0,0,0,0,0,0,0,0,0,0,0,0,0,0,0,0,0,0,0,0,0,0,0,0,0,0,0,0,0,0,0,0,0,0,0,0,0,0,0,0,0,0,0,0,0,0,0,0,0,4,0,0,0,0,0,0,0,0,0,14,0,0,0,0,0,0,0,0,0,0,0,0,0,0,0,0,0,0,0,0
"e9ea81e04d45674dbf2c6f23e8986b88",0,0,0,0,0,0,14,0,0,0,0,0,0,0,0,0,0,0,0,0,0,0,0,0,0,0,0,0,0,0,0,0,0,0,0,0,0,0,0,0,39,0,0,0,0,0,0,0,0,0,0,0,0,0,0,0,0,0,0,0,0,0,0,0,0,0,0,0,0,0,0,12,0,0,0,0,0,0,0,0,0,0,0,0,0,0,0,0,0
"a1c8a4289a5c93d48a8c7cc17815ba8a",0,0,0,0,0,0,131,0,15,5,5,3,570,0,250,3,0,53,82,0,259,0,14,0,0,170,11,16,13,11,243,0,0,0,0,0,0,23,559,0,0,0,392,0,87,75,28,6,3,3,86,23,0,0,0,370,19,111,0,5,0,36,0,3,3,6,94,0,11,519,4,0,0,0,0,213,0,3,0,5,0,0,4,28,22,0,0,0,829
"b9a96ca61832ed9cd7e6de966186f6f4",0,0,0,0,0,0,0,0,0,0,0,4,0,0,0,0,0,0,0,0,0,0,0,0,0,0,0,0,0,0,0,0,0,0,0,0,0,0,0,0,0,0,0,0,0,0,0,0,0,0,0,0,0,0,0,0,0,0,0,0,0,0,2,0,0,0,0,0,0,0,0,0,0,0,0,0,0,0,0,0,0,0,0,0,0,0,0,0,0
"4e46631fb0ed56a1712657870c510c03",0,0,0,0,0,0,0,0,0,0,0,0,0,0,0,0,0,0,0,0,0,0,0,0,0,0,0,0,0,0,0,0,0,0,0,0,0,0,0,0,0,0,0,0,0,0,0,0,0,5,0,0,0,0,0,0,0,0,0,0,0,0,0,0,0,0,0,0,0,0,0,0,0,0,0,0,0,0,2,0,0,0,0,0,0,0,0,0,0
"ff3a818a224b7b442a3a1539447aa2ca",0,0,0,0,0,0,20,0,0,0,0,613,4,0,0,0,0,0,4,0,0,0,0,0,0,0,0,0,0,0,0,3,0,0,0,0,0,0,0,0,0,0,0,0,0,0,42,0,0,502,0,0,0,0,0,0,0,29,0,0,0,0,0,0,0,0,0,0,268,0,0,0,10,0,0,0,0,0,0,0,0,0,0,0,0,0,93,0,0
"ccb76c643cf9f980cd013c27c8a5e14e",0,0,0,0,0,0,0,0,0,0,2,0,0,0,0,0,0,0,0,0,0,0,0,0,0,0,0,0,0,0,0,0,6,0,0,0,0,0,0,0,0,0,0,0,0,0,75,0,0,0,0,0,0,5,0,0,0,0,0,14,0,0,0,0,0,0,20,4,2,0,0,0,25,0,0,0,0,0,0,0,0,0,0,0,0,0,0,0,0
"cdd37bf6e8506dcc29118e052833081b",234,0,0,808,0,0,14,1459,1472,0,0,6696,1430,0,355,38,0,0,1383,399,671,5,0,0,13,0,0,484,0,3523,981,5636,6041,0,0,339,6,61,50,0,0,0,91,0,0,59,137,0,389,727,19,19,0,0,115,1767,6,51,101,0,650,0,9650,0,0,0,7,3709,5,98,6,31,56,0,0,32,17564,0,0,0,0,265,0,0,0,724,162,2643,2434
"4f60c2b7c85fe7a5830f4ba4c3e96924",0,6,4,5,3,0,41,20,0,9,6,31,31,0,154,0,0,0,10,83,214,5,0,0,10,0,0,0,0,14,0,112,24,29,0,0,0,0,2,0,39,24,0,10,0,12,3,0,24,8,5,7,0,84,10,3,0,0,4,10,0,0,247,109,0,0,11,115,29,4,0,18,264,8,0,12,0,0,0,0,20,2856,0,7,0,189,23,23,21
"b3f21260159beeb4922fc1060e136032",0,0,0,0,0,0,0,0,0,0,0,0,0,0,0,0,0,0,0,0,0,0,0,0,0,0,0,0,0,0,0,0,0,0,0,0,0,0,0,0,0,0,0,0,0,0,0,0,0,0,0,0,0,0,0,0,0,0,0,0,0,0,0,0,0,0,0,0,0,0,0,0,0,0,0,0,0,0,0,0,0,0,0,0,0,4,0,0,0
"4a2224dca4692ba9efaa1229f5b4f231",0,0,0,0,0,0,0,0,0,0,0,0,0,0,0,0,0,0,0,0,0,0,0,0,0,0,0,0,0,0,3,0,0,0,0,0,0,0,0,0,0,0,0,0,0,0,0,0,0,0,0,0,0,0,0,0,0,0,0,0,0,0,0,0,0,0,0,0,0,0,0,0,0,0,0,0,0,0,0,0,0,0,0,0,0,0,0,0,0
"a0d16414f352e45bb94592a4cfdd6c37",0,0,0,61,0,7,0,8,2394,0,0,0,471,0,0,8,0,2,0,560,0,449,33,23,0,0,3,11,0,140,52,0,0,145,0,0,130,1657,149,0,4,0,7,0,0,25,0,0,30,6,0,1052,0,0,134,1408,685,18,239,0,0,6,247,13,2892,4824,27,0,870,8,0,7516,117,0,0,0,0,6,0,165,830,0,0,0,0,3814,828,0,0
"47c6f58921a322e1aeabe8cea4aeedb2",0,0,0,0,0,0,0,0,0,0,0,0,0,0,0,0,0,0,0,0,0,0,0,0,0,0,0,0,0,0,0,0,0,0,0,0,0,0,0,0,0,0,0,0,0,0,0,0,0,0,0,40,0,0,0,0,0,0,0,0,0,0,0,0,0,0,0,0,0,0,0,0,0,0,0,0,0,0,0,0,0,0,0,0,0,0,0,0,0
"becba2fe727df78a9043ec72bbd9e369",0,0,0,0,42,0,0,0,0,0,0,0,34,0,0,0,0,91,0,0,0,0,6,0,0,0,0,0,0,265,16,0,0,0,0,0,0,0,51,0,0,0,0,0,0,0,0,0,0,0,0,76,0,0,46,0,1178,0,0,0,0,21,0,0,0,35,0,0,0,0,0,0,0,0,0,0,0,0,0,0,0,0,0,0,0,0,168,0,0
"e3bbf1bd6c612fbffbbf88f4dc54b805",0,0,0,0,0,0,0,0,0,0,0,0,0,0,0,0,0,0,0,0,0,0,0,0,0,0,0,0,0,0,0,0,0,0,0,0,0,0,0,0,0,0,0,0,0,0,0,0,0,0,0,0,0,0,0,0,0,0,0,0,0,0,0,0,0,0,0,0,0,0,0,0,0,0,0,0,0,0,0,0,0,0,0,0,0,7,0,0,0
"a9cf43336a9124fdfb85d774c92e8012",0,0,0,0,0,0,0,0,0,0,0,0,0,0,0,0,0,0,0,0,0,0,0,0,0,0,0,0,0,0,0,0,0,0,0,0,0,0,0,0,0,0,0,0,0,0,0,0,0,0,0,0,0,2,0,0,0,0,0,0,0,0,0,0,0,0,0,0,0,0,0,0,0,0,0,0,0,0,0,0,0,0,0,0,0,0,0,0,0
"efdc60c272959d9f221837268ef506b9",0,0,0,0,0,0,0,0,0,0,0,0,0,0,0,0,0,0,0,0,0,0,0,0,0,0,0,0,0,0,0,0,0,0,0,0,0,0,0,0,0,0,0,0,0,0,0,0,0,0,0,0,0,0,0,0,0,0,0,0,0,0,0,0,0,0,0,0,0,0,0,0,0,0,0,0,0,0,0,0,0,0,0,0,0,6,0,0,0
"40b5079cd85830d4216c9083078beda5",0,0,0,0,0,0,0,0,0,0,0,0,0,0,0,0,0,0,0,0,0,0,0,0,0,0,0,0,0,0,0,0,0,0,0,0,0,0,0,0,0,0,0,0,0,0,0,0,0,0,0,0,0,0,0,0,0,0,0,0,0,0,0,0,0,0,0,0,0,0,0,0,2,0,0,0,0,0,0,0,0,0,0,0,0,23,0,0,0
"4436dafaa8f16319ae0cfb6b1447c775",0,0,0,0,0,0,0,0,0,0,0,0,0,0,0,0,0,0,0,0,0,0,0,0,0,0,0,0,0,0,0,0,0,0,0,0,0,0,0,0,0,0,0,0,0,0,0,0,0,0,0,0,0,0,0,0,0,0,0,0,0,0,0,0,0,0,0,0,0,0,0,0,0,0,0,0,0,0,0,0,0,0,0,0,0,13,0,0,0
"9b6ed1d4f601b4bdb5e89ba85c4a46bb",0,0,0,0,0,0,0,0,0,0,0,0,0,0,0,0,0,0,0,0,0,0,0,0,0,0,0,0,0,0,0,0,0,0,0,0,0,0,0,0,0,0,0,0,0,0,0,0,0,0,0,0,0,0,0,0,0,0,0,0,0,0,0,0,0,0,0,0,0,0,0,0,0,0,0,0,0,0,3,0,0,0,0,0,0,0,0,0,0
"7b3476f855aad43bae86f19c0cdfd114",0,0,0,0,0,0,0,0,0,0,0,0,0,0,0,0,0,0,0,0,0,0,0,0,0,0,0,0,0,0,0,0,0,0,0,0,0,0,0,0,0,0,0,0,0,0,0,0,0,0,0,0,0,0,0,0,0,0,0,0,0,0,0,0,0,0,0,0,0,0,0,0,0,0,0,0,0,0,26,0,0,0,0,0,0,0,0,0,0
"94f6c10aa5c11c986b2d81e1d9641bb8",0,0,0,0,0,2,0,3,0,0,0,4,0,0,0,0,0,0,0,0,0,0,0,0,0,0,0,0,0,0,0,0,0,0,0,0,0,0,0,0,0,0,0,0,0,0,0,0,0,0,0,0,23,0,0,0,0,0,0,0,0,0,0,0,0,0,0,0,0,0,0,0,4,0,0,0,0,0,61,0,0,0,0,0,0,134,0,0,0
"0cb0414b98f725d9bd0a131fcb40f523",0,0,0,0,0,0,0,0,0,0,0,0,0,0,0,0,0,0,0,0,0,0,0,0,0,0,0,0,0,0,0,0,0,0,0,0,0,0,0,0,0,0,0,0,0,0,0,0,0,0,0,0,0,0,0,0,0,0,0,0,0,0,0,0,0,0,0,0,0,0,0,0,0,0,0,0,0,0,3,0,0,0,0,0,0,0,0,0,0
"f6edbcb91f18c1dcc550ce2c68333165",0,0,2,0,0,0,0,0,0,0,0,0,0,0,0,0,0,0,0,0,0,0,0,0,0,0,0,0,0,0,0,0,0,0,0,0,0,0,0,0,0,0,0,0,0,0,0,0,0,0,0,0,0,0,0,0,0,0,0,0,0,0,0,0,0,0,0,0,0,0,0,0,0,0,0,0,0,0,0,0,0,0,0,0,0,0,0,0,0
"1c7a5248b18573f28b2901a63298dbc7",0,0,0,0,0,0,0,0,0,0,0,0,0,0,0,0,0,0,0,0,0,0,0,0,0,0,0,0,0,0,0,0,0,0,0,0,0,0,0,0,0,0,0,0,0,0,0,0,0,0,0,0,0,0,0,0,0,0,0,0,0,0,8,0,0,0,0,0,2,0,0,0,0,0,0,0,0,0,0,0,0,0,0,0,0,0,0,0,0
"ee033e597a0e275f3d5e8070cd7ede9f",0,0,0,0,0,0,0,0,0,0,0,0,0,0,0,0,0,0,0,0,0,0,0,0,0,0,0,0,0,0,0,0,0,0,0,0,0,0,0,0,0,0,0,0,0,0,0,0,0,5,0,0,0,0,0,0,4,0,0,0,0,0,0,0,0,0,0,0,0,0,0,0,0,0,0,0,0,0,0,0,0,0,0,0,0,34,0,0,0
"09de3dde6c465b74bcb8e6f8a478e4e0",0,0,0,0,0,0,0,0,0,0,0,0,0,0,0,0,0,0,0,0,0,0,0,0,0,0,0,0,0,0,0,0,0,0,0,0,0,0,0,0,0,0,0,0,0,0,0,0,0,29,0,0,0,0,0,0,0,0,0,0,0,0,0,0,0,0,0,0,0,0,0,0,0,0,0,0,0,0,0,0,0,0,0,0,0,0,0,0,0
"9a066118f1625102affa349760779152",12,2,9,0,0,0,7,15,0,0,0,0,0,15,11,0,3,0,0,0,2,0,0,0,6,0,14,0,0,0,0,0,0,0,4,0,0,36,3,0,21,0,3,0,0,0,6,0,0,25,5,10,7,0,0,55,5,0,0,0,0,91,0,5,0,9,67,14,0,0,0,0,0,4,81,0,0,8,43,0,16,0,0,0,3,6,8,0,0
"74a26e97b02fcab82b0d346de4920f75",0,0,0,0,0,0,0,0,0,0,0,0,0,0,0,0,0,0,0,0,0,0,0,0,0,0,0,0,0,0,0,0,0,0,0,0,0,0,0,0,0,0,0,0,0,0,4,0,0,0,0,0,13,0,0,0,0,0,0,0,0,0,0,0,0,0,0,0,0,0,0,0,0,0,0,0,0,0,0,0,5,0,0,0,0,0,0,0,0
"4cff7b2cf1044012eca71a087dbf2370",0,0,0,0,0,0,0,0,0,0,0,0,0,0,0,0,0,0,0,4,0,0,0,0,0,0,0,0,0,0,0,0,0,0,0,0,0,0,0,0,0,0,0,0,0,0,0,0,0,0,0,0,0,0,0,0,0,0,0,0,0,0,0,0,0,0,0,0,0,0,0,0,0,0,0,0,0,0,6,0,0,0,0,0,0,0,0,0,0
"820f6693f569e339f183638cd73a7fe6",0,0,0,0,0,0,0,0,0,0,0,0,0,0,0,0,0,0,0,0,0,0,0,0,0,0,0,0,0,0,3,0,0,0,0,0,0,4,0,0,0,0,0,0,0,0,0,10,0,10,16,0,0,11,0,0,0,0,0,5,0,0,3,8,0,0,0,0,0,0,0,0,0,0,0,0,0,0,0,0,0,0,0,0,0,0,0,0,0
"7654a08c90a6cae7a8ee358be2c4eb45",0,0,0,0,0,0,0,0,0,0,0,0,0,0,0,0,0,0,0,0,0,0,0,0,0,0,0,0,0,0,0,0,0,0,0,0,0,0,0,0,0,0,0,0,0,0,0,0,0,0,0,0,0,0,0,0,0,0,0,0,0,0,0,0,0,0,0,0,0,0,0,0,0,0,0,0,0,0,0,0,0,0,0,0,0,0,0,0,2
"cc490b437f55ee31ccaab47923a0c102",0,0,0,0,0,0,0,0,0,0,0,0,0,0,0,0,0,0,0,0,0,0,0,0,0,0,0,0,0,0,0,0,0,0,0,0,0,0,0,0,0,0,0,0,0,0,0,0,0,0,0,0,0,0,0,0,0,0,0,0,0,0,0,0,0,0,0,0,0,0,0,0,0,0,0,0,0,0,14,0,0,0,0,0,0,0,0,0,0
"f7f432dc04a8dd1731afcf5fbb7fc0c3",0,0,0,0,0,0,0,0,0,0,0,0,0,0,0,0,0,0,0,0,0,0,0,0,0,0,0,0,0,0,0,0,0,0,0,0,0,0,0,0,0,0,0,0,0,0,0,0,0,0,0,0,9,0,0,0,0,0,0,0,0,0,0,0,0,0,0,0,0,0,0,0,0,0,0,0,0,0,0,0,0,0,0,0,0,0,0,0,0
"5b41766efceecce581e4148788f37846",0,0,0,0,0,0,0,0,0,0,0,0,0,0,0,0,0,0,0,0,0,0,0,0,0,0,0,0,0,0,0,0,0,0,0,0,0,0,0,0,0,0,0,0,0,0,0,0,0,0,0,0,0,0,0,0,0,0,0,0,0,0,0,0,0,0,6,0,0,0,0,0,0,0,0,0,0,0,0,0,0,0,0,0,0,0,0,0,0
"9c94e0f27adec6d3459d5df42d9ee3ee",0,0,0,0,0,0,0,0,0,0,0,0,0,0,0,0,0,0,0,0,0,0,0,0,0,0,0,0,0,0,0,0,0,0,0,0,0,0,0,0,0,0,3,0,0,0,0,0,0,0,0,0,0,0,0,0,0,0,0,0,0,0,0,0,0,0,0,0,0,0,0,0,0,0,0,0,0,0,0,0,0,0,0,0,0,0,0,0,0
"0c579d21280801f02a641e1608606927",0,0,0,0,0,0,0,0,0,0,0,0,0,0,0,0,0,0,0,0,0,0,0,0,0,0,0,0,0,0,0,0,0,4,0,0,0,14,0,0,4,0,0,0,0,0,0,0,0,0,0,0,0,0,0,0,0,0,0,0,0,0,7,0,0,0,0,0,0,0,0,0,0,0,0,0,0,0,38,0,0,0,0,0,0,4,0,0,0
"70222aceae15d011ba0927a6b0d42ea6",0,0,0,0,0,0,0,0,0,0,0,0,0,0,0,0,0,0,0,0,0,0,0,0,0,0,0,0,0,0,0,0,0,0,0,0,0,0,0,0,0,0,0,0,0,0,0,0,0,0,0,0,3,0,0,0,0,0,0,0,0,0,0,0,0,0,0,0,0,0,0,0,0,0,0,0,0,0,0,0,0,0,0,0,0,0,0,0,0
"e037f429a58e14a5a06c5fc94f1c0126",0,0,0,0,0,0,0,0,0,0,0,0,0,0,0,0,0,0,0,0,0,0,0,0,0,0,0,0,0,0,0,0,0,0,0,0,0,0,0,0,0,0,0,0,0,0,0,0,0,0,0,0,0,0,0,0,0,0,0,0,0,0,0,0,0,0,0,0,0,0,0,0,0,0,0,0,0,0,0,0,0,0,0,0,0,25,0,0,0
"65d059516da211826e7dc4c8c7eddd16",0,0,0,0,0,0,0,0,0,0,0,0,0,0,0,0,0,0,0,0,0,0,0,0,0,0,0,0,0,0,0,0,0,0,0,0,0,0,0,0,0,0,0,0,0,0,0,3,0,0,0,0,0,0,0,0,3,0,0,0,0,0,0,0,0,0,0,0,0,0,0,0,9,0,0,0,0,0,0,0,0,0,0,0,0,0,0,0,0
"58db0991515f6a65670aeb9528945eba",0,0,0,0,0,0,0,0,0,0,0,0,0,0,0,0,0,0,0,0,0,0,0,0,0,0,0,0,0,0,0,0,0,0,0,0,0,0,0,0,0,0,0,0,0,0,0,0,0,0,0,0,0,0,0,0,0,0,0,0,0,0,0,0,0,0,0,0,0,0,0,0,19,0,0,0,0,0,0,0,0,0,0,0,0,0,0,0,0
"6400be98be706e381faa4df752eeba93",0,0,0,0,0,0,0,0,0,0,0,0,0,0,0,0,0,0,0,0,0,0,0,0,0,0,0,0,0,0,0,0,0,0,0,0,0,0,0,0,0,0,0,0,0,0,0,0,0,0,0,0,0,0,0,0,0,0,0,0,0,0,0,0,0,0,0,0,0,0,0,0,12,0,0,0,0,0,0,0,0,0,0,0,0,0,0,0,0
"a7da93a9744a7863292bcf97d47b6a10",0,0,0,0,0,0,0,0,0,0,0,0,0,0,0,0,0,0,0,0,0,0,0,0,0,0,0,0,0,0,0,0,0,0,0,0,0,8,0,0,0,0,0,0,0,0,0,0,0,0,0,0,0,0,0,0,0,0,0,0,0,0,0,0,0,0,0,0,0,0,0,0,0,0,0,0,0,0,30,0,0,0,0,0,0,0,0,0,0
"57f295f1e37d390a0d93e4b898f5a1ac",0,0,0,0,0,0,0,0,0,0,0,0,0,0,0,0,0,0,0,0,0,0,0,0,0,0,0,0,0,0,0,0,0,0,0,0,0,0,0,0,0,0,0,0,0,0,0,0,0,0,0,0,0,0,0,0,0,0,0,0,0,0,0,0,0,0,0,0,0,0,0,0,0,0,0,0,0,0,0,0,0,0,0,0,0,26,0,0,0
"d83f60183d81253a505beaeef3cd168f",0,0,8,0,0,11,10,12,0,0,0,39,0,5,0,0,0,0,0,0,0,6,6,0,0,5,0,0,0,0,0,0,0,9,5,5,0,0,0,0,0,5,0,0,0,0,0,11,20,107,5,0,64,0,0,8,18,0,0,0,7,2,0,21,0,0,0,10,26,0,0,0,28,0,10,9,0,22,54,0,4,0,0,0,4,0,16,0,5
"4b9243da4d6fa5e09c00a302851869a4",9,0,0,0,0,0,0,18,40,0,11,20,8,0,0,0,0,0,0,0,0,0,0,0,0,8,0,0,3,0,0,0,0,0,0,0,0,0,0,0,0,0,0,0,0,0,0,0,0,0,0,0,0,9,0,0,0,0,0,0,0,10,0,0,0,0,0,0,0,0,0,0,10,0,0,0,0,0,0,0,0,0,0,0,0,17,0,16,0
"f518fd108f2234300c392ee9f7e4ffc9",0,0,0,0,0,0,0,0,0,0,0,0,0,0,0,0,0,0,0,0,0,0,0,0,0,0,0,0,0,0,0,0,0,0,0,0,0,0,0,0,0,0,0,0,0,0,0,0,0,0,0,0,0,0,0,0,0,0,0,0,0,0,0,0,0,0,0,0,0,0,0,0,0,0,0,0,0,0,53,0,0,0,0,0,0,7,0,0,0
"1354d8eddb9222983aca5a2fd2c6c7a5",0,0,0,0,0,0,0,0,0,0,0,0,0,0,0,0,0,0,0,0,0,0,0,0,0,0,0,0,0,0,0,0,0,0,0,0,0,0,0,0,0,0,0,0,0,0,0,0,0,0,0,0,12,0,0,0,0,0,0,0,0,0,0,0,0,0,0,0,0,0,0,0,0,0,2,0,0,0,0,0,0,0,0,0,0,2,0,0,0
"512ecb4bd81ed45bb84a6e31be91b17b",0,0,0,0,0,0,0,0,0,0,0,0,0,0,0,0,0,0,0,0,0,0,0,0,0,0,0,0,0,0,0,0,0,0,0,0,0,4,0,0,0,0,0,0,0,0,0,0,0,0,0,0,0,0,0,0,0,0,0,0,0,0,0,0,0,0,0,0,0,0,0,0,0,0,0,0,0,0,0,0,0,0,0,0,0,0,0,0,0
"3fa67492155a14f5db709d83aec3a7f9",0,0,0,0,0,0,0,0,0,0,0,0,0,0,0,0,0,0,0,0,0,0,0,0,0,0,0,0,0,0,0,0,0,0,0,0,0,0,0,0,0,0,0,0,0,0,0,0,0,0,0,0,0,0,0,0,0,0,0,0,0,0,0,0,0,0,0,0,0,0,0,0,0,0,0,0,0,0,0,0,5,0,0,0,0,0,0,0,0
"09fcfc99232a8211fc24af58233d5f0d",0,0,0,0,0,0,0,0,0,0,0,0,0,0,0,0,0,0,0,0,0,0,0,0,0,0,0,0,0,0,0,0,0,0,0,0,0,0,0,0,0,0,0,0,0,0,0,0,0,0,0,0,0,0,0,0,0,0,0,0,0,0,0,0,0,0,0,0,0,0,0,0,0,0,0,0,0,0,0,0,0,0,0,0,0,14,0,0,0
"69a351110ba9f754b17a3af5a9c62611",0,0,0,0,0,0,0,0,0,0,0,0,0,0,0,0,0,0,0,0,0,0,0,0,0,0,0,0,0,0,0,0,0,0,0,0,0,0,0,0,0,0,0,0,0,0,0,0,0,0,5,0,0,0,0,0,0,0,0,0,0,0,0,0,0,0,0,0,0,0,0,0,0,0,0,0,0,0,0,0,0,0,0,0,0,0,0,0,0
"ce0e124275fcc54a8cac392d7b02518a",0,0,0,0,0,0,0,0,0,0,0,0,0,0,0,0,0,0,0,0,0,0,0,0,0,0,0,0,0,0,0,0,0,0,0,0,0,0,0,0,0,0,0,0,0,0,0,0,0,0,0,0,0,0,0,0,0,0,0,0,0,0,0,0,0,0,0,0,0,0,0,0,0,0,0,0,0,0,0,0,0,0,0,0,0,16,0,0,0
"da314eaad6e3d6833d88c8da65617ef4",0,0,0,0,0,0,0,0,0,0,0,0,0,0,0,0,0,0,0,0,0,0,0,0,0,0,0,0,0,0,0,0,0,0,0,0,0,0,0,0,0,0,0,0,0,0,0,0,0,0,0,0,0,0,0,0,0,0,0,0,0,0,0,0,0,0,0,0,0,0,0,0,0,0,0,0,0,0,11,0,0,0,0,0,0,0,0,0,0
"3db44252229dd81820adeec7b7168fcc",0,0,0,0,0,0,0,0,0,0,0,0,0,0,0,0,0,0,0,0,0,0,0,0,0,0,0,0,0,3,0,0,0,0,0,0,0,0,0,0,0,0,0,0,0,0,0,0,0,0,0,0,0,0,0,0,0,0,0,0,0,0,0,0,0,0,0,0,0,0,0,0,0,0,0,0,0,0,0,0,0,0,0,0,0,0,0,0,0
"9bf18eaa9a0704491b81f67590536429",0,0,0,0,0,0,0,0,0,0,0,0,0,0,0,0,0,0,0,0,0,0,0,0,0,0,0,0,0,0,0,0,0,0,0,0,0,0,0,0,0,0,0,0,0,0,0,0,0,0,0,0,0,0,0,0,0,0,0,15,0,0,0,0,0,0,0,0,0,0,0,0,0,0,0,0,0,0,0,0,0,0,0,0,0,0,0,0,0
"df8456a1abbfb4c8a2c450b44378d4cb",0,0,0,0,22,72,0,133,0,14,42,86,0,10,71,0,0,68,0,0,0,22,0,0,26,0,43,0,25,0,29,10,5,0,0,76,6,78,72,0,20,0,10,0,0,12,0,39,0,0,84,0,201,58,0,302,67,179,0,0,0,54,0,47,0,0,63,11,114,135,28,7,59,0,18,14,0,0,167,47,0,0,11,0,58,0,0,0,46
"653fbcfa129b6ca25c3709d88e7eb7fa",0,0,0,0,0,0,0,0,0,0,0,0,0,0,0,0,0,0,0,0,0,0,0,0,0,0,0,0,0,0,0,0,0,0,0,0,0,0,0,0,0,0,0,0,0,0,0,0,0,0,0,0,0,0,0,0,0,0,0,0,0,0,0,0,0,0,0,0,0,0,0,0,0,0,0,0,0,0,32,0,0,0,0,0,0,0,0,0,0
"0999f4e86c94093f74e23b12501455f8",0,0,7,0,0,0,0,0,0,0,0,0,0,0,8,0,0,0,0,0,0,0,0,0,0,0,0,0,0,0,0,0,0,0,0,0,0,0,0,0,0,0,0,0,0,0,0,0,0,7,0,0,0,0,0,10,19,0,0,0,0,0,21,0,0,10,0,0,0,0,0,0,0,0,0,0,0,0,52,0,7,0,0,0,0,0,0,0,0
"93cda2dde8ac2690f338ef1572ef5b68",0,0,0,0,0,0,0,0,0,0,0,0,0,0,0,0,0,0,0,0,0,0,0,0,0,0,0,0,0,0,0,0,0,0,0,0,0,0,0,0,0,0,0,0,0,0,0,0,0,0,0,0,0,0,0,0,0,2,0,0,0,0,0,0,0,0,0,0,0,0,0,0,0,0,0,0,0,0,0,0,0,0,0,0,0,0,0,0,0
"689a7bbbb932d7be2fa6b6f63dd0870e",0,0,0,0,0,0,0,0,0,0,0,0,0,0,0,0,0,0,0,0,0,18,0,0,0,0,0,0,0,0,0,0,0,0,0,0,0,0,0,0,0,0,0,0,0,0,0,0,0,0,0,0,0,0,0,0,0,0,0,0,0,0,0,0,0,0,0,0,0,0,0,0,0,0,0,0,0,0,0,0,0,0,0,0,0,0,0,0,0
"5a6c87d6a4eb5e114959f6192f29b641",24158,9906,7548,7411,105,11881,1048,24637,2058,20095,11414,16786,35415,10516,2312,2674,17849,12153,727,8925,11685,8276,27564,34305,8914,43232,18168,6297,27326,1495,3362,9404,17757,34491,6270,10821,18454,4954,2050,6814,17855,8590,4326,1277,4191,21315,10348,13537,38181,25890,9539,1011,24315,421,458,11695,4385,3216,8593,15069,7665,3215,9330,10154,6781,7287,26477,17461,5685,4221,24835,2483,6681,12575,1547,223,10318,1854,6053,13018,4844,3978,24312,1116,39764,3178,3119,15579,33063
"366bb3ddd63d135bec172051cf2cfe0a",4,0,72,6,0,8,11,17,74,3,0,18,0,0,8,0,0,0,0,0,0,0,0,0,0,14,0,0,0,19,0,0,0,0,0,12,0,13,0,0,0,2,11,0,0,0,21,22,0,8,27,0,32,22,0,73,0,7,11,0,8,33,0,0,0,30,16,0,16,4,0,0,21,13,27,0,0,8,170,0,8,15,0,0,8,43,0,0,28
"2359b6a4d6a1188eac7ed4daae3e165f",0,0,0,0,0,0,0,0,0,0,0,0,0,0,0,0,0,0,0,0,0,0,0,3,0,0,0,0,0,0,0,0,0,0,0,0,0,0,0,0,0,0,0,0,0,0,0,0,0,0,0,0,8,0,0,0,0,0,0,0,0,0,0,0,0,0,0,0,0,0,0,0,0,0,0,0,0,0,0,0,0,0,0,0,0,0,0,0,0
"c5e48d33cc9cb2091f9867c5937315dd",0,0,0,0,0,0,0,0,13,0,0,3,0,0,0,3,0,0,0,0,0,0,0,0,0,0,0,0,0,0,0,0,0,0,0,0,0,0,0,0,0,0,0,0,0,0,0,0,0,0,0,0,0,0,0,0,0,0,0,0,0,0,0,0,0,0,0,0,0,0,0,0,0,0,0,0,0,0,0,0,0,0,0,0,0,0,0,0,0
"6f8335930fbb52304cf5069f4ad604c7",0,0,0,0,0,0,0,0,2,0,0,0,0,0,0,0,0,0,0,0,0,0,0,0,0,0,0,0,0,0,0,0,0,0,0,0,0,0,0,0,0,0,0,0,0,0,0,0,0,0,0,0,0,0,0,0,0,0,0,0,0,0,0,0,0,0,0,0,0,0,0,0,0,0,0,0,0,0,0,0,0,0,0,0,0,0,0,0,0
"1063e92b4acc17f22a826d2c79da73b9",0,0,0,0,0,0,0,0,0,0,0,0,0,0,0,0,0,0,0,0,0,0,0,0,0,5,0,0,0,0,0,0,0,0,0,0,0,0,0,0,0,0,0,0,0,3,0,6,0,10,0,0,0,0,0,8,0,0,0,0,2,0,2,0,0,5,0,0,0,0,0,0,0,0,0,0,0,0,33,8,4,6,0,0,0,0,0,0,0
"090968c61f4f3a7bce253be6a41f7957",0,0,0,0,0,0,0,0,0,0,0,0,0,0,0,0,0,0,0,0,0,0,0,0,0,0,0,0,0,0,0,0,0,0,0,0,0,0,0,0,0,0,0,0,0,0,0,0,0,0,0,0,0,0,0,0,0,0,0,0,0,0,0,0,0,0,0,0,0,0,0,0,0,0,0,0,0,0,0,0,0,0,0,0,0,13,0,0,0
"adb8ae87b10b9666eb8a99980e772939",0,0,0,0,0,0,0,0,0,0,0,0,0,0,0,0,0,0,0,0,0,0,0,0,0,0,0,0,0,0,0,0,0,0,0,0,0,0,0,0,0,0,0,0,0,0,0,0,0,0,0,0,2,0,0,0,0,0,0,0,0,0,0,0,0,0,0,0,0,0,0,0,0,0,0,0,0,0,0,0,0,0,0,0,0,0,0,0,0
"013cf4bf0969ea956fb2abac1d169750",0,0,0,0,0,0,0,0,0,0,0,0,0,0,0,0,0,0,0,0,0,0,0,0,0,0,0,0,0,0,0,0,0,0,0,0,0,0,0,0,0,0,0,0,0,0,0,0,0,0,0,0,0,3,0,0,0,0,0,0,0,0,0,0,0,0,0,0,0,0,0,0,0,0,0,0,0,0,0,0,0,0,0,0,0,20,0,0,0
"ec8e2e154ecc4fa53137d51270dfc5a8",0,0,0,0,0,0,0,0,0,0,0,0,0,0,0,0,0,0,0,0,0,0,0,0,0,0,0,0,0,0,0,0,0,0,0,0,0,0,0,0,0,0,0,0,0,0,0,0,0,0,0,0,0,0,0,0,0,0,0,0,0,0,0,0,0,0,0,0,0,0,0,0,0,0,0,0,0,0,2,0,0,0,0,0,0,0,0,0,0
"d98297e8bf1f8d019e868c17639f621d",0,0,0,0,0,0,0,0,0,0,0,0,0,0,0,0,0,0,0,0,0,0,0,0,0,0,0,0,0,0,0,0,0,0,0,0,0,0,0,0,0,0,0,0,0,0,0,0,0,0,0,0,0,0,0,0,0,0,0,0,0,0,0,0,0,0,0,0,0,0,0,0,0,0,0,0,0,0,0,0,0,0,0,0,0,94,0,0,0
"898924fc598adf8efd40951a38795769",0,0,0,0,0,0,0,0,0,0,0,0,0,0,0,0,0,0,0,0,0,0,0,0,0,0,0,0,0,0,0,0,0,0,0,0,0,0,0,0,0,0,0,0,0,0,0,0,0,0,0,0,3,0,0,0,0,0,0,0,0,0,0,0,0,0,0,0,0,0,0,0,0,0,0,0,0,0,0,0,0,0,0,0,0,0,0,0,0
"ef0c7928901deab56b8d8abef337ac5c",0,0,0,0,0,0,0,0,0,0,0,0,0,0,0,0,0,0,0,0,0,0,0,0,0,0,0,0,0,0,0,0,0,0,0,0,0,0,0,0,0,0,0,0,0,0,0,0,0,8,0,0,0,0,0,0,0,0,0,0,0,0,0,0,0,0,0,0,0,0,0,0,0,0,0,0,0,0,0,0,0,0,0,0,0,36,0,0,0
"1d41bb48bc563be3f3ad36c36b422947",0,4,0,0,0,0,0,0,0,0,0,10,0,0,0,0,326,0,0,0,0,0,0,0,9,0,0,0,0,0,0,0,0,0,0,0,0,0,0,0,0,0,0,0,0,0,0,0,0,0,0,0,0,0,0,0,0,0,0,0,0,4,0,0,0,0,0,52,0,0,0,0,0,6,0,0,0,0,0,0,0,0,52,0,0,67,0,12,0
"422443b7e46f6631c5a7cc89316be0d0",0,128,0,0,0,0,20,0,47,0,20,0,0,0,97,0,199,261,13,0,0,0,41,31,0,6,0,26,0,33,47,0,0,0,0,0,9,0,0,0,0,0,25,0,66,0,0,0,0,70,0,0,0,100,21,30,23,132,0,197,50,103,29,147,10,0,122,263,7,64,0,0,255,84,0,0,55,0,46,0,0,0,0,4,0,124,83,33,18
"49095ce0b6df52a2d5d05beaf738494f",0,0,0,0,0,0,0,0,0,4,0,0,0,0,0,0,0,0,0,0,0,0,0,0,0,0,0,0,0,0,0,0,0,0,0,0,0,0,0,0,0,0,0,0,0,0,7,0,0,0,0,0,112,0,0,0,0,0,0,15,0,0,0,0,0,9,0,0,0,12,0,0,0,0,0,0,0,0,0,6,0,0,0,0,0,12,8,0,20
"629f41c0de31ba20f5d2b3f4c69e09c1",26,0,0,0,9,0,0,0,0,4,0,35,0,22,0,0,8,9,0,0,0,8,0,7,0,44,15,13,31,25,0,0,0,2,0,25,0,0,0,0,0,0,0,0,0,0,0,52,0,0,0,0,2323,0,0,0,8,4,0,48,0,0,0,0,0,16,0,0,0,0,70,0,0,0,0,0,0,0,10,0,0,0,0,0,70,0,0,0,36
"0c166e629f0a5d7021647ef712e4774e",0,0,0,0,0,0,0,0,25,0,0,0,0,0,0,0,0,11,0,0,0,0,0,0,0,0,0,0,0,0,0,0,0,0,0,0,0,0,0,0,0,0,0,0,0,0,0,0,0,0,0,0,0,0,0,0,0,0,0,0,0,0,0,0,0,0,0,0,0,0,0,0,0,0,0,0,0,0,0,0,0,0,0,0,0,0,0,0,0
"c7052d8e39f2e882f23ffa9583890985",0,0,0,0,0,0,0,0,10,0,0,0,0,0,0,0,0,0,0,0,0,0,0,0,0,0,0,0,0,0,0,0,0,0,0,0,0,0,0,0,0,0,0,0,0,0,0,0,0,0,0,0,0,0,0,0,0,0,0,0,0,0,0,0,0,0,0,0,0,0,0,0,0,0,0,0,0,0,0,0,0,0,0,0,0,0,0,0,0
"1e0296c7b89d1cd0d4d0bc8bf16822fc",0,291,705,167,102,0,722,1185,392,179,612,393,438,0,720,4,0,0,52,156,96,0,66,318,422,0,0,130,0,92,447,198,134,48,30,289,122,258,654,57,904,57,109,17,72,95,516,0,894,1864,186,102,0,332,36,961,421,47,186,778,220,162,1141,3514,207,842,782,231,1129,239,0,123,4392,729,876,0,336,344,1325,97,687,871,178,42,0,1349,1816,120,310
"b8f3e25d11280a9e2189700e107de07c",0,52,306,44,152,115,243,326,0,0,0,308,77,0,46,0,46,68,0,17,0,0,0,16,0,190,0,61,0,13,65,21,46,0,0,0,5,0,21,0,307,24,0,0,12,22,53,161,77,109,28,13,0,0,0,87,64,25,104,84,0,7,80,194,0,78,0,11,20,33,0,21,305,0,0,15,0,11,496,70,65,80,0,0,0,0,161,0,0
"3114d42cc9f862a2a18d7e5efde7fa9b",0,0,0,70,65,0,179,184,39,88,124,0,143,0,241,0,0,63,11,62,23,0,26,0,0,0,36,104,37,39,66,25,36,115,16,0,46,83,94,24,21,87,29,7,67,31,80,0,229,0,71,0,0,293,9,84,754,10,156,0,0,27,511,494,104,169,49,0,313,41,0,83,802,219,116,15,97,0,234,30,256,247,0,0,0,435,221,52,61
"505487e6004df00b19a28833a9a6ab2b",0,0,0,0,0,0,0,0,0,0,0,0,0,0,0,0,0,0,0,0,0,0,0,0,0,0,0,0,0,0,0,0,0,0,0,0,0,0,0,0,0,0,0,0,0,0,0,0,0,0,0,0,0,0,0,0,0,0,0,0,0,0,0,0,0,0,0,0,0,0,0,0,0,0,0,0,0,0,0,0,0,0,0,8,0,0,0,0,0
"ca72a089674006d2e9cade617df3d5d7",0,0,32,0,0,0,0,0,0,0,0,0,0,0,0,0,21,7,0,19,0,0,0,35,17,79,0,0,0,0,9,0,0,23,0,0,5,0,0,0,0,0,0,0,0,0,0,63,0,0,0,0,12,0,0,0,7,0,0,99,0,0,0,0,19,0,0,0,0,61,0,0,0,0,0,0,0,0,14,0,0,0,0,0,9,0,0,0,0
"c7710d6f144476667c42e65e2ec71053",0,0,555,46,216,0,562,226,0,130,117,112,153,0,824,0,0,57,34,327,20,33,58,0,195,198,30,128,81,44,259,57,136,128,17,0,50,33,292,0,690,17,61,8,0,98,0,0,509,0,49,50,0,256,47,283,85,119,211,43,202,148,1025,961,22,424,72,12,173,90,0,122,2710,317,0,31,0,321,396,53,58,355,0,0,0,0,1332,47,224
"2d073f5a8372b2044da42b23a181b3a5",0,0,0,0,0,0,0,0,0,0,0,0,0,0,0,0,0,0,0,0,0,0,0,0,0,0,0,0,0,0,0,0,0,0,0,0,0,0,0,0,0,0,0,0,0,5,0,0,0,0,0,0,0,0,0,0,0,0,0,0,0,0,0,0,0,0,0,0,0,0,0,0,0,0,0,0,0,0,0,0,0,0,0,0,0,0,0,0,0
"35cbb315e019e0a8768d4b73862df415",1082,215,1199,379,454,57,657,1289,1204,967,388,856,1151,228,814,851,610,507,158,243,417,367,317,502,306,4854,2483,1156,914,698,219,530,645,494,0,1025,464,643,857,267,1218,1215,395,100,460,269,1731,0,1605,539,264,261,4043,288,43,2149,271,1938,577,614,462,129,467,371,782,411,2973,269,1222,1054,0,555,531,1369,0,188,0,341,891,384,372,474,1729,138,1423,174,1044,1571,41
"2a394342d2a01c6285efc00378091b6d",0,0,0,354,0,0,246,1147,0,0,0,0,279,0,2285,0,0,0,2,0,55,0,0,0,0,0,0,0,273,0,0,0,0,0,18,0,293,282,88,0,532,0,226,28,150,249,0,0,827,0,307,55,0,0,14,349,0,16,622,0,0,0,2205,0,28,0,0,0,52,137,0,0,752,81,0,22,0,0,0,0,0,0,0,0,0,0,204,0,0
"f9612c98d79c37a803a973724113cef6",0,0,7,4,0,0,0,0,3,8,0,0,0,4,0,0,0,6,0,0,0,3,0,0,0,0,2,0,0,0,0,0,0,0,0,0,0,0,0,0,0,0,0,0,0,0,0,0,0,10,17,0,0,0,0,0,9,0,0,0,0,0,9,0,0,0,0,0,25,0,0,0,0,0,0,0,0,0,14,0,0,0,0,2,8,3,0,0,0
"124f6cfac6710928fc0ab9a7b46c71e2",5,149,0,0,0,0,386,0,928,0,149,0,0,0,0,0,1655,724,166,0,0,0,2655,0,407,1094,0,56,0,0,5446,0,221,0,0,0,0,0,0,333,5388,0,200,361,171,0,14,0,0,0,0,0,0,59,664,17,0,6641,1527,7,572,1402,0,0,575,0,3255,51,7,14,250,0,0,3423,0,0,190,0,33,3104,5,455,39,0,0,502,0,5635,4999
"6a408934dc4d1d4cf8e38a62f0de4b34",0,0,0,0,0,0,0,0,0,0,109,0,0,0,0,0,0,0,0,0,0,0,0,0,0,0,0,0,0,0,0,0,0,0,0,0,0,0,0,0,0,0,0,0,0,0,0,0,0,0,0,0,0,0,0,0,0,0,0,0,0,0,0,0,0,0,180,0,0,0,0,0,0,0,0,0,0,0,0,42,0,0,0,0,0,0,0,0,0
"95d6a2a0e7a344010b5fd670677848e1",0,0,0,0,0,0,0,0,0,0,0,0,0,0,0,0,0,0,0,0,0,0,0,5,0,19,0,0,0,0,0,0,0,0,0,0,0,0,0,0,9,0,0,0,0,0,0,0,0,0,0,0,0,0,0,0,0,8,0,0,0,0,0,0,0,0,0,0,0,0,0,0,0,0,0,0,0,0,0,0,0,0,0,0,0,0,0,0,0
"1deffd92f86da9a977adccb2d6b848e3",0,0,0,0,0,0,0,0,0,0,0,0,26,0,0,0,0,0,0,0,0,0,0,0,0,0,0,0,0,0,36,0,0,0,0,0,0,0,34,0,0,0,0,0,0,0,0,0,0,0,0,0,0,0,0,0,0,0,0,0,0,0,0,0,0,0,0,0,0,0,0,0,0,0,0,0,0,0,0,0,0,0,0,0,0,0,0,0,0
"94d1911c1ab7ad84a878abe3f552f7f4",0,0,0,9,0,0,0,186,0,0,0,0,149,0,0,0,0,0,63,0,0,0,41,55,0,774,0,121,15,25,0,0,0,0,0,108,61,103,0,17,0,32,0,0,0,0,237,0,0,0,0,0,0,0,0,0,0,170,94,0,0,189,0,0,0,0,0,182,0,0,0,0,40,0,0,0,0,0,370,0,0,0,113,0,16,52,0,146,581
"df7067a5ff09d53b89a9ab2e8bba84c7",0,0,0,0,0,0,0,0,0,0,0,0,0,0,0,0,0,0,0,0,0,0,0,0,0,0,0,0,0,0,0,0,0,0,0,0,0,0,0,0,0,0,0,0,0,0,0,0,0,0,0,0,0,0,0,0,0,0,0,0,0,0,0,0,0,0,0,0,0,0,0,0,0,0,0,0,0,0,5,0,0,0,0,0,0,0,0,0,0
"ff48ea2b9d30c737b53aeb9841179d57",0,0,0,0,0,0,0,0,174,0,0,0,0,0,0,0,0,26,0,0,18,0,0,40,0,0,0,42,0,438,3280,117,0,2,0,0,0,0,9,0,0,0,0,0,0,0,550,0,0,0,0,0,516,17,0,778,135,121,0,307,0,0,0,0,18,0,7,62,38,551,0,0,0,0,0,0,0,0,154,34,3,0,0,0,0,0,0,0,6
"22b3c70cdfb1714224e1bf8a6314bee9",0,0,0,0,0,4,0,0,0,0,0,0,0,0,0,0,0,0,0,0,0,0,0,0,0,0,0,0,0,0,0,0,0,0,0,0,0,0,0,0,0,0,0,0,0,0,3,0,0,0,0,0,0,0,0,0,0,0,0,21,0,0,0,0,0,0,0,0,0,0,0,0,0,0,0,0,0,0,0,0,0,0,0,0,0,0,0,0,0
"71795387391528c8966e4c44448039ca",0,0,0,0,0,0,0,0,0,0,0,0,0,0,0,0,0,0,0,0,0,0,0,0,0,0,0,0,0,0,0,5,0,0,0,0,0,0,0,0,0,0,0,0,0,0,6,0,0,0,0,0,0,0,0,0,0,0,0,0,0,0,0,0,0,0,0,0,0,0,0,0,0,0,0,0,0,0,0,0,0,0,0,0,0,0,0,0,0
"b2574632cd105083065793a728d40c81",0,0,0,0,0,0,0,0,2,0,0,0,0,0,0,0,0,0,0,0,0,0,0,0,0,6,0,0,0,6,13,10,0,0,0,0,0,0,0,0,0,0,0,0,0,0,2,0,0,0,0,0,2,0,0,0,0,3,0,9,0,0,0,0,0,0,0,0,0,0,0,0,0,0,0,0,0,0,0,0,0,0,0,0,0,0,0,0,0
"2102f51f3591341a5e15fb5958ee321c",0,6,0,0,16,0,0,0,33,8,8,0,8,0,9,2,0,0,0,0,0,0,0,3,0,0,0,6,0,46,29,9,16,4,0,0,0,0,6,0,25,0,8,12,0,6,0,0,0,11,0,9,0,11,0,19,26,0,27,29,5,0,0,84,4,0,2,0,0,8,0,3,32,19,27,0,10,0,0,12,7,0,0,0,0,0,181,15,8
"40624a122b3cddee86f81168cb008a17",0,0,0,0,0,0,0,0,0,0,0,0,0,0,0,0,0,0,0,0,0,0,0,0,0,0,0,0,0,0,0,0,0,0,0,0,0,0,0,0,0,0,0,0,13,0,0,0,0,0,0,0,0,0,0,0,0,0,0,0,0,0,0,0,0,0,0,0,0,0,0,0,0,0,0,0,0,0,0,0,0,0,0,0,0,0,0,0,0
"5b7ee395be95a764141c6f3ba209047f",19,0,0,0,0,0,0,0,0,0,0,0,0,0,0,0,21,0,7,0,0,0,0,0,0,0,0,0,0,0,0,0,0,0,0,0,0,0,0,12,0,0,0,0,0,0,0,0,0,0,0,0,0,0,0,0,0,0,0,0,0,0,0,0,0,0,0,0,0,0,0,0,0,0,0,0,0,0,0,0,0,0,0,0,0,0,0,0,0
"5c68ef2fd4b94cf4e302d4c8e2ef1fe1",0,12,0,21,0,0,48,28,50,0,0,0,0,0,3,16,0,22,0,0,8,35,68,0,0,0,0,14,0,238,536,9,0,0,0,0,0,0,303,0,251,0,36,0,5,0,5,0,17,0,0,0,0,36,11,628,0,149,5,0,0,162,3,0,988,0,0,0,49,0,0,0,0,0,0,32,0,0,7,0,0,0,0,0,9,2,0,76,5
"889f033ba9c5bb9a721a2c7c84816ca6",0,0,0,0,0,0,0,0,0,3,0,0,0,0,0,0,0,27,0,0,0,3,0,0,0,0,0,0,3,0,6,0,0,0,0,0,0,0,0,0,0,0,0,0,0,0,0,0,0,0,0,0,0,0,0,0,0,0,0,0,0,0,0,0,0,0,0,0,0,21,0,0,0,0,0,0,0,0,0,8,0,0,0,0,0,0,0,0,0
"b85f7f523f5e062dfdc81a5e8054c562",0,0,157,18,272,0,22,10,698,15,0,0,183,0,55,0,0,367,5,85,25,14,55,198,0,1942,0,47,3,1809,3625,83,14,0,0,6,29,0,94,6,74,31,0,37,0,41,545,0,30,0,0,139,168,39,66,556,58,378,74,186,11,76,13,257,101,226,581,225,35,338,0,23,174,35,71,0,5,7,255,63,0,30,0,28,0,8,653,238,154
"644fd07dc284e48b3f9bdbf76078fd2e",0,0,0,0,5,0,0,0,0,0,0,0,0,0,0,0,0,0,0,0,3,0,0,0,0,0,0,4,0,0,0,3,0,0,0,0,0,0,5,0,0,0,0,0,0,0,3,0,0,0,0,0,0,0,0,598,0,122,0,0,0,0,0,0,0,0,0,0,0,4,0,0,0,0,0,0,0,0,0,0,0,0,0,0,0,0,0,0,0
"b332b9a4d638a1f226e57c94a40f1450",0,0,0,0,4,0,0,9,7,0,0,0,0,0,0,0,0,5,0,0,0,0,0,0,0,0,0,0,0,0,222,0,0,0,0,0,0,0,0,0,0,0,0,0,0,0,19,8,0,0,0,0,0,0,0,0,0,0,0,0,0,0,0,0,0,0,0,0,6,0,0,0,0,0,0,0,0,0,0,0,0,0,0,0,3,0,0,0,0
"127024cd09bba46c0da7794c38a9f02a",0,0,0,0,0,0,0,0,0,0,0,0,0,0,0,0,0,19,0,11,5,0,0,0,0,0,0,0,0,0,0,0,0,0,0,0,0,0,0,0,0,0,0,0,0,0,0,0,0,0,0,0,0,0,0,0,0,0,2,0,0,0,0,0,0,9,0,0,0,0,2,0,0,0,0,0,0,0,0,0,0,0,0,0,0,0,0,0,0
"98bcf713cdab713b589f72f2ebcef570",0,0,0,0,0,0,0,0,0,0,0,0,0,0,0,0,0,0,0,0,0,0,0,0,0,0,0,0,0,0,489,0,0,0,0,0,0,0,0,0,0,0,0,0,0,0,0,0,0,0,0,0,0,0,0,0,0,0,0,0,0,0,0,0,0,0,0,0,25,0,0,0,0,0,0,0,0,0,0,0,0,0,0,0,0,0,0,0,0
"cf4a88a3c7021ff0376925fdab33b287",0,0,0,0,0,0,0,0,0,0,0,0,0,0,0,0,0,0,0,0,0,0,0,0,0,0,0,0,0,0,0,0,0,0,0,0,0,0,0,0,0,0,0,0,0,0,64,0,0,0,0,0,0,0,0,0,0,0,0,0,0,0,0,0,0,0,0,0,0,0,0,0,0,0,0,0,0,0,0,0,0,0,0,0,0,0,0,0,0
"cf490f79d7d0c13e2370378da5a11237",0,0,0,0,0,0,0,0,0,0,0,0,0,0,0,0,0,0,0,0,0,0,0,0,0,0,0,0,0,0,0,0,0,0,0,0,0,0,0,0,0,0,0,0,0,0,28,0,0,0,0,0,0,0,0,0,0,0,0,0,0,0,0,0,0,0,0,0,0,0,0,0,0,0,0,0,0,0,0,0,0,0,0,0,0,0,0,0,0
"e8d2454002b34b7f1ce22d82a1ab00dd",0,0,0,0,0,0,0,0,0,3,0,12,0,0,0,0,0,0,0,0,0,0,0,0,0,0,0,0,0,3,8,2,0,0,0,0,0,0,0,0,0,0,0,0,0,0,3,0,4,0,0,0,3,0,0,0,0,49,0,0,4,0,5,0,0,0,0,0,0,0,0,0,0,0,0,0,0,0,0,0,0,3,0,0,0,11,0,0,0
"7904f64f9270b01eb83d01ceade85292",0,0,0,0,0,0,0,0,0,0,0,0,0,0,0,0,0,0,0,0,0,0,0,0,0,0,0,0,0,0,0,0,0,0,0,0,0,0,0,0,0,0,0,0,0,0,0,0,0,0,0,0,0,0,0,0,0,0,0,0,0,0,0,0,0,0,0,0,31,0,0,0,0,0,0,0,0,0,0,0,0,0,0,0,0,0,0,0,0
"0212eeb5df6b66952402fc5b108f00c4",0,0,0,0,0,0,0,0,0,0,0,0,0,0,0,0,0,23,0,0,0,0,0,0,0,0,0,0,0,0,0,0,0,0,0,0,0,0,0,0,0,0,0,0,0,0,0,0,0,0,0,0,0,0,0,0,0,0,0,0,0,0,0,0,0,0,0,0,0,0,0,0,0,0,0,0,0,0,0,0,0,0,0,0,0,0,0,0,0
"96722d7a31f9d86a65014c79305884b6",0,0,0,0,0,0,0,0,0,0,0,0,0,0,0,0,0,21,0,0,0,0,0,3,0,25,0,0,0,0,0,0,0,0,0,0,0,0,0,0,0,0,0,0,0,0,8,0,0,0,0,0,4,0,0,0,0,0,0,3,0,0,0,0,0,12,0,0,0,0,0,0,0,0,0,0,0,0,0,3,0,0,0,0,0,0,0,0,0
"8ae2a9fb2a41b27ac886578333131fa0",0,0,0,0,0,0,0,0,0,0,0,0,0,0,0,0,0,11,0,0,0,0,0,0,0,0,0,0,0,0,0,0,0,0,0,0,0,0,0,0,0,0,0,0,0,0,0,0,0,0,0,0,0,0,0,0,0,0,0,0,0,0,0,0,0,0,0,0,0,0,0,0,0,0,0,0,0,0,0,0,0,0,0,0,0,0,0,0,0
"1619b48906d097d8c3a8af893250385b",0,114,68,13,967,0,453,808,462,0,3,51,502,0,71,0,0,6674,21,65,413,77,0,234,0,0,0,943,0,4512,145,549,18,0,0,0,36,0,1346,15,38,62,2,15,0,393,545,0,36,20,64,417,0,484,79,2093,241,6114,69,107,0,1020,1504,3239,32,255,1069,1528,162,930,0,147,659,20,1158,173,0,0,142,192,11,1611,0,33,0,313,1137,127,271
"3723ea6e099f53017ca85c153c80969f",0,0,0,0,0,0,0,0,0,0,7,0,0,0,0,0,0,8,0,0,0,0,0,0,0,0,0,0,0,0,0,0,0,0,0,0,0,0,0,0,0,0,0,0,0,0,0,0,0,0,0,0,0,0,0,3,0,0,0,0,0,4,0,0,0,0,3,0,0,0,0,0,0,0,0,0,0,0,0,0,0,0,0,0,0,0,2,0,2
"6e129c93672f058c66c7090dbf93dbdf",0,4,15,0,51,0,0,0,51,0,0,0,42,0,24,0,0,102,0,23,0,31,7,54,5,33,0,20,0,16,31,0,0,8,0,0,18,0,27,0,16,0,0,0,0,30,39,0,6,0,6,33,13,0,0,41,17,23,6,65,0,0,0,9,21,97,0,8,45,16,0,0,67,9,0,8,0,0,0,0,0,22,0,0,0,0,0,11,10
"ebe079455907ab61cba05c45537905e4",0,0,0,0,0,0,0,0,0,0,0,0,0,0,0,0,0,0,0,0,0,0,0,0,0,0,0,0,0,0,0,0,0,0,0,0,0,0,0,0,0,0,0,0,0,0,0,0,0,0,0,0,0,0,0,0,0,0,0,0,0,0,0,0,0,0,0,0,0,0,0,0,0,0,0,0,0,0,5,0,0,0,0,0,0,0,0,0,0
"37f004671c936285c26471120596b2f5",0,0,0,0,0,0,0,0,0,0,0,0,0,0,0,0,0,0,0,0,0,0,0,0,30,0,0,0,0,0,0,0,0,0,0,0,0,0,0,0,0,0,0,0,0,0,0,0,0,0,0,0,0,0,0,0,0,0,0,0,0,23,0,0,253,0,0,0,0,0,0,0,0,0,0,0,0,0,0,0,55,0,0,0,0,0,0,0,0
"40874d61006874f7c87d904707d320d9",68,52,20,24,4547,17,1127,202,3326,13,71,37,2531,0,1102,179,45,114,331,269,58,0,581,606,41,122,224,17,0,34,380,201,607,0,84,184,94,1195,2134,0,648,853,0,499,844,0,1871,2017,34,17,20,391,89,106,208,164,1017,738,68,530,403,83,90,113,142,519,1229,3628,218,105,21,540,224,568,25,106,0,717,7,0,108,143,80,0,171,341,775,945,88
"90af3675c266d09bb7986147ac5885ec",0,21,203,216,6932,0,14,114,2872,64,26,2870,1462,0,461,17,0,9773,52,452,232,702,847,3937,54,0,0,174,254,4985,8806,147,488,548,0,5,674,27,3382,355,713,35,84,60,59,111,5556,0,34,125,60,2466,0,185,214,3686,3182,8970,714,2636,148,2463,112,4676,89,3237,1312,3185,366,8168,0,91,613,372,5413,90,8,0,1386,936,8,66,0,20,0,38,1476,1731,1749
"74aaeb93ba19830fa0e2cc55966371bd",0,0,0,0,0,0,0,0,0,0,0,0,0,0,0,0,0,21,0,0,0,0,0,15,0,0,0,0,0,0,29,0,0,0,0,0,0,0,0,0,0,0,0,0,0,0,0,0,0,9,0,0,0,0,0,0,0,0,0,17,0,0,0,0,0,23,0,14,0,0,0,0,0,0,0,0,0,0,0,0,0,0,0,0,0,0,0,0,0
"410e1eaa1468a3d40595898f671ba0b3",160,1018,2117,1571,2751,6,1676,611,4884,121,739,3310,3338,0,2878,2506,363,1872,1966,682,1602,1571,337,2004,2895,5536,0,1583,848,2622,1764,2706,778,524,22,2996,1152,267,4715,538,3654,991,1487,314,498,3094,3332,0,2178,7335,772,2927,2907,3505,1003,4426,8174,2939,2529,2395,605,1818,1730,4222,1489,5452,2727,1160,1658,923,0,650,3544,1404,9192,1040,1081,122,10312,963,31,507,71,930,0,1854,5958,2717,5007
"1a9df3fbbc7fc8cecec4239cf801d2fc",33,0,0,60,334,0,21,0,255,95,0,153,317,0,501,0,71,240,0,3349,0,119,0,51,99,0,0,126,23,237,13,245,109,153,207,229,193,0,341,27,47,0,0,10,0,0,144,327,0,109,41,849,0,123,13,390,60,143,316,388,115,26,72,14,50,281,0,87,0,10,222,0,2699,264,259,16,41,143,0,89,9,0,132,0,0,19,1240,414,107
"eb2c67615eb41fa15a21c4d3a12528c6",0,0,0,0,0,0,0,0,0,0,0,0,0,0,0,0,0,20,0,0,0,0,0,0,0,0,0,0,0,0,0,0,0,0,0,0,0,0,0,0,0,0,0,0,0,0,0,0,0,0,0,35,0,0,0,0,0,0,0,0,0,0,0,0,0,16,106,0,0,0,0,0,0,0,0,0,0,0,66,0,0,0,0,0,0,0,0,0,0
"2fea67e2ef146b654e84d4ccd727bed7",0,0,39,18,35,0,18,0,46,0,3,0,25,0,0,0,0,0,0,20,0,9,195,33,0,0,0,35,0,5,8,16,0,6,0,0,10,6,0,0,0,8,11,7,0,8,8,0,0,20,0,13,8,0,8,17,33,0,12,45,0,0,15,17,0,0,19,48,0,30,0,12,15,17,0,8,0,0,5,0,0,0,0,0,0,0,30,37,79
"fe095885b690e99fffca72514e3fcef9",0,0,0,0,0,0,0,0,0,0,0,0,0,0,0,0,0,0,0,0,0,0,0,0,0,0,0,0,0,0,0,0,0,0,0,0,0,0,0,0,0,0,0,0,0,0,0,0,0,0,0,0,0,0,0,0,0,0,0,0,0,11,0,0,0,0,0,0,0,0,0,0,0,0,0,0,0,0,0,0,0,0,0,0,0,0,0,0,0
"1b92901eaf73176b86069084ac8c13e3",0,16,466,0,27,29,0,0,219,106,3,39,576,0,34,8,0,153,0,126,34,15,0,310,0,0,424,0,42,377,1203,247,20,9,0,22,7,0,78,0,109,13,8,18,0,24,487,0,0,73,0,0,17,94,10,1377,73,183,4,70,13,50,17,0,274,251,149,316,32,628,0,0,202,15,42,21,8,0,81,65,6,4,15,36,0,0,206,20,111
"2f4a6bfd11c52c29159e6e3b4a743949",0,0,0,0,0,0,0,0,0,0,0,0,0,0,0,0,0,24,0,0,0,0,0,0,0,0,0,0,0,0,0,0,0,0,0,0,0,0,0,0,0,0,0,0,0,0,0,0,0,0,0,0,0,0,0,0,0,0,0,0,0,0,0,0,0,0,0,0,0,0,0,0,0,0,0,0,0,0,0,0,0,0,0,0,0,0,0,0,0
"6db169339ee5897780e713c44784d74a",0,215,2382,2738,759,0,1025,324,1168,11,929,13,5765,0,0,0,1167,1266,652,6600,0,121,11236,0,163,0,0,0,0,2540,752,41,292,701,0,0,5820,497,2410,564,3980,0,335,11,0,36,1921,0,8,65,608,329,0,32,962,2492,2397,63,3230,2669,524,16125,1182,0,263,4322,2833,3242,2664,616,84,1112,9197,0,6,617,0,253,0,384,123,680,0,68,0,490,8730,1540,0
"e2cfe099d4a73a03ac5f80d4f8369dbc",0,39,429,73,1287,0,73,35,840,8,31,13,232,0,503,95,71,4129,160,573,95,50,207,611,39,0,0,74,19,766,1237,219,15,52,0,0,402,0,353,42,786,17,218,46,46,178,722,0,26,0,21,150,0,139,303,1194,851,483,421,155,37,638,133,735,500,1093,661,425,189,336,0,92,851,22,1284,160,33,5,963,142,6,34,0,39,0,58,436,730,566
"d15968d344af77247bde832b1b6ebfb0",0,0,242,65,1285,0,45,79,588,24,88,58,387,0,248,0,0,1981,182,388,45,166,115,54,9,141,0,274,14,1461,488,96,340,11,0,33,258,20,104,4,374,7,190,118,0,112,179,0,107,40,119,347,45,156,116,174,1040,2099,204,1360,107,90,127,382,35,543,7365,4695,184,104,3,194,744,293,537,144,125,130,304,317,6,380,0,115,0,55,767,347,726
"ad139328ba8ac39c2e5ccef543df2deb",23,0,48,19,83,7,0,0,72,21,14,53,46,7,43,13,31,268,0,83,0,13,116,36,4,191,16,22,0,40,2,41,20,167,0,0,81,0,9,0,89,17,0,16,0,21,69,75,10,78,11,10,76,26,19,54,116,23,0,355,5,10,0,31,16,32,0,81,49,39,6,11,0,24,0,0,55,46,45,2,0,0,0,0,0,14,78,34,57
"e367dacc4cf58de7164775e5899d4ab2",0,0,0,0,0,0,0,0,0,0,0,0,0,0,0,0,0,85,0,0,0,0,0,0,0,192,0,0,0,0,11,0,0,0,0,0,0,0,0,0,13,0,0,0,0,0,0,0,0,0,0,0,0,0,0,0,0,14,0,0,0,2,0,0,0,0,13,7,0,2,0,0,0,0,0,0,7,0,0,0,0,0,0,0,0,0,0,0,9
"ca94cbcccd3ab51b3784a6aed45a4a04",0,285,1572,1637,520,0,308,63,1443,33,167,3147,791,0,745,196,352,862,240,161,428,300,217,1563,371,945,0,291,108,292,319,398,2488,117,11,2231,893,0,379,251,1356,86,346,182,2053,189,158,0,164,5497,49,923,1527,341,562,1860,792,678,1009,6251,189,211,7,143,246,478,205,1159,2068,124,0,104,372,1820,516,285,902,4,200,1343,5,553,59,257,0,71,645,1723,2813
"8135beec331a8d558070c38b580e4b8e",0,0,1211,391,9395,0,365,131,1224,1836,0,418,8162,884,1920,0,4273,2829,418,2548,0,304,6963,4402,11,3459,0,197,439,2474,28,1005,666,204,18,3541,478,366,1384,80,28,0,0,31,131,0,4238,0,0,651,0,1504,4074,56,1442,1052,721,2526,0,1767,1135,4913,486,5092,744,2350,217,1194,2422,803,1369,30,1077,683,0,112,1487,0,5074,36,44,0,162,164,0,37,14854,2173,1109
"7cf1299d1335d573c0fc584348f395a1",0,0,0,0,0,0,0,0,0,0,0,0,0,0,0,0,0,0,0,0,0,0,0,0,0,0,0,0,0,0,0,0,0,0,0,0,0,0,0,0,0,0,0,0,0,0,0,0,0,0,0,0,0,0,0,0,0,0,0,0,0,0,0,0,0,0,0,0,0,0,0,0,0,0,0,0,0,0,0,0,0,0,0,0,0,19,0,0,0
"3127bd317be815d64dff5a7895408312",0,0,0,0,48,0,0,0,0,0,0,0,0,0,7,0,0,47,0,0,0,0,0,0,0,0,0,3,0,0,0,0,0,0,0,0,0,0,52,0,0,0,10,0,0,0,0,0,0,0,0,0,19,17,0,0,0,0,0,12,0,21,0,0,0,11,0,0,0,0,0,0,0,0,0,0,0,0,3,0,0,0,0,0,0,0,206,4,8
"e10c0dcddacbf6f98a13f4f117792fba",0,0,0,0,0,0,0,376,0,0,0,0,0,0,0,0,0,0,0,0,0,0,0,0,0,0,0,0,0,0,0,0,0,0,0,0,0,0,48,0,0,0,0,0,0,0,0,0,0,598,0,0,0,0,0,0,0,0,0,0,0,17,0,0,0,0,324,374,156,66,0,0,0,0,0,18478,0,0,0,0,0,0,0,0,0,0,365,0,0
"fcdad1fc7d0ded2ded33c89b683c7da5",0,0,0,0,0,0,0,0,0,0,0,0,0,0,0,0,0,0,0,0,0,0,0,0,0,0,0,0,0,0,2,4,0,4,0,0,0,0,0,0,4,0,0,0,0,0,3,0,0,0,0,0,0,0,0,0,0,0,0,0,0,0,0,0,0,0,0,0,0,0,0,0,0,0,0,0,0,0,0,0,0,0,0,0,0,0,0,0,0
"13e5e67a2599db5c3cdfa82c4c9ea6fd",0,0,92,40,680,0,20,0,41,6,4,17,204,0,42,0,0,662,60,165,391,41,27,100,46,14,0,78,0,675,504,174,25,76,0,3,94,0,208,0,128,33,26,0,0,163,650,0,12,56,0,457,488,65,0,708,414,400,107,792,0,219,69,302,24,746,72,70,77,83,0,42,260,4,98,16,68,0,69,145,0,0,0,19,0,5,193,129,845
"ea7064a0fdbb5228b7a0c9ed23e012d2",0,0,0,0,28,0,0,0,0,0,0,0,0,0,0,0,0,7,0,9,0,7,0,0,0,0,0,0,0,0,0,0,0,0,0,0,0,0,0,0,0,0,0,0,0,0,0,0,0,0,0,0,0,7,0,0,0,13,0,35,0,11,0,0,0,12,0,0,10,0,0,0,0,0,0,0,0,0,31,0,0,0,0,0,0,0,32,0,0
"4bd01f90398375480101204bbcdd2ceb",0,50,805,266,4948,8,126,13,3713,240,38,47,776,0,1365,6,74,379,404,2056,638,229,1438,1827,74,0,0,388,97,2506,5509,832,349,528,0,226,853,44,1731,108,1079,198,366,94,0,401,4268,0,111,153,178,2578,90,638,303,5180,3863,1265,1023,5228,146,1506,528,2880,116,3376,1278,2528,1504,1908,0,394,2659,527,5312,1377,54,67,2289,614,9,87,0,126,0,75,2565,4010,3268
"84f9cf6d08ccc7adb4e945c4fd8be494",51,209,3832,572,6290,268,470,233,4673,359,96,307,3295,0,2395,137,144,1420,511,2463,3985,1027,571,3258,222,20,0,1037,428,13213,8679,4117,543,1578,0,0,2231,37,3817,264,2664,387,697,213,37,1203,8752,0,356,635,217,2999,3585,4700,373,13590,8428,5540,1760,3987,117,2415,1353,7067,1310,4788,2794,2043,2652,2127,0,1075,4542,472,7177,2201,543,222,4851,2223,79,1073,59,852,9,282,4425,5247,7925
"cb908ae7d11351c78c0e4ce0d849c744",0,0,116,145,255,0,73,0,71,79,0,0,0,0,29,0,0,10,22,0,0,0,0,0,0,111,0,0,0,149,10,66,0,391,0,0,0,14,0,0,0,44,0,38,0,0,111,0,0,0,0,0,0,134,199,64,0,208,0,0,17,0,62,266,0,0,0,0,166,52,0,83,86,57,62,65,0,0,28,0,0,34,0,52,0,32,188,21,0
"9639a3291729a3758207b47715d9205f",23,610,1663,1088,1488,1897,171,584,404,740,592,4461,7222,172,761,506,1821,44,674,1004,531,1286,1881,5389,543,0,152,1250,795,678,498,1256,2043,3193,272,993,2093,263,362,385,2033,1669,755,407,311,1005,583,0,467,616,89,1233,2626,120,445,1280,254,775,435,2277,2033,26,161,1390,4396,1263,184,1529,587,209,793,509,354,1557,1014,927,2822,263,609,1869,206,299,3001,210,0,137,716,1230,1060
"f479c23321346918723839e33a3544f4",0,0,0,0,15,15,0,0,14,10,0,0,0,0,0,0,0,397,0,12,0,0,0,16,0,1257,0,0,0,9,31,0,0,7,0,0,0,0,347,0,124,6,9,0,0,9,57,0,0,0,0,0,168,11,0,10,0,716,0,23,0,68,0,8,0,0,63,26,0,42,0,0,0,7,115,0,0,0,12,0,0,0,0,0,0,0,0,66,256
"f5f5e0da89730462abaf6301a9557193",2068,6614,38582,22892,13346,27493,7640,4821,7164,46322,8421,21025,49347,14757,13902,15136,15407,559,12294,34821,15425,17213,3689,18960,3068,0,18593,30635,25669,10423,697,7683,19719,1814,19037,19125,21410,3774,3229,28251,30704,12014,6845,7723,12655,7340,6404,18057,6574,3747,4311,2666,9223,5751,8666,4487,1200,132,9719,21363,18829,443,4077,8811,8072,3858,1174,6589,15779,1479,14832,21143,7589,18632,10382,12518,14182,7297,4526,15690,2196,6476,24188,7426,17,7385,14251,20888,4702
"a45525385d9df2e95eb08d2f7acec93c",0,9,15,69,4832,0,56,174,1767,0,3,0,338,0,62,0,0,1123,89,95,109,7,173,105,2,14,0,185,0,3124,454,175,9,30,0,0,77,0,849,0,121,23,4,39,0,39,1003,0,66,31,14,386,0,607,50,640,334,1194,128,91,3,155,849,4905,20,666,633,106,192,272,0,255,3681,4,0,29,0,0,652,639,0,2951,0,0,0,134,3324,666,758
"bdb6ddef008a6d31c019642fb28d7c1d",0,22,64,10,116,0,22,0,112,78,13,21,68,0,55,18,0,798,7,79,51,34,51,200,0,68,172,51,59,30,167,107,91,0,44,73,17,0,34,0,54,22,19,51,0,22,49,0,45,56,0,74,122,93,11,142,75,490,10,123,25,29,29,165,83,31,214,61,49,37,0,65,52,13,98,45,16,49,18,28,14,9,13,29,0,8,193,72,34
"df14354ec277348c54d0c9dd49eb4da0",0,9,54,0,3971,0,15,0,1172,0,0,66,193,0,0,0,0,100,0,57,28,688,1778,0,0,0,0,189,176,27,190,1263,0,0,0,76,0,15,15,101,6,0,0,23,0,0,202,0,6,79,4,2202,0,484,0,194,92,327,504,985,0,752,200,7963,298,1070,163,292,383,62,0,0,565,0,0,0,0,0,710,0,0,29,0,0,0,0,252,11,0
"cc7b0c4fe7613151aee46e9be3ea14a9",0,11,55,22,166,0,22,0,77,0,0,0,145,0,93,0,0,852,0,37,17,16,68,123,0,0,0,0,0,265,169,50,0,26,0,0,0,0,66,0,0,41,14,48,0,15,177,0,0,59,0,0,0,21,39,493,52,100,34,59,46,58,17,72,10,29,129,23,0,210,0,37,0,102,0,31,0,10,78,79,0,14,0,9,0,6,140,75,100
"3443b73db214fbccce540ddb43380a8d",0,0,0,0,0,0,0,0,0,0,0,0,0,0,0,0,0,0,0,0,0,0,0,42,0,0,0,0,0,0,0,0,0,0,0,0,0,0,0,0,0,0,0,0,0,0,0,0,0,0,0,0,0,0,0,0,0,0,0,0,0,0,0,0,0,0,0,0,0,0,0,0,0,0,0,0,0,0,0,0,0,0,0,0,0,0,0,0,0
"5fbc483f79cd97d3a7253931f37c33e8",0,11,0,4,133,33,0,2,93,14,0,35,36,0,21,4,14,228,0,27,0,0,0,56,8,404,126,6,14,328,110,36,0,21,90,353,0,0,90,0,16,29,0,0,4,9,348,80,0,7,0,13,1352,16,0,97,25,31,0,218,0,77,6,60,0,10,75,79,0,17,126,11,16,0,72,0,7,0,61,12,0,0,10,0,208,0,0,84,44
"fb35ca6e347eaf0e81708dd136bb9f38",0,0,0,0,17,0,0,13,6,0,4,3,3,0,0,0,0,925,0,0,0,0,2,15,0,0,0,3,0,0,0,7,0,2,0,0,0,0,0,3,0,0,0,0,2,0,13,0,0,0,2,11,0,0,0,6,3,11,0,15,0,7,0,0,10,3,725,5,4,5,0,0,6,0,8,2,0,0,46,4,0,7,0,0,0,0,8,0,5
"2657f9d8c3531a6ddf828266f8d82ab6",0,0,0,0,0,0,0,0,0,0,0,0,18,0,0,0,0,780,0,0,0,0,0,0,0,175,0,0,0,24,0,0,0,0,0,0,0,0,0,0,0,0,0,0,0,0,0,0,0,0,0,0,0,0,0,0,0,47,4,0,0,11,0,0,0,0,0,0,0,0,0,0,0,0,0,0,0,0,0,0,0,0,0,0,0,0,0,0,0
"77c2dc197e6b3dbebc4ee240c6a1c559",0,8,13,0,72,0,0,0,71,0,0,0,32,0,0,0,6,184,0,23,12,11,0,168,0,93,0,30,22,18,168,63,5,0,0,0,25,0,45,0,0,7,0,0,0,0,0,0,2,40,0,57,509,30,0,108,59,40,67,125,0,0,14,158,9,209,8,17,22,57,0,13,17,15,50,0,3,0,9,0,0,4,0,6,0,6,103,99,763
"5d08d1eb4b8a0672652dd0fc0af2dcf0",0,65,118,192,212,89,78,0,327,107,86,23,475,0,133,31,32,0,63,435,193,94,33,392,11,0,0,96,52,1565,279,547,246,194,0,61,50,11,82,112,156,107,97,87,129,194,186,0,179,49,97,472,0,111,15,1154,289,0,54,177,39,0,33,265,203,66,75,204,300,114,0,128,199,50,276,195,191,112,93,97,44,128,33,97,0,35,366,157,48
"f510289ed878d8719d9239f09dc871b9",0,2,0,0,96,0,0,0,0,0,0,0,0,0,3,0,0,2,3,0,0,0,0,3,0,0,0,0,0,0,0,0,0,0,0,0,0,0,0,0,3,7,0,0,0,0,0,0,0,5,0,0,7,0,0,2,4,57,0,14,0,2,0,2,0,0,5,6,0,4,0,0,8,0,0,3,0,0,3,3,0,0,0,0,0,0,0,3,0
"9681441ad736892c2455edc6d137eac1",0,0,14,4,25,0,6,0,216,0,0,0,25,0,0,0,0,0,0,6,14,13,8,0,0,0,0,3,0,164,87,0,0,0,0,0,0,0,56,0,14,0,0,0,0,0,25,0,0,5,0,51,0,38,0,69,22,8,5,18,0,0,0,91,0,119,13,19,5,0,0,5,165,0,0,10,0,0,0,57,0,0,0,8,0,0,14,19,0
"68aa573febe84c1e00d3abf7eb13442f",0,0,0,0,35,0,0,0,0,0,0,0,8,0,194,0,0,20,18,30,9,0,0,0,0,0,0,12,0,0,0,45,0,0,0,0,0,0,0,0,0,9,0,0,0,0,33,0,0,0,0,0,0,4,0,0,50,21,17,9,0,0,0,0,0,0,0,0,0,0,0,0,0,0,26,0,0,0,0,0,0,0,0,0,0,0,5,35,27
"9253986cb187c0fbf75771db44e985eb",0,0,0,0,145,0,0,0,0,0,0,0,0,0,0,0,0,57,0,0,0,0,0,0,0,0,0,0,0,0,0,0,0,0,0,0,0,0,0,0,0,0,0,0,0,0,172,0,0,0,0,0,0,0,0,0,76,0,0,0,0,0,0,0,0,0,0,0,0,0,0,0,0,0,0,0,0,0,0,0,0,0,0,0,0,0,0,0,14
"2489471b3729e885a2c1ddaa10774d8e",0,0,0,0,0,0,0,0,0,0,0,0,0,0,0,0,0,13,0,0,0,0,0,0,0,500,0,0,0,0,0,0,0,0,0,0,0,0,0,0,19,0,0,0,0,0,0,0,0,6,0,0,0,3,0,0,0,0,0,0,0,0,0,0,0,0,16,8,0,0,0,0,0,0,0,0,0,0,0,0,0,0,0,0,0,0,0,0,36
"6e7dcdec78c483cd8d6666e4eedccd4f",0,0,0,0,57,0,0,0,0,0,0,0,0,0,0,0,0,5,0,4,0,0,12,0,0,0,0,20,0,0,7,0,0,0,0,0,31,0,0,0,0,0,0,0,0,0,0,0,0,0,0,0,0,0,0,7,9,0,0,0,0,6,0,20,0,9,8,8,0,0,0,0,0,0,0,0,0,0,0,6,0,0,0,0,0,0,23,0,0
"7c3d7711fd15460714ece118b35c0576",0,0,0,0,6,0,0,0,4,0,0,0,0,0,0,0,0,0,0,0,0,3,0,2,0,210,0,0,0,7,0,0,0,0,0,0,0,0,0,0,9,0,0,0,0,0,0,0,0,0,0,6,0,0,0,3,6,5,0,0,0,0,0,7,0,0,16,0,0,7,0,0,0,0,0,0,5,0,0,0,0,0,0,0,0,0,0,0,9
"b204a17b1a7f29074d81303d5ca68464",0,0,0,0,0,0,0,0,0,0,0,0,0,0,0,0,0,0,0,0,0,0,0,5,0,22,0,0,0,0,0,0,0,0,0,0,0,0,0,0,0,0,0,0,0,0,0,0,0,0,0,0,0,0,0,0,0,0,0,0,0,0,0,0,0,0,0,0,0,0,0,0,0,0,0,0,0,0,0,0,0,0,0,0,0,0,0,0,0
"923460dc1be0f7ccf0acfd1e6e5c2b44",0,0,0,0,0,0,0,0,0,0,0,0,0,0,0,0,0,0,0,0,0,0,0,0,0,17,0,0,0,0,0,0,0,0,0,0,0,0,0,0,0,0,0,0,0,0,0,0,0,0,0,0,0,0,0,0,0,0,0,0,0,0,0,0,0,0,0,0,0,0,0,0,0,0,0,0,0,0,0,0,0,0,0,0,0,0,0,0,0
"ea00763b3eff28e6e109d14cb2cff8d5",0,0,0,0,0,0,0,0,0,0,0,0,0,0,0,0,0,32,0,0,0,0,0,0,0,32,0,0,0,0,0,0,0,0,0,0,0,0,0,0,0,0,0,0,0,0,0,0,0,0,0,5,0,0,0,0,0,0,0,14,0,0,0,0,0,0,8,0,0,0,0,0,0,0,0,0,0,0,0,0,0,0,0,0,0,0,0,0,13
"edd418053a744b62aa296a5a85039b3a",0,0,0,0,33,0,0,0,0,0,0,0,0,0,0,0,0,476,0,0,0,0,0,0,0,0,0,0,0,0,164,0,0,0,0,0,0,0,0,0,0,0,0,0,0,0,0,0,0,0,0,18,0,0,0,0,0,0,0,0,0,0,0,0,0,0,0,27,0,91,0,0,0,0,0,0,0,0,0,0,0,0,0,0,0,0,0,0,0
"7fae613f7cc102eb5599d1caa6893bb9",0,0,0,0,8,0,0,0,0,0,0,0,0,0,0,0,0,0,0,0,0,0,0,0,0,0,0,0,0,0,2,0,0,0,0,0,0,0,0,0,0,0,0,0,0,0,0,0,0,0,0,0,0,0,0,0,0,0,0,0,0,0,0,0,0,0,0,0,0,0,0,0,0,0,0,0,0,0,0,0,0,0,0,0,0,0,0,0,0
"df16a09f3e448ddd3b1ec54066d3081d",77,0,219,283,0,480,139,13,88,268,117,134,499,17,117,83,191,513,73,12,95,199,76,94,102,426,243,176,133,22,49,158,4,803,193,271,59,46,19,26,341,76,50,218,80,192,44,0,130,192,47,144,361,37,110,72,94,8,0,101,266,0,44,207,141,105,12,19,227,29,1409,160,338,296,136,72,123,41,59,0,29,0,224,31,53,18,829,106,62
"6348584315770e0d041c8543e15394f1",0,26,67,215,694,0,78,0,38,170,15,0,540,0,0,21,0,156,55,29,63,0,0,0,0,0,0,433,0,55,44,93,60,17,15,0,0,24,0,0,618,0,0,117,77,0,486,0,0,0,0,16,0,25,4,51,0,161,0,41,0,6,0,312,33,0,0,0,0,0,0,11,58,11,110,315,49,0,466,9,0,85,0,0,0,0,458,72,0
"63e7b429d91966909c8b2e461d471b7c",0,0,0,0,0,0,0,0,0,0,0,0,0,0,0,0,0,0,0,0,0,0,0,0,0,0,0,0,0,0,0,0,0,0,0,26,0,0,0,0,0,0,0,0,0,0,0,0,0,0,0,0,0,0,0,0,0,0,0,0,0,0,0,0,0,0,0,0,0,0,0,0,0,0,0,0,0,0,0,0,0,0,0,0,0,0,0,0,0
"7b33ce4dd8248d9be941adda63150150",0,0,0,0,0,0,0,0,0,0,0,0,0,0,0,0,0,0,0,0,0,0,0,0,0,0,0,0,0,0,0,0,0,0,0,0,0,0,0,0,0,0,0,0,0,0,0,0,0,0,0,0,0,0,0,0,0,0,0,0,0,0,0,0,0,0,0,0,0,0,0,0,0,0,0,0,0,0,0,0,0,0,0,0,0,62,0,0,0
"923fed1e3a5c67f886eb287b585a924a",0,41,65,31,10,112,0,0,71,15,35,0,74,0,23,21,105,492,0,377,18,0,0,139,9,32,0,51,0,46,25,54,73,19,0,0,19,0,0,0,94,0,25,47,12,83,0,0,0,37,0,89,13,25,0,27,34,34,32,53,0,0,10,77,85,12,0,33,25,11,0,32,0,23,70,30,61,112,42,30,16,38,15,14,0,13,103,0,91
"c90777a1c9ebca939005a85b2931512a",0,0,0,0,0,0,0,0,0,0,0,0,0,0,0,0,0,106,0,0,0,0,0,0,0,18,0,0,0,0,0,0,0,0,0,0,0,0,0,0,0,0,0,0,0,0,10,0,0,0,0,0,0,0,0,0,0,0,0,108,0,0,0,0,5,0,0,0,0,0,0,0,0,0,0,0,0,0,0,0,0,0,0,0,0,0,0,0,0
"70745fa69950bfb64db28e3afff2b1e5",0,0,0,0,0,0,0,0,0,0,0,0,0,0,3,0,0,106,0,0,0,0,0,0,0,0,0,0,0,0,0,0,0,0,0,0,0,0,0,0,0,0,0,0,0,0,0,0,0,0,0,0,0,0,0,0,0,0,0,0,0,0,0,0,0,0,0,0,0,0,0,0,0,0,0,0,0,0,0,0,0,0,0,0,0,0,0,0,0
"65990c74559e4adfaa672a884ad7d464",0,187,1497,535,852,78,1032,155,305,937,269,371,1768,76,3287,0,387,32,1166,293,165,350,632,2698,757,532,0,1390,520,1110,1035,479,1761,980,191,84,955,79,1272,1023,2125,2124,1237,387,750,126,665,0,640,2010,221,1501,451,492,312,1495,1029,417,973,725,477,323,498,1633,1403,714,519,246,860,539,14,513,720,2179,517,3018,256,133,3169,789,85,716,54,82,0,141,1296,649,2913
"f50508546ae13143015f8c4cb976d0e4",0,0,3551,763,0,0,119,52,0,0,0,0,2884,0,0,0,0,0,52,0,0,5376,176,37,0,1131,0,0,0,0,324,683,0,0,0,0,115,0,24,0,0,0,0,0,0,0,0,0,0,91,0,111,0,328,0,0,0,29,0,542,59,0,60,139,755,174,35,72,72,0,0,58,999,0,0,0,0,0,0,0,0,319,0,0,0,0,52,237,0
"208c0c43c7c5d4a6bb549e0c8365cd21",1997,0,219,148,330,0,1724,452,113,385,545,1541,99,0,1011,111,1811,2837,714,342,29,1662,321,0,306,265,256,697,0,1259,620,55,650,926,1157,425,165,53,549,396,108,63,130,168,130,165,512,23115,43,88,69,109,1047,548,77,86,166,295,468,4110,566,124,212,1409,344,397,1238,367,238,1034,0,78,170,223,0,264,0,309,10166,0,64,1321,239,143,0,735,270,79,2321
"6851a4ee264b56be2fff4686ce269907",37,84,600,409,270,220,125,47,80,554,118,110,442,114,329,130,298,44,74,246,122,326,475,523,76,857,185,348,264,233,306,330,188,168,183,507,189,0,89,0,739,516,133,145,94,212,86,0,228,181,33,79,1671,112,99,873,33,0,101,153,218,632,149,313,442,545,44,75,212,641,1147,365,314,784,376,129,160,101,292,259,38,231,264,17,37,71,769,338,454
"36d9ad396b85196c9b4cf68b81789585",1969,658,1353,570,0,2284,6054,1462,277,161,1380,5943,1501,6664,994,247,7674,673,1359,1173,235,1006,81,1365,1293,345,71,525,239,151,269,457,807,396,11479,808,506,3260,902,2494,5890,88,411,1408,503,481,273,0,909,4110,1218,45,1455,1103,71,111,1940,0,1064,2095,2343,46,407,814,346,561,180,4424,3938,169,2798,178,502,1920,1791,161,2874,4974,1918,837,486,4169,1765,23,2915,5225,426,225,134
"b99742326bb548baccadc954740a4a61",0,0,0,0,0,0,0,0,0,0,0,0,307,0,0,0,0,0,0,0,0,0,0,0,0,134,0,0,0,0,0,0,0,0,0,0,0,0,0,0,0,0,0,0,0,0,0,0,0,0,0,0,0,0,0,0,0,0,0,0,0,194,0,0,0,0,93,0,119,229,0,0,0,0,0,0,0,0,0,0,0,0,0,0,0,0,0,0,0
"0243b68c76049aa1b8c51a20333da950",28,85,261,247,438,175,85,29,153,358,112,755,604,0,276,56,362,30,101,312,138,299,232,1038,161,0,123,140,135,116,28,492,233,196,486,687,181,188,100,137,287,52,37,43,102,282,275,0,261,345,123,45,177,74,209,48,170,57,179,741,401,48,97,195,232,421,51,273,212,0,0,96,279,201,129,103,128,846,175,66,52,136,374,33,0,116,839,184,171
"33518e48b174ac428cb7be1a216c6c6e",1100,63,252,0,895,0,87,0,584,966,134,347,461,119,110,336,466,4674,0,102,255,660,241,64,180,143,922,395,455,101,452,615,250,3177,952,493,372,47,38,0,635,108,20,70,81,189,215,1199,173,1452,0,482,1026,0,76,513,1406,97,49,2219,247,38,591,2533,36,978,291,128,382,128,26,96,366,180,307,28,244,307,293,14,713,394,117,13,0,100,2946,39,13
"973ca62579b1246f54829278d51475ea",0,0,130,31,165,0,0,0,34,0,0,0,74,0,0,0,31,155,146,74,0,465,0,358,0,0,0,0,0,0,33,0,43,0,0,0,0,0,0,51,73,0,0,0,0,0,136,0,0,465,0,0,0,0,0,16,399,191,0,20,0,89,0,305,328,72,38,33,25,0,0,0,33,0,0,0,0,0,0,79,0,48,0,0,0,9,544,40,0
"7d2402f1612fe6c2f5c20bfda4a90aa0",0,0,141,56,104,0,29,36,64,109,0,47,83,0,0,0,46,4,36,236,19,64,38,66,0,66,0,15,41,6,51,56,88,54,0,0,44,0,21,43,77,2,39,35,13,0,4,0,77,33,0,0,5,64,0,0,125,40,93,68,2,3,26,122,65,52,0,65,100,2,0,40,135,66,146,0,59,5,37,53,0,0,27,0,0,0,254,61,63
"1f0532e025d966a685fd0d1f3144bc8a",0,0,0,0,46,0,0,0,91,0,0,0,5,0,0,0,0,31,0,0,13,0,0,45,0,5,52,67,0,427,597,36,0,0,0,8,0,0,0,0,0,0,21,0,0,0,487,0,0,0,0,0,203,0,0,392,18,0,0,648,0,0,0,0,28,0,0,45,122,377,5,0,0,3,0,0,0,0,0,0,0,0,0,0,9,0,0,0,0
"e335f74033bc634af43ee6baa84fa247",203,249,26,605,1161,0,2689,12401,1202,12,1939,3044,234,0,1625,1006,195,442,298,28,567,25,55,2037,102,39,27,2603,255,82,21,68,153,36,242,325,769,21268,5524,46,9171,180,0,401,102,0,1959,561,333,537,830,921,375,339,48,430,320,410,902,754,560,248,2341,3778,0,778,500,2000,580,17,91,318,1557,746,31,61,612,251,100,32,2595,3108,563,52,46,26083,97,304,301
"dddf3f4996401c070a8b7ad646f2620f",0,0,0,0,0,0,0,0,0,0,0,0,0,0,0,0,0,3,0,0,0,0,0,0,0,0,0,0,0,0,0,0,0,0,0,0,16,25,0,0,5,0,0,0,0,0,0,0,0,0,0,0,0,0,0,0,0,0,0,3,0,0,0,0,0,0,0,0,3,0,0,0,0,0,0,0,0,0,0,0,0,0,0,0,0,0,0,0,0
"8d703908c09c7cb0da2a4398dd74f9f8",0,0,0,0,1005,0,63,0,97,0,0,0,0,0,0,62,0,37,70,0,61,0,0,0,0,0,0,0,0,0,83,0,33,33,0,189,0,120,72,0,14,31,0,22,0,0,567,66,13,0,0,347,74,48,0,388,0,202,0,330,0,47,0,144,0,0,27,632,366,0,0,0,14,109,33,0,0,0,33,0,68,69,0,0,0,36,22,17,0
"6420671c26eef32065e0275c8cd6701e",0,0,9,0,264,0,219,68,250,95,0,75,0,0,115,56,0,31,164,0,16,0,0,54,32,106,33,0,0,0,542,27,528,0,0,886,7,17,133,0,190,60,0,90,35,0,313,22,31,0,0,1095,37,147,0,130,0,38,40,252,24,0,73,356,0,10,22,529,343,15,0,0,79,89,33,43,0,0,148,26,16,181,139,24,160,0,84,108,59
"bbcad96c0d2e8d44df6dd4c9bfb0d1b3",0,0,0,0,0,0,0,0,0,0,0,0,0,0,0,0,0,0,0,0,0,0,0,0,0,0,0,0,0,0,0,3,0,0,0,0,0,0,0,0,0,0,0,0,0,0,0,0,0,0,0,0,0,0,0,0,0,0,0,0,0,0,0,0,0,0,0,0,0,0,0,3,0,0,0,0,0,0,0,0,0,0,0,0,0,0,0,0,0
"e714302f5a868723e385ed1e4417eac5",0,0,0,0,0,0,0,0,0,0,0,0,0,0,0,0,0,0,0,3,0,0,0,0,0,0,0,0,0,0,0,0,0,0,0,0,0,0,0,0,0,0,0,0,0,0,0,0,0,0,0,0,0,0,0,0,0,0,0,0,0,0,0,0,0,0,0,0,0,0,0,0,0,0,0,0,0,0,0,0,0,0,0,0,0,0,0,0,0
"d114fb4c335125128be28401522dd41a",0,0,0,0,0,0,134,0,57,0,36,85,0,0,2,0,181,0,0,0,0,0,0,0,0,12,0,0,0,0,22,0,0,0,0,0,0,8,0,0,0,0,0,9,0,0,34,0,63,13,0,0,0,0,0,0,0,0,0,49,0,263,0,0,0,2,0,0,0,0,0,0,0,0,0,0,0,0,0,0,42,0,3,0,28,16,0,11,59
"9fec7bdd6bd88e710bd69b15692e54a0",200,25,8974,110,401,196,637,476,806,4866,904,559,0,15,66,66,49,142,7857,32,14,2549,177,49,505,727,17844,462,160,60,1585,14,37,425,45,557,39,983,327,96,92,1135,123,290,0,57,34,480,265,1652,222,22,1368,67,0,402,1441,205,33,39,422,81,66,0,726,719,108,33,2831,9139,1455,34,36,1757,207,2068,99,459,1455,5140,626,218,130,26,36132,1220,164,198,2832
"421cbd1d71d34704c6d53377261e213c",0,0,162,64,5,51,113,12,0,13,0,140,69,0,2,0,133,35,38,0,41,422,15,109,33,318,52,0,14,0,105,0,0,16,135,118,18,0,121,54,552,25,0,0,0,0,42,26,11,73,16,0,137,7,0,0,205,0,108,260,0,103,37,42,316,228,197,28,1036,0,0,0,134,56,51,145,0,29,328,0,0,82,63,0,0,42,122,39,0
"4f51d588fa61f53f83965aa28ca4a23d",0,0,0,0,0,0,0,0,0,0,0,0,0,0,0,0,0,0,0,0,0,0,0,0,0,0,0,0,0,0,0,0,0,0,0,0,0,0,0,0,0,0,0,0,0,0,0,0,0,0,0,0,0,0,0,0,0,0,0,0,0,0,0,0,0,0,0,0,0,0,0,0,0,0,0,0,0,0,0,0,0,2,0,0,0,0,0,0,0
"4cbe97d00b4ca82f409931ed1a323fc3",0,590,514,0,0,0,173,0,0,0,0,0,0,0,134,0,0,0,0,0,0,0,0,0,0,0,0,0,0,118,0,1859,0,0,0,0,0,0,11,0,0,0,84,0,0,0,0,0,0,82,602,0,0,0,0,222,0,0,0,0,0,0,0,0,0,43,0,51,0,0,0,0,81,0,56,86,0,0,45,0,0,0,0,0,0,0,490,0,0
"5c1dd48ef0a674513626f5c85ea126ee",0,0,4,7,0,8,0,6,35,0,0,0,0,0,0,0,0,0,0,0,0,0,0,0,0,0,0,0,0,0,0,12,0,0,0,0,0,0,0,0,0,0,0,0,0,0,0,0,0,0,0,0,0,0,0,0,0,0,0,1114,0,0,0,0,0,0,0,0,58,0,0,0,0,0,0,0,0,12,0,0,0,0,0,0,0,0,0,4,0
"a868201429067d69e423117dcd041d33",0,1852,654,0,1002,0,1955,256,1146,0,1064,0,105,0,1517,0,0,2628,0,0,3313,2301,0,0,0,0,0,807,1130,28385,18682,10406,0,135,12,0,0,897,3330,0,1992,1450,2144,3574,7068,2112,1871,0,4189,7,3760,2847,0,2922,395,7009,1490,8466,191,1174,0,275,657,3179,1236,1525,467,0,429,5862,0,689,1093,270,935,710,0,0,709,480,1129,0,0,1557,0,0,8968,0,1345
"09e5e307176a61145c5b51d3ac04a01f",0,0,2,0,0,33,0,0,232,0,0,4,0,0,0,0,0,116,0,0,176,0,0,0,0,301,0,42,0,0,1341,23,0,0,70,0,0,0,0,13724,0,3,0,0,0,0,37,0,0,0,0,0,0,0,5,42,0,18,22,405,0,0,5,0,348,0,0,29,280,0,0,0,2,0,0,0,0,39,0,39,0,0,3049,0,12,5,0,19,0
"45ddc69a3fbf19ff4953211c157cb9ac",5,0,807,0,723,0,282,0,2030,0,0,0,1514,0,527,1763,0,1773,0,0,0,0,0,0,0,0,0,671,0,5228,0,7580,0,0,0,0,0,157,6909,0,0,0,668,109,0,0,0,0,0,101,30,0,0,0,0,8283,0,361,0,0,0,25,0,0,0,0,1043,0,0,0,0,336,0,1010,92,661,0,409,0,0,141,0,0,0,0,0,284,0,0
"675c847bccbc53942ebb7b8cbb4efc4d",50926,91987,33098,58410,7035,166,135470,149660,33850,29298,59691,237,30607,80,46137,89425,108,583,58399,2098,54435,59217,2559,287,31853,80,51,26539,28666,4580,332,24431,75,21804,48,58,4286,40344,517,82,63966,46833,86468,73511,101170,106024,86,160,134351,387,73074,79257,90,52259,18165,14597,28843,362,32176,98,81097,55,48027,22482,27150,6889,1179,100,32815,246,84,25731,74925,85038,8655,58085,67,113525,8202,5800,64516,51714,0,57418,68,103427,26865,11238,705
"43c31183b5d0efc2b7bfe48d59950d27",0,0,0,0,0,0,0,0,0,0,0,0,0,0,0,0,0,0,0,0,0,0,0,0,0,0,0,0,0,0,0,0,0,0,0,0,0,0,0,0,0,0,0,0,0,0,0,0,0,0,0,0,0,0,0,0,0,0,0,0,0,0,0,0,0,0,0,123,0,0,0,0,0,0,0,0,0,0,0,0,0,0,0,0,0,0,0,0,0
"f70335502c78e0a62f836a8ff964ff66",0,0,0,0,0,0,0,0,0,0,0,0,0,0,0,0,0,0,0,0,0,0,0,0,0,0,0,0,0,0,0,0,0,0,0,0,0,0,0,0,0,0,0,0,0,0,0,0,0,0,0,0,0,0,0,0,0,0,0,0,0,0,0,0,0,0,0,0,0,0,0,0,0,0,0,0,0,0,0,0,0,0,0,0,0,0,1021,0,0
"564b04caae509e17ecafe2aeb2331180",0,46,63,0,0,0,0,95,1117,0,91,0,143,0,780,0,0,43,0,0,0,0,9,0,0,0,0,50,0,0,2,509,0,65,0,0,0,0,0,0,0,0,41,132,0,0,0,0,0,0,0,0,0,317,0,0,0,792,181,41,0,7,303,0,0,0,177,0,0,7,0,161,673,0,614,201,0,3,0,0,0,0,0,0,0,0,2304,130,3
"f5bfbf665081e0133bdcba9fcfc6023d",0,130,0,0,0,0,193,0,0,0,0,0,0,0,0,0,0,0,0,0,0,0,0,0,0,0,0,0,0,457,0,0,0,0,0,0,0,0,0,0,0,0,0,0,0,0,915,0,0,0,0,0,0,0,0,1026,180,0,0,0,12,0,0,0,0,269,0,0,297,0,0,0,0,0,0,0,0,0,0,0,0,0,0,0,0,0,0,0,0
"edf42f357f8934fc004c334c5c7b5e6e",0,156,69,141,57,357,0,6,67,102,0,0,49,0,0,0,0,531,131,665,0,0,46,0,43,0,0,326,0,0,0,434,1180,9,0,0,0,0,0,0,133,0,0,16,0,96,62,0,0,0,59,5,0,0,0,0,10,131,0,0,67,0,57,150,44,303,70,57,15,24,0,64,23,95,0,20,0,183,358,63,86,64,0,0,0,202,181,530,486
"3c7228b66038b74285cde6a69d28a4bd",0,0,0,0,0,0,0,0,16,0,0,0,0,0,0,0,0,0,0,0,0,0,0,0,0,0,0,0,34,0,0,0,0,0,0,0,0,0,0,0,0,0,0,0,0,0,445,0,0,9,0,0,0,0,0,0,250,0,0,0,0,0,0,0,0,0,0,0,0,0,0,0,0,0,0,0,0,0,0,0,0,0,0,0,0,0,0,0,0
"58529dd65c9373ab07909325cc829705",0,3095,3696,4262,573,0,5087,3198,4609,0,1580,0,1237,0,4596,7876,0,770,28,0,3360,0,293,20,1165,1471,0,3299,25,7544,69,6670,0,2318,0,12,193,6236,1342,0,8,3480,7693,6787,1988,9852,10403,0,16618,6448,11064,959,0,4416,83,4235,9323,346,189,0,2629,20,1183,508,1290,835,176,0,757,3327,0,4386,2262,6552,8379,10897,0,47,0,55,4546,10352,0,1073,0,13018,5134,2071,1125
"2c9c1bda7f0dba2e630f91e4cfe5f6ef",0,0,0,0,0,0,55,0,0,0,0,0,0,0,0,0,0,23,0,0,0,0,0,0,0,0,0,0,0,0,198,0,0,0,0,0,0,0,511,0,0,117,401,0,0,71,0,0,0,0,0,0,0,0,0,0,0,849,115,0,0,0,0,0,0,0,0,0,0,0,0,0,0,0,0,0,0,0,0,0,0,0,0,0,0,0,0,0,0
"d23dcbe0b3e253d3d5f462f07b5bea0b",0,0,0,0,9,0,0,0,0,0,0,0,0,0,15,0,0,0,0,0,0,0,0,0,0,0,0,0,3,0,0,0,0,6,0,0,0,19,0,0,0,0,0,0,0,0,0,0,0,0,6,0,0,0,0,0,25,0,0,0,0,0,0,0,0,0,0,0,0,0,0,0,0,0,0,0,0,0,0,0,0,0,0,0,0,0,0,0,0
"9feb85ed58ccb8c04d6cde111625e5a2",0,0,0,0,0,0,0,0,0,0,0,0,0,0,0,0,0,0,0,0,0,0,0,0,0,0,0,0,0,0,15,0,0,0,0,0,0,0,0,0,0,0,8,0,0,0,88,0,0,0,0,0,0,0,0,0,0,0,0,0,0,0,0,0,0,0,0,0,0,0,0,0,0,0,0,0,0,0,0,0,0,0,0,0,0,0,0,0,0
"b044a86e33a67caceb0a9f59149747ac",0,22,0,41,120,0,25,78,0,55,39,0,0,0,51,0,0,0,0,0,165,0,50,0,0,0,0,22,16,10,47,0,29,0,0,0,0,82,0,0,186,16,24,0,0,0,0,0,42,0,0,0,0,13,0,22,6,66,152,0,0,98,7,173,0,0,76,0,10,27,0,34,42,51,35,0,0,0,79,5,40,0,0,2,13,0,32,51,96
"d76d59ec71de0e3b22da0c9cd564d41a",81,64,409,1327,444,705,58,0,272,906,171,298,512,203,116,218,559,29,78,782,36,147,327,1499,50,427,1734,640,203,154,77,976,307,521,573,190,78,148,61,332,450,107,82,82,127,117,232,114,61,587,75,300,407,44,39,150,0,202,141,198,284,80,37,98,1037,364,82,182,204,23,1659,88,99,390,415,56,388,58,111,239,20,167,739,37,0,36,964,358,185
"ffe811c34c6c002613241c56ed0322a0",0,465,800,210,494,99,109,49,1009,2129,187,98,675,45,269,219,232,1597,388,1175,324,169,134,362,207,967,124,351,285,385,907,253,2116,319,5,778,291,37,259,4,598,92,260,212,104,47,396,1033,156,295,88,2549,468,121,118,998,607,3077,221,355,254,680,382,390,783,515,625,1289,945,338,3,98,460,409,802,148,1808,749,345,268,145,139,157,202,83,320,970,425,335
"a891fb44241e433fa8acf251ef4d328f",35,95,520,73,125,915,51,140,131,184,209,148,324,37,72,466,151,210,269,368,222,238,34,327,69,67,222,345,61,165,544,99,197,131,442,115,340,112,258,131,254,76,40,318,416,169,243,646,152,125,76,377,1435,127,131,73,1307,15,130,416,358,12,32,173,294,398,77,122,263,101,299,187,157,505,201,124,238,48,299,165,37,48,321,182,50,0,312,92,824
"5f25904e073fe5c114cadfde74349518",84,136,373,237,270,1367,114,78,390,756,268,109,365,132,157,147,136,143,139,460,355,609,0,734,96,0,502,197,291,219,291,356,494,299,590,824,81,55,144,160,64,83,99,496,236,293,148,71,271,383,131,231,196,98,42,266,114,55,194,212,352,0,80,599,297,193,61,204,160,12,0,120,129,293,784,155,493,223,159,63,127,145,795,77,759,28,253,118,55
"0e2573348777e55615736ca01785b7b4",0,0,0,0,0,0,0,0,0,0,0,0,0,0,0,0,0,66,0,0,0,0,0,0,0,0,0,0,0,0,0,0,0,0,0,0,0,0,0,0,0,0,0,0,0,0,0,0,0,0,0,0,0,0,0,0,0,16,0,0,0,0,0,0,0,0,0,0,0,0,0,0,0,0,0,0,0,0,0,0,0,0,0,0,0,0,0,0,0
"c24e0e391aa836b5eae25567c7eb89ee",0,0,0,0,0,0,0,0,0,0,0,0,0,0,0,16,0,0,0,0,0,17,0,0,0,226,2794,26,0,11,0,0,0,0,54,419,0,0,0,0,0,0,0,0,0,0,0,1392,0,62,26,0,378,0,0,0,190,0,0,0,0,0,0,0,0,0,107,0,0,0,261,0,0,0,0,0,0,0,0,0,0,0,15,24,622,0,0,0,109
"65a80de0631a0b02eedb8c80c61c7df7",0,0,0,0,12,0,0,0,0,0,0,0,0,0,0,0,0,222,0,0,0,0,0,18,0,30,0,0,0,0,38,0,0,0,0,0,0,0,0,0,0,0,0,0,0,0,0,0,0,0,0,0,0,0,0,0,0,25,0,24,0,0,0,0,0,0,0,0,0,18,0,0,0,0,0,0,0,0,0,0,0,0,0,0,0,0,0,0,21
"61535a40adb8221483821e3984d0b1ac",0,29,319,258,390,227,65,28,59,265,122,208,357,0,135,0,198,0,37,214,0,0,1076,183,0,183,0,537,346,76,526,209,26,431,359,29,181,141,69,69,373,107,65,59,53,137,816,389,38,204,0,0,130,59,228,30,292,0,141,221,179,28,17,3,315,224,0,73,215,38,0,208,153,324,34,115,0,129,117,505,46,26,130,39,0,44,1099,91,0
"e220e84c750738e230e8ecfe97decc4c",0,0,107,0,35,22,0,0,18,39,33,0,130,0,38,0,0,34,0,74,33,0,40,7,21,0,671,43,45,0,36,18,33,54,16,119,39,0,121,0,65,35,37,17,18,17,0,0,65,77,16,72,0,44,8,63,0,0,41,19,28,47,0,30,0,0,19,63,0,58,155,34,21,74,44,0,20,0,72,0,21,17,25,0,323,0,40,51,248
"41763795f87aaa0989e0f7327024a298",0,0,0,0,0,0,0,0,0,0,0,0,0,0,0,0,0,0,0,0,0,0,0,0,0,0,0,0,0,0,0,0,0,0,0,0,10,0,26,0,0,0,0,0,0,0,0,0,0,0,0,0,0,0,0,0,0,0,0,0,0,0,0,0,0,0,0,0,0,0,0,0,0,0,0,0,0,0,0,0,0,0,0,0,0,0,0,0,0
"ec6732c2e0d4cf64b3d0350e7fe3defb",307,1490,1269,801,188,1826,1851,255,2767,11639,439,2023,327,3482,2000,342,732,166,6209,2688,31,1287,968,2431,882,218,3595,702,100,530,1329,1269,2239,677,4731,6326,643,91,939,4117,2620,638,625,2792,1083,1844,4408,1562,1255,942,980,295,3268,1618,135,520,1268,144,345,1132,8288,90,97,6810,7830,189,174,439,756,533,1865,894,1158,1997,1056,898,379,2734,328,139,225,812,1417,389,0,586,2333,476,536
"c664f648f475bfd863f78a957eebe65a",0,0,287,323,0,0,25,0,56,0,120,342,737,0,322,0,0,452,430,722,0,273,37,835,108,0,0,0,0,26,130,417,616,33,2542,0,147,0,50,531,239,0,0,321,20,0,20,0,0,751,0,31,26,0,51,40,27,0,0,0,298,27,39,0,101,314,97,117,489,0,0,23,182,126,0,0,51,8,0,0,0,73,427,0,0,0,0,110,43
"263e41ea2c25dc87bd2ff5910cf30d40",1674,5045,6597,7027,165,1173,17912,1167,467,432,9113,4144,13384,2993,7323,5020,12789,48,3545,10802,5094,2875,3106,5190,4189,11373,988,5975,1534,261,223,5469,6293,23537,5433,1821,13078,1307,10566,7414,15134,12071,2997,8198,14914,1330,1654,169,3804,9837,3520,782,3406,3435,491,1479,674,530,4981,13741,5992,94,1725,843,3958,909,383,2556,7069,180,8823,5484,862,15579,2207,3487,7652,842,8108,783,1859,5295,2461,3871,18,786,2472,6970,5938
"e3a88a713afdc393a458eb86a5fc4999",0,0,0,0,0,0,0,0,0,0,0,0,0,0,0,0,0,0,0,0,0,0,0,0,0,0,0,0,0,0,0,0,0,0,0,0,0,0,0,0,0,0,0,0,0,0,0,0,0,0,0,0,0,0,0,0,0,0,211,0,0,0,0,0,0,0,0,0,0,0,0,0,0,0,0,0,0,0,0,0,0,0,0,0,0,0,0,0,0
"4912cd4c1f9a773f88a73c258c25c825",0,0,0,0,0,0,0,0,0,0,0,0,0,0,0,0,0,89,0,0,0,0,0,15,0,192,0,0,0,0,0,0,0,0,0,29,0,0,10,0,0,0,0,0,0,0,21,0,0,0,0,0,14,0,0,0,0,24,0,0,0,0,0,0,0,19,0,20,0,27,0,0,0,0,0,0,0,0,0,0,0,0,0,0,0,0,0,0,0
"7af6fc12809fdafab918881f836460f8",0,0,0,0,0,53,0,4,0,0,0,0,0,0,0,0,0,0,0,50,0,0,0,159,0,0,0,0,0,0,0,0,0,0,0,634,0,0,0,9,0,0,0,0,0,0,0,262,0,49,0,0,0,0,0,0,0,0,0,16,0,0,0,0,0,0,0,6,0,0,0,0,0,0,0,0,0,0,0,0,0,0,14,0,191,0,0,0,20
"08bd43071a06abf56df235fca6655bea",0,0,292,36,98,158,255,105,60,1360,112,71,194,0,74,0,266,1806,359,137,150,108,498,106,81,1837,797,27,160,85,130,103,85,239,470,0,406,83,434,130,690,784,30,76,71,65,56,318,126,185,96,6,5371,0,42,693,5,755,96,614,68,478,0,226,50,38,799,348,71,707,88,239,79,233,0,209,25,198,739,109,0,67,110,95,163,23,589,87,169
"69b90707f6f3da7941026fbe6a1597ce",0,67,128,156,111,0,20,0,37,86,0,0,344,0,23,31,107,16,12,35,10,44,62,229,73,0,0,40,37,69,110,61,187,62,0,37,19,28,33,64,139,20,49,28,18,101,180,0,0,33,4,26,17,34,33,57,27,31,67,290,6,33,0,99,68,65,29,89,39,12,0,22,39,40,214,7,81,34,67,107,0,0,45,0,0,0,225,153,0
"c6c3ab4e828fb40d6e05967b7aac9338",535,599,3989,1605,2848,2273,662,362,1209,5745,1442,664,7304,648,1829,1479,2158,1517,644,1897,822,1115,1407,2296,1059,10634,1895,3864,2143,1472,2149,1168,1324,2483,894,4983,1018,701,1659,931,2766,903,1461,925,677,2009,4087,3371,503,2203,402,1180,9272,526,1281,1891,836,1000,1941,5915,798,1125,172,1444,5738,2266,1981,1432,1452,529,2841,527,848,2351,1026,1548,746,797,1650,2419,393,444,2325,366,1711,287,5284,2257,2456
"019e4cd4c464f2bc395e5c7830925669",0,0,0,0,0,0,0,0,0,0,0,0,0,0,0,0,0,511,0,0,0,0,8,0,0,0,0,0,0,41,21,8,0,0,0,0,0,0,0,0,0,0,0,0,0,0,3,0,0,0,0,0,0,0,0,0,0,0,0,0,0,0,0,0,0,0,0,0,0,0,0,0,0,0,14,0,0,0,0,0,0,0,0,0,0,0,0,0,0
"4e2e6735331ad01a30c94d2f4c285dc2",0,0,375,102,0,0,17,0,17,516,0,0,72,0,0,0,119,0,55,226,0,0,17,80,18,0,1057,303,0,12,187,61,24,0,0,0,80,0,0,57,36,0,0,0,13,0,0,0,0,0,0,0,0,0,0,4,0,0,39,62,55,44,0,94,796,0,0,25,0,0,0,0,53,0,15,0,26,78,94,35,0,15,40,0,0,0,0,161,120
"31f567f59096ed2d57feecc6c3621a58",0,0,0,0,0,0,0,0,0,0,0,0,0,0,0,0,0,0,0,2,41,0,0,0,0,0,0,0,0,4878,1490,98,0,3,0,0,0,0,0,0,0,0,0,0,0,0,9999,0,0,0,0,0,0,12,0,1731,0,0,0,581,0,15,0,0,0,0,0,0,126,4102,0,0,0,0,0,0,0,3,0,0,0,0,0,0,0,0,0,0,5
"cb3c46878ada451a3a6c70764d0eb82b",0,0,0,0,0,0,0,0,0,0,0,0,0,0,0,0,0,0,0,0,0,0,0,0,0,0,0,0,0,0,0,0,0,0,0,0,0,0,0,0,0,0,0,0,0,0,0,0,0,0,0,0,0,0,0,0,0,0,0,0,0,0,0,0,0,0,0,0,0,0,0,0,0,0,0,0,0,0,0,0,0,0,0,0,0,2,0,0,0
"021cec1991db0604b58a15c8568348c2",0,0,0,0,0,0,0,0,0,0,0,0,0,0,0,0,0,0,0,0,0,0,0,0,0,0,0,0,0,0,458,0,0,0,0,0,0,0,0,0,0,0,0,0,0,0,0,0,0,0,0,0,0,0,0,0,0,0,0,0,0,0,0,0,0,0,0,0,0,0,0,0,0,0,0,0,0,0,0,0,0,0,0,0,0,0,0,0,0
"50c1adc394d69456bab0180bd2d25d57",0,0,0,0,0,0,0,0,0,0,0,0,0,0,0,0,0,0,0,0,0,0,0,0,0,0,0,0,0,0,0,0,0,0,0,0,0,0,0,0,0,0,0,0,0,0,0,0,0,0,0,0,0,0,0,0,0,0,0,0,0,0,0,0,0,0,0,0,0,0,0,0,0,0,0,0,0,0,0,0,0,0,0,0,0,4,0,0,0
"39cf80486ecaa42eb70d25888a9ecabd",0,0,0,0,0,0,0,0,0,0,0,0,0,0,0,0,0,0,0,0,0,0,0,0,0,0,0,0,0,0,0,0,0,0,0,0,0,0,0,0,0,0,0,0,0,0,0,0,0,0,0,0,0,0,0,0,0,0,0,0,0,0,0,0,0,0,0,0,0,0,0,0,0,0,0,0,0,0,0,0,0,0,0,0,0,24,0,0,0
"818513c8558553ca6b26b302a12ebbe1",0,0,0,0,0,0,0,0,0,0,0,0,0,0,0,0,0,0,0,0,0,0,0,0,0,0,0,0,0,0,0,0,0,0,0,0,0,0,0,0,0,0,0,0,0,0,0,0,0,0,0,0,0,0,0,0,0,0,0,0,0,0,0,0,0,0,0,0,0,0,0,0,0,0,0,0,0,0,0,0,0,0,0,0,0,4,0,0,0
"dd35a265d9735f6c092be5f3ae642067",0,0,0,0,0,0,0,0,0,0,0,0,0,0,0,0,0,0,0,0,0,0,0,0,0,0,0,0,0,0,0,0,0,0,0,0,0,0,0,0,0,0,0,0,0,0,0,0,0,0,0,0,0,0,0,0,0,0,0,0,0,0,0,0,0,0,0,0,0,0,0,0,0,0,0,0,0,0,0,0,0,0,0,0,0,5,0,0,0
"acb1fc63231a022212d5e6f0f807a025",0,0,0,0,0,0,0,0,0,0,0,0,0,0,0,0,0,0,0,0,0,0,0,0,0,0,0,0,0,0,0,0,0,0,0,0,0,0,0,0,0,0,0,0,0,0,0,0,0,0,0,0,0,0,0,0,0,0,0,0,0,0,0,0,0,0,0,0,0,0,0,0,0,0,0,0,0,0,0,0,0,0,0,0,0,24,0,0,0
"784f79fa5d3b53c45a2ac728510e7533",0,0,0,0,0,0,0,0,0,0,0,0,0,0,0,0,0,0,0,0,0,0,0,0,0,0,0,0,0,0,0,0,0,0,0,0,0,0,0,0,0,0,0,0,0,0,0,0,0,0,0,0,0,3,0,0,0,0,0,0,0,0,0,0,0,0,0,0,0,0,0,0,0,0,0,0,0,0,0,0,0,0,0,0,0,4,0,0,0
"ce54fd570e2891bb1c24b6b985436151",0,0,0,0,0,0,0,0,6,0,0,0,0,0,0,0,0,0,0,0,0,0,0,0,0,0,0,0,0,0,0,0,0,0,0,0,0,0,0,0,0,0,0,0,0,0,0,0,0,0,0,0,0,0,0,0,0,0,0,0,0,0,0,0,0,0,0,0,0,0,0,0,0,0,0,0,0,0,0,0,0,0,0,0,0,0,0,0,0
"68262884f1021c896f8e1bf7348d773c",0,0,0,0,0,0,0,0,0,0,0,3,0,0,0,0,0,0,0,0,0,0,0,0,0,0,0,0,0,2,0,0,0,0,0,0,0,0,0,0,0,0,0,0,0,0,0,0,0,19,0,2,0,0,0,0,0,0,0,0,0,0,0,0,0,0,0,0,0,0,0,0,9,0,0,0,0,0,3,0,0,4,0,0,0,6,0,0,0
"1cb29f361033ce208d7efc9e2aa80ee0",0,0,0,0,0,0,0,0,0,0,0,0,0,0,0,0,0,0,0,3,0,0,0,0,0,0,0,0,0,0,0,0,0,0,0,0,0,0,0,0,0,0,0,0,0,0,0,0,0,4,0,0,3,0,0,0,11,0,0,0,0,0,0,0,0,0,0,0,0,0,0,0,0,0,0,0,0,0,0,0,0,0,0,0,0,6,0,0,0
"8f5da219d6cbb84bd25e5935abf85ea5",0,0,0,0,0,0,0,0,0,0,0,5,0,0,0,0,0,0,0,0,0,0,0,0,0,0,0,0,0,0,0,0,0,0,0,0,0,0,0,0,0,0,0,0,0,0,0,0,0,0,0,0,0,0,0,0,0,0,0,0,0,0,0,0,0,0,0,0,0,0,0,0,0,0,0,0,0,0,0,0,0,0,0,0,0,0,0,0,0
"09f9294499192d4eecf29e85501cc425",0,0,0,0,0,0,0,0,0,0,0,0,0,0,0,0,0,0,0,0,0,0,0,0,0,0,0,0,0,0,0,0,0,0,0,0,0,0,0,0,0,0,0,0,0,0,0,0,0,0,0,0,0,0,0,0,0,0,0,0,0,0,0,0,0,0,0,0,0,5,0,0,0,0,0,0,0,0,0,0,0,0,0,0,0,0,0,0,0
"8612a638846acf832935cb932a1f0398",0,0,0,0,0,0,0,0,0,0,0,6,0,0,0,0,0,0,0,0,0,0,0,0,0,0,0,0,0,0,0,0,0,0,0,0,0,0,0,0,0,0,0,0,0,0,0,0,0,0,2,0,0,0,0,0,0,0,0,0,0,0,0,0,0,0,0,0,0,0,0,0,0,0,0,0,0,0,5,0,0,0,0,0,0,0,0,0,0
"1b98b00b0fc819488d76aa0c09d57bcc",0,0,0,0,0,4,0,0,0,0,0,0,0,0,0,0,0,0,0,0,0,0,0,0,0,0,0,0,0,0,0,0,0,0,0,0,0,0,0,0,0,0,0,0,0,0,0,0,0,0,0,0,0,0,0,0,0,0,0,0,0,0,0,0,0,0,0,0,0,0,0,0,0,0,0,0,0,0,0,0,0,0,0,0,0,0,0,0,0
"5d15d385d1c67295e28a2076ec5852c8",0,0,0,0,0,0,0,0,0,0,0,0,0,0,0,0,0,0,0,0,0,0,0,0,0,0,0,0,0,0,0,0,0,0,0,0,0,0,0,0,0,0,0,0,0,0,0,0,0,0,0,0,0,0,0,0,0,0,0,0,0,0,3,0,0,0,0,0,0,0,0,0,0,0,0,0,0,0,0,0,0,0,0,0,0,0,0,0,0
"ae94aa5faaa29c5abe3821ae721ab961",0,0,0,0,0,2,0,0,0,0,0,0,0,0,0,0,0,63,0,0,0,0,0,0,0,0,0,0,0,0,17,0,0,0,0,0,0,0,3,0,0,0,0,0,0,0,0,0,0,0,0,0,0,0,0,0,0,0,0,56,0,6,0,0,14,59,42,122,0,0,0,0,0,0,0,0,0,0,123,0,0,0,0,0,0,0,0,0,0
"0e4b96294f2a2985a5d7fd8c87f7ce6d",0,0,0,0,0,0,0,0,0,0,0,0,0,0,0,0,0,0,0,0,0,0,0,0,0,0,0,0,0,0,0,0,0,0,0,0,0,8,0,0,0,0,0,0,0,0,0,0,0,0,3,0,0,0,0,0,0,0,0,0,0,0,0,0,0,0,0,0,0,0,0,0,3,0,0,0,0,0,0,0,0,0,0,0,0,17,0,0,0
"546b6c41df84273c2b89fb71e0c32738",0,80,42,0,0,0,638,438,94,0,7,0,210,0,319,0,0,35,0,0,0,0,0,0,0,0,0,70,0,1516,0,0,0,0,0,0,0,45,366,0,0,97,79,145,0,1724,0,0,0,0,17,1818,0,1189,9,4520,313,74,0,0,0,194,905,1900,0,0,0,0,1661,0,0,0,714,0,0,1128,0,0,0,0,0,0,0,0,0,0,362,0,158
"871eaa4ac175d53f9919bde83a975123",0,0,0,0,0,0,0,0,0,0,0,0,0,0,0,0,0,0,0,0,0,0,0,0,0,0,0,0,0,0,0,0,0,0,0,0,0,0,0,0,0,0,0,0,0,0,0,0,0,0,0,0,0,0,0,0,0,0,0,0,0,148,0,0,0,0,0,0,0,0,0,26,0,0,0,0,0,0,0,0,0,0,0,0,0,0,0,0,0
"f81e4ea0960f3286ad6821ae357be0d8",0,0,0,0,0,0,0,0,0,0,0,0,0,0,0,0,0,21,0,0,0,0,0,0,0,0,0,0,0,0,0,0,0,0,0,0,0,0,0,0,0,0,0,0,0,0,0,0,0,0,0,0,0,0,0,0,0,0,0,0,0,0,0,0,0,0,0,0,0,0,0,0,0,0,0,0,0,0,0,0,0,0,0,0,0,0,0,0,0
"742e1f191223f58590661de80b9d6e3b",0,0,48,66,48,1168,0,15,103,294,0,208,228,2,0,24,149,9923,79,812,400,37,182,2788,26,410,0,33,0,135,1198,1272,682,6,0,7,35,0,0,167,583,0,0,0,13,81,1441,0,3,571,0,152,270,0,6,23,11,2027,211,1229,36,27,2,281,155,296,1099,939,33,3031,0,129,6,19,0,0,408,80,174,1557,8,107,34,48,0,106,101,417,415
"8861926fcb29dcdd01690f5ddeee4c9e",0,0,0,0,0,0,0,0,0,0,0,0,0,0,0,0,0,3,0,0,0,0,0,0,0,28,0,0,0,0,0,0,0,0,0,0,0,0,0,0,0,0,0,0,0,0,0,0,0,0,0,0,0,0,0,0,0,3,0,0,0,0,0,0,0,0,0,0,0,0,0,0,0,0,0,0,0,0,0,0,0,0,0,0,0,0,0,0,0
"335cfe0a8ebb71fd6205b68b9ddbf344",0,0,0,0,0,0,0,0,0,0,0,0,0,0,0,0,0,0,0,0,0,0,0,0,0,0,0,0,0,0,0,0,0,0,0,0,0,0,0,0,0,0,0,0,0,0,0,0,0,0,0,0,0,0,0,0,0,0,0,0,0,0,0,0,0,0,0,0,0,0,0,0,0,0,0,0,0,0,0,0,0,0,0,0,0,14,0,0,0
"3aa363986ce6032232cee81a0208e2df",0,0,0,0,0,0,0,0,0,0,0,0,0,0,0,0,0,0,0,0,0,0,0,0,0,0,0,0,0,0,0,0,0,0,0,0,0,0,0,0,0,0,0,0,0,0,0,0,0,0,0,0,0,0,0,0,0,0,0,0,0,0,0,0,0,0,0,0,0,0,0,0,0,0,0,0,0,0,0,0,0,0,0,0,0,0,0,2,0
"f41ceddbdcf5ea353496832ea487ba6b",0,0,0,0,0,0,0,0,0,0,0,0,0,0,0,0,0,0,0,0,0,0,0,0,0,0,0,0,0,0,0,0,0,0,0,0,0,0,0,0,0,0,0,0,0,0,0,0,0,0,0,0,0,0,0,0,0,0,0,0,0,0,0,0,0,0,0,0,0,0,0,0,0,0,0,0,0,0,0,0,0,0,0,0,0,19,0,0,0
"5846898fd9ae662a9fefc103a977be4f",0,0,0,0,0,0,0,0,0,0,0,0,0,0,0,0,0,0,0,0,0,0,0,0,0,0,0,0,0,0,0,0,0,0,0,0,0,0,0,0,0,0,0,0,0,0,0,0,0,0,0,0,0,0,0,0,0,0,0,0,0,0,0,0,0,0,0,0,0,0,0,0,0,0,0,0,0,0,0,0,0,0,0,0,0,4,0,0,0
"886b79484d12755f6137b39c0dbc13e8",0,0,2,0,0,0,0,0,0,0,0,0,0,0,0,0,0,0,0,0,0,0,0,0,0,0,0,0,0,0,0,0,0,0,0,0,0,0,0,0,0,0,0,0,0,0,0,0,0,0,0,0,0,0,0,0,0,0,0,0,0,0,0,0,0,0,0,0,0,0,0,0,0,0,0,0,0,5,0,0,0,0,0,0,0,0,0,0,0
"793f3673e4671bcc5fdcc729a915d0be",0,0,0,0,0,0,0,0,0,0,0,0,0,0,0,0,0,0,0,0,0,0,0,0,0,0,0,0,0,0,0,0,0,0,2,0,0,0,0,0,0,0,0,0,0,0,0,0,0,0,0,0,0,0,0,0,0,0,0,0,0,0,0,0,0,0,0,0,0,0,0,0,0,0,0,0,0,0,0,0,0,0,0,0,0,0,0,0,0
"bea2245c01baedd6d4a6d6e4e857f9f6",0,0,16,0,51,0,0,0,8,10,0,0,50,0,11,0,0,366,3,112,32,0,0,136,0,0,0,46,0,240,157,0,0,0,0,0,0,0,46,0,0,0,0,0,11,10,282,0,0,97,0,31,88,0,0,85,15,246,0,171,0,0,0,0,62,18,165,55,0,189,0,4,37,15,0,0,0,0,25,94,0,53,0,15,0,0,178,14,315
"7261cbb86534c4057d6fe54bc4232846",0,0,0,0,0,0,0,0,0,0,0,0,0,0,0,0,0,0,0,0,0,0,0,0,0,0,0,0,0,0,0,0,0,0,0,0,0,0,0,0,0,0,0,0,0,0,0,0,0,0,0,0,0,0,0,0,0,21,0,0,0,5,0,0,0,0,0,15,0,11,0,0,0,0,0,0,0,0,0,0,0,0,0,0,0,0,0,0,0
"a730ef0685ea600be854be1842a6b362",0,27,0,6,49,259,0,8,29,18,0,0,0,0,0,0,0,323,0,10,132,29,9,116,5,6,0,9,8,247,185,40,38,12,0,0,0,0,17,18,26,0,0,0,0,6,112,0,0,71,0,17,0,23,0,159,59,188,11,52,0,0,0,72,78,64,240,400,88,76,0,0,0,0,0,0,69,13,53,42,0,9,0,13,0,17,49,20,192
"47c305878bfc73bfeda34b2ae1a82ee1",495,412,599,3444,3399,60152,94,129,2134,7801,18,19195,3609,46633,90,100,37412,10897,415,14574,1172,2746,157,25952,371,6262,18648,2343,929,2691,12938,5577,16943,36,25988,34642,175,94,4147,18524,5059,122,151,125,459,561,12533,6200,604,15528,118,4112,27003,91,32,3836,1239,18231,2123,14530,1251,566,96,1871,1448,3132,7023,10974,609,6021,40237,178,476,882,5565,234,36127,6195,1570,951,205,666,8366,265,17087,317,1923,14501,9829
"82937d1e297184cd97c61679358f703b",0,0,0,0,0,0,0,0,0,0,0,0,0,0,0,0,0,0,0,0,0,0,0,0,0,0,0,0,0,0,0,0,0,0,0,0,0,0,0,0,0,0,0,0,0,0,0,0,0,0,0,0,0,0,0,0,0,0,0,0,0,0,0,0,0,0,0,0,2,0,3,0,0,0,0,0,0,0,0,0,0,0,0,0,0,0,0,0,0
"d8e7f9181e4d5a4a6453e9ca9996a43f",0,294,68,221,883,98,8,0,178,204,0,43,634,249,0,0,46,5631,80,866,390,544,45,543,45,85,32,14,99,462,391,284,344,14,0,2059,30,11,88,81,135,38,0,0,42,90,322,33,30,326,10,795,1092,46,31,0,52,997,51,313,53,17,0,206,110,348,957,434,44,3825,175,22,23,118,158,15,56,92,387,232,0,27,0,25,0,27,240,494,2792
"1636df577567be4aadea8383b4af2b86",65,0,0,338,1101,0,260,15,96,255,67,0,475,0,68,0,0,0,86,3,1667,0,67,0,0,270,0,57,97,211,0,1384,5,59,0,136,0,81,0,124,0,87,35,35,132,1631,0,0,193,0,95,743,0,662,0,1349,811,164,0,256,79,15,190,0,0,237,46,10,376,0,0,183,39,364,935,175,0,218,0,0,0,0,0,182,0,116,4137,1286,541
"e4f195476bffa394e3048063f99360ea",0,0,0,0,0,0,0,0,0,0,0,0,0,0,0,0,0,0,0,0,0,0,0,0,0,0,0,0,0,0,0,0,0,0,0,0,0,0,0,0,0,0,0,0,0,0,0,0,0,0,0,0,0,0,0,0,35,0,0,0,0,0,0,0,0,0,0,0,0,34,0,0,0,0,0,0,0,0,0,0,0,0,0,0,0,18,0,0,0
"3ffe2f8531492c439876a1305e2fed32",0,0,0,5,0,0,0,0,0,0,0,0,0,0,0,0,0,0,0,0,0,0,0,42,0,0,0,0,0,0,0,0,42,0,0,0,0,0,0,0,0,0,0,0,0,0,0,0,0,0,0,0,0,0,0,0,0,59,0,0,0,0,0,0,0,0,0,29,0,19,0,0,0,0,0,0,14,0,0,0,12,0,0,0,0,0,0,0,0
"452d18b2725260f5f93490c7f6517f87",0,0,0,8,7,91,0,0,380,262,0,0,2,0,0,0,96,1553,68,853,31,0,100,1271,24,0,0,0,0,0,692,76,89,0,0,0,73,0,6,0,268,0,0,0,0,0,0,0,0,700,0,0,0,0,0,0,11,944,296,1417,9,46,0,0,0,0,2565,560,0,583,0,18,0,0,0,0,387,0,367,0,0,209,0,0,0,134,0,215,0
"33c8e5579934e3c832bb2b3d421abd4c",0,0,0,0,0,0,0,0,0,0,0,0,0,0,0,0,0,0,0,0,0,0,0,0,0,0,0,0,0,0,0,0,0,0,0,0,0,0,0,0,0,0,0,0,0,0,0,0,0,0,0,0,0,0,0,6,0,0,0,0,0,0,0,0,0,0,0,9,0,0,0,0,0,0,0,0,0,0,0,0,0,0,0,0,0,0,0,0,0
"f4ca1ebaed471d539844493028196cd8",0,0,0,0,0,0,0,0,0,0,0,0,0,0,0,0,0,0,0,0,0,0,0,0,0,0,0,0,0,0,0,0,0,0,0,0,0,0,0,0,0,0,0,0,0,0,0,0,0,0,0,0,0,0,0,0,0,0,0,0,0,0,0,0,0,0,0,0,0,0,0,0,0,0,0,0,0,0,2,0,0,0,0,0,0,0,0,0,0
"f55d22a8e61d493b7f4c5e3f09326add",0,0,0,0,561,0,221,0,5821,0,0,0,21,0,0,0,0,1292,529,0,0,360,0,0,0,0,0,0,0,376,478,152,0,0,0,0,1519,0,11,0,0,0,0,0,0,0,1327,0,0,0,0,107,0,3012,0,1403,11126,56,0,0,0,201,0,7955,21,57,0,1350,5754,44,0,0,0,0,0,0,0,0,0,0,0,856,0,0,0,0,2453,0,0
"cf2291d2cc448ad6d8085c9496d3fad1",0,0,0,0,0,0,0,0,142,736,0,0,0,0,0,0,0,0,954,0,0,0,0,0,0,0,0,0,0,0,0,400,0,0,0,0,0,22,0,0,0,0,0,0,0,0,19,0,0,0,0,0,0,0,0,0,0,0,0,0,0,0,0,0,0,0,0,0,0,0,0,0,0,0,0,0,0,0,0,0,0,148,0,0,0,0,0,0,0
"58bd181f757283f5a4ceebdf90ff6243",0,0,0,0,0,0,0,0,0,0,0,0,0,0,0,0,0,46,0,0,0,17,0,0,0,414,0,0,0,0,0,0,0,0,0,0,0,0,0,0,0,0,0,0,0,0,0,0,0,0,0,0,614,0,0,0,0,0,0,33,0,0,0,0,0,0,0,0,0,0,0,0,0,0,0,0,0,0,0,0,0,0,0,0,0,0,0,0,0
"b4d07c2a22af0c99c73cf9722200d878",60,427,2614,582,6097,0,466,87,3403,439,307,135,8256,0,934,251,120,326,667,3101,825,229,139,443,318,210,316,500,435,369,1294,1127,400,893,0,756,274,34,86,522,559,86,283,206,664,11130,3997,0,228,1032,221,2009,779,1647,82,712,6352,10,2375,386,536,79,311,1415,2445,771,290,2154,601,364,0,466,711,338,3459,1350,55,74,992,460,90,574,32,1672,2251,263,5151,623,601
"0e226d197c2f253bcee5f15026512f90",0,0,0,0,0,0,0,0,0,0,0,0,0,0,0,0,0,1061,0,0,0,0,0,0,0,203,0,0,0,0,0,0,0,0,0,40,0,0,0,0,0,0,0,0,0,0,0,0,0,0,0,0,2003,0,0,0,0,27,0,0,0,0,0,0,0,0,187,0,0,0,0,0,0,0,0,0,0,0,0,0,0,0,0,0,0,0,0,0,0
"0a035a7ec1f4a194dd7fbda3c5660db0",55,94,360,50,50,384,14,91,69,128,131,77,50,104,70,55,127,380,63,213,202,170,31,233,62,1147,886,121,58,42,548,60,100,85,94,309,149,0,135,69,0,27,21,71,155,241,67,51,475,69,171,60,3025,31,20,85,747,73,163,135,173,0,20,78,185,236,0,33,91,17,70,132,74,103,152,65,277,84,62,93,251,98,181,0,96,51,199,121,686
"8646bffa210e3f061cc57f1b1cf2f751",0,0,0,0,0,20,0,0,11,0,0,0,0,0,0,0,0,136,0,0,0,0,0,0,0,97,0,20,0,86,204,0,0,0,0,0,0,0,0,0,37,0,0,0,0,0,0,0,0,0,0,0,33,0,0,63,0,89,0,139,0,141,0,0,0,18,362,78,0,24,0,0,0,0,0,0,0,0,0,0,0,0,0,0,29,0,0,0,61
"8f4496a6a6bdcbfbe4cdea4292d96d70",0,0,0,0,61,54,0,0,21,22,18,0,56,0,0,0,0,0,0,18,10,15,0,8,0,0,0,0,0,821,21,25,20,18,0,10,44,0,0,0,26,10,20,0,0,13,211,0,0,24,0,7,0,28,0,1379,13,0,0,0,18,0,0,20,18,15,51,0,0,232,0,12,23,12,8,0,27,0,0,27,0,0,0,7,0,7,68,53,47
"e341d76ffa2250ed506c5fb284abdca6",0,0,0,0,0,2,0,0,0,0,0,0,0,0,0,7,0,0,0,0,0,5,0,0,0,0,48,0,0,0,0,0,0,0,0,0,0,3,0,0,0,0,0,0,0,0,13,0,0,0,0,0,0,0,0,0,11,0,0,0,2,0,6,0,0,0,0,0,0,0,0,0,0,0,0,0,0,4,0,0,0,0,0,0,0,6,0,0,0
"fbb584c0e26a937725fe5264705736ca",0,0,0,0,0,0,0,0,0,0,0,0,0,0,0,0,0,0,13,0,0,0,65,0,0,0,0,0,0,0,31,0,0,0,0,0,0,0,0,0,0,0,0,0,0,0,0,0,0,0,0,0,0,0,0,0,0,133,0,0,0,11,0,0,0,0,40,0,0,0,0,0,0,0,0,0,0,0,39,0,0,0,0,0,0,3,0,0,0
"a97ff4c1f17e5aeb43ae254f3eeaadc5",0,0,0,0,0,0,0,0,0,0,0,0,0,0,0,0,0,0,0,0,0,0,0,0,0,0,0,0,0,0,12,0,0,0,0,0,0,2,0,0,0,0,0,0,0,0,0,0,0,0,0,0,0,0,0,0,0,0,0,0,0,0,0,0,0,0,0,0,0,0,0,0,0,0,0,0,0,0,0,0,0,0,0,0,0,0,0,0,0
"2e4f2b53b856c4def6d021d01f5abb70",154,380,1645,383,796,462,816,655,1086,2057,714,111,3363,293,968,211,1265,182,261,575,266,1222,871,595,978,1091,442,1445,482,287,1193,476,534,927,329,303,667,125,406,247,1492,1283,936,515,354,839,731,324,832,1413,356,1059,774,475,501,931,1578,1259,850,803,686,1130,226,1380,626,2272,882,241,870,202,761,579,549,1735,965,426,342,152,762,1307,331,536,920,148,562,223,3035,1013,1358
"46251d23749949f510561ffb46810e72",0,172,0,0,0,0,114,222,0,0,0,0,0,0,635,0,0,61,0,0,0,5,0,0,0,0,0,4,0,0,0,0,0,0,0,0,0,0,2253,0,0,0,411,0,0,0,0,0,0,0,0,0,0,0,0,223,12,232,0,0,0,567,0,7,0,0,322,0,7,0,3,0,0,0,0,0,0,0,44,8,0,0,0,4,0,4,0,3,0
