"","ERR3928931","ERR3928933","ERR3928934","ERR3928935","ERR3928936","ERR3928937","ERR3928938","ERR3928939","ERR3928940","ERR3928941","ERR3928942","ERR3928943","ERR3928944","ERR3928945","ERR3928946","ERR3928947","ERR3928948","ERR3928949","ERR3928950","ERR3928951","ERR3928952","ERR3928953","ERR3928954","ERR3928955","ERR3928956","ERR3928957","ERR3928958","ERR3928959","ERR3928960","ERR3928961","ERR3928962","ERR3928963","ERR3928964","ERR3928965","ERR3928966","ERR3928967","ERR3928968","ERR3928969","ERR3928970","ERR3928971","ERR3928972","ERR3928973","ERR3928974","ERR3928975","ERR3928976","ERR3928977","ERR3928978","ERR3928979","ERR3928980","ERR3928981","ERR3928982","ERR3929033","ERR3929034","ERR3929035","ERR3929036","ERR3929037","ERR3929038","ERR3929039","ERR3929040","ERR3929041","ERR3929042","ERR3929043","ERR3929044","ERR3929045","ERR3929046","ERR3929047","ERR3929048","ERR3929049","ERR3929050","ERR3929051","ERR3929052","ERR3929053","ERR3929054","ERR3929055","ERR3929056","ERR3929057","ERR3929058","ERR3929059","ERR3929060","ERR3929061","ERR3929062","ERR3929063","ERR3929064","ERR3929065","ERR3929066","ERR3929067","ERR3929068","ERR3929069","ERR3929070","ERR3929071","ERR3929072","ERR3929073","ERR3929074","ERR3929075","ERR3929076","ERR3929077","ERR3929078","ERR3929079","ERR3929080","ERR3929081","ERR3929082","ERR3929083","ERR3929084","ERR3929085","ERR3928932"
"76addc8524e10c6faff0161e36a1987a",0,0,0,0,6,0,0,0,0,0,0,0,0,0,0,0,0,0,0,0,0,0,0,0,0,0,0,0,0,0,0,0,0,0,0,0,0,0,134,0,0,0,0,0,0,0,0,0,0,4,0,0,0,0,0,0,0,0,0,0,0,0,0,0,0,0,2,0,0,0,0,0,0,0,0,0,2,0,0,0,0,0,0,0,0,0,0,0,0,0,0,0,0,0,2,0,0,0,0,0,0,0,0,0,0
"c9272c3ee28415da59950282d69ebac4",0,0,0,0,0,0,0,0,0,0,0,0,0,0,0,0,0,0,0,0,0,0,0,0,0,0,0,0,0,0,0,0,0,0,0,0,0,0,3,0,0,0,0,0,0,0,0,0,0,0,0,0,0,0,0,0,0,0,0,0,0,0,0,0,0,0,0,0,0,0,0,0,0,0,0,0,0,0,0,0,0,0,0,0,0,0,0,0,0,0,0,0,0,0,0,0,0,0,0,0,0,0,0,0,0
"6d0c10d409e2d4cacf9dbe386995ad6a",0,0,0,0,0,0,0,0,0,0,0,0,0,0,0,0,0,0,0,0,0,0,0,0,0,0,0,0,0,0,0,0,0,0,0,2,0,0,0,0,0,0,0,0,0,0,0,0,0,0,0,0,0,0,0,0,0,0,0,0,0,0,0,0,0,0,0,0,5,0,0,0,0,0,0,0,0,0,0,0,0,0,0,0,0,0,0,0,0,0,0,0,0,0,0,0,0,0,0,0,0,0,0,0,0
"871be757f5b7e142d165d337bc368d3c",0,0,0,0,0,0,0,0,0,0,0,0,0,0,0,0,0,0,0,0,0,0,0,0,0,0,0,0,0,0,0,0,0,0,0,0,0,0,0,0,0,0,0,0,0,0,0,0,0,0,0,0,0,0,0,0,0,0,0,0,0,0,0,48,0,0,0,0,0,0,0,0,0,0,0,0,0,0,0,0,0,0,0,0,0,0,0,0,0,0,0,0,0,0,0,0,0,0,0,0,0,0,0,0,0
"aaa15b8193cbcb23ce4973a80aba0dff",0,0,0,0,0,0,0,0,0,0,0,0,0,0,0,0,0,0,0,0,0,0,0,0,0,0,0,0,0,0,0,0,0,0,0,0,0,0,0,0,0,0,0,0,0,0,0,0,0,0,0,0,0,0,0,0,0,24,0,0,0,0,0,0,0,0,0,0,0,0,0,0,0,0,0,0,0,0,0,0,0,0,0,0,0,0,0,0,0,0,0,0,0,0,0,0,0,0,0,0,0,0,0,0,0
"dec75113711334a9ec0c0f9ce8f3a97e",0,0,0,0,0,0,0,0,0,0,0,0,0,0,0,0,0,0,0,0,0,0,0,0,0,0,0,0,0,0,0,0,0,0,0,0,0,0,0,0,0,0,0,0,0,0,0,0,0,0,0,0,0,0,0,0,0,0,0,0,0,0,0,0,0,0,0,0,0,0,0,0,0,0,0,0,0,0,0,0,0,2,0,0,0,0,0,0,0,0,0,0,0,0,0,0,0,0,0,0,0,0,0,0,0
"e6c95d620576f6503d607275d777bef1",0,0,0,0,0,0,0,0,0,0,0,0,0,0,0,0,0,0,0,0,0,0,0,0,0,0,0,0,0,0,0,0,0,0,0,0,0,0,0,0,0,0,0,0,0,0,0,0,0,0,0,0,0,28,0,0,0,0,0,0,0,0,0,0,0,0,0,0,0,0,0,0,0,0,0,0,0,0,0,0,0,0,0,0,0,0,0,0,0,0,0,0,0,0,0,0,0,0,0,0,0,0,0,0,0
"8740303adcbaaf666aa9224dc53000f5",0,0,0,0,0,0,0,0,0,0,0,0,0,0,0,0,0,0,0,0,0,0,0,0,0,0,0,0,0,0,0,0,0,0,0,0,0,0,0,0,0,0,0,0,0,0,0,0,0,0,0,18,0,0,0,0,0,0,0,0,0,0,0,0,0,0,0,0,0,0,0,0,0,0,0,0,0,0,0,0,0,0,0,0,0,0,0,0,0,0,0,0,0,0,0,0,0,0,0,0,0,0,0,0,0
"26b0fd3cb46859713999bbf58faea436",0,0,0,0,0,0,0,0,0,0,0,0,0,0,0,0,0,0,0,0,0,0,0,0,0,0,0,0,13,0,0,0,0,0,0,0,0,0,0,0,0,0,0,0,0,0,0,0,0,0,0,0,0,0,0,0,0,0,0,0,0,0,0,0,0,0,0,0,0,0,0,0,0,0,0,0,305,0,0,0,0,0,0,0,437,543,142,124,0,0,0,0,0,0,0,0,0,0,0,0,0,0,0,0,0
"bc29605ee2f490499f5eb3a724b29a91",0,0,0,0,0,0,0,0,0,0,0,129,0,0,0,0,0,0,0,181,0,0,0,0,0,0,0,0,0,0,0,0,0,0,0,0,0,0,0,0,0,0,0,0,0,0,0,0,0,0,0,0,2,0,0,0,0,0,0,0,0,0,0,37,0,47,0,0,0,0,0,0,0,0,0,0,14,38,0,0,0,207,0,0,0,0,0,0,41,34,0,0,0,0,0,0,0,0,0,0,0,0,0,0,0
"44396f15b10f6577d61a11c6047c939f",0,3,0,729,1113,0,0,0,115,0,0,146,0,0,31,42,0,0,0,368,2,0,3,0,7,48,109,0,0,6,54,0,0,0,25,17,0,0,20,0,28,3,0,211,94,8,0,6,2,0,0,0,0,9,0,0,0,0,31,73,0,0,0,66,0,25,0,0,0,0,0,0,0,0,0,0,67,12,0,0,0,686,4,4,577,452,0,0,112,30,0,0,0,0,2,0,0,0,0,0,0,0,0,0,0
"b7bb03f41b2044386d4c609b1085f722",0,0,0,0,0,0,0,0,0,0,0,0,0,0,0,0,0,0,0,925,0,0,0,0,0,0,0,0,0,0,0,0,0,0,0,0,0,0,0,0,70,0,0,0,0,0,0,0,0,0,0,0,0,0,0,0,0,0,0,0,0,0,0,0,0,0,0,0,0,0,0,0,0,0,0,0,0,0,0,0,0,0,0,0,0,0,0,0,0,0,0,0,0,0,0,0,0,0,0,0,0,0,0,0,0
"a4d265fad24646b34192dbf5f0099a3c",0,0,0,0,0,0,0,0,0,0,0,0,0,0,0,0,0,0,0,0,0,0,0,0,0,0,0,0,0,0,0,0,0,0,0,0,0,0,0,0,0,0,0,0,0,0,0,0,0,0,0,0,0,0,0,0,0,0,0,0,0,0,0,0,0,0,48,0,0,0,0,0,0,0,0,0,0,0,0,0,0,0,0,0,0,0,0,0,0,0,0,0,0,0,0,0,0,0,0,0,0,0,0,0,0
"3e1a26e59596ea4b27910d21a7f2685f",0,0,0,0,0,0,0,0,0,0,0,0,0,0,0,0,0,0,0,0,0,0,0,0,0,0,0,0,0,0,0,0,0,0,0,0,0,0,0,0,0,0,0,0,0,0,0,0,0,13,0,0,0,0,0,0,0,0,0,0,0,0,0,0,0,0,0,0,0,0,0,0,0,0,0,0,0,0,0,0,0,0,0,0,0,0,0,0,0,0,0,0,0,0,0,0,0,0,0,0,0,0,0,0,0
"7b28c20e72c6c95b3e604f0849245770",29,30,22,5268,2595,22,23,16655,21,19,6124,401,24,20,31,0,34,33,46,13,32,2060,24,27,29,367,0,1313,86,28,1150,28,46575,1259,228,208,624,87,1887,40,197,90,107,2176,3116,4812,65,57,16,19,265,14,54,16,164,18,26,18,115,295,16,9,19,1772,10,25,22,23,26,477,39,27,17,27,23,0,22,8018,17,16,26,16520,16,23,19,22,33,10,30,20,31,15,37,20,22,21,29,0,31,37,24,31,31,36,27
"45381ddfe450515c7c16aa0cae69e61d",0,0,0,0,0,0,0,0,0,0,0,0,0,0,0,0,0,0,0,0,0,0,0,0,0,0,0,0,0,0,0,0,0,0,0,0,0,0,0,0,0,0,0,0,0,0,0,0,0,0,0,5,0,0,0,0,0,0,0,0,0,0,0,0,0,0,158,18,14,0,0,0,0,0,0,0,0,0,0,0,0,0,0,0,0,0,0,0,0,0,0,0,0,0,0,0,0,0,0,0,0,0,0,0,0
"d4a22b55fb818483d2f868796b567755",0,0,0,0,0,0,0,0,0,0,0,0,0,0,0,0,0,0,0,0,0,0,0,0,0,0,0,0,0,0,0,0,0,0,0,0,0,0,0,0,0,0,0,0,0,0,0,0,0,0,0,0,0,0,0,0,0,0,0,0,0,0,0,0,0,0,7,0,0,0,0,0,0,0,0,0,0,0,0,0,0,0,0,0,0,0,0,0,0,0,0,0,0,0,0,0,0,0,0,0,0,0,0,0,0
"a8a1b9c6b5639e9f76abc016407e1733",0,0,0,0,0,0,0,0,0,0,0,0,0,0,0,0,0,0,0,0,0,0,0,0,0,0,0,0,0,0,0,0,0,0,0,0,0,0,21,0,0,0,0,0,0,0,0,0,0,0,0,0,0,0,0,0,0,0,0,0,0,0,0,0,0,0,0,0,0,0,0,0,0,0,0,0,0,0,0,0,0,0,0,0,0,0,0,0,0,0,0,0,0,0,0,0,0,0,0,0,0,0,0,0,0
"d185fd325996f96d566a28b426095b7f",0,0,0,0,0,0,0,0,0,0,0,0,0,0,0,0,0,0,0,0,0,0,0,0,0,0,0,0,0,0,0,0,0,0,0,2,0,0,0,0,0,0,0,0,0,0,0,0,0,0,0,0,0,0,0,0,0,0,0,0,0,0,0,0,0,0,7,0,0,0,0,0,0,0,0,0,0,0,0,0,0,0,0,0,0,0,0,0,0,0,0,0,0,0,0,0,0,0,0,0,0,0,0,0,0
"d4e418bf80be1142fbe9cc43c65e14ce",0,0,0,0,0,0,0,0,0,0,0,0,0,0,0,0,0,0,0,0,0,0,0,0,0,0,0,0,0,0,0,0,0,0,0,0,0,0,0,0,0,0,0,0,0,0,0,0,0,5,0,0,0,0,0,0,0,17,0,0,0,0,0,0,0,0,14,0,0,0,0,0,0,0,0,0,0,0,0,0,0,0,0,0,0,0,0,0,0,0,0,0,0,0,0,4,0,0,3,0,0,0,0,0,0
"92f1720367db58c68a96eceb9feb416a",0,0,0,0,0,0,0,0,0,0,0,0,0,0,0,0,0,0,0,0,0,0,0,0,0,0,0,0,0,0,0,0,0,0,0,0,0,0,0,0,0,0,0,0,0,0,0,0,0,0,0,0,0,0,0,0,0,0,0,0,0,0,0,2,0,0,30,0,0,0,0,0,0,0,0,0,0,0,0,0,0,0,0,0,0,0,0,0,0,0,0,0,0,0,0,0,0,0,0,0,0,0,0,0,0
"40ff8dd22b6ea76d8efe7c27f2184894",0,0,0,0,0,0,0,0,0,0,0,0,0,0,0,0,0,0,0,0,0,0,0,0,0,0,0,0,0,0,0,0,0,0,0,0,0,0,0,0,0,2,0,0,0,0,0,0,0,0,0,0,0,0,2,6,0,0,0,0,0,0,0,0,3,0,77,0,19,0,0,0,0,0,0,4,0,0,0,0,0,0,0,0,0,0,0,0,0,0,0,7,0,0,0,0,0,0,0,0,0,0,0,0,0
"e96a18c7e3d537fc5fcb8f8ed70414c9",0,0,0,0,0,0,0,0,0,0,0,0,0,0,0,0,0,0,0,0,0,0,0,0,0,0,0,0,0,0,0,0,3,0,0,0,0,0,0,0,0,0,0,0,0,0,0,0,0,0,0,0,0,0,0,0,0,0,0,0,0,0,0,0,0,0,7,0,0,0,0,0,0,0,0,0,0,0,0,0,0,0,0,0,0,0,0,0,0,0,0,0,0,0,0,0,0,0,0,0,0,0,0,0,0
"67ca78638e95eca768c0c1da3c96761a",0,0,0,0,0,0,0,0,0,0,0,0,0,0,0,0,0,0,0,0,0,0,0,0,0,0,0,0,0,0,0,0,0,0,0,0,0,0,49,0,0,0,0,0,0,0,0,0,0,0,0,0,0,0,0,0,0,0,0,0,0,0,0,0,0,0,0,0,0,0,0,0,0,0,0,0,0,0,0,0,0,0,0,0,0,0,0,0,0,0,0,0,0,0,0,0,0,0,0,0,0,0,0,0,0
"c86c42d313081e6c6ec2c8088812cb23",0,0,0,0,0,0,0,0,0,0,0,0,0,0,0,0,0,0,0,0,0,0,0,0,0,0,0,0,0,0,0,0,0,0,0,0,0,0,0,0,0,0,0,0,0,0,0,0,0,0,0,0,0,0,0,0,0,0,0,0,0,0,0,0,0,0,41,0,0,0,0,0,0,0,0,0,0,0,0,0,0,0,0,0,0,0,0,0,0,0,0,0,0,0,0,0,0,0,0,0,0,0,0,0,0
"8400dd8baa70ab70f07c34b0d0024559",0,0,0,0,0,0,0,0,0,0,0,0,0,0,0,0,0,0,0,0,0,0,0,0,0,0,0,0,0,0,0,0,0,0,0,0,0,0,0,0,0,0,9,0,0,0,0,0,0,0,0,0,0,0,0,0,0,0,0,0,0,0,0,0,0,0,0,0,0,0,0,0,0,0,0,0,0,0,0,0,0,0,0,0,0,0,0,0,0,0,0,0,0,0,0,0,0,0,0,0,0,0,0,0,0
"1c2b8892a0d7f828d72808cd01cfd199",0,0,0,0,0,0,0,0,0,0,0,0,0,0,0,0,0,0,0,0,0,0,0,0,0,0,0,0,8,0,0,0,0,0,0,0,0,0,0,0,0,0,0,0,0,0,0,0,0,0,0,0,0,0,0,0,0,0,0,0,0,0,0,0,0,0,0,0,0,0,0,0,0,0,0,0,0,0,0,0,0,0,0,0,0,0,0,0,0,0,0,0,0,0,0,0,0,0,0,0,0,0,0,0,0
"3e16566bdacb7ff4f278e0c3b1b064fb",0,0,0,0,0,0,0,0,0,0,0,0,0,0,0,0,0,0,0,0,0,0,0,0,0,0,0,0,0,0,0,0,0,0,0,0,0,0,0,0,0,0,0,0,0,0,0,0,0,0,0,0,0,0,0,0,0,0,0,0,0,0,0,0,0,0,12,0,0,0,0,0,0,0,0,0,0,0,0,0,0,0,0,0,0,0,0,0,0,0,0,0,0,0,0,0,0,0,0,0,0,0,0,0,0
"db2a8b444907baa43f552152dd585e62",0,0,0,0,0,0,0,0,0,0,0,0,0,0,0,0,0,0,0,0,0,0,0,0,0,0,0,0,0,0,0,0,0,0,0,0,0,0,0,0,0,0,0,0,0,0,0,0,0,0,0,0,0,0,0,0,0,0,0,0,0,0,0,0,0,0,36,0,0,0,0,0,0,0,0,0,0,0,0,0,0,0,0,0,0,0,0,0,0,0,0,0,0,0,0,0,0,0,0,0,0,0,0,0,0
"6dca32b8b37d896c717b4f61a22da8f6",0,0,0,0,0,0,0,0,0,0,0,0,0,0,0,0,0,0,0,0,0,0,0,0,0,0,0,0,0,0,0,0,0,0,0,0,0,0,0,0,0,0,0,0,0,0,0,0,0,0,0,0,0,0,0,0,4,0,0,0,0,0,0,0,0,0,0,0,0,0,0,0,0,0,0,0,0,0,0,0,0,0,0,0,0,0,0,0,0,0,0,0,0,0,0,0,0,0,0,0,0,0,0,0,0
"a080a409c3444a2a2ebd1d7716b1b32f",0,0,0,0,0,0,0,0,0,0,0,0,0,0,0,0,0,0,0,0,0,0,0,0,0,0,0,0,0,0,0,0,0,0,0,0,0,0,0,0,0,0,0,0,0,0,0,0,0,0,0,0,0,0,0,0,0,19,0,0,0,0,0,0,0,0,0,0,0,0,0,0,0,0,0,0,0,0,0,0,0,0,0,0,0,0,0,0,0,0,0,0,0,0,0,0,0,0,0,0,0,0,0,0,0
"11397adbcc3ae7ea2d586775e298a19d",0,0,0,0,0,0,0,0,0,0,0,0,0,0,0,0,0,0,0,0,0,0,0,0,0,0,0,0,0,0,0,0,0,0,0,0,0,0,52,0,0,0,0,0,0,0,0,0,0,0,0,0,0,0,0,0,0,35,0,0,0,0,0,0,0,0,65,0,3,0,7,0,0,0,0,0,0,0,0,0,0,0,0,0,0,0,0,0,0,0,0,0,0,0,0,0,0,0,0,0,0,0,0,0,0
"2bbb28b70c3a3757e48663f4d0003ecc",0,0,0,0,0,0,0,0,0,0,0,0,0,0,0,0,0,0,0,0,0,0,0,0,0,0,8,4,0,0,3,16,0,0,0,0,6,6,16,0,8,0,0,6,0,5,6,0,6,7,0,0,0,0,0,0,0,70,0,0,0,0,21,0,0,0,0,0,0,0,0,0,0,0,0,0,0,0,0,0,0,0,0,0,0,2,0,0,0,0,0,0,0,0,0,0,0,0,3,0,0,0,0,0,0
"61d96b86c674ec6276984c9be7a81efc",0,0,0,0,0,0,0,0,0,0,0,0,0,0,0,0,0,0,0,0,0,0,0,0,0,0,0,0,0,0,0,0,0,0,0,8,0,0,0,0,0,0,0,0,0,0,0,0,0,0,0,0,0,0,0,0,0,0,0,0,0,0,0,0,0,0,0,0,0,0,0,0,0,0,0,0,0,0,0,0,0,0,0,0,0,0,0,0,0,0,0,0,0,0,0,0,0,0,0,0,0,0,0,0,0
"ee9a49056e9cc8e1bcac4334b9447385",0,0,0,0,0,0,0,0,0,0,0,0,0,0,0,0,0,0,0,0,0,0,0,0,0,0,0,0,0,0,0,0,0,0,0,0,0,0,0,0,0,0,0,0,0,0,0,0,0,0,0,0,0,0,0,0,0,0,0,0,0,0,0,0,0,0,10,0,0,0,0,0,0,0,0,0,0,0,0,0,0,0,0,0,0,0,0,0,0,0,0,0,0,0,0,0,0,0,0,0,0,0,0,0,0
"656fc22d077cc5d6ef83285bcd081cbe",302,2599,2112,407,436,6,1489,16,29,5318,404,504,12,4,2772,2207,39,45,6,397,392,759,494,15,108,14,5,6,29,26,2116,10,5019,16,17,22,6207,4340,19,7,5,9,520,13,20,18,8,15,9,16,329,9,14,0,5,63,14,11,11,23,13,22,14,8,8,40,6,15,6,15,23,9,17,17,17,5,5,12,19,13,14,32,13,25,26,23,22,0,22,11,21,19,11,8,15,8,22,0,61,40,27,16,23,12,242
"19b99292c8509d335aab2a18babf1fc9",0,0,0,0,0,0,0,0,0,0,0,0,0,0,0,0,0,0,0,0,0,0,0,0,0,0,0,0,0,0,0,0,0,0,0,6,0,0,77,0,0,0,0,0,0,0,0,0,0,0,0,0,0,0,0,0,0,0,0,0,0,0,0,0,0,0,0,0,0,0,0,0,0,0,0,0,0,0,0,0,0,0,0,0,0,0,0,0,0,0,0,0,0,0,0,0,0,0,0,0,0,0,0,0,0
"bc6058ad7eedb77edb19493935076056",0,0,0,0,0,0,0,0,0,0,0,0,0,0,0,0,0,0,0,0,0,0,0,0,0,0,0,0,0,0,0,0,0,0,0,0,0,0,0,0,4,0,0,0,0,0,0,0,0,0,0,0,0,0,0,0,0,0,0,0,0,0,0,0,0,0,40,4,0,0,0,0,0,0,0,0,0,0,0,0,0,0,0,0,0,0,0,0,0,0,0,0,0,0,0,0,0,0,0,0,0,0,0,0,0
"0fa9b44d52836d2f173f4ac532f8a013",0,0,0,0,0,0,0,0,0,0,0,0,0,0,0,0,0,0,0,0,0,0,0,0,0,0,0,0,0,0,0,0,0,0,0,0,0,0,0,0,0,0,0,0,0,0,0,0,0,0,0,0,0,0,0,0,0,0,0,0,0,0,0,0,0,0,20,0,0,0,0,0,0,0,0,0,0,0,0,0,0,0,0,0,0,0,0,0,0,0,0,0,0,0,0,0,0,0,0,0,0,0,0,0,0
"617710560e1888f2df7cead34c896403",0,0,0,0,0,0,0,0,0,0,0,0,0,0,0,0,0,0,0,0,0,0,0,0,0,0,0,0,0,0,0,0,0,0,0,0,0,0,24,0,0,0,0,0,0,0,0,0,0,0,0,0,0,0,0,0,0,0,0,0,0,0,0,0,0,0,0,0,0,0,0,0,0,0,0,0,0,0,0,0,0,0,0,0,0,0,0,0,0,0,0,0,0,0,0,0,0,0,0,0,0,0,0,0,0
"647f440c42bc80ab2f2f6146e9afb7d0",0,0,0,0,0,0,0,0,0,0,0,0,0,0,0,0,0,0,0,0,0,0,0,0,0,0,0,0,0,0,0,0,0,0,0,0,6,0,0,0,0,0,0,0,0,0,0,0,0,0,0,0,0,0,0,0,0,0,0,0,0,0,0,0,0,0,0,0,0,0,0,0,0,0,0,0,0,0,0,0,0,0,0,0,0,0,0,0,0,0,0,0,0,0,0,0,0,0,0,0,0,0,0,0,0
"ff9d93d7b7e46787568f2d241caeaf3b",38,35,25,47,32,24,33,32,17,26,35,45,27,23,68,41,39,24,35,16,38,65,28,23,36,34,23,26,40,17,32,24,23,52,39,51,36,16,2901,17,27,21,18,28,35,33,21,18,36,35,38,29,25,11,33,19,50,109,31,38,39,27,27,32,14,18,66,26,15,28,43,19,31,37,62,15,23,39,30,27,36,99,40,50,53,23,41,24,51,40,46,20,24,33,33,27,49,13,57,62,25,23,25,42,52
"85fb575995d9129e1e92ad81bad2e115",0,0,0,0,0,0,0,0,0,0,0,0,0,0,0,0,0,0,0,0,0,0,0,0,0,0,0,0,0,0,0,0,0,0,0,0,0,0,23,0,0,0,0,0,0,0,0,0,0,0,0,0,0,0,0,0,0,32,0,0,0,0,0,0,0,0,0,0,0,0,0,0,0,0,0,0,0,0,0,0,0,0,0,0,0,0,0,0,0,0,0,0,0,0,0,0,0,0,0,0,0,0,0,0,0
"a242538ae2c27bc733a83270ae206b43",0,0,0,0,0,0,0,0,0,0,0,0,0,0,0,0,0,0,0,0,0,0,0,0,0,0,0,0,0,0,0,0,0,0,0,0,0,0,0,0,0,0,0,0,0,0,0,0,0,0,0,0,0,0,0,0,0,9,0,0,0,0,0,0,0,0,0,0,0,0,0,0,0,0,0,0,0,0,0,0,0,0,0,0,0,0,0,0,0,0,0,0,0,0,0,0,0,0,0,0,0,0,0,0,0
"4102c0c9284b080a36ae312a7b497915",847,257,158,9,0,0,405,3,190,0,822,481,11,0,1665,1177,204,198,7,764,31,281,0,6,0,186,465,0,6,0,47,8,18,10,0,16,0,0,31,0,236,141,8,0,0,203,0,235,6,12,7,0,9,77,165,13,0,0,29,70,0,0,0,728,0,0,8,9,0,34,6,0,0,0,6,0,79,984,0,159,143,626,561,660,888,1455,135,163,325,484,12,12,201,2,0,0,11,0,0,0,0,0,86,152,785
"3ad4aa0988cadf60734079129e8598a0",211,0,0,0,0,0,0,0,69,154,582,0,0,0,0,0,169,276,0,19,0,0,0,3,0,0,0,0,0,0,0,0,0,258,0,0,0,0,0,0,5,0,0,0,0,0,0,0,0,0,0,0,0,0,0,0,0,0,0,0,0,0,0,0,0,0,0,0,0,0,0,0,0,0,0,0,0,0,0,0,0,0,0,0,4,0,0,0,9,0,0,0,0,0,0,0,0,0,0,0,0,0,25,20,175
"d09c79773d4b9e43484e592b61a6eca3",0,543,280,149,90,0,0,0,263,0,8,33,0,0,320,139,0,0,0,13,26,0,0,0,0,51,0,0,16,0,29,0,7,0,0,0,0,0,0,0,0,0,30,31,80,0,0,0,0,0,0,0,0,0,0,0,0,0,0,0,0,0,0,0,0,0,0,0,0,0,0,0,0,0,0,0,0,9,0,0,0,0,108,130,96,122,0,0,95,4,0,0,0,0,0,5,0,0,0,0,0,0,0,0,0
"27f098662c8f87b4aaff903d9c0f28d3",583,327,225,96,62,722,312,223,131,124,22,72,17,9,190,64,70,41,314,38,28,59,180,32,351,11,13,6,69,75,226,119,568,157,108,118,289,35,200,81,45,17,64,203,353,24,77,85,12,11,13,43,68,32,93,8,13,17,56,129,66,336,356,63,3,55,24,25,8,0,11,0,50,27,33,9,49,775,17,296,82,469,566,553,1021,1161,144,92,233,42,203,10,15,19,140,96,12,0,93,116,384,224,42,34,683
"4a06d599d47875fcc9572a80b3397013",0,0,0,0,0,0,0,0,0,0,0,0,0,0,0,0,0,0,0,0,0,0,0,0,0,0,0,0,0,0,0,0,0,0,0,0,0,0,0,0,0,0,0,0,0,0,0,0,0,0,0,0,0,0,0,0,0,15,0,0,0,0,0,0,0,0,0,0,0,0,0,0,0,0,0,0,0,0,0,0,0,0,0,0,0,0,0,0,0,0,0,0,0,0,0,0,0,0,0,0,0,0,0,0,0
"69179c4a6011d0c9d30036cf18626520",0,0,5,9,9,0,0,0,5,8,12,0,6,5,11,0,0,0,0,0,5,0,0,0,9,10,5,0,17,0,5,7,7,0,0,13,0,0,72,5,0,0,0,0,0,0,8,5,11,0,9,7,5,0,0,0,0,0,10,8,14,5,5,0,0,0,44,10,0,0,8,0,7,0,0,0,7,0,0,0,0,9,0,10,0,0,0,0,0,7,7,0,8,0,0,5,24,0,12,10,0,5,0,0,7
"e5c19d7800b18015f3a917fc015fc42f",0,0,0,0,0,0,0,0,0,0,0,0,0,0,0,0,0,0,0,0,0,0,0,0,0,0,0,0,8,0,0,0,0,0,0,0,0,0,0,0,0,0,0,0,0,0,2,0,0,0,0,4,0,0,0,0,0,0,0,0,0,3,0,0,0,0,24,0,3,0,0,0,0,0,0,0,0,0,0,0,0,0,0,0,0,0,0,0,0,0,0,0,0,0,0,0,0,0,0,0,0,0,0,0,0
"2c4d231ecde6731a3c433b24a877ccd8",0,0,0,0,0,0,0,0,0,0,0,0,0,0,0,0,0,0,0,0,0,0,0,0,0,0,0,0,0,0,0,0,0,0,0,0,0,0,0,0,0,0,0,0,0,0,0,0,0,0,0,0,0,0,0,0,0,0,0,0,0,0,0,0,0,0,4,0,0,0,0,0,0,0,0,0,0,0,0,0,0,0,0,0,0,0,0,0,0,0,0,0,0,0,0,0,0,0,0,0,0,0,0,0,0
"fb5c2aa7e7a97d1ba29b2c9405cb6a41",0,0,0,0,0,0,0,0,0,0,0,0,0,0,0,0,0,0,0,0,0,0,0,0,0,0,0,0,0,0,0,0,0,0,0,0,0,0,0,0,0,0,0,0,0,0,0,0,182,287,0,0,0,0,0,0,0,0,0,0,0,0,0,0,0,0,0,0,0,0,17,0,0,0,0,0,0,0,0,0,0,0,0,0,0,0,0,0,0,0,14,0,0,0,0,0,0,0,0,16,0,0,0,0,0
"4850a238b7fbbd5ffa204c5a5a396f2c",0,0,1,0,0,0,0,0,0,0,0,0,0,0,0,0,2,0,0,0,0,0,0,0,0,61,0,0,66,0,0,0,0,4,0,0,0,0,0,0,0,0,0,0,0,0,0,0,0,13,0,0,0,0,0,0,0,0,0,0,0,0,0,0,0,0,0,0,0,0,0,0,4,12,0,0,0,0,0,0,0,0,3,4,0,0,0,0,0,0,0,0,0,0,0,0,0,0,0,0,0,0,0,0,0
"bb7e5c6df18c100b97f890fc35eb2911",0,0,0,0,0,0,0,0,0,0,0,0,0,0,0,0,0,0,0,0,0,0,0,0,0,16,0,0,0,0,0,0,0,0,0,0,0,0,0,0,0,0,0,0,0,0,0,0,0,0,0,0,0,0,0,0,0,0,0,0,0,0,0,0,0,0,0,0,0,0,0,0,0,0,0,0,0,0,0,0,0,0,0,0,0,0,0,0,0,0,0,0,0,0,0,0,0,0,0,0,0,0,0,0,0
"b4bb370a59f2637d406ccc0f5a1b2a1e",31,0,0,149,103,0,0,14,14,0,18,21,0,0,13,0,0,14,9,0,0,11,0,0,11,0,0,0,0,0,0,0,9,0,15,11,8,0,0,0,0,9,0,12,9,0,0,7,0,0,0,11,0,0,22,8,0,10,0,0,9,9,8,0,6,0,0,9,8,7,14,0,6,7,16,10,0,0,9,15,7,261,12,0,11,11,13,0,0,8,12,0,0,0,0,0,0,0,0,17,0,16,0,11,28
"a63c438fdf54dab3760eef280c5b4fc3",0,0,0,0,0,0,0,0,0,0,0,0,0,0,0,0,0,0,0,0,0,0,0,0,0,74,0,0,0,0,0,0,0,0,0,0,0,0,0,0,0,0,0,0,0,0,0,0,0,0,0,0,0,0,0,0,0,0,0,0,0,0,0,0,0,0,0,0,0,0,0,0,0,0,0,0,0,0,0,0,0,0,0,0,0,0,393,329,0,0,0,0,0,0,0,0,0,0,0,0,0,0,0,0,0
"d46e2205f0c6ecf67b51f83d111c509c",1405,23692,19553,27800,18623,702,525,720,432,559,883,1833,648,397,1066,657,612,552,498,239,543,507,559,2317,1167,3328,574,368,474,308,2810,768,519,26590,42183,37067,707,296,3442,287,351,450,312,548,763,825,438,407,3622,4328,473,422,660,287,1698,605,28664,31229,403,733,631,1423,1734,1826,236,631,331,537,503,422,844,522,567,748,939,371,636,2268,482,6717,10130,5761,21179,18172,2369,1996,3873,1745,5889,8222,1146,514,7617,1288,2784,1553,18170,305,5980,10658,1542,1172,1526,1173,855
"4552af3e905206840cf8b67bcaf2693f",0,0,0,0,0,0,0,0,0,0,0,0,0,0,0,0,0,0,0,0,0,0,0,0,0,0,0,0,0,0,0,0,0,0,0,0,0,0,0,0,0,0,0,0,0,0,0,0,165,348,0,0,0,0,0,0,0,0,0,0,0,0,0,0,0,0,0,0,0,0,0,0,0,0,0,0,0,0,0,0,0,0,0,0,0,0,0,0,0,46,0,0,0,0,0,0,0,0,0,0,0,0,0,0,0
"945184b6386c192c0066e0a98a154780",97,85,82,112,106,136,85,124,54,48,90,76,69,60,126,101,48,69,63,38,88,67,74,61,70,2823,75,48,61,39,49,50,55,175,908,865,81,33,87,39,43,50,43,53,76,145,55,40,1713,2346,53,65,72,71,98,148,2611,3099,690,1967,62,206,279,125,40,272,63,211,69,49,95,61,76,75,127,385,1438,652,170,73,231,397,99,107,923,999,2261,1359,3641,21243,353,60,66,2784,294,193,7675,371,5521,10579,1086,724,148,125,98
"35d451ba48f31c2a2655af11164623c3",0,0,0,0,0,0,0,0,0,0,0,0,0,0,0,0,0,0,0,0,0,0,0,0,0,0,0,0,0,0,0,0,0,0,0,0,0,0,0,0,0,0,0,0,0,0,0,0,0,0,0,2,0,0,0,0,0,20,0,0,0,0,0,0,0,0,0,0,0,0,0,0,0,0,0,0,0,0,0,0,0,0,0,0,0,0,0,0,0,0,0,0,0,0,0,0,0,0,0,0,0,0,0,0,0
"4d72007c70f4abc0bf9e8fe8b826d07d",0,0,0,0,0,0,0,0,0,0,0,0,0,0,0,0,0,0,0,0,0,0,0,0,0,785,0,0,0,0,0,0,256,0,0,0,0,0,0,0,0,0,0,0,0,0,0,0,0,138,0,0,0,0,0,0,0,0,0,0,0,0,0,0,0,0,0,0,0,0,0,0,0,0,0,0,0,0,0,0,0,0,0,0,0,0,0,0,315,834,0,0,0,122,0,0,0,0,0,0,0,0,0,0,0
"34239f14f57eed8a2971a240df604a06",0,0,0,0,0,0,0,0,0,0,0,0,0,0,0,0,0,0,0,0,0,0,0,0,0,0,0,0,0,0,0,0,0,0,0,0,0,0,0,0,0,0,0,0,0,0,0,0,0,0,0,0,0,0,0,0,0,0,0,0,0,0,0,0,0,0,0,0,0,0,0,0,0,0,0,0,0,0,0,0,0,0,0,0,0,0,0,0,82,0,0,0,0,0,0,0,0,0,0,0,0,0,0,0,0
"107273e73071282e4d0f4a0b46548da5",0,20,14,21,20,13,0,16,0,17,0,0,18,15,25,19,17,16,11,0,15,15,11,16,0,17,12,0,0,0,0,0,0,15,27,22,0,0,0,0,0,0,8,14,0,0,0,0,18,22,8,0,0,0,0,0,0,20,0,16,0,13,0,14,0,0,10,0,11,0,19,21,0,0,24,12,16,28,0,0,0,12,18,29,23,18,35,25,0,37,18,22,13,43,16,0,155,0,30,28,14,14,19,19,19
"22d93a5440a1c97f06db10312de65173",0,0,0,0,0,0,0,0,0,0,0,0,0,0,0,0,0,0,0,0,0,0,0,0,0,0,0,0,0,0,0,0,0,0,0,0,0,0,0,0,0,0,0,0,0,0,0,0,0,0,0,0,17,0,0,0,0,0,0,0,0,0,0,0,0,0,0,0,0,0,0,0,0,0,0,0,0,0,0,0,0,0,0,0,0,0,0,0,0,0,0,0,0,0,0,0,0,0,0,0,0,0,0,0,0
"394eda29c886632f514dd94b58381186",63,12,13,36,26,29,15,16,21,16,11,226,25,10,28,17,98,101,12,12,156,20,13,21,10,48,202,9,13,9,16,24,10,32,31,32,142,102,22,4,11,14,11,12,24,37,13,205,112,188,17,166,14,14,12,25,21,56,4,16,0,19,22,96,0,18,26,24,126,10,22,13,87,14,26,23,50,28,21,58,16,12,22,11,18,22,70,53,46,40,18,17,10,1642,19,24,79,0,24,28,63,98,17,42,92
"1e104b993416995498346089f57fd3bf",0,0,0,0,0,0,0,0,0,0,0,0,0,0,0,0,0,0,0,0,0,0,0,0,0,0,0,0,0,0,0,0,0,0,0,0,0,0,0,0,0,0,0,0,0,0,0,0,0,0,0,0,0,0,0,0,0,0,0,0,0,0,0,0,0,0,42,0,0,0,0,0,0,0,0,0,0,0,0,0,0,0,0,0,0,0,0,0,0,0,0,0,0,0,0,0,0,0,0,0,0,0,0,0,0
"52d998a538496179968dec55950d1516",0,0,0,0,0,0,0,0,0,0,0,0,0,0,0,0,0,0,0,0,0,0,0,0,0,0,0,0,0,0,0,0,0,0,0,0,0,0,0,0,0,0,0,0,0,0,0,0,0,0,0,0,0,0,24,0,0,0,0,0,0,0,0,0,0,0,0,0,0,0,0,0,0,0,0,0,0,0,0,0,0,0,0,0,0,0,0,0,0,0,0,0,0,0,0,0,0,0,0,0,0,0,0,0,0
"4f5efd25dacb5d639316e7291ff6ff8b",0,0,0,0,0,0,0,0,0,0,0,0,0,0,0,0,0,0,0,0,0,0,0,0,0,0,0,0,0,0,0,0,0,0,0,0,0,0,0,0,0,0,0,0,0,0,0,0,0,0,0,8,0,0,0,0,0,0,0,0,0,0,0,0,0,0,0,0,0,0,0,0,0,0,0,0,0,0,0,0,0,0,0,0,0,0,0,0,0,0,0,0,0,0,0,7,0,0,0,0,0,0,0,0,0
"e9c5c7f40dc0d24681936be2db1c8467",0,0,0,0,0,0,0,0,0,0,0,0,0,0,0,0,0,0,0,0,0,0,0,0,0,0,0,0,0,0,0,0,0,0,0,0,0,0,0,0,0,0,0,0,0,0,0,0,0,0,0,0,0,0,0,0,0,14,0,0,0,0,0,0,0,0,0,0,0,0,0,0,0,0,0,0,0,0,0,0,0,0,0,0,0,0,0,0,0,0,0,0,0,0,0,0,0,0,0,0,0,0,0,0,0
"7ebbb1e6f79a2910951c191a4bf1df66",0,0,0,0,0,0,0,0,0,0,0,0,0,0,0,0,0,0,0,0,0,0,0,0,0,0,0,0,0,0,0,0,0,0,0,0,0,0,0,0,0,7,0,0,0,0,0,0,0,0,0,0,0,0,0,0,0,0,0,0,0,0,0,0,0,0,0,0,0,0,0,0,0,0,0,0,0,0,0,0,0,0,0,0,0,0,0,0,0,0,0,0,0,0,0,0,0,0,0,0,0,0,0,0,0
"67e57538490df3cd9ed3ae7587be27ac",0,0,0,0,0,0,0,0,0,0,0,0,0,0,0,0,0,0,0,0,0,0,0,0,0,0,0,0,0,0,0,0,0,0,0,0,0,0,0,0,0,0,0,0,0,4,0,0,0,0,0,0,0,0,0,0,0,0,0,0,0,0,0,0,0,0,0,0,0,0,0,0,0,0,0,0,0,0,0,0,0,0,0,0,0,0,0,0,0,0,0,0,0,0,0,0,0,0,0,0,0,0,0,0,0
"6faf025d61e54fb3be2f52bd61ad7d78",0,0,0,0,0,0,0,0,0,0,0,0,0,0,0,0,0,0,0,0,0,0,0,0,0,0,0,0,0,0,0,0,0,0,0,0,0,0,0,0,0,0,0,0,0,0,0,0,0,0,0,0,0,0,0,0,0,0,0,0,0,0,0,0,0,0,0,0,0,0,0,0,0,0,0,0,0,0,0,0,0,0,0,0,0,0,0,0,0,0,0,0,0,0,0,0,0,0,0,0,0,0,0,3,0
"e057c4ee6b7363159350db0a2c894cde",0,0,0,0,0,0,0,0,0,0,0,0,0,0,0,0,0,0,0,0,0,0,0,0,0,0,0,0,0,0,0,0,0,0,0,0,0,0,0,0,0,0,0,0,0,0,0,0,0,0,0,0,0,0,0,0,0,0,0,0,3,0,0,0,0,0,0,0,0,0,0,0,0,0,0,0,0,0,0,0,0,0,0,0,0,0,0,0,0,0,0,0,0,0,0,0,0,0,0,0,0,0,0,0,0
"7d217addfd80cb5393d81dae5f160367",0,0,0,0,0,0,0,0,0,0,0,0,0,0,0,0,0,0,0,0,0,0,0,0,0,0,0,0,0,0,0,0,0,0,0,0,0,0,0,0,0,0,0,0,0,0,0,0,0,0,0,0,0,0,0,0,0,0,0,0,0,0,0,0,0,0,6,0,0,0,0,0,0,0,0,0,0,0,0,0,0,0,0,0,0,0,0,0,0,0,0,0,0,0,0,0,0,0,0,0,0,0,0,0,0
"21769833bcb8a77bf259aea1bfcc6ec6",0,0,0,0,0,0,0,0,0,0,0,0,0,0,0,0,0,0,0,0,0,0,0,0,0,0,0,0,17,0,0,0,0,0,0,0,0,0,0,0,0,0,0,0,0,0,0,0,0,14,0,0,0,0,0,0,0,0,0,0,0,0,0,0,0,0,0,0,0,0,0,0,0,0,0,0,0,0,0,0,0,0,0,0,0,0,0,0,0,0,0,0,0,0,0,0,0,0,0,0,0,0,0,0,0
"5d5db5a4b1cb701462bfd0989f5a3495",0,0,0,0,0,0,0,0,0,0,0,0,0,0,0,0,0,0,0,0,0,0,0,0,0,0,0,0,0,0,0,0,0,0,0,0,0,0,0,0,0,0,0,0,0,0,0,0,0,0,0,0,0,0,0,0,18,0,0,0,0,0,0,0,0,0,0,0,0,0,0,0,0,0,0,0,0,0,0,0,0,0,0,0,0,0,0,0,0,0,0,0,0,0,0,0,0,0,0,0,0,0,0,0,0
"bf1969c0e412e57637a9ae7a3b638492",0,0,0,0,0,0,0,0,0,0,0,0,0,0,0,0,0,0,0,0,0,0,0,0,0,0,0,0,0,0,0,0,0,0,0,0,0,0,0,0,0,0,0,0,0,0,0,0,0,0,0,0,0,0,7,0,0,0,0,0,0,0,0,0,0,0,59,14,0,0,0,0,0,0,0,0,0,0,0,0,0,0,0,0,0,0,0,0,0,0,0,0,0,0,0,0,0,0,0,0,0,0,0,0,0
"67da37a27427f41e9a28d4bcd418445b",11,14,10,10,0,6,0,13,10,6,14,420,12,9,24,15,11,7,9,0,12,0,12,15,17,12,0,10,260,8,0,13,6,14,17,0,0,11,28,0,16,0,0,12,12,0,0,9,0,0,0,0,11,0,0,0,21,12,0,13,14,8,12,12,0,0,22,16,20,0,12,8,6,14,17,0,13,21474,17,173,0,15,11,8,10,16,17,7,17,10,10,10,9,5,11,11,20,0,0,21,9,0,10,10,12
"0920dcf0f62fb2b3ab9e32f1c4edec37",0,0,0,0,0,0,0,0,0,0,0,0,0,0,0,0,0,0,0,0,0,0,0,0,0,0,0,0,0,0,0,0,0,0,0,0,0,0,32,0,0,0,0,0,0,0,0,0,0,0,0,0,0,0,0,0,0,0,0,0,0,0,0,0,0,0,0,0,0,0,0,0,0,0,0,0,0,0,0,0,0,0,0,0,0,0,0,0,0,0,0,0,0,0,0,0,0,0,0,0,0,0,0,0,0
"bd5d02cf1509c352b7eede2cdcebba40",0,0,0,0,0,0,0,0,0,0,0,0,0,0,0,0,0,0,0,0,0,0,0,0,0,0,0,0,0,0,0,0,0,0,0,0,0,0,0,0,0,0,0,0,0,0,0,0,0,0,0,0,0,0,0,0,0,48,0,0,0,0,0,0,0,0,0,0,0,0,0,0,0,0,0,0,0,0,0,0,0,0,0,0,0,0,0,0,0,0,0,0,0,0,0,0,0,0,0,0,0,0,0,0,0
"c845eda99662b5a88a8c8e979ec07dd0",0,0,0,0,0,0,0,0,0,0,0,0,0,0,0,0,0,0,0,0,0,0,0,0,0,0,0,0,0,0,0,0,0,0,0,0,0,0,0,0,0,0,0,0,0,0,0,0,0,0,0,0,0,0,0,0,0,0,0,0,0,0,0,0,0,0,0,0,0,0,0,0,0,0,0,0,0,7,0,0,0,0,0,0,0,0,0,0,0,0,0,0,0,0,0,0,0,0,0,0,0,0,0,0,0
"c0c6dea060404ea17972053bc9e98ae7",0,0,0,0,0,0,0,0,0,0,0,0,0,0,0,0,0,0,0,0,0,0,0,0,0,0,0,0,0,0,0,0,0,0,0,0,0,0,0,0,0,0,0,0,0,0,0,0,0,0,0,0,0,0,0,0,0,5,0,0,0,0,0,0,0,0,0,0,0,0,0,0,0,0,0,0,0,0,0,0,0,0,0,0,0,0,0,0,0,0,0,0,0,0,0,0,0,0,0,0,0,0,0,0,0
"fec2da4ccc40b9ad85a020553063366b",15,10,12,71,45,0,0,0,69,0,0,8,0,0,0,0,4,8,0,26,0,0,0,0,35,23,0,0,0,0,11,0,0,0,0,0,0,0,0,0,23,14,0,22,48,52,0,0,0,0,0,6,0,26,0,0,0,0,25,112,0,0,0,0,0,0,0,0,0,0,0,0,4,0,0,0,25,4,0,0,17,0,0,0,93,102,0,0,0,46,0,0,0,0,0,0,0,0,0,0,0,0,0,8,17
"69a11f927915e2a3ba1f7b9c84486527",1698,41,25,188,177,680,2187,25,29,38,35,71,3260,2220,36,38,195,173,1523,7,44,37,83,2550,111,22,15,19,22,29,49,595,23,63,35,38,66,37,30,20,12,61,37,1102,2023,33,94,69,43,25,29,25,25,15,18,12,26,26,30,62,18,19,23,23,9,14,28,20,25,208,36,28,45,30,29,252,27,20,21,33,27,29,30,29,33,45,34,15,43,17,28,20,31,34,33,23,36,0,41,41,40,28,20,28,2104
"b913b505212589d3471199a1e7979591",0,0,0,0,0,0,0,0,0,0,0,133,0,0,159,134,0,0,0,0,0,0,0,0,0,0,0,0,0,0,0,0,0,0,0,0,0,0,0,0,0,0,0,0,0,0,0,0,0,0,0,0,0,0,0,0,0,0,0,0,0,0,0,7,0,0,0,0,0,0,0,0,0,0,0,0,0,0,0,0,0,6,0,0,51,50,0,0,7,13,0,0,0,0,0,0,0,0,0,0,0,0,0,0,0
"dbcdaca3ee9e9fe75d8829e87b8551dc",14,0,25,480,371,1924,17,2549,246,3374,1061,376,20,29,2046,1620,906,841,639,345,3466,1403,998,24,1190,152,281,349,326,222,33,13,1622,358,354,294,2093,464,34,34,118,194,627,28,21,165,81,900,27,13,661,509,465,213,301,112,1586,2052,608,1157,540,206,287,616,159,197,278,38,70,0,101,95,489,580,1264,12,3545,479,926,73,1700,654,2095,2504,1554,1789,1411,1060,3460,275,2728,1996,720,203,1504,1561,4496,291,4637,2484,2675,4596,1314,1591,31
"cd3526e9ddf608ed31c4f3d648ca8034",74,0,0,0,0,0,0,0,0,0,0,0,0,0,0,0,0,0,0,0,0,0,0,0,0,0,0,0,0,0,0,0,0,0,0,0,0,0,0,0,0,0,0,0,0,0,0,0,339,229,0,0,0,0,0,0,0,0,0,0,0,0,0,0,0,0,0,0,0,0,0,0,0,0,0,0,0,0,0,0,0,0,0,0,0,0,0,0,0,0,0,0,0,0,0,0,0,0,0,0,0,0,0,0,68
"f47d8d81e9055312563f547abf45911f",0,0,0,0,0,0,0,0,0,0,0,67,0,0,0,0,0,0,0,0,0,0,0,0,0,0,0,0,0,0,0,0,0,0,0,0,0,0,0,0,0,0,0,0,0,0,0,0,0,0,0,0,0,0,0,0,0,0,0,0,0,0,0,0,0,0,0,0,0,0,0,0,0,0,0,0,0,0,0,0,0,0,0,0,0,0,7,0,0,0,0,0,0,36,0,0,0,0,0,0,0,0,0,0,0
"8adadd953ff6f3831d8492aaecdbe713",8,0,13,29,20,10,11,11,13,8,14,11,15,9,52428,54467,18,10,10,1178,14,8,12,17,11,17,0,12,9,5,12,14,12,20,12,18,13,0,11,7,0,9,115,13,17,8,9,10,18,11,10,7,21829,238,3,5301,10,15,6,21,9,6,12,12,4,8490,64,0,9,9,13,12,40,12855,34685,5,17,19,12,16,2153,10,0,18,20,15,12011,9600,12,18,35242,8,0,3850,10,9,18,1166,26205,9897,12,15,8567,6452,12
"df68df6c439ec5d9692d70bb26b7e53f",0,12,2,0,0,0,0,0,0,0,0,2,0,0,0,0,0,0,0,0,0,0,0,0,0,0,0,0,0,0,0,0,0,0,0,0,0,0,0,0,0,0,0,0,0,0,0,0,0,0,0,0,0,0,0,0,0,0,0,0,0,0,0,0,0,0,0,0,0,0,0,0,0,0,0,0,0,0,0,0,0,0,0,0,0,0,0,0,0,0,0,0,0,0,0,0,0,0,0,0,0,0,0,0,0
"7d83997fd038ad2203827ffd32358dcc",0,0,0,0,0,0,0,0,0,0,0,0,0,0,0,0,0,0,0,0,0,0,0,0,0,0,0,0,0,0,0,0,0,0,0,0,0,0,0,0,0,0,0,0,0,0,0,0,0,0,0,0,0,0,0,0,0,0,0,0,0,0,0,0,0,0,0,0,0,0,0,0,0,0,0,0,0,0,0,0,0,0,0,0,0,0,0,0,0,0,0,0,0,0,0,0,0,0,0,0,115,59,0,0,0
"c3a43e9dca56be145dbc08c893128e6f",4,0,0,109,103,4,4,0,0,0,0,7,0,0,0,0,0,5,0,0,0,0,0,0,43,0,6,5,43,0,0,78,0,5,0,0,7,0,72,0,0,0,0,0,0,0,0,4,0,4,4,0,0,0,0,4,15,0,0,0,0,4,0,0,0,0,10,0,0,0,0,0,0,7,0,8,4,0,0,0,0,0,3,6,23,20,0,4,0,10,0,0,0,0,0,0,23,0,0,0,2,3,0,0,3
"d001040196eb6f47dfc915922a75b84f",0,0,0,0,0,0,0,0,0,0,0,0,0,0,0,0,0,0,0,0,0,0,0,0,0,0,0,0,0,0,0,0,0,0,0,0,0,2,0,0,0,0,0,0,0,0,0,0,0,0,0,0,0,0,0,0,0,0,0,0,0,0,0,0,0,0,0,0,0,0,0,0,0,0,0,0,0,0,0,0,0,0,0,0,0,0,0,0,0,0,0,0,0,0,0,0,0,0,0,0,0,0,0,0,0
"5bd027dfcdd1e86df3154358b71950c5",0,0,0,0,0,0,0,0,0,0,0,0,0,0,0,0,0,0,0,0,0,0,0,0,0,0,0,0,0,0,0,0,0,0,0,0,0,0,0,0,0,0,0,0,0,0,0,0,0,0,0,0,0,0,0,0,0,0,0,0,0,0,0,0,0,0,11,4,0,0,0,0,0,0,0,0,0,0,0,0,0,0,0,0,0,0,0,0,0,0,0,0,0,0,0,0,0,0,0,0,0,0,0,0,0
"cb1c7883504dd35ac3a1144625b4cc05",0,0,0,0,0,0,0,0,0,0,0,0,0,0,0,0,0,0,0,0,0,0,0,0,0,0,0,0,0,0,0,0,0,0,0,0,0,20,31,0,0,0,0,0,0,0,0,0,0,0,0,0,0,0,0,0,0,0,0,0,0,0,0,0,0,0,0,0,0,0,0,0,0,0,2,0,0,0,0,0,0,0,0,0,0,0,0,0,0,0,0,0,0,0,0,0,0,0,0,0,0,0,0,0,0
"3275d4733092ca640476ca0a8215df5f",0,5,2,3,0,0,2,0,16,0,3,12,0,0,98,92,2,0,0,23,0,24,0,0,0,0,0,0,5,0,59,0,0,0,0,0,3,0,0,265,0,0,0,0,0,6,0,38,0,0,0,0,0,34,0,0,0,0,9,26,0,0,0,35,0,79,0,790,37,0,0,0,0,0,0,0,4,0,3,0,0,15,0,0,29,50,4,0,0,0,0,0,0,0,0,0,2,0,0,0,0,0,0,0,0
"d50fe0084836847342908c887cf3cdb8",0,0,0,0,0,0,0,0,0,0,0,0,0,0,0,0,0,0,0,0,0,0,0,0,0,0,0,0,0,0,0,0,0,0,0,0,0,0,0,0,0,0,0,0,0,0,0,0,0,0,0,0,0,0,0,0,0,0,0,0,0,0,8,0,0,0,0,0,0,0,0,0,0,0,0,0,0,0,0,0,0,0,0,0,0,0,0,0,0,0,0,0,0,0,0,0,0,0,0,0,0,0,0,0,0
"f6da31c9e8321aa5dc525c8b4f9446ae",0,0,0,0,0,0,0,0,0,0,0,0,0,0,0,0,0,0,0,0,0,0,0,0,0,0,0,0,0,0,0,0,0,0,0,0,0,0,0,0,0,0,0,0,0,0,0,0,0,0,0,0,0,0,0,0,2,0,0,0,0,0,0,0,0,0,0,0,0,0,0,0,0,0,0,0,0,0,0,0,0,0,0,0,0,0,0,0,0,0,0,0,0,0,0,0,0,0,0,0,0,0,0,0,0
"8d285f20c373b48b4e80c0f84937935b",0,32,16,25,15,0,7,0,21,0,0,14,0,0,6,16,0,0,0,514,0,3,23,0,0,14,0,0,0,0,143,7,4,0,0,0,0,0,0,0,111,0,0,0,0,0,0,0,0,0,5,0,0,112,0,31,0,0,17,18,0,0,0,0,0,93,55,0,0,0,0,0,0,0,0,0,0,0,0,0,0,13,0,0,441,660,0,0,1208,0,0,0,0,0,0,0,0,0,0,0,0,0,392,651,0
"d68ea0b947ff7c2e4dfd824debfde94c",0,0,0,0,0,0,94,0,0,0,0,81,0,0,0,0,0,0,0,62,0,0,0,0,0,3,0,0,0,0,0,0,0,0,0,0,0,0,0,0,0,0,0,0,0,0,5,0,0,0,0,0,0,0,0,0,0,0,0,0,0,0,0,0,0,0,0,0,0,0,0,0,0,0,0,0,0,0,0,80,0,9,0,8,53,73,12,0,279,0,0,0,0,0,0,0,0,0,0,0,0,0,0,13,0
"822a0ee849989f75cc532cb3540de19a",62,35,35,709,941,6,32,5,79,32,9,14,0,3,285,538,28,39,11,120,0,8,33,6,3,61,0,0,0,6,973,9,26,40,0,4,112,93,0,0,6,27,11,4,7,7,0,9,4,0,4,11,10,4,0,0,0,2,15,24,0,0,0,0,0,0,0,0,0,0,6,0,5,0,0,0,0,60,3,12,5,21,4,0,40,80,9,13,218,56,7,6,7,0,0,5,0,0,6,3,16,25,16,174,38
"31e61e702cd999e03597ff23fcb3aa64",0,0,0,0,0,0,0,0,0,0,0,0,0,0,0,0,0,0,0,357,0,0,0,0,0,0,0,0,0,0,0,0,0,0,0,0,0,0,0,0,0,0,0,0,0,0,0,0,0,0,0,0,0,0,0,0,0,0,0,0,0,0,0,0,0,0,0,0,0,0,0,0,0,0,0,0,0,0,0,0,0,0,0,0,0,0,0,0,0,0,0,0,0,0,0,0,0,0,0,0,0,0,0,0,0
"e92159c91aeb204e77ba7a625416173e",0,0,0,15,14,0,0,0,0,0,0,0,0,0,0,0,0,0,0,0,0,0,0,0,0,0,4,0,13,0,0,0,0,0,0,0,0,0,0,0,0,0,0,0,0,0,0,0,0,0,0,0,0,0,0,515,0,0,0,0,0,0,0,0,0,0,0,0,0,0,0,0,0,0,0,0,0,0,0,0,0,0,0,0,0,0,0,0,0,0,0,0,0,0,0,0,0,0,0,0,0,0,0,0,0
"29bad5ed4bd4acdb9c7c975bfe376580",0,0,0,0,0,0,0,0,0,0,0,0,0,0,0,0,0,0,0,0,0,0,0,0,0,0,0,0,0,0,0,0,0,0,0,0,0,3,0,0,0,0,0,0,0,0,0,0,0,0,0,0,0,0,0,0,0,0,0,0,0,0,0,0,0,0,0,0,0,0,0,0,0,0,0,0,0,0,0,0,0,0,0,0,0,0,0,0,0,0,0,0,0,0,0,0,0,0,0,0,0,0,0,0,0
"82ec064926401e552726831bdc911d07",0,0,0,0,0,0,0,0,0,0,0,0,0,0,0,0,0,0,0,0,0,0,0,0,0,0,0,0,0,0,0,0,0,0,0,0,0,0,0,0,0,0,0,0,0,0,0,0,0,0,0,0,0,0,0,0,0,0,0,0,0,0,0,0,0,0,10,0,0,0,0,0,0,0,0,0,0,0,0,0,0,0,0,0,0,0,0,0,0,0,0,0,0,0,0,0,0,0,0,0,0,0,0,0,0
"a65dfeb098a4c75709b502e77b36845c",0,0,0,0,0,0,0,0,0,0,0,0,0,0,0,0,0,0,0,0,0,0,0,0,0,0,0,0,0,0,0,0,0,0,0,0,0,0,9,0,0,0,0,0,0,0,0,0,0,0,0,0,0,0,0,0,0,17,0,0,0,0,0,0,0,0,6,0,0,0,0,0,0,0,0,0,0,0,0,0,0,0,0,0,0,0,0,0,0,0,0,0,0,0,0,0,0,0,0,0,0,0,0,0,0
"da17ac15ae66d64fcdfb95923b6f0edf",0,0,0,0,0,0,0,0,0,0,0,0,0,0,0,0,0,0,0,0,0,0,0,0,0,0,0,0,0,0,0,0,0,0,0,0,0,0,0,0,0,0,0,0,0,0,0,0,0,0,0,0,0,0,0,0,0,17,0,0,0,0,0,0,0,0,0,0,0,0,0,0,0,0,0,0,0,0,0,0,0,0,0,0,0,0,0,0,0,0,0,0,0,0,0,0,0,0,0,0,0,0,0,0,0
"73c0c843209ee53e172d82365f726b71",0,0,0,0,0,0,0,0,0,0,0,0,0,0,0,0,0,0,0,0,0,0,0,0,0,0,0,0,0,0,0,0,0,0,0,0,0,0,0,0,0,0,0,0,0,0,0,0,0,0,0,0,0,0,0,0,0,0,0,0,0,0,0,0,0,0,19,0,3,0,0,0,0,0,0,0,0,0,0,0,0,0,0,0,0,0,0,0,0,0,0,0,0,0,0,0,0,0,0,0,0,0,0,0,0
"562c8d27d1cef55aa701e6f57686741f",0,0,0,0,0,0,0,0,0,0,0,0,0,0,0,0,0,0,0,0,0,0,0,0,0,0,0,0,0,0,0,0,0,0,0,0,0,0,85,0,0,0,0,0,0,0,0,0,0,0,0,0,0,0,0,0,0,0,0,0,0,0,0,0,0,0,13,4,4,0,0,0,0,0,0,0,0,0,0,0,0,0,0,0,0,0,0,0,0,0,0,0,0,0,0,0,0,0,0,0,0,0,0,0,0
"d16a1231dbd61ae6ded7a84f396b1969",0,0,0,0,0,0,0,0,0,0,0,0,0,0,0,0,0,0,0,0,0,0,0,0,0,0,0,0,0,0,0,0,0,0,0,0,0,0,16,0,0,0,0,0,0,0,0,0,0,0,0,0,0,0,0,0,0,0,0,0,0,0,0,0,0,0,0,0,0,0,0,0,0,0,0,0,0,0,0,0,0,0,0,0,0,0,0,0,0,0,0,0,0,0,0,0,0,0,0,0,0,0,0,0,0
"b1a2eb74f17971864ed1ed964da108e5",0,0,0,0,0,0,0,0,0,0,0,0,0,0,0,0,0,0,0,0,0,0,0,0,0,0,0,0,0,0,0,0,0,0,3,0,0,0,0,0,0,0,0,0,0,0,0,0,0,0,0,0,0,0,0,0,0,0,0,0,0,0,0,20,0,0,0,0,0,0,0,0,0,0,0,0,0,0,0,0,0,0,0,0,7,7,0,0,0,0,0,0,0,0,0,0,0,0,0,0,0,0,0,0,0
"860d8bd98f810d6738a55f32f9899df9",0,0,0,0,0,0,0,0,0,0,0,0,0,0,0,0,0,0,0,0,0,0,0,0,0,0,0,0,0,0,0,0,0,0,0,0,0,0,0,0,0,0,0,0,0,0,0,0,0,0,0,0,0,0,0,0,0,0,0,0,0,0,0,16,0,0,0,0,0,0,0,0,0,0,0,0,0,0,0,0,0,0,0,0,0,0,0,0,0,0,0,0,0,0,0,0,0,0,0,0,0,0,0,0,0
"2b869347e522205f1c4a919196e6b45b",0,0,0,0,0,0,0,0,0,0,0,121,0,0,0,0,0,0,0,0,3,0,0,0,0,0,0,0,0,0,0,0,0,0,0,0,0,0,0,0,0,0,0,0,0,0,0,0,0,0,0,0,0,0,0,2,0,0,0,0,0,0,0,0,0,0,0,0,0,0,0,0,0,0,0,0,0,0,0,0,0,0,0,0,0,0,0,0,3,0,0,0,0,0,0,0,0,0,0,0,0,0,0,0,0
"5579ec31e1f25646f1390e8497284aa4",0,0,0,27,34,0,0,0,0,0,0,0,0,0,0,0,0,0,0,0,0,0,0,0,0,0,0,0,0,0,0,0,0,0,0,0,3,0,0,0,0,0,0,0,0,0,0,0,0,0,0,0,0,0,0,0,0,0,0,0,0,0,0,0,0,0,0,0,0,0,0,0,0,0,0,0,0,0,0,0,0,0,0,0,0,0,0,0,0,0,0,0,0,0,0,0,0,0,0,0,0,0,0,0,0
"4b7712254e4dd8d5bc585d4a6c5c2e88",839,35,12,441,1138,19,126,32,110,0,20,0,30,20,15,16,25,21,4836,37,42,27,24,25,37,37,15,4,46,26,505,15,830,40,29,33,103,12,3642,13,9,18,339,19,31,18,397,20,709,588,18,54,39,0,764,47,32,77,14,26,18,205,291,89,21,20,17,19,19,16,39,11,14,19,44,10,36,11,29,294,91,270,15326,16049,17645,12449,37,26,427,8,3852,24,12,13,77,75,26,984,9186,16336,25,30,222,244,1188
"d5135e3e52ad09c3e39312bf9236b4b7",0,0,0,0,0,0,0,0,0,0,0,0,0,0,0,0,0,0,0,0,0,0,0,0,0,0,0,0,0,0,0,0,0,0,0,0,0,0,0,0,0,0,0,0,0,0,0,0,0,0,0,0,0,0,0,0,0,0,0,0,0,0,0,0,0,0,0,0,0,0,0,0,0,0,0,0,0,0,0,0,0,0,0,0,0,0,2772,1761,5,13,0,0,0,0,0,0,9,0,0,0,0,0,0,0,0
"a1c8a4289a5c93d48a8c7cc17815ba8a",3,0,0,434,440,6,3,0,355,0,3,8,0,0,0,0,1163,1017,0,33,0,0,4,0,310,0,19,41,252,17,0,0,0,5,0,0,7,0,1091,49,0,99,3,0,0,0,0,160,0,0,0,96,16,0,0,10,4,3,0,2,10,0,2,82,2,0,118,0,111,0,0,2,0,0,0,0,0,0,0,42,0,0,499,410,295,218,0,0,0,0,0,0,0,0,44,63,6,0,4,6,0,0,0,0,5
"e9ea81e04d45674dbf2c6f23e8986b88",0,0,0,0,0,0,0,0,0,0,0,0,0,0,0,0,0,0,0,11,0,0,0,0,0,0,0,0,0,0,0,0,0,0,0,0,0,0,0,0,0,0,0,0,0,0,0,0,0,0,0,0,0,0,0,0,0,0,0,0,0,0,0,0,0,0,0,0,19,0,0,0,0,0,0,0,0,0,0,0,24,0,0,0,0,0,0,0,0,0,0,0,0,0,0,0,0,0,0,0,35,31,0,36,0
"6f980c6f3f2ffefd2013c721461cc1c6",24,16,12,0,7,0,9,12,12,25,12,9,0,0,0,0,5,0,6,0,18,6,13,0,34,16,23,21,22,11,0,21,0,14,3,7,23,40,0,0,6,0,40,58,48,58,18,8,59,27,5,4,0,0,8,0,0,0,0,0,0,0,0,0,0,0,0,0,0,32,0,0,9,0,0,0,15,31,0,24,0,29,0,3,0,6,7,5,11,0,11,0,0,0,0,0,24,0,0,0,19,11,0,9,33
"a333ee090a52b582e1a0e2dd776eb937",0,28,15,0,0,26,13,0,0,12,130,0,0,0,0,0,0,0,7,0,0,14,8,87,611,651,26,202,0,0,186,12,10,0,0,0,0,0,0,0,0,0,154,0,0,0,0,0,0,0,0,0,0,0,0,0,0,0,0,0,0,0,0,44,0,0,0,0,0,0,0,0,0,121,34,0,0,0,0,17,0,607,8,0,10,0,0,0,0,0,0,0,0,0,0,0,12,0,126,170,46,33,0,13,0
"6d4fe16838ce84397bd418e10a2616d0",0,0,0,0,0,0,0,0,0,0,0,0,0,0,0,0,0,0,0,0,0,0,0,0,0,0,0,0,0,0,0,0,0,0,0,0,0,0,0,0,0,0,0,0,0,0,0,0,0,0,0,0,0,0,0,0,0,0,0,0,0,0,0,0,0,0,0,0,0,0,0,0,4,0,0,0,0,0,0,0,0,0,0,0,0,0,0,0,0,0,0,0,0,0,0,0,0,0,0,0,0,0,0,0,0
"2e81e4d1a54e1636af43e46fa332ab11",0,0,0,0,0,0,0,0,0,0,0,0,107,76,0,0,0,0,0,0,0,0,0,0,0,0,0,0,0,0,0,0,0,0,9,6,0,0,0,0,0,0,0,3,0,7,0,0,0,0,0,0,0,0,0,0,0,0,5,14,0,0,0,0,0,0,0,0,0,17,0,0,0,0,0,0,0,0,0,0,0,20,0,0,0,0,0,0,0,0,0,0,0,0,0,0,0,0,0,0,28,6,0,0,0
"a663a01aeb4dbb88bbe0a9840e8f64dc",0,94,113,0,0,208,0,102,7,178,0,0,76,55,22,13,5,0,7,0,106,44,85,469,202,32,55,27,390,8,534,0,0,17,0,0,11,0,427,0,0,0,140,180,102,0,6,0,2487,2203,0,0,0,0,164,0,206,308,0,0,10,0,0,15,0,0,0,0,0,32,0,0,0,0,8,8,0,10,16,26,0,195,71,104,0,0,7,0,57,0,16,98,7,0,0,0,1357,0,0,0,204,105,0,0,0
"e865f29a716e8d51f83931befa951240",458,274,181,320,452,21,1015,217,54,18,96,162,28,17,75,80,537,527,1588,17,406,688,1297,26,3712,207,89,14,439,563,32,814,643,674,29,19,748,656,16,143,160,17,2498,659,739,134,198,18,20,7,231,10,0,7,9,16,0,23,38,107,0,2,19,86,192,10,26,0,10,14,52,26,83,287,128,8,19,17,12,21,282,18,15,16,143,117,37,22,161,67,10,0,8,252,158,240,20,34,714,808,18,18,97,568,476
"810fbee6f33ede9ba6b772d59acf2c8e",0,0,0,0,0,0,0,0,0,0,0,0,0,0,0,0,0,0,0,0,0,3,0,0,0,0,0,0,0,0,0,0,0,0,0,0,0,0,0,0,0,0,0,0,0,0,0,0,0,0,0,0,0,0,0,0,0,0,0,0,0,0,0,0,0,0,0,0,0,0,0,0,0,0,0,0,0,0,0,0,0,0,0,0,0,0,0,0,0,0,0,0,0,0,0,0,0,0,0,0,0,0,0,0,0
"533b6c05a74b2c25a94f884d6fe42f9d",0,0,0,10,6,0,0,7,5618,6,5846,4,0,0,0,7,0,0,0,3130,1167,0,6,0,16,778,0,4303,0,0,0,0,0,0,8,0,8,0,151,0,609,2402,0,0,0,0,0,3459,9,0,11,348,912,663,0,449,0,0,0,0,0,732,873,176,0,287,2533,13,755,0,588,216,0,0,0,1603,631,0,0,3565,0,33,0,0,60,53,186,85,740,0,1110,0,0,250,756,709,0,13,309,483,0,0,60,102,6
"472df4b319240d4a00b81971c7d70487",0,0,0,0,0,0,0,0,0,0,0,0,0,0,0,0,0,0,0,0,0,0,0,0,0,0,0,0,162,0,0,0,0,0,0,0,0,0,0,0,0,0,0,0,0,35,0,0,0,0,0,0,0,0,0,0,0,0,0,9,4,0,0,0,0,0,0,0,0,0,0,0,2,0,0,0,0,0,0,0,0,0,0,0,0,0,0,0,0,0,0,0,0,0,0,0,0,0,0,0,4,0,0,0,0
"a4adb062e789a813368b3e2ec4df539e",0,0,0,0,0,0,0,0,0,0,0,0,0,0,0,0,0,0,5,0,0,0,0,0,0,0,0,0,0,0,0,0,0,0,0,0,0,0,0,0,32,0,0,0,0,0,0,0,0,0,0,0,0,0,0,0,0,0,0,0,0,0,0,0,0,0,0,0,0,0,0,0,0,0,0,0,0,0,0,0,0,93,0,0,0,0,0,0,0,0,0,0,0,0,0,0,0,0,0,0,0,0,0,0,0
"de68af3f62b2b04e42f894e18839bb57",0,0,6,0,0,39,0,0,0,8,0,0,0,0,0,0,0,0,6,0,0,0,0,13,0,0,0,0,34,13,0,0,0,0,0,0,9,0,0,0,0,0,0,0,0,0,0,0,0,0,0,0,0,0,0,0,0,0,0,0,0,0,0,0,0,0,0,0,0,0,0,0,0,0,0,0,0,28,0,0,0,0,0,0,0,0,0,0,3,0,0,0,0,0,3,0,0,0,0,0,13,18,0,0,0
"db30710da37e69642cc4285ba7316773",0,33,32,0,0,0,9,0,6,0,5,8,0,0,0,0,18,17,0,0,0,0,0,0,8,0,0,0,342,0,12,0,0,7,0,5,0,0,0,0,0,0,0,0,0,14,0,0,0,0,0,0,0,0,0,0,0,0,0,0,0,0,0,0,0,0,0,0,0,0,0,0,0,0,0,0,0,0,0,0,0,11,0,0,0,0,0,0,0,3,0,0,0,0,0,0,0,0,0,0,0,0,0,0,0
"cb3bfa7ac2b500c6a49d88ce9412dbea",0,0,0,115,104,0,0,0,0,0,129,14,8,8,0,0,0,0,0,0,0,0,0,0,0,0,0,0,0,0,0,21,0,0,0,0,316,343,300,0,0,0,0,0,0,209,0,0,0,0,0,0,0,0,0,0,0,0,9,32,0,0,0,25,0,0,0,8,0,0,22,0,0,0,0,0,0,0,0,31,0,28,0,0,0,0,0,0,8,6,0,0,0,0,0,0,0,0,0,0,0,0,0,0,0
"7a3090aa682623800304aca0da51c22c",0,5,11,12,8,55,0,47,0,232,57,0,197,136,0,0,5,0,0,0,24,20,8,0,487,0,167,0,17,0,56,0,0,0,0,0,12,0,0,0,0,0,0,14,17,0,0,0,339,307,0,0,0,0,0,0,0,0,0,0,0,0,0,0,0,0,0,0,0,0,0,0,0,0,0,0,0,0,0,0,0,0,95,100,0,0,0,0,0,0,0,0,0,0,0,0,0,0,0,10,0,0,0,0,0
"f7870a4e6cccb8a029cf6f0091c106f5",0,0,0,0,0,0,0,0,0,0,0,0,0,0,0,0,0,0,0,0,48,0,0,0,0,0,0,0,0,0,10,0,0,0,0,0,0,0,0,0,0,0,0,0,0,0,0,0,2541,1513,0,0,0,0,0,0,0,0,0,0,0,0,0,0,0,0,0,0,0,0,0,0,0,0,0,0,0,0,4,0,0,0,0,0,0,0,0,0,0,0,0,0,0,0,0,0,0,0,56,65,0,0,0,0,0
"517b36b986012394a442af4336b89612",0,0,0,0,0,0,0,0,0,0,0,0,0,0,0,0,0,0,0,0,0,0,0,0,0,0,0,0,0,0,0,0,2,0,0,0,790,581,0,0,0,0,42,0,0,0,0,0,0,0,0,0,0,0,0,0,0,0,0,0,0,0,0,0,0,0,0,0,0,0,0,0,0,0,0,0,0,0,0,0,0,13,0,0,0,0,0,0,0,0,0,0,0,0,0,0,0,0,43,61,0,0,0,0,0
"5f8d35126b0a7321413d21487ec72b73",0,22,13,0,0,119,0,11,0,0,0,0,27,16,0,0,0,0,0,0,0,0,0,75,23,0,28,0,0,0,103,0,9,0,8,0,28,8,0,0,0,0,9,114,57,0,0,0,79,47,0,0,0,0,7,0,0,0,0,0,52,8,26,0,0,0,0,7,0,33,0,0,0,12,0,0,10,0,0,0,0,150,46,81,0,0,0,0,0,0,0,0,0,0,0,0,219,0,24,35,0,0,0,0,6
"7f4767d01227d691b8e5125a2a7d997f",0,0,0,1785,1843,0,0,0,0,0,0,0,0,0,81,106,0,0,0,321,0,0,0,0,0,0,0,0,0,0,0,0,0,0,0,0,0,0,0,0,0,1674,0,0,0,0,0,0,0,0,0,0,0,0,0,0,0,0,0,0,0,0,0,0,0,0,0,0,0,0,0,0,0,0,0,0,0,0,0,0,0,0,0,0,0,0,0,0,0,0,0,0,0,0,0,0,0,0,0,0,0,0,0,0,0
"419af6db3c0709d63ffc1933ab11b24c",0,0,0,0,0,0,0,0,0,0,0,0,94,99,0,0,0,0,0,0,0,0,0,0,0,0,0,0,0,0,0,0,0,0,0,0,0,0,0,0,0,0,0,0,0,0,0,0,0,0,0,0,0,0,0,0,0,0,0,0,0,0,0,0,0,0,0,0,0,0,0,0,0,0,0,0,0,0,0,0,0,0,0,0,0,0,0,0,0,0,0,0,0,0,0,0,0,0,0,0,0,0,0,0,0
"782a79a0725adc6ac22fc1fd15933a12",571,1022,981,1901,1943,0,20,17,628,6,4232,977,21,17,71,119,2315,1895,0,13,2476,17,19,7,22,3216,0,11,17,1416,10,0,334,12,14,15,19,10,31,0,3663,1440,0,12,22,1025,222,1573,18,10,63,925,466,114,0,185,10,10,146,458,643,1350,1871,17,0,205,637,1801,204,13,13,14,0,16,17,157,2326,14,0,3017,5229,77,0,0,758,1129,560,252,1832,1704,689,0,65,355,306,730,0,0,15,13,11,11,240,560,799
"4f60c2b7c85fe7a5830f4ba4c3e96924",0,0,0,0,0,0,0,0,33,0,0,0,0,0,0,0,0,0,0,411,0,6,4,0,0,0,0,0,0,0,0,0,0,3,0,0,0,0,0,0,4,29,0,0,0,0,0,0,0,0,0,4,0,9,0,12,0,0,0,0,12,0,0,60,74,7,167,354,0,0,0,0,0,0,0,0,13,10,0,0,0,0,0,0,75,89,132,112,115,0,0,0,0,0,0,0,0,0,0,0,0,0,0,0,0
"ceb53f1e6bbcbf2bbc1e431a120ea5f7",0,0,0,0,0,0,0,0,0,0,0,0,0,0,2584,2424,0,0,2,105,0,0,0,0,0,0,0,0,0,0,0,0,0,0,0,0,0,0,0,0,0,0,0,0,0,0,0,0,0,0,0,0,0,130,55,163,0,0,0,0,24,19,13,0,0,109,0,0,451,0,76,64,0,0,0,0,0,0,0,0,0,0,0,0,0,0,0,0,0,0,0,0,0,0,0,0,0,0,0,0,0,0,0,0,0
"ff3a818a224b7b442a3a1539447aa2ca",0,0,0,9,0,5,0,0,0,0,4,6,5,5,1033,1393,0,2,0,0,0,0,0,6,0,0,0,0,0,0,0,2,4,0,0,0,0,0,5,3,15,0,0,0,0,0,0,0,3,0,0,0,0,0,0,0,4,3,3,3,0,0,0,4,0,3,0,0,3,0,0,0,0,0,4,0,0,0,2,6,3,3,0,0,16,28,0,0,0,0,0,0,0,0,0,0,0,0,5,0,3,4,0,3,0
"3ee2737f18047cff2f0d8eb20c8385c3",0,0,0,0,0,0,0,0,0,0,0,0,0,0,0,0,0,0,0,0,0,0,0,0,0,0,0,0,0,0,0,0,0,0,0,0,0,0,0,0,0,0,0,0,0,0,0,0,0,0,0,0,0,0,0,0,0,0,0,0,0,0,0,55,0,0,0,0,0,0,0,0,0,0,0,0,0,0,0,0,0,0,0,0,0,0,0,0,0,0,0,0,0,0,0,0,0,0,0,0,0,0,0,0,0
"7fd072aff74564746d11ca0c54ee6ae2",0,65,25,1012,1340,6,0,8,74,5,0,208,7,7,6,6,6,5,0,0,0,119,0,6,13,9,44,0,811,0,1328,8,0,997,10,4,11,0,4,0,549,0,0,7,0,0,10,0,0,0,8,5,0,10,0,29,4,6,3,7,0,0,6,13,10,0,8,816,0,0,0,0,7,6,0,0,7,18,5,6,0,5,4,8,451,518,0,0,1210,0,0,0,0,2,0,6,0,0,7,5,10,7,7,0,0
"9e9c4270966cf507485654eb33a69880",0,0,0,0,0,0,0,0,0,0,0,0,0,0,0,0,0,0,0,0,12,0,0,0,0,103,0,0,0,0,0,0,0,117,0,0,0,0,0,0,0,0,0,0,0,11,0,0,5,0,0,140,33,0,14,0,31,41,0,10,241,0,0,36,20,52,20,0,5,27,7,0,14,5,0,0,50,0,5,0,10,36,0,0,0,0,0,0,78,620,0,4,0,6,9,13,8,0,14,17,4,0,0,0,0
"9e75d15ba3717ca20d8aa45e3c4a6bab",0,0,0,0,0,0,0,0,0,0,10,4,0,0,0,0,0,9,0,0,0,0,4,0,0,159,0,0,0,12,0,17,0,0,0,0,0,0,0,7,0,0,5,0,0,0,0,0,0,0,0,8,5,0,0,0,0,0,0,0,0,5,11,0,0,0,0,0,0,0,6,0,0,0,0,0,0,0,0,0,0,0,0,0,0,0,0,0,0,0,0,0,0,0,4,0,0,0,0,0,0,0,0,0,0
"fa75e4a8d77483c82a344c520c19f153",0,0,0,0,0,0,0,0,0,0,0,0,0,0,0,0,0,0,0,0,0,0,0,0,0,0,0,0,0,0,0,0,0,0,0,0,0,0,0,0,0,0,0,0,0,0,0,0,0,0,0,0,0,0,0,0,0,0,0,0,0,0,0,0,0,0,16,0,2,0,0,0,0,0,0,0,0,0,0,0,0,0,0,0,0,0,0,0,0,0,0,0,0,0,0,0,0,0,0,0,0,0,0,0,0
"33295f1846cff2bf9c88e15798fbc91d",0,0,0,0,0,0,0,0,0,0,0,0,0,0,0,0,0,0,0,0,0,0,0,0,0,0,0,0,0,0,0,0,0,0,0,0,0,0,0,0,0,0,0,0,0,0,0,0,0,0,0,0,0,0,0,0,0,0,0,0,0,0,0,0,0,0,0,0,0,0,0,0,0,0,35,0,0,0,0,0,0,0,0,0,0,0,0,0,0,0,0,0,0,0,0,0,0,0,0,0,0,0,0,0,0
"9a622b5241098eff28402a3f641c58f8",0,0,0,0,0,0,0,0,0,0,0,0,0,0,0,0,0,0,0,0,0,0,0,0,0,0,6,0,0,0,0,0,0,0,0,0,6,0,0,0,0,0,0,0,0,0,0,0,0,0,6,0,0,0,0,0,0,12,0,0,0,0,8,0,0,0,74,0,0,0,0,0,0,0,0,0,0,0,0,0,0,0,0,0,0,0,0,0,0,0,0,0,0,0,0,0,0,0,0,0,0,0,0,0,0
"8e09caaee61bd482522f087e96e093de",0,0,0,0,0,0,0,0,0,0,0,0,0,0,0,0,0,0,0,0,0,0,0,0,0,0,0,0,10,0,0,0,0,0,0,0,0,0,137,0,0,7,0,0,0,8,0,0,0,0,0,0,0,0,0,0,35,31,0,0,19,0,0,0,0,0,38,11,30,0,17,0,0,0,0,10,0,0,0,0,0,0,0,0,0,0,0,0,0,0,0,0,0,0,0,0,19,0,0,0,0,0,0,0,0
"26c6e3ed14694582e207478c1f23c21f",0,0,11,63,87,14,0,0,18,15,0,321,19,10,8,0,0,23,9,0,13,0,11,11,18,14,58,0,273,5,11,22,8,16,13,0,20,17,20,0,47,91,0,13,0,25,29,67,35,19,15,0,326,8,0,127,15,61,0,20,0,16,9,1311,8,10,7,101,19,10,44,29,24,12,0,0,16,8,0,0,0,0,18,14,289,110,360,285,309,0,14,23,0,0,0,16,1118,0,12,0,34,23,11,86,15
"e27b9e73955f9ee43166443c005e4186",0,0,0,0,0,0,0,0,0,0,0,0,0,0,0,0,0,0,0,0,0,0,0,0,0,0,0,0,0,0,0,0,0,0,0,0,0,0,0,0,0,0,0,0,0,0,0,0,0,0,0,0,0,0,0,0,0,0,0,0,0,0,0,0,0,0,0,0,0,0,0,0,0,0,0,0,0,0,0,0,0,0,0,0,0,0,0,0,0,0,0,0,0,0,0,0,164,0,0,0,0,0,0,0,0
"65d43491988bfe557da4d86a5ba25dae",0,0,0,0,0,0,0,0,0,0,0,0,0,0,0,0,0,0,0,0,0,0,0,0,0,0,0,0,12,0,0,0,0,0,0,0,0,0,7,0,5,0,0,0,0,9,0,7,0,0,0,0,0,0,0,0,12,24,0,0,0,0,0,0,0,0,0,0,0,0,4,0,0,0,0,0,0,0,0,0,0,7,0,0,0,0,0,0,0,0,0,0,0,0,7,0,13,0,0,0,0,0,0,0,0
"e7dd01d01c0203abc3708549d99e4e9c",0,0,0,0,0,0,0,0,0,0,0,0,0,0,0,0,0,0,0,0,0,0,0,0,0,0,0,0,0,0,0,0,0,0,0,0,0,0,0,0,0,0,0,0,0,0,0,0,0,0,0,0,0,0,0,0,0,0,0,0,0,0,0,0,0,0,0,0,0,0,0,0,0,0,0,0,0,0,0,0,0,0,0,0,0,0,0,0,0,0,0,0,0,0,0,0,0,0,0,17,0,0,0,0,0
"2bd9309f2f97cae51d18d06ea1ca519a",10,10,0,40,60,0,0,0,0,0,0,20,0,12,0,0,0,0,0,0,28,0,0,0,26,89,0,15,0,83,23,0,0,0,17,18,67,12,162,0,0,0,23,0,0,0,0,12,27,22,0,0,8,0,34,24,217,261,0,0,46,0,7,0,0,0,27,0,0,0,0,0,0,0,0,0,18,0,0,0,0,263,20,28,0,0,0,0,21,18,0,0,0,32,6,0,26,0,0,20,0,13,13,0,27
"9908fffab7ed4f3bec44cda2f5084d49",14,15,19,34,41,39,29,102,23,20,26,0,34,31,0,20,24,18,30,0,75,21,28,66,0,942,13,25,69,0,0,61,492,28,379,532,28,0,23,0,19,14,0,31,28,29,0,0,18,0,0,30,9,24,55,0,26,38,18,35,36,0,12,56,98,17,151,22,21,19,29,0,0,31,20,0,31,17,13,31,18,64,0,0,26,34,34,0,23,283,12,20,20,0,0,12,120,0,185,240,231,92,21,19,0
"e20080c3550b1318bbb29e84d651c014",0,0,0,0,0,0,0,0,0,0,0,0,0,0,0,0,0,0,0,0,0,0,0,0,0,0,0,0,0,0,0,0,0,0,0,0,0,0,0,0,0,0,0,0,0,0,0,0,0,0,0,0,0,0,0,0,0,0,0,0,0,0,0,0,0,0,0,0,0,0,0,0,0,0,0,0,0,0,0,0,0,0,0,0,0,0,0,0,0,9,0,0,0,0,0,0,0,0,0,0,0,0,0,0,0
"6f899e58ffc768754891187809557d7d",1008,14,7,0,0,0,0,432,2187,0,0,0,0,0,0,0,0,0,0,0,0,0,8,0,0,1262,0,1721,0,0,0,0,0,0,0,0,0,0,0,0,0,30,0,0,0,0,290,0,0,0,0,4890,265,277,0,55,0,0,412,1067,0,1358,1595,1537,255,2277,649,62,184,1057,859,158,288,653,400,535,0,412,270,13,50,211,0,0,0,0,0,0,1854,0,0,23,0,2380,0,0,96,0,0,0,72,36,0,0,1316
"d6a526b572996ed919a3e009473bc860",0,0,0,0,0,0,0,0,0,0,15,0,0,0,0,0,10,15,0,0,124,21,0,63,0,0,0,0,0,0,0,0,0,0,0,0,0,0,0,0,0,0,119,0,0,0,0,0,0,0,0,0,0,0,0,0,0,0,0,0,0,0,0,0,0,0,0,0,0,0,0,0,0,0,0,0,0,0,0,0,0,0,0,0,0,0,0,0,0,0,0,0,0,0,0,0,0,0,0,0,0,0,0,0,0
"8df399e29acb5a583f449a82db4e17c9",0,0,0,0,0,0,0,0,0,0,0,21,0,0,0,0,0,0,0,0,0,0,0,0,0,0,0,0,0,0,0,0,0,0,0,0,0,0,0,0,0,0,0,0,0,0,0,0,0,0,0,0,0,0,0,0,0,0,0,0,0,0,0,0,0,0,0,0,0,0,0,0,0,0,0,0,0,0,0,0,0,0,0,0,0,0,0,0,0,0,0,0,0,0,0,0,0,0,0,0,0,0,0,0,0
"09e996f449e880d1fd8f27d59e8d8b11",184,0,0,0,0,24,0,92,0,0,0,0,0,0,0,0,0,0,0,0,39,17,21,0,0,0,187,0,0,0,0,0,8,17,0,0,0,0,0,0,0,0,0,223,127,0,0,0,0,0,0,0,0,0,0,0,0,0,0,0,0,0,0,0,0,0,0,0,0,0,0,0,0,0,0,0,17,0,0,0,0,0,0,0,0,0,0,0,0,0,0,0,0,0,0,0,0,0,0,0,0,0,0,0,188
"3bb4fcf6e1e0abedb23d30a631236d78",0,0,0,0,0,0,0,0,0,0,0,0,0,0,0,0,0,0,0,0,0,0,0,0,0,0,0,0,0,0,0,0,0,0,0,0,0,0,0,0,0,0,0,0,0,0,12,0,0,0,0,0,0,0,0,0,0,0,0,0,0,0,0,0,0,0,0,0,0,0,0,0,0,0,0,0,0,0,0,0,0,0,0,0,0,0,0,0,0,0,0,0,0,0,0,0,0,0,0,0,0,0,0,0,0
"0df6c802966e8670279671824da4f10a",24,1211,918,8,18,5,0,80,19,0,0,0,0,0,0,0,0,0,0,0,16,0,5,7,0,0,0,0,0,0,0,0,9,0,0,0,19,0,0,0,0,0,0,0,0,0,0,5,0,0,0,0,55,0,391,0,5,10,0,4,18,0,0,32,0,0,0,0,0,0,95,34,6,83,13,0,371,0,4,0,0,24,0,0,33,70,0,0,17,0,0,3,0,753,0,0,0,0,0,0,9,0,0,0,19
"b3b4db7a1720d6b5d9022d8d1b6cf0cc",0,0,0,0,0,0,0,0,0,0,0,0,0,0,0,0,0,0,0,0,0,0,0,0,0,0,0,0,0,0,0,0,0,0,0,0,0,0,0,0,0,0,0,0,0,0,0,0,0,0,0,0,0,0,0,0,0,0,0,0,0,0,0,0,0,0,9,0,0,0,0,0,0,0,0,0,0,0,0,0,0,0,0,0,0,0,0,0,0,0,0,0,0,0,0,0,0,0,0,0,0,0,0,0,0
"b9036fe313cc847af4a7a9d5da8316bd",0,0,0,0,0,0,0,0,0,0,0,0,0,0,0,0,0,0,0,0,0,0,0,0,0,0,0,0,0,0,0,0,0,0,0,0,0,0,0,0,0,0,0,0,0,0,0,0,0,0,0,0,0,0,0,0,0,0,0,0,130,0,0,0,0,0,51,0,0,0,0,0,0,0,0,0,0,0,0,0,0,0,0,0,0,0,0,0,0,0,0,0,0,0,0,0,0,0,0,0,0,0,0,0,0
"feb1c288cd46f6fd9bc3c2c35970cbdf",268,623,502,0,0,0,0,385,19,0,0,50,0,0,0,0,0,0,0,0,0,0,8,0,0,9,48,0,0,0,0,0,100,0,0,6,0,0,0,0,0,8,0,0,0,0,0,0,0,0,0,17,10,0,26,0,0,0,0,0,33,0,0,0,0,0,68,0,0,0,0,0,0,29,11,0,3718,21,0,0,0,79,0,0,40,13,0,4,244,0,0,0,0,1304,0,0,32,0,0,0,11,0,0,0,315
"d114fb4c335125128be28401522dd41a",0,0,0,0,0,28,7,0,0,16,31,66,0,0,0,0,0,0,5,0,28,14,0,0,0,116,0,0,0,10,0,14,0,180,0,0,0,0,0,10,0,18,14,289,232,0,9,9,0,0,0,239,0,0,0,0,0,0,0,0,0,0,0,0,0,0,0,0,0,0,0,0,0,0,14,0,0,0,0,0,0,0,0,0,8,0,0,0,0,394,0,0,15,0,7,7,95,0,11,20,8,0,0,0,0
"fd496fd32dc8c08ade2e8b6c9d8ee13d",2270,736,701,238,374,411,156,250,396,267,208,401,134,126,69,72,843,889,134,0,7299,1359,212,13983,2070,21065,1998,368,1641,177,212,77,1610,786,176,434,1024,997,3467,408,40,35,2124,1335,1013,93,74,2138,953,1046,39,48,52,257,102,128,13879,13697,19,39,275,69,167,34,93,1378,158,31,45,147,513,133,95,33,42,720,4147,64,95,186,92,318,56,133,109,83,601,415,683,709,295,916,40,2277,231,100,721,64,890,1090,358,221,241,92,3976
"e6c5c903c1159e4bc6c70856d2d0db9d",0,0,0,0,0,0,0,0,0,0,0,0,0,0,0,0,0,0,0,0,0,0,0,0,0,0,0,0,0,0,0,0,0,0,0,0,0,0,0,0,0,0,0,0,0,0,0,0,0,0,0,0,0,0,0,0,0,0,0,0,0,0,0,0,0,0,0,2,0,0,0,0,0,0,0,0,0,0,0,0,0,0,0,0,0,0,0,0,0,0,0,0,0,0,0,0,0,0,0,0,0,0,0,0,0
"1c762457813b98bf7c736df86fc2b373",0,0,0,0,0,0,0,0,0,0,0,0,0,0,0,0,0,0,0,0,0,0,0,0,0,0,0,0,0,0,0,0,0,0,0,0,0,0,8,0,3,0,0,0,0,0,0,0,0,0,0,0,0,0,0,0,0,0,0,0,0,0,0,0,0,0,0,0,0,0,0,0,0,0,0,0,0,0,0,0,0,0,0,0,0,0,0,0,0,0,0,0,0,0,0,0,0,0,0,0,0,0,0,0,0
"8f1f0c16b5ae8d0f4a9f295ceefeb311",0,0,0,0,0,0,0,0,0,0,0,0,0,0,0,0,0,0,0,0,0,0,0,0,0,0,0,0,0,0,0,0,0,0,0,0,0,0,0,0,0,0,0,0,0,0,0,0,0,0,0,0,0,0,0,0,0,0,0,0,0,0,0,0,0,0,0,2,0,0,0,0,0,0,0,0,0,0,0,0,0,0,0,0,0,0,0,0,0,0,0,0,0,0,0,0,0,0,0,0,0,0,0,0,0
"0e4b96294f2a2985a5d7fd8c87f7ce6d",0,0,0,0,0,0,0,0,0,0,0,0,0,0,0,0,0,0,0,0,0,0,0,0,0,0,0,0,0,0,0,0,0,0,0,0,0,0,0,0,0,0,0,0,0,0,0,0,4,0,0,0,0,0,0,0,0,0,0,0,0,0,0,0,0,0,0,0,0,0,0,0,0,0,0,0,0,0,0,0,0,0,0,0,0,0,0,0,0,0,0,0,0,0,0,0,0,0,0,0,0,0,0,0,0
"5452af9be692ed6c65826ab4c9991dbe",0,0,0,0,0,0,0,0,0,0,0,0,0,0,0,0,0,0,0,0,0,0,0,0,0,0,0,0,0,0,0,0,0,0,0,0,3,0,0,0,0,0,0,0,0,0,0,0,0,0,0,0,0,0,0,0,0,0,0,0,0,0,0,0,0,0,0,0,0,0,0,0,0,0,0,0,0,0,0,0,0,0,0,0,0,0,0,0,0,0,0,0,0,0,0,3,0,0,0,0,0,0,0,0,0
"4c8484ee472ced85e71c7cf89d24ee94",18,89,28,252,231,422,0,0,0,0,0,10,0,0,164,158,7,0,0,0,0,13,0,0,44,0,0,0,0,0,0,0,12,0,0,0,0,0,0,0,128,0,14,0,0,0,0,0,0,0,0,0,0,0,0,0,0,0,0,0,0,0,0,18,0,0,0,0,0,0,0,0,0,0,0,0,0,0,0,36,0,16,0,0,42,68,0,0,114,16,0,0,0,0,0,0,0,0,0,0,252,220,0,0,21
"31cc545b97cb78baf32984abbc1e730e",0,0,0,0,0,0,0,0,0,0,0,0,0,0,0,0,0,0,0,0,0,0,0,0,0,0,0,0,0,0,0,0,0,0,0,0,0,0,0,0,0,0,0,0,0,0,0,0,0,0,0,0,0,0,0,0,0,0,0,0,0,0,0,0,0,0,0,0,3,0,0,0,0,0,0,0,0,0,0,0,0,0,0,0,0,0,0,0,0,0,0,0,0,0,0,0,0,0,0,0,0,0,0,0,0
"b97bc8ceb2ce1bf46a4f3fd14883d9bb",0,0,0,0,0,0,0,0,0,0,0,0,0,0,0,0,0,0,0,0,0,0,0,0,0,0,0,0,0,0,0,0,0,0,0,0,0,0,0,0,0,0,0,0,0,0,0,0,0,0,0,0,0,0,0,0,0,0,0,0,0,0,0,0,0,0,28,0,0,0,0,0,0,0,0,0,0,0,0,0,0,0,0,0,0,0,0,0,0,0,0,0,0,0,0,0,0,0,0,0,0,0,0,0,0
"c80129c549f593a79139fb39321b12dc",0,0,0,0,0,0,0,0,0,0,0,0,0,0,0,0,0,0,0,0,0,0,0,0,0,0,0,0,0,0,0,0,0,0,0,0,0,0,14,0,0,0,0,0,0,0,0,0,0,0,0,0,0,0,0,0,0,0,0,0,0,0,0,0,0,0,34,0,0,0,0,0,0,0,0,0,0,0,0,0,0,0,0,0,0,0,0,0,0,0,0,0,0,0,0,0,0,0,0,0,0,0,0,0,0
"50c1adc394d69456bab0180bd2d25d57",0,0,0,0,0,0,0,0,0,0,0,0,0,0,0,0,0,0,0,0,0,0,0,0,0,0,0,0,0,0,0,0,0,0,0,0,0,0,0,0,0,0,0,0,0,0,0,0,0,0,0,5,0,0,0,0,0,0,0,0,0,0,0,0,0,0,22,0,5,0,0,0,0,0,0,0,0,0,0,3,0,0,0,0,0,0,0,0,0,0,0,0,0,0,0,0,0,0,0,0,0,0,0,0,0
"9ed5a69c305cd9031b6d38bb9f375923",0,0,0,0,0,0,0,0,0,0,0,0,0,0,0,0,0,0,0,0,0,0,0,0,0,0,0,0,0,0,0,0,0,0,0,0,0,0,0,0,0,0,0,0,0,0,0,0,0,0,0,0,0,0,0,0,0,0,0,0,0,0,0,0,0,0,35,0,0,0,0,0,0,0,0,0,0,0,0,0,0,0,0,0,0,0,0,0,0,0,0,0,0,0,0,0,0,0,0,0,0,0,0,0,0
"55fe8d099e823d63dcfd604ecd68bbde",0,0,0,0,0,0,0,0,0,0,0,0,0,0,0,0,0,0,0,0,0,0,0,0,0,0,0,0,0,0,0,0,0,0,0,0,0,0,0,0,0,0,0,0,0,0,0,0,0,0,0,0,0,0,0,2,0,0,0,0,0,0,0,0,0,0,0,0,0,0,0,0,0,0,0,0,0,0,0,0,0,0,0,0,0,0,0,0,0,0,0,0,0,0,0,0,0,0,0,0,0,0,0,0,0
"9c0c7968a319588d0d49e02954e0bf57",0,0,0,0,0,0,0,0,0,0,0,0,0,0,0,0,0,0,0,0,0,0,0,0,0,0,0,0,0,0,0,3,0,0,0,0,0,0,0,0,0,0,0,0,0,0,0,0,0,0,0,0,0,0,0,0,0,0,0,0,0,0,0,0,0,0,15,0,0,0,0,0,0,0,0,0,0,0,0,0,0,0,0,0,0,0,0,0,0,0,0,0,0,0,0,0,0,0,0,0,0,0,0,0,0
"68262884f1021c896f8e1bf7348d773c",0,0,0,0,0,0,0,0,0,0,0,0,0,0,0,0,0,0,0,0,0,0,0,0,0,0,0,3,0,0,0,2,0,0,0,3,0,0,41,0,0,0,0,0,0,0,0,0,0,0,0,0,0,0,0,3,0,17,0,0,0,0,4,0,0,0,33,0,5,0,0,0,0,0,0,0,0,0,0,0,0,0,0,0,0,0,0,0,0,0,0,0,0,0,0,0,0,0,0,0,0,0,0,0,0
"8612a638846acf832935cb932a1f0398",0,0,0,0,0,0,0,0,0,0,0,0,0,0,0,0,0,0,0,0,0,0,0,0,0,0,0,0,0,0,0,0,0,0,4,0,0,3,0,0,0,0,0,0,0,0,0,0,0,0,0,0,0,0,0,0,10,0,0,0,0,0,0,0,0,0,0,0,7,0,0,0,0,0,0,0,0,0,0,0,0,0,0,0,0,0,0,0,0,0,0,0,0,0,0,0,0,0,0,0,0,0,0,0,0
"09f9294499192d4eecf29e85501cc425",0,0,0,8,5,0,0,0,0,0,0,0,0,0,0,0,0,0,0,0,0,0,0,0,0,0,0,0,0,0,0,0,0,0,0,0,0,0,0,0,0,0,0,0,0,0,0,0,0,0,0,0,0,0,0,0,0,0,0,0,0,0,0,0,0,0,0,0,0,0,0,0,0,0,0,0,0,0,0,0,0,0,0,0,0,0,0,0,0,0,0,0,0,0,0,0,0,0,0,0,0,0,0,0,0
"c595940926ac2c5a30b35c8c77c92e98",0,0,0,0,0,0,0,0,0,0,0,0,0,0,0,0,0,0,0,0,0,0,0,0,0,0,0,0,0,0,0,0,0,0,0,0,0,0,0,0,0,0,0,0,0,0,0,0,0,0,0,0,0,0,0,0,0,0,0,0,0,0,0,0,0,0,44,0,0,0,0,0,0,0,0,0,0,0,0,0,0,0,0,0,0,0,0,0,0,0,0,0,0,0,0,0,0,0,0,0,0,0,0,0,0
"546b6c41df84273c2b89fb71e0c32738",6,11,7,9,8,0,16,10,0,10,0,6,13,4,10,7,7,4,0,1797,10,7,7,6,21,492,4,7,0,0,0,7,3,0,0,11,12,7,14,0,0,763,5,6,9,5,6,5,16,19,8,7,10,176,0,8,0,13,0,7,0,0,6,18,0,21,0,34,268,0,5,10,6,0,12,0,11,4762,0,8,12,4212,106,139,2201,2138,936,623,6,12,0,0,22,9,5,4,0,0,0,14,4,0,59,258,0
"c993b259f0884c13dd5f8825c23afea8",0,0,0,0,9,0,0,0,6,0,0,0,0,0,0,0,0,0,4,0,0,0,0,0,0,0,0,0,0,0,0,0,0,0,0,0,0,0,0,0,0,0,0,0,0,0,0,0,0,0,0,0,0,0,0,0,0,0,0,0,0,0,0,0,0,0,0,0,0,0,0,0,0,0,0,0,0,4,0,0,0,0,0,0,3,0,0,0,0,0,0,0,0,0,0,0,0,0,0,0,0,0,0,0,0
"332a6411ff00b4010ac2397f504c4695",6027,3776,2452,4559,4448,18488,2951,1418,367,1799,7834,3643,5226,3290,4764,3903,321,393,2160,13,1717,765,3409,113,6348,228,35,2386,2782,928,6948,2828,4668,9188,4355,3347,6264,3843,218,239,1708,71,399,3911,9493,2047,1352,176,127,105,1080,562,170,48,910,51,108,59,805,962,481,496,570,989,38,32,20,72,54,124,218,191,1281,129,173,62,555,5737,101,1661,503,906,381,488,359,391,172,114,551,1039,73,93,154,96,788,881,64,14,333,256,1523,2077,130,184,5015
"f28fd2552c3cbe8174bcfa42ce1291d2",0,0,0,0,0,0,0,0,0,0,0,0,0,0,0,0,0,0,0,0,0,0,0,0,0,0,0,0,0,0,0,0,0,0,0,0,0,0,0,0,0,0,0,0,0,0,0,0,0,0,0,0,0,0,0,0,0,0,0,0,0,0,0,0,0,0,0,0,3,0,0,0,0,0,0,0,0,0,0,0,0,0,0,0,0,0,0,0,0,0,0,0,0,0,0,0,0,0,0,0,0,0,0,0,0
"dc752e2f9ca2859e1d68e1c502a267ad",0,0,0,0,0,0,0,0,0,0,0,0,0,0,0,0,0,0,0,227,0,0,0,0,0,0,0,0,0,0,0,0,0,0,0,0,0,0,0,0,0,0,0,0,0,0,0,0,0,0,0,0,0,0,0,0,0,0,0,0,0,0,0,0,0,0,0,0,0,0,0,0,0,0,0,0,0,0,0,0,0,0,0,0,0,0,0,0,0,0,0,0,0,0,0,0,0,0,0,0,0,0,0,0,0
"82937d1e297184cd97c61679358f703b",0,0,0,10,7,0,0,0,0,0,0,0,0,0,0,0,0,0,0,0,0,0,0,0,0,0,0,0,0,0,0,0,0,0,0,0,0,0,0,0,0,0,0,0,0,0,0,0,0,0,0,0,0,0,0,0,0,0,0,0,0,0,0,0,0,0,0,0,0,0,0,0,0,0,0,0,0,2,0,0,0,0,0,0,0,0,0,0,0,0,0,0,0,0,0,0,0,0,0,0,0,0,0,0,0
"99deb3c5ecb022ec05609ebd1112a557",45306,21939,15398,23594,22765,58483,30572,30429,10328,45112,15790,18103,29056,18672,6243,4504,6006,2649,35395,2098,25755,22602,27828,59164,45526,7327,1441,24209,9724,8584,15235,28068,5126,37399,27972,23386,19133,13585,48069,6408,2204,2548,3275,4271,7856,28415,28460,11483,58946,53595,9191,1657,21619,552,35117,590,4981,5152,2806,4402,4780,2760,4037,13776,579,506,403,1075,459,27347,1857,1250,3295,6959,5764,792,2778,18003,1868,7723,8136,16021,7731,13846,19355,17399,912,580,2830,1557,7399,38358,2343,590,6876,6274,10117,4039,45014,27616,7860,8105,1727,1984,33344
"0396602d92ed3259e0e0a0620c5cf2ce",0,106,34,0,0,0,1547,0,47,0,0,0,0,0,11024,7282,273,25,0,0,0,0,0,0,0,0,0,0,0,0,0,0,0,0,0,0,0,0,0,0,0,0,1220,0,0,0,0,0,0,0,0,0,0,0,0,0,0,0,0,0,0,0,0,0,0,0,0,0,0,0,0,0,0,0,0,0,0,0,0,0,0,0,0,0,0,0,0,0,0,0,0,0,0,4,0,0,0,0,0,0,0,0,0,0,0
"564b04caae509e17ecafe2aeb2331180",0,106,73,186,184,0,0,0,0,0,0,762,0,0,0,0,0,0,0,829,0,0,0,0,0,276,0,0,0,151,0,0,0,0,0,0,0,0,0,16,52,0,0,0,0,0,0,95,0,0,0,0,0,164,0,140,2,0,0,0,0,0,0,0,70,0,19,4130,2,0,0,0,0,0,0,0,0,56,0,0,0,0,0,0,27,39,0,0,0,2551,2,0,0,0,0,0,0,0,0,0,0,0,0,0,0
"45ddc69a3fbf19ff4953211c157cb9ac",11,7,5,0,12,9,5,11,0,15,14,978,32,0,1149,896,28,7,0,43,12,13,13,8,11,1227,0,9,0,5,0,0,7,13,15,16,18,9,1037,100,89,521,10,0,9,10,8,550,10,9,20,2384,0,172,10,335,16,26,15,28,116,16380,18685,0,11,8,39,22,56,10,25,35,25,16,30,17,12,8,17,10,9,21,6464,13140,477,335,42,17,193,0,12,9,27,27,22,16,17,0,6,12,10,8,31,16,9
"f1eb372635240322c36cc8d43ad0b70f",0,0,0,807,682,0,0,0,0,0,0,0,0,7,0,0,570,303,6,3202,0,5,0,0,0,0,0,0,0,0,7,0,0,0,0,0,0,0,0,0,0,5,0,0,0,0,0,0,0,0,0,5,0,63,0,0,0,0,0,0,21,4,6,0,111,0,6,0,7,0,0,6,0,0,0,0,1386,0,0,0,0,0,0,0,0,0,6,0,0,0,4,0,0,0,0,0,0,0,0,4,0,0,0,9,0
"a868201429067d69e423117dcd041d33",0,0,7,0,0,13,0,13,1207,0,0,0,52,11,0,0,6772,407,0,836,0,0,0,0,0,148,439,0,0,0,0,0,0,0,0,16,14,0,30174,0,11,725,0,0,0,0,0,0,0,9,0,2090,1434,493,0,752,8,0,0,0,146,8531,7578,0,535,210,2755,0,1220,0,0,22,0,8453,17154,3851,7587,402,4611,1461,4347,8613,4174,9991,6737,7043,3839,1951,1378,1570,5415,0,249,3318,10174,4690,13,0,10,0,45,114,4918,6071,0
"958d54f6c2724fdc04ad01d39d59aaca",4,0,0,0,0,0,0,0,0,0,0,0,0,0,0,0,0,0,0,0,0,0,0,0,228,3,37,0,1406,0,0,63,0,0,6,4,0,0,1301,0,0,0,0,5,10,6,0,0,0,0,5,0,0,0,16,0,0,0,0,0,284,11,9,0,0,0,8,0,0,0,0,0,8,0,6,12,0,236,0,0,0,0,21,18,0,0,0,0,0,6,0,0,0,0,0,0,9,0,0,0,3,0,0,0,0
"81b14a06fe51fed6aaa311ff4e370125",0,12,0,19,8,0,99,0,83,7,0,0,7,11,13,13,0,0,6,4,6,0,4,10,522,25,7,0,132,1752,57,0,0,3,5,3,0,0,100,13,0,5,0,38,33,0,6,2,0,0,9,21,0,0,0,7,7,6,8,0,315,28,25,233,0,4,0,0,7,0,25,16,393,39,10,29,10,509,17,24,4,11,426,1057,10,31,1391,582,82,0,0,2,0,10,11,0,16,0,3,0,18,17,6,19,17
"675c847bccbc53942ebb7b8cbb4efc4d",165,277,239,198,173,141,187,181,466,149,888,142,31257,33177,227,191,50267,3626,9368,12360,145,10773,192,193,261,902,7325,104,343,90,77,112,2070,199,168,220,16611,5695,282,5836,11423,35567,15249,106,156,8564,122,10043,198,193,67951,50546,146,54036,205,60184,47512,42931,51716,64193,1804,45723,64383,44474,41773,18874,47418,31017,76566,102,76144,108549,60405,43585,73739,62315,14253,2351,44026,7600,27665,219,188,224,746,1130,60527,48857,9973,21908,47947,168,68326,63542,35945,30275,200,14,144,176,2599,9212,59578,64286,168
"f5bfbf665081e0133bdcba9fcfc6023d",0,0,0,0,0,0,0,0,0,0,0,0,0,0,0,0,0,0,0,392,0,0,0,0,0,0,0,0,0,0,0,0,0,0,0,0,0,0,0,0,0,0,0,0,0,0,0,0,0,0,0,0,0,0,0,0,0,0,0,0,0,0,0,0,0,0,0,0,0,0,0,0,0,0,0,0,524,0,0,0,0,78,0,0,0,0,0,0,0,0,0,0,0,0,0,0,0,0,0,0,0,0,0,0,0
"edf42f357f8934fc004c334c5c7b5e6e",503,0,0,270,346,10,880,0,0,7,789,2401,21,10,5129,3576,782,92,0,191,631,490,4951,11,1620,188,0,0,6,0,364,0,375,15,0,0,0,6,0,392,0,200,3,7,0,6,0,304,0,0,10,0,896,0,80,0,9,0,0,0,0,805,1584,82,0,98,4,26,0,7,84,96,10,0,8,0,55,0,8,303,1805,14,0,11,0,10,23,18,7,62,375,0,173,8,117,113,0,0,0,10,7,0,147,252,409
"6dae5b0e9919e8bb37388912b4af38a0",0,0,4,676,547,0,3,0,0,0,0,0,0,4,0,0,0,0,0,0,0,0,4,5,0,4,0,0,12,0,0,0,0,0,0,4,3,0,0,0,0,0,0,0,0,0,0,0,0,0,0,4,0,7,0,0,0,0,0,0,0,0,0,0,0,0,0,0,4,0,0,0,2,0,3,0,0,292,10,3,0,0,0,5,4,0,5,0,0,0,2,0,0,3,0,0,0,0,0,0,6,0,3,0,0
"58529dd65c9373ab07909325cc829705",18,4,12,7721,5574,0,7,21,960,0,78,0,176,21,1197,593,0,13,21,2097,6,19,16,14,16,1199,3,0,7,148,0,5,0,12,21,6,9,10,22,0,6,0,6,15,0,13,10,0,0,11,0,0,12,12156,12,7120,16,0,0,14,2429,5995,8280,19,237,841,4710,291,5957,0,27,0,23,19,29,3448,17688,11,11138,3005,0,32,89,158,3060,2836,13653,9099,1583,620,5097,11,0,10602,10040,6695,24,0,15,13,396,709,11059,7782,0
"f70335502c78e0a62f836a8ff964ff66",0,0,0,0,0,0,0,0,0,0,0,0,0,0,0,0,0,0,0,1097,0,0,0,0,0,0,0,0,0,0,0,0,0,0,0,0,0,0,0,0,0,0,0,0,0,0,0,0,0,0,0,0,0,0,0,0,0,0,0,0,0,0,0,0,0,0,0,0,0,0,0,0,0,0,0,0,0,0,0,0,0,0,0,0,0,0,0,0,0,0,0,0,0,0,0,0,0,0,0,0,0,0,0,0,0
"4a82d7ecf51e090199833050b9367a94",0,0,0,0,0,0,0,0,0,0,0,0,0,0,0,0,0,0,0,0,0,0,0,0,0,0,0,0,0,0,0,0,0,0,0,0,0,0,0,0,0,0,0,0,0,0,0,0,0,0,0,0,0,0,0,0,0,0,0,0,0,0,0,0,0,0,0,0,0,0,0,0,0,0,0,0,0,0,0,0,0,0,0,0,0,0,7,3,0,0,0,0,0,0,0,0,0,0,0,0,0,0,0,0,0
"d8e7f9181e4d5a4a6453e9ca9996a43f",1008,2903,2122,1345,1304,7282,1686,2291,899,957,3007,1753,3208,1960,2562,1661,1328,944,2867,473,1367,466,4486,83,1511,598,484,479,1064,324,1725,4293,1999,1829,2131,2391,2038,1519,620,282,959,327,1835,466,842,628,1556,622,7848,4571,1397,107,766,86,609,42,45,47,193,380,1431,1102,1222,592,173,159,27,104,41,124,152,119,133,552,459,33,4166,3286,2015,1637,727,2928,379,455,1414,1844,320,186,1051,2153,234,2123,557,101,690,525,103,355,1612,859,2606,2723,369,528,846
"31f567f59096ed2d57feecc6c3621a58",25,26,23,733,815,28,30,25,180,13,32,15,30,19,42,22,23,20,11,6,25,21,38,26,108,19,22,12,17,285,230,49,19,39,16,18,291,128,8245,15,13,17,10,15,24,23,19,8,19,35,21,17,78,9,6,7,17,17,17,22,13,7,9,1110,11,3,13,17,17,16,23,16,13,28,31,17,30,1365,17,117,14,1980,12449,13449,364,326,23,12,160,9,15,21,17,31,15,18,27,0,27,18,19,17,14,19,35
"e51fc3bc6d08ae82b3299bff3739b1f6",30,47,16,44,67,31,217,53,28,38,568,3328,73,51,84,82,384,351,29,8,839,9,2393,22,44,183,32,67,34,12,354,30,33,69,18,44,108,20,22,604,73,449,204,197,257,30,45,245,45,42,864,24,574,339,11,46,21,22,160,231,175,753,1017,3192,146,14,15,32,84,45,29,27,32,26,32,23,3321,221,334,65,495,151,275,349,660,832,312,197,265,1523,234,14,644,46,12,25,27,2,40,21,32,17,210,343,45
"b0ab5afbefe132ad691762895950556c",6,0,0,5,7,5,5,3,0,0,0,7,7,0,0,0,0,0,5,46,8,0,0,9,4,0,0,0,0,4,6,4,0,6,4,7,8,6,5,0,0,4,0,0,9,5,0,0,0,0,0,0,0,0,0,0,0,6,4,0,0,0,0,3,0,0,0,2,0,0,0,4,0,0,10,0,4,0,5,0,0,4,6,7,0,9,6,0,0,0,4,7,4,2,4,0,0,0,5,4,4,0,0,0,5
"7261cbb86534c4057d6fe54bc4232846",0,0,0,0,0,0,0,0,0,24,0,19,0,0,0,0,5,0,0,12,0,0,0,0,0,0,0,0,0,0,100,0,0,74,0,0,0,0,0,0,0,0,0,0,0,16,0,0,0,0,0,0,0,0,0,0,0,0,0,0,0,0,0,0,0,0,0,0,0,0,0,0,0,0,0,0,0,0,0,0,0,5,0,0,17,30,0,0,50,6,0,0,0,0,0,0,0,0,0,0,0,0,0,0,0
"bea2245c01baedd6d4a6d6e4e857f9f6",583,726,507,521,673,0,392,412,349,0,236,82,9,0,236,224,33,62,391,85,72,109,139,0,216,69,0,0,284,345,915,497,317,165,3,6,1288,949,0,19,44,103,40,66,97,46,178,0,436,245,94,134,18,28,0,5,0,0,10,21,0,64,77,37,0,135,0,29,0,0,9,0,26,0,0,0,444,1097,0,456,93,319,177,225,257,258,32,39,113,209,0,7,10,0,247,241,5,3,5,0,240,281,30,73,353
"a730ef0685ea600be854be1842a6b362",160,223,175,766,691,539,404,190,410,270,129,389,7,0,62,45,70,78,113,15,149,184,54,11,211,37,44,199,199,41,618,8,354,451,159,145,1139,716,789,80,68,52,81,144,355,128,91,47,48,24,156,34,50,12,233,0,5,5,46,51,68,53,67,398,13,34,6,43,5,7,18,13,29,21,15,0,28,309,12,649,153,16278,1251,1529,634,631,107,64,73,119,45,3,19,6,173,227,5,0,11,10,62,68,49,84,130
"9ea77e95fbfd1a99c9c28db3b03a01a8",791,21,16,1801,2057,13,3106,27,40,0,21,486,17,13,2128,1814,21,16,416,55,340,327,365,18,2111,29,90,235,0,404,1971,919,80,622,19,19,3255,469,110,13,29,20,145,553,1569,597,22,26,21,21,369,0,0,11,804,13,11,15,325,298,14,9,17,320,10,74,0,118,18,0,31,28,370,19,18,0,22,21,22,18,12,0,21,12,97,179,27,17,46,12,13,20,12,14,11,8,10,0,20,9,1828,1674,8,18,636
"e4f195476bffa394e3048063f99360ea",9,0,0,127,138,0,0,75,0,0,0,171,0,0,613,512,0,0,0,0,0,10,186,0,4,0,0,0,13,0,164,0,13,0,0,0,0,0,0,0,51,0,34,0,0,0,0,0,0,0,40,0,0,0,0,0,0,0,0,0,0,0,0,0,0,0,0,0,0,0,0,0,0,0,0,0,0,0,0,0,0,0,5,0,0,0,0,0,0,0,0,0,0,0,0,0,0,0,0,0,0,0,0,0,0
"605cc047d6200f294e043f8ce6cb5af7",101,6,0,23,40,273,51,0,0,6,42,223,0,0,64,47,5,0,0,0,12,26,48,0,0,0,0,0,193,0,20,0,558,213,0,0,5,0,0,0,6,0,16,0,0,102,72,0,429,371,12,23,0,0,0,0,0,0,0,7,0,0,0,471,0,7,0,0,0,0,7,5,0,0,0,4,0,0,0,0,0,0,8,19,0,7,0,0,0,0,4,57,0,0,0,0,0,0,6,0,0,0,0,0,99
"021cec1991db0604b58a15c8568348c2",0,0,0,0,0,0,0,0,4,0,0,0,0,0,0,0,0,0,0,0,0,0,0,0,0,0,0,0,0,0,0,0,0,0,0,0,0,0,0,0,0,0,0,0,0,0,0,0,0,0,0,0,0,0,0,0,0,0,0,0,0,0,0,0,0,0,0,0,0,0,0,0,0,0,0,0,0,0,0,0,0,0,0,0,0,0,0,0,0,0,0,0,0,0,0,0,0,0,0,0,0,0,0,0,0
"bd6cf3f5a66cefd7b96fb6cf75d23cd2",9,2227,1611,507,519,0,11,15,2180,5,1433,53,7,0,442,236,138,149,15,1005,280,239,5,5,10,1422,2731,0,3185,4181,1417,5,2,197,0,6,43,47,10,129,3272,67,5,2807,3189,405,0,0,0,0,70,27,0,449,33,444,6,15,389,2015,5,0,0,574,183,527,53,6054,1084,0,12,0,227,0,0,0,237,0,28,85,212,2,7,9,1573,1996,29,0,1097,0,0,6,6,4,260,447,13,0,4,8,898,580,34,79,7
"cf1f489770b388da4c2502fceba7520d",0,31,39,4,0,0,335,75,0,0,0,0,0,0,1877,1829,0,0,853,28,0,19,0,0,0,95,12,0,293,0,10,0,0,0,0,0,108,24,0,0,0,0,377,7,10,0,1246,79,0,0,0,0,4694,421,0,270,0,0,66,133,0,0,0,0,0,368,0,0,0,0,0,0,0,0,0,0,0,0,0,0,0,0,0,0,324,419,0,0,0,0,0,0,0,0,3,0,0,0,0,0,819,1667,0,0,0
"b6b86531ef8d5b24a2b1f0d0cbb40c76",7,0,0,0,0,3,309,98,6,5,0,92,13,4,606,630,6,0,0,0,4,0,532,7,0,0,0,0,614,0,0,9,9,6,0,6,0,0,7,0,163,0,210,1865,3011,0,3246,0,0,2,104,0,0,0,0,0,10,0,0,0,0,4,5,7,0,0,7,4,0,3,6,6,2,6,7,0,4,0,0,0,0,5,0,0,0,0,9,0,8,0,6,5,4,6,0,0,8,0,8,0,0,0,2,0,0
"18b70247ca50ea41bc52be64ea430ab8",0,0,0,0,0,0,0,0,0,0,0,0,0,0,0,0,0,0,0,0,0,0,0,0,0,0,0,0,0,0,0,0,0,0,0,0,0,0,0,0,0,0,0,15,26,0,0,0,0,0,0,0,0,0,0,0,0,0,0,0,0,0,0,0,0,0,0,7,0,0,0,0,0,0,0,0,0,0,0,0,0,0,0,0,7,15,0,0,0,0,0,0,0,0,0,0,0,0,0,0,0,0,0,0,0
"2f08f91319b71ff9612b3d665567644f",0,0,0,0,0,0,0,0,0,0,0,0,0,0,0,0,0,0,0,0,0,0,0,0,0,0,0,0,11,0,0,0,0,0,0,0,0,0,0,0,0,0,0,0,0,0,0,0,0,0,0,0,0,0,0,0,0,0,0,0,0,0,0,0,0,0,0,0,0,0,0,0,0,0,0,0,0,0,0,0,0,0,0,0,0,0,0,0,0,0,0,0,0,0,0,0,0,0,0,0,0,0,0,0,0
"08bdc6c81f6b9daab3d132b54e1d45bc",0,0,0,0,0,0,0,0,0,0,0,0,0,0,0,0,0,0,0,0,0,0,0,0,0,0,0,0,0,0,0,0,0,0,0,0,0,0,0,0,0,0,0,0,0,0,0,0,0,0,0,0,0,0,0,0,0,0,0,0,0,0,0,0,0,0,40,0,0,0,0,0,0,0,0,0,0,0,0,0,0,0,0,0,0,0,0,0,0,0,0,0,0,0,0,0,0,0,0,0,0,0,0,0,0
"455219eeb206cd432bf64f51159e0b4c",0,0,0,6,8,0,0,0,0,0,0,0,0,0,0,0,0,0,0,0,0,0,0,0,0,15,0,4,40,0,12,0,0,0,0,13,0,11,6,0,0,7,15,9,7,0,0,0,43,18,0,0,0,0,0,0,66,143,0,0,5,0,0,0,5,0,23,19,0,0,0,0,0,0,0,0,0,0,0,0,0,0,0,0,0,0,0,0,10,0,0,9,0,8,4,0,0,0,11,0,0,4,9,8,0
"820f6693f569e339f183638cd73a7fe6",0,0,0,0,0,0,0,0,0,0,0,0,0,0,0,0,0,0,0,0,0,0,0,0,0,0,0,0,0,0,0,0,0,0,0,0,0,0,61,0,0,0,5,0,0,12,0,0,0,0,0,0,0,0,0,0,7,0,0,0,0,0,0,0,0,0,0,0,0,0,0,0,0,0,0,9,0,0,0,0,0,0,0,0,0,0,0,0,0,0,0,0,0,0,0,0,0,0,0,0,0,0,0,0,0
"1063e92b4acc17f22a826d2c79da73b9",0,0,0,0,0,0,0,0,0,0,0,0,0,0,0,0,0,0,0,0,0,0,0,0,0,0,0,0,18,0,0,0,0,0,0,0,0,0,0,0,0,0,9,14,0,0,0,0,7,0,0,0,0,0,0,0,0,0,0,0,0,0,0,0,0,0,0,0,0,0,0,0,0,0,0,0,0,0,0,0,0,0,0,0,0,0,0,0,0,0,0,0,0,0,0,0,0,0,0,0,0,0,0,0,0
"73ddef4c71b516586e803b622be15dd0",0,0,0,0,0,0,0,0,0,0,0,0,0,0,0,0,0,0,0,0,0,0,0,0,0,0,0,0,0,0,0,0,0,0,0,0,0,0,0,0,0,0,0,0,0,0,0,0,0,0,0,0,0,0,0,0,0,0,0,0,0,0,0,0,0,0,0,0,0,0,0,0,0,0,0,0,0,0,0,0,0,0,232,145,0,0,0,0,0,0,0,0,0,0,0,0,0,0,0,0,0,0,0,0,0
"53e3a7d0830e15c8da2eaa66c65f55b6",0,0,0,0,0,0,0,0,0,0,0,0,0,0,0,0,0,0,0,0,0,0,0,0,0,0,0,0,0,0,0,0,0,0,0,0,0,0,0,0,0,0,0,0,0,0,0,0,0,0,0,0,0,0,0,0,0,0,0,0,0,0,0,0,0,0,0,0,0,0,0,0,0,0,0,0,0,0,0,0,0,0,415,263,0,0,0,0,0,0,0,0,0,0,0,0,0,0,0,0,0,0,0,0,0
"df8456a1abbfb4c8a2c450b44378d4cb",27,26,40,0,24,0,12,0,0,11,48,267,11,7,9,0,31,45,0,0,81,34,19,18,85,90,83,16,28,75,21,0,0,34,13,35,93,76,59,36,0,0,74,227,154,51,15,36,189,70,0,0,19,0,0,11,194,230,0,12,73,53,14,0,19,0,22,0,15,8,0,0,0,16,12,15,0,0,0,61,0,21,0,0,0,0,37,16,29,43,0,23,24,39,19,0,53,3,73,106,13,0,0,15,47
"9bf18eaa9a0704491b81f67590536429",0,0,0,0,0,0,0,0,0,0,0,0,0,0,0,0,0,0,0,0,0,0,0,0,0,0,0,0,0,0,0,0,0,0,0,0,0,0,0,0,0,0,0,0,0,0,0,0,0,0,0,0,0,0,0,0,19,0,0,0,0,0,0,0,0,0,0,0,0,0,0,0,0,0,0,0,0,0,0,0,0,0,0,0,0,0,0,0,0,0,0,0,0,0,0,0,0,0,0,0,0,0,0,0,0
"f998b55dc9b150b36030120a29c2f1f3",0,0,0,0,0,0,0,0,0,0,0,0,0,0,0,0,0,0,0,0,0,0,0,0,0,0,0,0,0,0,0,0,0,0,0,0,0,0,0,0,0,0,0,0,0,0,0,0,0,0,0,0,0,0,0,0,0,0,0,0,0,0,0,0,0,0,0,0,0,0,0,0,0,0,0,0,0,0,0,0,0,0,8,0,0,0,0,0,0,0,0,0,0,0,0,0,0,0,0,0,0,0,0,0,0
"74d852d0838dc88b0c653a7955770ed3",0,0,0,0,0,0,0,0,0,0,0,0,0,0,0,0,0,0,0,0,0,0,0,0,0,0,0,0,0,0,0,0,0,0,0,0,0,0,0,3,0,0,0,0,0,0,0,0,0,0,0,0,0,0,0,0,0,0,0,0,0,0,0,0,0,0,0,0,0,0,0,0,0,0,0,0,0,0,0,0,0,0,0,5,0,0,0,0,0,0,0,0,0,0,0,0,0,0,0,0,0,0,0,0,0
"315ca0a729f126b941ba111a16d4d97a",106,75,72,1358,1228,1813,635,8467,14527,380,96,241,91,56,461,406,693,764,820,242,479,5990,1368,17264,261,231,735,11851,563,9929,48,1175,213,1402,142,256,350,187,126,916,451,915,55,4937,2458,9916,74,6001,293,282,198,19994,10741,4071,14322,854,3020,3510,2242,4395,34746,692,580,6591,3286,10302,1475,4595,6427,10112,14026,5354,18068,6770,4742,5246,1763,8948,65,35144,89,1040,59,68,91,100,115,35,74,75,422,17374,302,137,205,119,3211,111,561,746,15728,8708,161,127,104
"689a7bbbb932d7be2fa6b6f63dd0870e",0,0,0,0,0,0,0,0,0,0,0,0,0,0,0,0,0,0,0,0,0,0,0,0,0,0,19,0,0,0,0,0,0,0,0,0,0,0,0,0,0,0,0,0,0,0,0,0,0,0,0,0,0,0,0,0,0,0,0,0,0,0,0,0,0,0,0,0,0,0,0,0,0,0,0,0,0,0,0,0,0,0,0,0,0,0,0,0,0,0,0,0,0,0,0,0,0,0,0,0,0,0,0,0,0
"c5e48d33cc9cb2091f9867c5937315dd",0,0,0,0,0,0,0,0,0,0,0,0,0,0,0,0,0,0,0,0,0,0,0,0,28,0,0,0,0,0,0,17,0,0,0,0,0,0,0,0,0,0,0,0,0,0,0,0,0,0,0,0,0,0,0,0,0,0,0,0,0,0,0,0,0,0,0,0,0,0,0,0,0,0,0,0,0,0,0,0,0,0,0,6,0,0,0,0,0,0,0,0,0,0,0,0,0,0,0,0,0,0,0,0,0
"366bb3ddd63d135bec172051cf2cfe0a",0,13,0,23,22,23,0,26,0,0,0,118,0,0,0,0,0,9,0,0,0,0,0,0,0,0,21,0,0,0,0,22,15,0,0,0,6,9,23,0,0,18,23,20,14,0,0,0,39,0,0,0,0,0,0,0,56,147,0,0,8,0,26,0,0,0,0,0,0,0,0,0,0,0,0,0,0,0,0,0,0,3,0,0,0,0,0,0,0,0,0,7,0,16,0,0,12,0,27,41,0,0,0,0,0
"d892d40bc79d0c356bd2886ce8d120ee",0,0,0,0,0,0,0,0,0,0,0,0,0,0,0,0,0,0,0,0,0,0,0,0,0,0,0,0,0,0,0,0,0,0,0,0,0,0,0,0,0,0,0,0,0,0,0,0,0,0,0,0,0,0,0,0,0,17,0,0,0,0,0,0,0,0,0,0,0,0,0,0,0,0,0,0,0,0,0,0,0,0,0,0,0,0,0,0,0,0,0,0,0,0,0,0,0,0,0,0,0,0,0,0,0
"d5df79e90f8f402a66e74da0a6c47a11",0,0,0,0,0,0,0,0,0,0,0,0,0,0,0,0,0,0,0,0,0,0,0,0,0,0,0,0,0,0,0,0,0,0,0,0,0,0,18,0,0,0,0,0,0,0,0,0,0,0,0,0,0,0,0,0,0,0,0,0,0,0,0,0,0,0,0,0,0,0,0,0,0,0,0,0,0,0,0,0,0,0,0,0,0,0,0,0,0,0,0,0,0,0,0,0,0,0,0,0,0,0,0,0,0
"454973c2aaecad6e8596e4ebe7a372d6",0,0,0,0,0,0,0,0,0,0,0,0,0,0,0,0,0,0,0,0,0,0,0,0,0,0,0,0,0,0,0,0,0,0,0,0,0,0,0,0,0,0,0,0,0,0,0,0,0,0,0,0,0,0,0,0,0,0,0,0,14,0,0,0,0,0,24,0,0,0,0,0,0,0,0,0,0,0,0,0,0,0,0,0,0,0,0,0,0,0,0,0,0,0,0,7,0,0,0,0,0,0,0,0,0
"5b41766efceecce581e4148788f37846",0,0,0,0,0,0,0,0,0,0,0,0,0,0,0,0,0,0,0,0,0,0,0,0,0,0,0,0,0,0,0,5,0,0,0,0,0,0,0,0,0,0,0,0,0,0,0,0,0,0,0,0,0,0,0,0,0,0,0,0,0,0,0,0,0,0,0,0,0,0,0,0,0,0,0,0,0,0,0,0,0,0,0,0,0,0,0,0,0,0,0,0,0,0,0,0,0,0,0,0,0,0,0,0,0
"6a7a6fed3a850c6bab631c438c0556c4",0,0,0,0,0,0,0,0,0,0,0,0,0,0,0,0,0,0,0,0,0,0,0,0,0,0,0,0,0,0,0,0,0,0,0,0,0,0,0,0,0,0,0,0,0,0,0,0,0,0,0,0,0,0,0,0,0,0,0,0,0,0,0,0,0,0,0,0,0,0,0,0,0,0,0,0,0,0,0,0,0,0,0,0,0,0,0,0,0,0,0,0,0,0,0,0,4,0,0,0,0,0,0,0,0
"05ebe8e85db18c7be6e1cb4845aea55f",0,0,0,0,0,0,0,0,0,0,0,0,0,0,0,0,0,0,0,0,0,0,0,0,0,0,0,0,0,0,0,0,0,0,0,0,0,0,0,0,0,0,0,0,0,0,0,0,0,0,0,0,0,0,0,0,0,0,0,0,0,0,0,0,0,0,4,0,0,0,0,0,0,0,0,0,0,0,0,0,0,0,0,0,0,0,0,0,0,0,0,0,0,0,0,0,0,0,0,0,0,0,0,0,0
"36ce67b3fecce277df99829617975495",6,0,0,0,0,0,0,4,0,0,0,11,0,0,0,0,0,0,0,0,3,0,0,0,6,18,0,0,0,0,0,0,0,0,0,0,0,6,0,0,0,0,8,7,13,0,0,0,63,24,0,0,0,0,0,0,10,0,0,0,10,28,21,0,0,0,9,13,0,0,0,0,0,0,0,0,0,0,0,17,0,0,0,0,0,0,0,0,0,5,0,0,0,6,11,0,0,0,0,0,22,17,0,0,0
"83a9026328318881149ff8a0c29f9391",0,0,0,0,0,0,0,0,0,0,0,0,0,0,0,0,0,0,0,0,0,0,0,0,0,0,0,0,0,0,0,0,0,0,0,0,0,0,30,0,0,0,0,0,0,0,0,0,0,0,0,0,0,0,0,0,0,0,0,0,0,0,0,0,0,0,0,0,0,0,0,0,0,0,0,0,0,0,0,0,0,0,0,0,0,0,0,0,0,0,0,0,0,0,0,0,0,0,0,0,0,0,0,0,0
"629f41c0de31ba20f5d2b3f4c69e09c1",40,8,5,8,14,204,16,183,5,59,0,0,236,192,0,0,0,0,0,0,0,17,0,117,210,0,396,103,201,119,279,20,6,43,0,9,452,440,876,81,0,0,67,149,71,0,177,0,503,583,12,0,0,0,68,0,0,0,0,0,0,0,0,34,11,0,0,8,0,0,0,0,0,40,29,0,0,0,0,47,0,185,9,17,0,0,0,0,27,0,0,9,0,0,0,0,149,0,32,25,53,42,0,0,39
"4a4230232fbfa3b8cfd2cae77dc6feac",0,0,0,0,4,3,0,0,0,0,8,0,0,0,0,0,0,0,0,0,0,0,3,0,13,0,0,0,0,0,0,0,0,0,0,0,0,0,0,0,0,6,0,6,0,0,0,0,0,0,0,0,0,0,0,0,0,0,0,0,0,0,0,0,0,0,0,0,0,0,0,0,0,0,0,0,7,0,0,19,0,10,0,0,0,0,0,0,0,5,0,0,0,0,0,7,0,0,0,0,0,0,0,0,0
"ca72a089674006d2e9cade617df3d5d7",0,0,0,0,0,25,45,31,0,40,1,0,40,47,0,0,0,0,0,0,0,0,0,0,365,0,0,85,104,32,167,37,0,0,0,18,5,0,0,0,38,0,0,201,117,0,70,0,0,9,0,0,8,0,17,0,0,0,0,0,9,0,0,0,0,0,0,9,0,0,0,0,0,0,0,0,5,7,0,0,0,0,0,0,0,6,0,0,0,0,0,0,0,0,0,0,0,0,0,0,39,13,0,0,0
"3114d42cc9f862a2a18d7e5efde7fa9b",84,7,8,123,126,0,0,0,99,0,1343,73,0,0,15,14,235,291,101,50,129,0,0,0,266,287,6,266,102,163,0,0,8,0,0,0,0,0,13,0,71,436,0,213,124,10,0,0,0,0,0,42,20,27,0,108,0,0,9,21,279,63,81,51,0,17,392,407,124,0,374,150,0,0,0,147,158,13,0,36,0,22,27,22,15,7,46,12,336,393,35,0,27,15,64,21,0,0,0,0,0,0,0,0,95
"c1c0b13dae9277c5beff60b9316125bb",0,0,0,0,0,0,0,0,0,0,0,0,0,0,0,0,0,0,0,0,0,0,0,0,0,0,0,0,0,0,0,0,0,0,0,0,0,0,0,0,0,0,0,0,0,0,0,0,0,0,0,0,0,0,0,0,0,0,0,0,0,0,0,0,0,0,0,0,0,0,0,0,13,0,0,0,0,0,0,0,0,0,0,0,0,0,0,0,0,0,0,0,0,0,0,0,0,0,0,0,0,0,0,0,0
"505487e6004df00b19a28833a9a6ab2b",0,0,0,0,4,0,0,0,0,0,0,0,0,0,0,0,0,0,0,0,0,0,0,0,0,0,0,0,0,0,0,0,0,0,0,0,0,0,0,0,0,0,0,0,0,0,0,0,0,0,0,0,0,0,0,0,0,0,0,0,0,0,0,10,0,0,0,0,0,0,0,0,0,0,0,0,0,0,0,31,14,0,0,0,0,0,0,0,40,13,0,0,0,0,0,0,0,0,0,0,0,0,32,15,0
"35195a80f6fb69ef8bd6827d1b045aad",166,206,128,142,151,0,0,0,169,0,2682,54,0,0,62,61,217,238,0,177,351,320,182,0,7,547,0,0,0,0,0,0,70,0,0,0,0,0,43,485,1228,1811,3356,0,0,348,0,136,0,0,0,136,135,63,0,248,0,0,25,70,253,181,246,60,0,94,548,1050,566,129,0,0,0,0,0,56,196,20,132,1683,76,41,35,50,180,111,80,28,151,54,0,610,0,0,215,93,0,15,785,917,0,0,62,177,208
"b8f3e25d11280a9e2189700e107de07c",58,113,83,111,114,0,148,36,126,0,973,14,103,120,61,72,0,7,87,44,211,17,53,0,122,254,0,0,1166,188,113,37,0,234,58,70,413,497,0,355,121,414,429,80,51,565,0,129,0,0,44,22,0,14,0,99,0,0,0,0,45,12,57,0,73,0,267,0,0,32,62,7,44,44,24,0,0,8,0,0,24,58,0,0,24,14,38,14,103,36,0,0,46,0,132,58,0,0,0,0,0,0,7,0,67
"0c166e629f0a5d7021647ef712e4774e",0,0,0,0,0,0,0,0,0,0,0,0,0,0,0,0,0,0,0,0,0,0,0,0,0,0,0,0,0,0,0,0,0,0,0,0,0,0,0,0,0,0,0,0,0,0,0,0,0,0,0,0,0,0,0,0,0,0,0,0,0,0,0,0,0,0,0,0,0,0,0,0,0,0,0,0,0,0,0,0,0,0,0,0,0,0,0,0,0,0,0,0,0,0,0,0,115,0,5,0,0,0,0,0,0
"c7710d6f144476667c42e65e2ec71053",168,340,250,261,275,0,192,0,22,85,1101,102,27,8,130,102,123,129,0,41,190,251,94,0,80,256,35,0,0,499,66,0,5,320,170,393,487,515,0,0,249,313,0,13,0,132,0,60,0,0,140,0,33,146,0,15,0,0,18,28,0,31,21,7,0,43,430,426,0,0,279,94,68,199,179,0,0,3,0,0,21,64,0,0,0,0,27,12,184,126,0,8,0,0,76,60,0,0,0,0,0,0,164,89,149
"1d41bb48bc563be3f3ad36c36b422947",0,0,0,0,0,0,0,0,0,0,0,0,0,0,0,0,0,0,0,0,0,0,0,0,0,0,0,0,0,0,0,0,0,0,0,0,0,0,0,0,0,0,0,0,0,0,0,0,0,0,0,0,0,0,0,0,0,0,0,0,0,0,0,0,0,0,0,0,0,0,125,56,0,0,0,0,0,0,0,0,0,0,0,0,0,0,0,0,0,0,0,0,0,0,0,0,0,0,0,0,0,0,0,0,0
"871b99772b7ead3ed8a217f566729af6",0,12,13,85,104,0,0,0,11,0,0,38,0,0,0,0,61,50,47,29,0,52,100,4,1477,45,863,0,1146,27,588,75,0,0,0,0,58,26,31,867,81,33,1398,584,569,5,177,5,0,0,49,7,0,0,0,8,0,0,12,35,64,0,0,10,0,0,0,79,96,0,93,55,0,0,0,0,46,11,0,14,0,0,0,0,0,6,6,0,12,0,0,15,7,0,0,0,0,0,0,5,90,36,41,23,3
"6a408934dc4d1d4cf8e38a62f0de4b34",0,0,0,0,0,0,0,0,0,0,0,0,0,0,0,0,0,0,23,50,0,0,0,0,0,0,0,0,0,0,0,0,0,0,0,0,0,0,0,0,0,0,0,0,0,0,0,0,0,0,0,0,0,0,0,0,0,0,0,0,0,0,0,0,30,0,0,0,384,0,0,0,0,0,0,0,0,0,0,0,0,0,0,0,0,0,0,0,0,0,0,0,0,0,0,0,0,0,0,0,0,0,0,0,0
"7e11e91e66f4ceff6e509c5597aa5325",0,0,0,0,0,0,0,0,0,0,0,0,0,0,0,0,0,0,0,46,0,0,0,0,0,45,0,0,0,0,0,0,74,0,0,0,0,0,0,11,0,0,0,44,50,0,0,12,0,0,0,158,37,101,0,114,0,0,58,123,0,331,455,118,0,74,75,288,324,0,316,97,8,122,43,0,0,0,0,0,0,11,0,0,4,0,50,14,57,0,0,0,17,0,45,11,0,0,0,0,0,0,0,0,0
"ca104ea170092a8584a7b4000a7e91d8",0,0,0,0,0,0,0,0,0,0,0,0,0,0,0,0,0,5,0,0,0,0,0,0,0,0,0,0,0,0,0,0,0,0,0,0,0,0,0,0,0,0,0,0,0,0,0,0,0,0,0,0,0,0,0,0,0,0,0,0,0,0,0,0,0,0,0,0,0,0,0,0,0,0,0,0,0,0,0,0,0,0,0,0,0,0,0,0,0,0,0,0,0,0,0,0,0,0,0,0,0,0,0,0,0
"a8778404029555f979afd941e00ddbb2",0,39,35,0,9,0,16,30,14,0,0,0,0,0,0,0,16,9,0,75,0,0,14,0,0,33,0,12,0,186,49,2,0,0,0,0,0,0,0,13,6,11,0,21,21,64,0,6,0,0,0,10,0,6,0,0,0,0,10,15,0,0,0,9,0,0,0,16,26,0,77,15,0,0,0,0,0,9,0,0,0,0,0,0,8,6,0,0,19,0,0,0,26,0,0,0,0,0,0,0,0,0,0,0,0
"7cf44fc153d782f1c623126c8e83d45a",0,3,0,0,0,0,28,0,0,0,0,0,0,0,0,7,0,0,0,0,0,0,0,0,0,0,0,0,0,0,0,0,0,0,0,0,0,0,0,0,0,0,0,0,0,0,0,0,28,10,0,0,0,0,0,0,0,0,0,0,0,0,0,0,0,0,0,0,0,0,0,0,0,0,0,0,0,0,0,0,0,70,0,0,0,0,0,0,7,0,0,0,0,0,0,0,0,0,0,0,0,0,0,0,0
"35cbb315e019e0a8768d4b73862df415",1703,348,238,815,738,389,12,191,2124,441,1580,455,1937,2029,375,371,755,713,546,298,979,488,658,2534,346,1461,733,186,506,977,737,648,506,1236,196,271,1905,1427,212,1285,861,602,784,2071,786,1298,494,436,294,216,127,1798,720,313,426,356,0,12,182,358,858,440,385,888,566,531,231,211,92,378,998,208,108,1449,482,774,1216,73,657,4316,356,734,622,843,537,345,526,199,1078,151,169,1139,737,327,341,164,21,49,1892,4952,1149,593,394,410,1856
"2a394342d2a01c6285efc00378091b6d",0,0,0,0,0,0,0,0,0,0,0,0,0,0,62,57,0,0,0,41,0,0,0,0,0,84,0,0,0,0,0,0,0,0,0,0,0,0,0,0,488,0,0,0,0,0,0,0,0,0,0,0,0,73,0,73,0,0,0,0,0,0,0,0,0,0,139,0,0,0,0,0,0,445,171,0,0,0,0,0,0,0,0,0,0,0,0,0,0,0,0,0,0,0,0,0,0,0,0,0,0,0,15,8,0
"ebc218731152df078258b869f0eeff3e",0,0,0,0,0,0,4,0,0,0,0,0,0,0,4,0,0,0,0,0,23,0,141,0,0,0,32,0,321,12,0,0,0,8,0,0,0,6,9,0,0,0,7,6,0,0,0,0,0,15,0,0,137,0,0,0,0,0,1011,2523,0,0,5,0,0,1544,0,0,0,0,2461,481,225,987,277,0,22,1413,0,0,0,0,0,0,0,0,0,0,0,0,0,0,4,0,0,0,0,0,0,0,0,0,0,0,0
"f8a1fba13fea6294ac6a4f4071785e8a",0,0,0,0,0,0,0,0,0,0,0,0,0,0,0,0,0,0,0,0,0,0,0,0,12,0,0,0,0,0,0,0,0,0,0,0,0,0,0,0,0,0,0,0,0,0,0,0,0,0,0,0,0,0,0,0,0,0,0,0,0,0,0,0,0,0,0,0,0,0,0,0,0,0,0,0,0,0,0,0,0,0,5,10,0,0,0,0,0,0,0,0,0,0,0,0,0,0,0,0,0,0,0,0,0
"a22c8ef72659b99e76dd5d4ec6b37843",0,0,0,0,0,0,0,0,0,0,0,0,0,0,0,0,0,0,0,0,0,0,0,0,39,0,0,0,0,0,0,0,0,0,0,0,0,0,0,0,0,0,0,0,0,0,0,0,0,0,0,0,0,0,0,0,0,0,0,0,0,0,0,0,0,0,0,0,0,0,0,0,0,0,0,0,0,0,0,0,0,0,0,0,0,0,0,0,0,0,0,0,0,0,0,0,0,0,0,0,0,0,0,0,0
"f9612c98d79c37a803a973724113cef6",6,0,0,0,0,0,0,0,0,0,0,17,0,0,0,0,0,0,0,0,19,0,0,0,0,9,0,0,81,0,0,0,0,0,0,5,0,0,570,0,0,0,6,0,0,3,0,4,8,16,0,0,0,0,0,0,23,17,0,0,0,0,0,0,0,0,0,0,0,0,0,0,0,0,0,0,0,0,0,8,0,0,0,0,0,0,0,0,0,0,0,0,0,0,0,0,7,3,8,9,0,0,0,0,0
"2c9278bb6a3eb17c5bd22c5c6a487bbd",0,0,0,0,0,0,0,0,0,0,0,0,0,0,0,0,0,0,0,0,0,0,0,0,0,0,0,0,0,0,0,0,0,0,0,0,0,0,0,0,0,0,0,0,0,0,0,0,0,0,0,0,0,0,0,0,0,14,0,0,0,0,0,0,0,0,0,0,0,0,0,0,0,0,0,0,0,0,0,0,0,0,0,0,0,0,0,0,0,0,0,0,0,0,0,0,0,0,0,0,0,0,0,0,0
"103c3f14abf946f37daa78195c99a002",0,0,0,0,0,0,0,0,0,0,0,0,0,0,0,0,0,0,0,0,0,0,0,0,0,0,0,0,0,0,0,0,0,0,5,0,0,0,0,0,0,0,0,0,0,0,0,0,0,0,0,3,4,0,0,0,0,4,0,0,0,0,0,0,0,0,51,4,0,0,0,0,0,0,0,0,0,0,0,0,0,0,0,0,0,0,0,0,0,0,0,0,0,0,0,0,0,0,0,0,0,0,0,0,0
"882b5b49ef18215727a0900958cdec5d",0,0,0,0,0,0,0,0,0,0,0,0,0,0,0,0,0,0,0,0,0,0,0,0,0,0,0,3,0,0,0,0,0,0,0,2,0,8,0,0,0,0,0,0,0,0,0,0,0,0,0,0,0,0,0,3,4,0,0,0,3,0,0,0,0,0,19,3,0,0,0,0,0,0,0,0,0,0,0,0,0,0,0,0,0,0,0,0,0,0,0,0,0,3,0,0,0,0,0,0,0,0,0,0,0
"acebaf0e1d8b741c8a7b36c5bf093863",0,0,0,0,0,0,0,0,0,0,0,0,0,0,0,0,0,0,0,0,0,0,0,0,0,0,0,0,0,0,0,5,0,0,3,0,2,0,0,0,0,0,4,0,0,0,0,0,0,0,0,0,0,0,0,0,11,7,0,0,15,7,3,0,0,0,0,0,0,0,0,0,0,0,0,2,0,0,0,0,0,0,0,0,0,0,0,0,0,0,0,0,0,6,0,0,11,0,0,0,0,0,0,0,0
"d507a3f35da88069fcfbcae2d37fd5f3",0,0,0,0,0,0,0,0,0,0,0,0,0,0,0,0,0,0,0,0,0,0,0,0,0,0,0,0,0,0,0,0,0,0,0,0,0,0,0,0,0,0,0,0,0,0,0,0,0,0,0,0,0,0,0,0,0,0,0,0,0,0,0,0,0,0,18,0,0,0,0,0,0,0,0,0,0,0,0,0,0,0,0,0,0,0,0,0,0,0,0,0,0,0,0,0,0,0,0,0,0,0,0,0,0
"c6f33653e9a35b7a7da4cdbe17389cce",0,0,0,0,0,0,0,0,0,0,0,0,0,0,0,0,0,0,0,0,0,0,0,0,0,0,0,0,0,0,0,3,0,0,0,0,0,0,0,0,0,0,0,0,0,0,4,0,0,0,0,0,0,0,0,0,0,0,0,0,0,0,0,0,0,0,0,0,0,0,0,0,0,0,0,0,0,0,0,0,0,0,0,0,0,0,0,0,0,0,0,0,0,0,0,0,0,0,0,0,0,0,0,0,0
"24233c365c1f5b16c3f9f1d31ef82962",0,0,0,0,0,0,0,0,0,0,0,0,0,0,0,0,0,0,0,0,0,0,0,0,0,0,0,0,14,0,0,0,0,0,0,0,0,0,0,0,0,0,0,0,0,0,0,0,0,0,0,0,0,0,0,0,0,0,0,0,0,0,0,0,0,0,0,0,0,0,0,0,0,0,0,0,0,0,0,0,0,0,0,0,0,0,0,0,0,0,0,0,0,0,0,0,0,0,0,0,0,0,0,0,0
"d1a0ff13118d45a9694d9d75f3fa0811",0,0,0,0,0,0,0,0,0,0,0,0,0,0,0,0,0,0,0,0,0,0,0,0,0,0,0,0,0,0,0,0,0,0,0,0,0,0,0,0,0,0,0,0,0,0,0,0,0,0,0,0,0,0,0,0,0,0,0,0,0,0,0,0,0,0,0,0,0,0,0,0,0,0,0,0,0,0,0,0,0,0,0,0,0,0,0,0,0,7,0,0,0,0,0,0,0,0,0,0,0,0,0,0,0
"902acc1480be57ba5b0338380f67175b",0,0,0,0,0,0,0,0,0,0,0,0,0,0,0,0,0,0,0,0,0,0,0,0,0,0,0,0,0,0,0,0,0,0,0,0,0,0,0,0,0,0,0,0,0,0,0,0,0,0,0,0,0,0,0,0,0,0,0,0,0,0,0,0,0,0,0,0,5,0,0,0,0,0,0,0,0,0,0,0,0,0,0,0,0,0,0,0,0,0,0,0,0,0,0,0,0,0,0,0,0,0,0,0,0
"9af26e3d0d56c56bd4723ff57308c816",0,0,0,177,201,0,0,0,0,0,0,4,0,0,0,0,0,0,0,0,0,0,0,0,0,0,0,0,0,0,0,0,0,0,0,0,0,0,0,0,0,0,0,0,0,0,0,0,0,0,0,0,0,0,0,0,0,0,0,0,0,0,0,0,0,35,0,0,0,0,0,0,0,0,0,0,0,112,0,0,0,0,0,0,194,290,1034,931,0,0,0,0,0,0,0,0,0,0,0,0,0,0,0,0,0
"1569f7ae988e26c905ab8fab427c8a0d",636,8,6,11,0,311,770,13,387,507,517,185,2731,1192,410,193,1409,1057,1245,143,420,357,292,3,827,273,938,654,209,168,158,515,2260,230,71,88,515,265,14,0,128,0,123,0,0,32,5,0,1225,779,199,0,11,0,476,9,0,0,0,0,0,0,7,0,0,7,0,11,7,0,0,0,0,0,6,0,1397,7,315,1822,10,783,0,12,395,260,572,360,96,871,261,552,0,179,133,351,11,121,1185,1051,192,140,30,300,541
"6bbff26a22040581ff0e24f9b5b40830",0,10,0,22,13,7916,0,0,36,0,0,230,2769,1400,0,0,631,396,0,84,42,0,721,0,0,18,0,0,0,0,0,0,0,0,0,0,0,0,0,0,0,11,0,0,12,0,0,6,0,0,0,49,251,7,461,0,0,6,13,36,0,102,146,0,0,0,0,19,0,10,82,21,76,756,406,0,457,0,0,28,0,0,8,13,0,0,0,0,0,0,0,0,0,0,0,0,0,19,334,98,316,267,0,0,0
"c757acb17d61c9ba58047bacd3655b30",0,0,0,0,0,0,0,0,0,0,0,0,0,0,0,0,0,0,0,0,0,0,0,0,0,0,0,0,0,0,0,0,0,0,0,0,0,0,0,0,0,0,0,0,0,0,111,0,0,0,0,0,0,0,0,0,0,0,0,0,0,0,0,0,0,0,0,0,0,0,0,0,0,0,0,0,0,0,0,0,0,0,0,0,0,0,0,0,0,0,0,0,0,0,0,0,0,0,0,0,0,0,0,0,0
"2740cf2417c92847cc298cbd71dd1fcd",8,10,9,21,10,12,0,0,0,0,0,669,0,0,9,7,46,13,0,0,124,12,0,902,0,56,249,0,0,0,0,78,0,52,426,373,59,8,0,0,0,0,0,0,16,6,10,19,24,0,4,14,0,0,26,23,143,221,0,0,0,9,8,15,0,0,0,0,8,0,0,0,0,0,0,0,14,0,31,0,7,5,0,0,0,7,18,11,21,93,0,0,0,23,10,5,2518,0,7,9,10,11,0,0,16
"bdd57121cc6bbee517925f7a70b75d88",0,0,0,0,0,0,0,0,0,0,0,0,0,0,0,0,0,0,0,0,0,0,0,0,0,0,0,0,0,0,0,0,0,0,0,0,0,0,4,0,0,0,0,0,0,0,0,0,0,0,0,0,0,0,0,0,0,0,0,0,0,0,0,0,0,0,0,0,0,0,0,0,0,0,0,0,0,0,0,0,0,0,0,0,0,0,0,0,0,0,0,0,0,0,0,0,0,0,0,0,0,0,0,0,0
"be22632d5e3f6175707a3213d7a90ad2",7,952,690,1376,1040,17,66,1454,26,18,22,305,42,0,2169,985,105,96,10,285,15,21,17,19,146,1161,50,8,422,193,0,71,0,26,244,336,10,13,2123,139,0,1998,12,2467,1847,878,0,573,15,15,188,409,566,299,0,255,10,15,949,3919,421,910,2395,1123,397,869,821,169,106,162,805,158,984,8258,2163,3327,0,2652,9,54,1006,9,1668,1595,159,113,14,20,2676,17,0,0,1463,0,17,0,0,0,0,0,4927,2184,15,0,0
"b6ecd20f301035741915d6c32bda2410",0,0,0,0,0,63,0,80,0,0,0,0,24,25,11,11,34,23,17,0,47,0,0,0,0,19,0,17,0,0,0,0,0,0,0,0,0,0,0,0,0,22,0,0,0,0,0,11,28,49,0,34,9,0,0,0,0,0,0,20,4,100,117,0,0,9,0,0,0,15,0,0,0,81,64,0,86,0,33,25,21,0,0,0,0,0,0,0,178,8,9,34,0,0,0,7,0,0,137,235,0,0,0,0,0
"c92ac62278a485f343ab1c271bb2d30c",0,0,0,0,0,0,0,0,0,0,0,0,0,0,0,0,0,0,0,0,0,0,0,0,0,0,0,0,0,0,0,0,0,0,5,0,0,0,0,0,0,0,0,0,0,0,0,0,0,0,0,0,0,0,0,0,0,0,0,0,0,0,0,0,0,0,0,0,0,0,0,0,0,0,0,0,0,0,0,0,0,0,0,0,0,0,0,0,0,0,0,0,0,0,0,0,0,0,0,0,0,0,0,0,0
"44158349d8858abc6c04aada0c131da5",0,0,8,0,6,0,7,0,1031,0,7,0,3801,1890,0,0,0,0,0,3902,194,0,0,0,0,19,0,0,0,0,0,0,0,0,0,0,73,0,0,0,6,0,6,0,0,0,0,0,0,0,8,2792,1224,498,0,63,35,29,688,2592,0,2960,4769,0,390,3435,676,2679,437,1268,2249,392,1573,8670,1239,402,78,0,7,4450,0,0,7,0,0,0,0,0,0,0,9,0,0,0,0,0,39,113,2794,1690,0,0,0,0,0
"94a302cc7a648f23c27353f085b24e06",0,0,0,0,0,0,0,0,0,0,0,0,0,0,0,0,0,0,0,0,0,0,0,0,0,0,0,0,0,0,0,0,0,0,0,0,0,0,0,0,0,0,0,0,0,0,0,0,0,0,0,0,0,0,0,0,0,0,0,0,0,0,0,0,0,0,0,0,0,0,0,0,0,0,0,0,0,0,0,0,0,0,0,0,0,0,0,0,0,0,161,0,0,0,0,0,0,0,0,0,0,0,0,0,0
"dcb780205dff9735d08f1a23c93470cf",0,0,0,51,53,0,0,0,0,0,0,0,0,0,0,0,0,0,0,0,0,0,0,0,0,0,0,7,0,0,0,0,0,0,0,0,9,0,0,0,0,0,0,0,0,0,0,0,0,0,0,0,0,0,0,0,0,0,0,0,0,0,0,0,0,0,0,0,0,0,0,0,0,0,0,0,0,0,0,0,0,0,0,0,0,0,0,0,15,0,0,0,0,0,0,0,0,0,0,0,0,0,0,0,0
"9e2e4c867168b068d94eb110dce64676",0,0,0,0,0,0,0,0,0,0,0,0,0,0,0,0,0,0,0,11,69,0,0,0,0,0,0,0,0,0,0,0,0,0,0,0,0,0,0,0,0,1801,0,0,0,0,0,0,0,0,0,0,172,311,0,96,0,0,107,311,0,656,1518,0,0,233,922,96,93,194,4180,1159,1124,563,263,110,0,0,0,0,0,0,0,0,0,0,0,0,0,0,0,0,0,0,0,0,0,0,0,0,0,0,0,0,0
"08a0cf376add32f3f4b57ec1e82a7a27",0,0,0,0,5,5,8,2179,0,0,9,0,0,4,10,0,6,0,3,0,108,0,12,6,0,5,7,0,5,0,4,7,3718,329,5,9,191,106,8,0,0,8,0,5,0,9,1361,0,0,0,0,158,4140,0,1369,0,0,0,80,210,8,2380,2804,0,0,0,0,0,0,9,19,8,0,260,328,0,609,1233,7873,0,24,0,0,5,0,6,0,0,0,0,1020,6,6,63,14,5,0,714,6133,4835,6,6,323,103,8
"1d5be8a5cbeb0c295a3d3ee2de749ccc",0,0,0,0,0,0,0,0,0,0,0,0,0,0,0,0,0,0,0,9,0,0,0,10,0,0,12,0,0,0,0,0,0,0,0,0,0,0,0,0,0,0,0,0,0,0,0,0,0,0,0,0,95,0,0,0,0,0,0,0,0,0,0,0,0,0,2046,0,0,0,0,0,0,0,0,0,0,0,0,0,0,0,0,0,0,0,0,0,0,0,0,0,0,0,0,0,17,0,0,0,0,0,0,0,0
"7289ae8800c6980fc6c7a5e03be1ca98",0,0,0,0,0,0,0,0,0,0,0,0,0,0,0,0,0,0,0,0,0,0,0,0,0,0,0,0,72,0,0,6,0,0,0,0,0,0,0,0,0,0,0,0,0,0,0,0,0,0,0,0,0,0,0,0,0,0,0,0,0,0,0,9,0,0,0,0,0,0,0,0,0,0,0,0,0,7201,0,0,0,235,6,10,0,0,0,0,9,0,0,0,0,0,0,0,0,0,0,0,0,0,0,0,0
"9cedb87c4edc12f1136694ea6853425e",0,0,0,114,94,0,0,0,0,0,7,48,0,0,0,0,0,0,0,10,0,0,0,0,0,10,0,0,7,0,0,0,0,0,15,12,0,0,0,0,0,0,0,0,0,0,0,0,0,0,0,0,0,0,0,0,0,0,0,0,0,0,0,0,0,0,0,0,0,0,0,0,0,0,0,0,0,0,0,0,0,3541,0,0,35,121,0,0,24,0,0,0,0,0,0,0,0,0,0,0,0,0,0,0,0
"6f5bc3421085eb9d1be8091b378d531c",0,0,0,0,0,0,0,0,0,0,0,0,0,0,18,10,0,0,0,0,0,0,0,0,0,0,0,0,0,0,0,0,0,0,0,0,0,0,0,0,0,0,0,0,0,0,0,0,0,0,0,0,0,0,0,0,0,0,0,0,0,0,0,0,0,0,0,0,0,0,0,0,0,0,0,0,124,0,0,0,0,740,0,0,0,0,0,0,0,0,0,0,0,0,0,0,0,0,0,0,0,0,0,0,0
"4f6c9ee0f472b568270d7ed78278aa19",0,0,0,0,0,0,0,0,3,0,0,0,0,0,0,0,0,0,0,0,0,0,0,0,0,6,0,0,0,0,0,0,0,0,0,0,0,0,0,0,0,0,0,0,0,0,0,0,0,0,0,0,0,0,0,0,0,0,0,0,0,0,0,0,0,0,0,0,0,0,0,0,0,0,0,0,0,0,0,0,0,0,0,0,0,0,0,0,0,0,0,0,0,0,0,0,0,0,0,0,0,0,0,0,0
"b3d5a671f5208d8c0bc0428b4262ab26",0,0,0,0,0,0,0,31,0,10,9,0,0,0,0,0,0,0,0,0,0,0,0,0,0,0,0,0,10,0,0,0,0,0,0,0,0,0,0,0,5,0,0,0,0,0,0,0,0,0,0,0,0,0,0,0,0,0,0,0,3,0,0,0,0,0,0,0,0,0,0,0,0,0,0,0,0,0,0,0,0,0,0,0,0,0,0,0,0,0,0,0,0,0,0,0,0,0,0,0,0,0,0,0,0
"85c44c83eddc5d3028261a1000b7d0e1",7,8,0,384,346,8,25,0,10,0,8,0,8,0,0,0,5,9,0,0,25,16,6,6,19,65,17,0,930,770,138,4,12,11,0,11,17,13,21566,0,0,9,26,12,9,0,0,0,6,8,0,0,19,0,0,19,111,272,0,0,10,0,0,0,0,0,12,0,0,9,8,0,0,0,0,0,8,0,0,188,0,0,947,1146,1723,796,40,13,28,26,0,5,3,16,0,0,29,0,13,11,0,0,0,6,15
"12695f12ae8b1210e9d3acf090b554e3",0,0,0,0,0,0,0,0,0,0,0,0,0,0,0,0,0,0,0,0,0,0,0,0,0,0,0,0,19,0,0,0,0,0,0,0,0,0,0,0,0,0,0,0,0,0,0,0,0,0,0,0,0,0,0,0,0,0,0,0,0,0,0,0,0,0,0,0,0,0,0,0,0,0,0,0,0,0,0,0,0,0,0,0,0,0,0,0,0,0,0,0,0,0,0,0,0,0,0,0,0,0,0,0,0
"cf0e29b1acfd7c9cc92b326cbfc88908",0,0,0,0,0,297,0,0,0,0,14,0,0,0,0,0,0,0,0,0,0,0,0,6,0,0,0,0,0,0,19,0,0,0,0,0,0,0,92,0,0,0,0,0,0,0,0,0,10,0,0,0,10,0,0,0,0,0,0,0,0,95,156,0,0,0,0,0,0,0,0,0,0,0,0,0,9,0,0,153,0,161,4,0,13,9,0,0,7,7,6,0,0,0,0,0,3,0,0,0,4,0,0,0,0
"bff072be6820bb768214374ffe47a137",0,0,0,0,0,0,0,0,0,0,0,0,0,0,0,0,0,0,0,0,0,0,0,0,5,0,0,0,0,0,0,0,0,0,4,18,4,0,0,0,0,0,0,0,0,0,0,0,0,0,0,0,0,0,0,0,0,0,0,0,6,0,0,0,0,0,0,0,0,0,0,0,0,0,0,0,0,0,0,0,0,0,0,0,0,0,0,0,0,0,0,0,0,0,0,0,0,0,0,0,8,4,0,0,0
"acf09e78b337fd51b09606fabf09493e",0,36,48,27,30,0,4,0,20,0,29,0,0,0,6,0,0,0,0,3,0,0,46,0,0,0,41,13,10,0,7,36,24,34,31,27,5,0,73,0,4,23,0,7,4,80,0,0,0,0,6,6,0,0,0,0,0,0,0,10,0,0,0,4,0,7,0,0,0,0,0,0,0,0,0,0,47,0,0,0,14,19,0,0,13,15,0,0,22,6,0,0,0,0,0,0,0,0,0,0,10,0,0,0,0
"c4f0710eb90cbedb839c238b591f4bb9",102,24,20,294,302,0,60,26,11,46,1011,0,0,0,5,0,0,0,0,19,0,18,0,0,18,299,0,0,0,0,0,0,0,0,0,0,301,117,34,42,0,16,29,90,112,21,155,0,0,0,10,20,0,16,0,0,0,0,0,10,0,0,0,102,0,26,0,58,0,0,0,0,0,0,0,0,371,4,0,76,0,160,70,85,0,0,4,0,42,165,0,0,106,0,47,44,0,0,0,0,104,77,16,93,140
"74aaeb93ba19830fa0e2cc55966371bd",0,0,0,31,43,0,0,0,14,0,18,16,0,0,0,0,0,0,0,0,0,9,0,0,0,0,0,0,8,0,14,0,0,8,10,0,17,12,0,0,0,0,0,15,42,0,0,0,0,0,0,0,0,0,0,0,0,0,8,9,0,0,0,0,0,0,0,0,0,0,0,0,0,0,0,0,0,0,0,0,0,0,0,0,23,24,0,0,49,0,0,0,0,0,0,0,0,0,0,0,0,0,0,0,0
"f864bbabdf3573562f56e0bbb0fe6415",709,2194,1693,7119,6571,96,2373,375,3275,219,5432,3709,248,151,2186,1465,429,494,691,1435,167,953,1460,116,634,1729,1371,577,2845,672,8664,1992,325,2132,1235,1595,5815,4833,236,126,3008,992,196,6208,7858,1665,178,420,128,108,909,181,191,477,68,105,68,89,1295,2723,206,63,73,451,135,418,137,1350,159,94,131,79,214,133,156,67,249,397,109,697,513,7691,316,367,25285,32956,650,411,8325,1041,80,87,253,75,405,592,146,10,132,169,5052,6310,265,606,714
"9acb555d3c5dd77e9035a661e7ad1bb6",37,7,14,168,165,8,20,51,101,0,54,601,54,20,917,1231,62,37,18,0,90,32,19,147,24,204,447,12,156,30,120,539,5,468,714,1281,37,17,24,0,16,42,90,77,76,667,12,18,203,262,54,22,16,86,18,1028,309,319,15,55,14,0,20,163,26,17,580,145,81,30,107,25,56,0,55,23,69,34,1511,12,666,1084,208,312,228,190,3250,2338,2334,37,25,608,53,25,461,608,4112,0,62,49,74,142,165,615,75
"90542f89e5caf72027f06114dc95a815",124,77,62,74,66,31,0,74,123,14,170,45,8,8,218,205,19,36,10,202,0,57,60,0,99,181,106,31,318,100,804,62,55,155,70,94,731,274,29,0,137,99,10,234,312,152,12,7,0,0,8,157,0,29,0,24,0,0,15,55,124,0,0,728,13,83,0,731,26,0,0,0,9,22,0,0,242,0,9,233,50,2834,891,1250,1801,1846,28,24,408,23,0,0,62,0,149,172,0,0,9,0,53,51,33,12,141
"644fd07dc284e48b3f9bdbf76078fd2e",0,0,0,0,0,0,0,0,0,0,0,0,0,0,0,0,0,0,0,0,0,0,0,0,27,0,22,0,0,0,50,0,0,0,0,0,29,0,177,0,0,0,0,0,0,0,0,0,0,0,0,0,0,0,0,0,0,0,0,0,0,0,0,8,0,0,0,0,0,0,0,0,0,0,0,0,0,0,0,0,0,0,114,111,0,0,0,0,0,0,0,0,0,0,0,0,0,0,0,0,0,0,0,0,0
"b332b9a4d638a1f226e57c94a40f1450",0,0,0,0,0,0,0,0,0,0,0,0,0,0,0,0,0,0,0,0,0,0,0,0,0,0,31,0,77,0,0,0,0,0,0,0,0,0,0,0,0,0,0,0,0,0,0,0,0,0,0,0,0,0,0,0,0,46,0,0,0,0,6,0,0,0,0,0,0,0,0,0,0,0,0,0,0,194,0,0,0,33,0,0,0,0,0,0,0,0,0,0,0,0,0,0,0,0,0,0,0,0,0,0,0
"802fa32c7508a3aae5db9fa5119287bf",0,0,0,5,3,0,0,0,0,0,0,0,0,0,0,0,0,0,0,0,0,0,0,0,0,0,0,0,23,0,0,0,0,0,0,0,0,0,0,0,0,0,0,0,0,0,0,0,0,0,0,0,0,0,0,0,0,0,0,0,0,0,0,0,0,0,0,0,0,0,0,0,0,0,0,0,0,0,0,0,0,0,0,0,0,0,0,0,9,0,0,0,0,0,0,0,0,0,0,0,0,0,0,0,0
"815bd7b73c541c8c10214ac2e7c40b79",0,0,0,0,0,0,0,28,0,19,0,0,0,0,0,0,0,0,0,0,0,0,13,0,10,0,0,0,25,0,15,10,0,82,0,0,0,10,0,0,0,0,0,0,0,0,0,0,0,0,0,0,0,0,0,0,0,0,0,0,0,0,0,0,0,0,0,0,0,0,0,0,0,0,0,0,0,0,0,0,0,1920,0,0,0,0,0,0,0,0,0,0,0,0,0,0,0,0,0,0,0,0,0,0,0
"5c68ef2fd4b94cf4e302d4c8e2ef1fe1",0,0,0,0,0,218,0,0,173,0,234,26,0,0,15,21,156,214,0,0,0,0,0,0,0,490,56,0,252,0,0,0,0,0,0,0,0,0,0,0,0,0,0,0,0,0,0,0,0,20,0,0,0,0,0,0,0,0,0,0,0,0,5,63,0,0,17,0,0,0,0,0,0,0,0,0,627,328,0,0,0,636,94,101,0,0,15,4,1135,12,0,0,0,0,111,93,0,0,0,5,0,0,0,0,0
"74d519816d4cfb9cf4ec9605f76301d6",17,23,14,5,0,0,49,23,22,25,124,29,0,0,57,34,38,13,0,18,57,19,49,0,122,88,47,0,32,25,26,0,0,45,0,0,48,0,0,0,0,0,8,12,14,39,19,14,0,0,12,10,0,6,0,0,0,0,0,6,0,0,0,23,0,0,0,56,0,0,0,0,0,29,10,0,61,75,7,0,31,67,105,156,54,61,13,13,24,94,0,0,0,0,43,20,0,0,0,0,53,24,25,28,27
"b4f28264f150902936030ef29ce2a10a",0,0,0,16,0,0,7,8,0,0,4,13,16,19,0,0,8,6,17,0,18,0,0,0,16,0,47,14,7,0,0,4,7,0,0,5,0,0,0,0,0,0,4,0,0,0,0,0,0,0,0,0,0,0,0,0,0,0,0,0,0,0,0,0,0,0,0,0,0,0,0,0,0,0,0,0,0,12,0,0,6,0,0,0,0,0,9,0,0,9,0,0,0,0,0,0,0,0,0,0,7,0,0,0,0
"807ab4dce101a0cca3e66c559d190b9a",378,0,0,0,0,0,0,0,0,0,0,0,0,0,0,0,0,0,0,0,0,0,0,0,0,0,0,0,0,0,0,0,0,0,0,0,0,0,0,0,0,0,0,0,0,0,0,0,0,0,0,0,0,0,0,0,0,0,0,0,0,0,0,0,0,0,0,0,0,0,0,0,0,0,0,0,0,0,0,0,0,0,0,0,0,0,0,0,0,0,1460,0,0,0,0,0,0,0,0,0,0,0,0,0,475
"1f0532e025d966a685fd0d1f3144bc8a",0,6,5,322,414,0,46,0,59,0,0,0,0,0,0,0,0,0,0,0,0,0,6,10,84,35,114,29,927,213,139,0,0,0,0,14,40,19,1989,0,0,0,0,8,0,0,0,0,0,7,6,23,15,15,182,10,10,24,0,9,95,40,62,366,0,0,0,0,0,0,0,0,0,0,0,0,0,0,0,84,0,144,4731,2984,1341,890,151,60,334,0,0,0,0,0,0,6,0,0,0,0,8,0,0,0,0
"6420671c26eef32065e0275c8cd6701e",0,0,0,17,12,1193,0,36,0,0,14,459,11,0,16,8,9,16,0,0,0,0,0,616,0,0,93,0,3185,10,211,142,0,13,13,31,120,51,0,0,78,303,0,0,12,39,0,0,0,0,0,0,0,0,19,92,8,0,0,16,89,0,0,106,12,0,0,314,0,47,17,10,61,0,0,0,35,0,53,15,0,0,0,0,437,319,361,187,797,180,0,62,487,16,0,0,218,0,13,32,85,72,71,57,0
"99bccd58aaeb00f98e22add40be6e36b",0,0,0,0,0,23,0,0,0,0,0,0,0,0,0,0,0,0,0,0,0,0,0,0,0,0,0,0,0,0,0,0,0,0,0,0,0,0,0,0,0,0,0,0,0,0,0,0,0,0,0,0,0,0,0,0,0,0,0,0,0,0,0,0,0,0,0,0,0,0,0,0,0,0,0,0,0,0,0,0,0,0,0,0,0,0,0,0,0,0,0,0,0,0,0,0,45,0,0,0,0,0,0,0,0
"dddf3f4996401c070a8b7ad646f2620f",0,0,0,0,0,0,0,0,0,0,0,0,0,0,0,0,0,0,0,0,0,0,0,0,0,0,0,0,0,0,0,0,0,0,0,0,0,0,0,0,0,0,0,0,0,0,0,0,0,0,0,0,0,0,0,0,0,0,0,0,0,0,0,0,0,0,0,0,0,0,0,0,0,0,0,0,0,0,0,0,0,11,0,0,0,0,0,0,437,0,0,0,0,0,0,0,51,0,0,0,0,0,0,0,0
"e335f74033bc634af43ee6baa84fa247",85,0,11,52,87,145,18,843,64,29,166,632,30,0,19,21,19,29,18,0,44,29,175,351,0,12,402,507,418,86,132,43,17,22,16,21,165,230,58,55,148,1094,36,1253,424,330,32,46,453,1194,95,0,0,0,63,1008,546,575,69,166,15,0,0,107,155,0,4536,489,196,48,536,175,192,2173,3241,24,50,14,75,20,63,70,23,10,193,109,750,512,3220,17,95,40,70,14,21,15,2649,9,318,695,55,44,286,248,105
"04edaa963304c466674c30f9f9bb087e",0,0,0,0,0,0,0,0,0,0,0,0,0,0,0,0,0,0,0,0,0,0,0,0,0,0,0,0,0,0,0,0,0,0,0,0,0,0,152,0,0,40,0,0,0,0,0,0,0,0,0,0,0,0,0,0,0,0,0,0,0,0,0,0,0,0,0,0,0,0,0,0,0,0,0,0,0,0,0,0,0,36,25,37,0,0,0,0,38,0,10,0,0,0,0,0,0,0,0,0,0,0,0,34,0
"8d703908c09c7cb0da2a4398dd74f9f8",0,0,0,0,0,0,0,0,0,0,0,473,0,0,0,0,0,0,0,0,0,0,0,0,0,0,0,0,0,0,0,0,0,0,0,0,0,0,0,0,27,65,0,0,0,21,0,0,0,0,0,0,0,0,0,127,0,0,0,0,0,0,0,43,0,0,0,17,0,0,0,0,0,0,0,0,0,0,0,0,0,56,0,0,256,147,0,0,55,0,0,19,0,0,0,0,442,0,0,0,13,26,31,26,0
"98bcf713cdab713b589f72f2ebcef570",0,0,0,0,0,0,0,0,22,0,0,0,0,0,0,0,0,0,0,0,0,0,0,0,0,0,0,0,0,0,30,0,0,0,0,0,29,19,0,0,0,0,0,0,0,0,0,0,0,0,0,0,0,0,0,0,0,0,0,0,0,0,0,0,0,0,0,0,0,0,0,0,0,0,0,0,0,0,0,0,0,0,0,0,0,0,0,0,47,0,0,0,0,0,0,0,0,0,0,0,0,0,0,0,0
"b407c0316dbd17ba50708ee7a6bb48e6",0,0,0,6,9,0,7,8,8,0,5,0,0,4,4,0,5,0,4,0,4,0,0,6,143,8,0,8,0,0,0,0,0,0,0,0,4,3,31,0,0,0,0,0,8,0,0,6,4,5,7,0,0,0,31,0,0,5,0,0,49,0,0,3,2,0,0,0,0,0,4,0,0,6,0,6,5,0,4,0,0,0,1638,1137,42,35,6,0,3,0,0,5,3,0,0,6,0,0,5,0,7,0,4,0,0
"306885bb108656641ce13c5a740ef46c",0,0,0,3,0,0,0,0,0,0,0,0,0,0,0,0,0,0,0,0,0,0,0,0,25,4,0,5,0,0,0,7,0,3,0,0,0,0,0,3,0,0,0,0,0,7,0,0,0,0,0,0,0,0,0,0,0,0,0,0,0,0,0,0,0,0,0,0,0,0,0,0,0,8,0,0,0,0,0,0,0,0,20,29,0,0,0,0,0,0,0,0,0,3,0,0,0,0,0,0,0,0,0,0,0
"22b3c70cdfb1714224e1bf8a6314bee9",6,11,0,10,0,6,9,7,5,5,0,5,5,0,5,4,0,9,7,0,0,7,6,12,15,10,8,0,7,0,15,14,0,12,0,12,8,0,0,12,0,0,0,9,9,0,7,0,0,12,0,3,0,0,0,0,0,5,7,0,10,0,6,0,0,0,0,7,4,0,5,3,0,0,11,4,8,4,0,8,0,3,10,7,10,16,3,0,0,0,0,3,0,6,0,0,14,0,10,5,0,7,0,5,0
"69abb73639776640f82c827be2fa1965",0,0,0,0,0,0,3,0,0,0,0,0,0,0,0,0,0,0,0,0,0,0,0,0,0,0,0,0,0,0,0,0,0,0,0,0,0,0,0,0,0,0,0,0,0,0,0,0,0,0,0,0,0,0,0,0,0,0,0,0,0,0,0,0,0,0,0,0,0,0,0,0,0,0,0,0,0,0,0,0,0,0,0,2,0,0,0,0,0,0,0,0,0,0,0,0,0,0,0,0,0,0,0,0,0
"04caf0824c48ee5640717c87bddaec09",0,0,0,0,0,0,0,0,0,0,0,0,0,0,0,0,0,0,0,0,0,0,0,0,0,0,0,0,0,0,0,0,0,0,0,0,0,0,0,0,0,0,0,0,0,0,0,0,0,0,0,0,0,0,0,0,0,0,0,0,0,0,0,0,0,0,0,0,0,0,0,0,0,0,0,0,0,0,0,0,0,0,271,270,0,0,0,0,0,0,0,0,0,0,0,0,0,0,0,0,0,0,0,0,0
"e93b313352019b8113e7fc66bf757917",8,8,15,182,198,0,23,7,70,0,12,0,0,0,0,0,0,0,0,6,0,10,0,0,354,77,123,76,3712,1083,217,4,0,0,0,8,38,10,4038,0,0,0,8,0,9,34,0,0,5,0,0,10,44,0,204,8,3,0,0,7,0,40,70,291,0,0,0,6,0,0,0,0,0,0,0,0,0,0,0,628,9,8,3892,3106,6022,3526,69,31,299,8,0,0,7,0,0,0,0,0,0,0,0,0,0,4,0
"052ed87a5bce8789c20b59effda065d6",7,4,5,6,0,4,0,0,9,5,10,0,0,6,0,5,5,7,0,0,0,5,10,0,168,8,0,0,0,6,0,17,0,0,4,0,0,0,0,17,0,0,0,11,4,0,0,0,4,6,0,4,0,0,5,0,4,0,0,0,7,0,0,24,0,0,0,0,5,3,0,0,5,12,0,9,4,6,0,0,5,8,54,73,0,0,6,3,4,0,0,0,0,0,8,6,0,0,6,0,6,5,0,7,0
"7fae613f7cc102eb5599d1caa6893bb9",0,0,0,5,7,0,0,0,0,0,0,0,0,0,0,0,0,0,0,0,3,0,0,0,60,0,0,0,0,0,0,0,0,0,0,0,0,0,0,0,0,0,0,10,0,0,0,0,0,0,0,0,0,0,0,0,0,2,0,0,0,0,0,0,0,0,0,4,0,0,0,2,0,0,0,0,0,0,2,0,0,0,320,450,0,0,0,0,0,0,0,0,0,0,0,0,9,0,0,0,0,0,0,0,0
"9ee9d7f1e7a96963f1ee2668f858fced",0,0,0,5,3,0,0,4,0,2,0,0,0,0,4,3,0,6,0,0,0,0,0,5,72,4,0,0,0,0,35,0,6,3,0,0,0,2,2195,0,0,4,0,4,5,9,0,0,5,0,0,0,0,0,4,0,0,6,4,0,121,9,33,0,0,0,0,0,0,1,5,6,4,0,6,0,0,0,0,14,0,12,2107,2076,47,22,0,4,0,0,2,0,0,0,0,0,0,0,0,0,0,0,0,0,0
"51f5ecce966bb67afae2da7419008535",24,27,12,16,26,0,5,13,19,14,24,15,0,12,38,34,0,9,16,34,10,17,11,0,56,50,41,8,34,21,209,59,7,137,75,159,96,59,0,17,85,9,33,178,201,107,63,0,0,0,0,0,6,0,0,0,0,0,19,49,0,0,0,10,11,15,0,34,0,0,0,0,21,0,0,0,0,0,0,5,0,0,0,0,17,27,0,0,23,14,0,0,0,0,13,7,0,0,0,0,0,0,13,19,26
"e63d76792ac4ff540fd989389de5cc65",0,0,0,0,0,0,0,0,0,0,0,0,0,0,0,0,0,0,0,0,0,0,5,0,29,0,0,0,0,0,8,0,0,0,0,0,0,0,91,0,0,0,0,0,0,7,0,0,0,0,0,0,0,0,0,0,0,0,0,0,0,0,0,0,0,0,0,0,0,0,0,0,0,0,0,0,0,0,0,0,0,0,0,0,0,7,0,0,0,0,0,0,0,0,0,0,0,0,0,0,0,0,0,0,0
"1619b48906d097d8c3a8af893250385b",22,39,17,6151,6729,4,66,185,218,0,92,113,0,0,544,542,0,18,4,448,0,170,4,6,21,254,27,54,412,0,4499,57,0,335,321,295,752,521,4,10,2867,261,20,68,216,242,42,10,0,6,44,121,5,110,0,32,4,6,228,472,34,3,0,194,13,54,165,8141,108,4,4,5,6,0,0,3,344,2775,0,130,3,3137,366,990,2795,3221,286,238,1471,48,0,0,0,0,272,473,0,0,8,0,412,1344,174,500,18
"b5c5a71372eea1709c1bff19a2f24272",0,0,0,0,0,0,0,0,0,0,0,0,0,0,0,0,0,0,0,0,0,0,0,0,0,0,0,0,9,0,0,0,0,0,0,0,0,0,0,0,0,0,0,0,0,0,0,0,0,0,0,0,0,0,0,0,0,0,0,0,0,0,0,0,0,0,0,0,0,13,0,0,0,0,0,0,0,0,0,0,0,38,0,0,0,0,0,0,0,0,0,0,0,0,0,0,28,0,0,0,0,0,0,0,0
"1b92901eaf73176b86069084ac8c13e3",570,1098,747,492,370,17,1214,18,397,0,201,70,17,0,389,217,477,122,363,0,0,547,45,16,608,712,358,156,183,585,323,974,422,570,164,144,1806,779,532,79,45,39,511,742,889,23,103,66,14,0,73,76,0,26,190,48,0,13,23,45,71,8,0,853,5,89,12,31,32,0,0,0,50,0,11,48,251,14,131,8,210,408,0,0,711,577,227,80,335,76,28,24,11,42,271,235,61,0,21,19,0,14,237,243,865
"2fea67e2ef146b654e84d4ccd727bed7",0,12,11,0,19,0,0,13,8,8,0,12,0,0,16,6,0,10,0,0,5,0,38,0,21,4,59,0,163,28,54,77,0,198,108,157,40,54,0,0,51,0,0,84,75,38,13,5,0,0,0,0,0,0,0,0,0,0,0,0,0,0,0,0,0,0,0,82,0,0,0,0,0,0,0,0,0,0,0,0,0,9,0,0,0,0,0,0,24,0,0,0,0,0,0,0,0,0,0,0,178,86,0,0,0
"02db09efa7c46a21be5fadc51cb17dd8",95,1206,1050,8561,9906,43,1026,67,10302,4730,1190,490,55,40,346,247,751,747,39,2396,579,361,567,37,241,2678,669,50,6946,354,9435,727,18,3689,44,56,5397,5508,81,5399,3890,1134,129,2231,2928,6611,2530,356,42,35,3214,13,20,509,11,68,42,126,1936,5946,0,13,28,807,324,664,56,7043,2140,13,39,20,221,18,58,29,37,41,266,62,133,44,8,51,791,1154,51,20,52,100,24,42,303,21,491,402,16,0,37,70,35,10,386,553,104
"53d2351a74c69dd99f19a791c81a9370",0,0,0,0,0,0,0,0,0,0,0,26,6,0,5,0,0,0,0,0,0,0,0,0,0,0,0,0,174,0,9,0,0,0,10,0,0,0,0,0,13,0,0,0,0,0,0,0,0,0,0,0,0,0,0,0,0,0,0,0,0,0,0,0,0,0,0,0,0,0,0,0,0,0,0,0,0,0,0,0,0,0,0,0,0,0,68,41,31,0,0,0,0,0,0,0,0,0,0,0,0,0,0,0,0
"bbcad96c0d2e8d44df6dd4c9bfb0d1b3",0,0,0,0,0,0,0,0,0,0,0,0,0,0,0,0,0,0,0,0,0,0,0,0,0,0,7,0,0,0,0,0,0,0,0,0,0,0,0,0,0,0,0,0,0,0,0,0,0,0,0,0,0,0,0,3,0,0,0,0,0,0,0,0,0,0,0,0,0,0,0,0,0,0,0,0,0,0,0,0,0,0,0,0,0,0,0,0,31,0,0,0,0,0,0,0,75,0,0,0,0,0,0,0,0
"13362a215b553ea32341c48a49c3a97d",0,0,0,0,0,0,0,0,0,0,0,0,0,0,0,0,0,0,0,0,0,0,0,0,0,0,0,0,0,0,0,0,0,0,0,0,0,0,0,0,0,0,0,0,0,0,0,0,0,0,0,0,0,0,0,0,0,0,0,0,0,0,0,0,0,0,0,0,0,0,0,0,0,0,0,0,0,0,0,0,0,0,0,0,0,20,0,0,0,0,0,0,0,0,0,0,0,0,0,0,0,0,0,0,0
"8bd302dae5cdf6f0a450c30ea7b3bae0",0,0,0,300,272,0,0,0,131,0,55,0,0,0,0,0,0,0,0,0,0,0,0,0,0,25,0,21,37,0,63,0,0,0,0,0,849,484,0,0,0,0,0,11,27,0,0,0,0,0,0,0,0,0,0,0,0,0,0,0,0,0,0,71,0,0,0,0,0,0,0,0,0,0,0,0,0,0,0,0,0,0,0,0,0,0,0,0,0,0,0,0,0,0,0,0,0,0,0,0,0,0,0,0,0
"ea7064a0fdbb5228b7a0c9ed23e012d2",0,0,0,0,14,0,0,0,0,0,31,0,0,0,0,0,0,0,0,0,0,0,0,0,40,0,0,0,0,0,0,0,0,0,0,0,32,0,0,0,0,0,0,0,0,0,0,0,0,0,0,0,0,0,0,0,0,0,0,0,0,0,0,0,0,0,0,0,0,0,0,0,0,0,0,0,0,0,0,0,0,0,0,0,0,4,0,0,0,0,0,0,0,0,0,0,0,0,0,0,22,0,0,0,0
"1a9df3fbbc7fc8cecec4239cf801d2fc",140,319,257,90,92,0,559,102,105,60,170,183,0,0,38,28,279,173,92,9,23,132,303,0,18,88,229,0,26,59,0,304,24,192,79,70,301,316,10,73,71,303,57,338,358,247,435,95,6,7,24,75,100,13,20,15,0,0,52,221,10,0,0,94,84,275,54,736,0,342,87,16,1304,30,13,0,139,0,8,5,48,43,12,12,83,107,0,0,318,24,0,229,264,0,70,56,0,0,21,16,124,234,31,17,177
"b31d68835edbbe2d3abfa05a8d9f7f7f",11,76,47,26,32,0,0,20,0,9,18,6,0,0,0,0,0,0,0,0,5,7,0,0,7,100,0,0,0,0,35,0,0,27,0,3,88,76,0,0,211,0,0,12,15,0,0,0,0,0,0,0,0,0,0,0,0,0,0,0,0,0,0,0,0,0,0,6,0,0,0,0,0,0,0,0,0,27,0,6,0,4,0,0,51,68,0,0,101,0,0,0,0,0,0,0,0,0,0,0,0,0,0,0,5
"171fcf2c10d94025ae6b7cbc61b40805",0,0,0,0,0,0,0,0,0,0,0,0,0,0,0,0,0,0,0,0,0,0,0,0,0,0,0,0,0,0,0,0,0,0,0,0,0,0,0,0,0,0,0,0,0,0,0,0,0,0,0,0,0,0,0,0,0,0,0,0,0,0,0,0,0,0,0,0,0,0,0,0,0,0,0,0,0,0,0,0,0,0,58,56,0,0,0,0,0,0,0,0,0,0,0,0,0,0,0,0,0,0,0,0,0
"a18c0c17fce3d52dc60506e8730bc996",475,328,227,134,103,96,1292,416,82,187,737,193,637,463,364,211,856,769,327,40,66,281,407,0,272,142,150,0,32,162,30,189,183,176,108,157,139,12,9,76,67,112,343,57,69,267,224,52,286,255,106,112,56,35,56,70,0,0,107,245,11,148,280,117,83,161,162,53,37,132,66,27,87,246,70,86,305,98,293,365,147,61,74,57,70,59,167,70,314,161,97,246,254,83,493,339,0,15,255,179,249,145,497,192,630
"63e7b429d91966909c8b2e461d471b7c",0,0,0,0,0,0,0,0,0,0,0,0,0,0,0,0,0,0,0,0,0,0,0,0,0,0,0,0,0,0,0,0,0,0,0,0,0,0,0,0,0,0,0,0,0,0,0,0,0,0,0,0,0,0,0,0,0,0,0,0,105,0,0,0,0,0,0,0,0,0,0,0,0,0,0,0,0,0,0,0,0,0,0,0,0,0,0,0,0,0,0,0,0,0,0,0,3969,0,58,70,0,0,0,0,0
"507b5cceb8bbad6d67e5cd82a57ed3ed",0,0,0,0,0,0,0,0,0,0,0,0,0,0,0,0,16,0,0,0,6,0,0,0,0,0,0,0,0,0,0,0,0,0,0,0,0,0,0,0,0,0,0,0,0,0,0,0,0,0,0,0,0,0,0,0,0,0,0,0,0,0,0,0,0,0,0,0,0,0,0,0,0,0,0,0,0,0,0,0,0,0,0,0,0,0,0,0,0,0,0,0,0,0,0,0,0,0,0,0,0,0,8,0,0
"6348584315770e0d041c8543e15394f1",0,5,0,472,397,0,0,0,0,0,14,735,0,0,1153,628,0,0,0,0,0,0,0,0,0,0,0,0,0,0,0,0,0,0,0,0,0,0,0,0,0,0,0,0,0,0,0,0,0,0,0,31,0,0,0,5,0,0,12,33,0,0,0,101,70,22,54,0,0,0,0,0,0,15,0,0,0,0,0,0,0,0,0,0,0,0,0,0,0,0,0,0,0,0,0,0,0,0,0,0,0,0,0,0,0
"40ac3979c05fe30df6ecfaaa78ae3e9f",0,0,8,10,0,0,0,0,12,0,85,27,0,0,0,0,17,11,22,280,0,0,0,0,14,6,6,28,0,27,0,0,0,0,41,30,7,0,0,0,0,0,0,0,0,57,0,0,0,0,0,18,0,0,0,0,0,0,0,0,17,0,0,15,0,18,0,10,0,0,0,0,0,0,0,0,100,0,0,55,17,0,14,12,67,83,22,11,240,0,0,0,7,0,43,30,0,0,0,0,76,84,0,0,0
"3443b73db214fbccce540ddb43380a8d",13,0,0,0,0,0,0,0,8,0,0,0,0,0,0,0,0,0,0,0,8,0,0,0,0,0,0,0,0,0,0,0,0,0,0,0,10,14,0,0,0,0,0,0,0,0,0,0,0,0,0,0,0,0,0,0,0,0,0,12,0,0,0,0,0,0,0,0,0,0,0,0,0,0,0,0,19,0,0,0,0,0,0,0,0,0,0,0,0,0,0,0,0,0,0,0,0,0,0,0,51,43,0,0,11
"5fbc483f79cd97d3a7253931f37c33e8",60,14,0,40,35,1611,67,245,31,86,62,18,596,268,70,34,13,12,33,0,50,11,196,754,214,21,265,17,0,32,8,73,55,29,0,0,79,30,200,0,47,19,44,42,22,132,40,13,211,133,15,33,23,0,279,11,0,0,23,30,128,325,431,448,0,14,0,95,7,197,0,0,0,61,12,52,100,66,13,53,21,134,7,9,156,127,12,8,93,15,27,62,53,10,53,31,420,18,221,369,138,91,21,21,47
"cc7b0c4fe7613151aee46e9be3ea14a9",0,21,0,361,180,156,350,14,172,39,17,12,82,27,222,40,0,7,0,38,0,0,29,0,25,0,44,0,17,0,50,142,137,75,33,50,18,9,28,0,34,0,59,29,50,108,0,0,0,0,0,0,19,13,0,10,0,0,15,23,25,0,0,0,10,62,29,21,0,0,0,0,38,0,0,0,9,679,0,19,0,518,13,37,64,47,18,0,750,113,0,0,0,0,0,0,0,0,0,0,97,74,0,0,9
"8d5153b41e59c5ffb5a1fc080eb784cf",372,581,320,529,437,122,136,452,15,444,1045,316,243,167,236,73,158,117,54,24,139,199,318,7,843,933,203,135,215,581,217,0,19,225,103,124,290,184,111,61,117,157,32,634,752,382,201,69,210,87,93,111,4,47,26,15,0,0,26,76,74,6,0,140,14,80,0,44,0,0,43,25,74,0,0,0,487,65,0,418,170,379,1039,1047,802,504,104,34,183,87,33,0,195,0,313,322,5,0,45,47,380,314,52,44,398
"e2cfe099d4a73a03ac5f80d4f8369dbc",77,378,273,1086,998,7,51,0,298,0,798,228,88,33,236,177,20,52,33,598,48,97,15,19,56,900,75,183,199,105,698,127,107,426,76,59,198,69,74,50,360,752,56,1257,1153,518,747,19,0,15,157,45,19,276,0,41,9,7,638,1280,133,0,0,122,18,232,63,703,37,0,60,31,39,151,49,7,432,204,13,96,106,227,48,31,520,563,9,0,1715,137,0,0,74,9,12,0,9,0,10,0,236,367,0,12,86
"bdb6ddef008a6d31c019642fb28d7c1d",234,36,25,162,120,0,259,456,77,262,389,54,575,251,122,73,130,201,121,101,19,26,103,110,81,116,42,39,158,15,24,131,10,326,31,51,541,156,21,0,40,95,347,38,51,56,92,21,322,317,33,29,0,37,17,23,0,0,0,36,0,54,73,121,0,41,19,17,7,0,6,8,18,0,0,0,234,1248,42,469,16,50,87,85,162,118,44,42,538,163,14,6,62,0,151,128,39,0,97,113,299,291,36,39,216
"84f9cf6d08ccc7adb4e945c4fd8be494",2066,2248,1781,4397,3425,655,1728,106,2975,939,4109,2188,101,78,11006,3000,1070,1479,2295,3363,1753,3380,904,98,7135,5324,5661,2871,2617,2215,2051,4222,745,2162,3722,3664,12015,3852,965,317,3150,2847,465,8532,12713,10825,1214,640,114,96,912,2171,187,911,47,445,78,89,885,1646,14643,38,67,7477,153,2882,242,1262,188,74,162,115,987,74,104,36,5911,3527,89,6070,1390,2231,3360,6519,2453,2469,1672,1136,8638,4948,81,49,1664,126,2154,2885,126,0,95,120,2338,2236,1197,1895,2062
"5d08d1eb4b8a0672652dd0fc0af2dcf0",366,490,365,112,97,0,252,14,155,88,66,156,24,0,285,144,224,301,219,48,174,281,56,9,138,402,100,28,56,125,23,197,43,639,34,33,165,51,96,14,68,331,120,207,466,172,9,53,14,0,133,68,46,140,0,98,0,9,108,317,514,296,343,493,23,64,42,97,10,6,61,33,122,34,12,0,472,15,156,207,149,30,347,705,295,277,138,114,137,144,9,8,85,23,457,677,0,0,0,0,20,54,180,270,338
"77c2dc197e6b3dbebc4ee240c6a1c559",235,51,40,64,55,1073,88,168,29,247,144,40,342,198,168,60,81,93,96,30,73,61,263,0,257,79,210,25,44,0,38,178,73,134,221,202,397,83,0,17,0,0,46,19,57,79,273,55,118,76,15,11,66,14,0,0,0,0,53,109,32,0,0,68,0,24,0,18,0,204,0,0,0,24,13,0,449,0,0,92,25,62,352,470,47,79,77,46,21,31,6,0,66,0,126,122,0,0,0,0,385,387,59,99,164
"c26af4c22f01bb994a68df0c15a529a3",86,20,24,140,110,0,60,33,15,25,197,97,0,0,30,17,26,28,29,0,19,24,118,0,84,0,60,0,0,0,0,0,0,22,0,0,18,0,0,8,0,0,36,0,0,35,39,0,0,0,32,0,0,0,0,0,0,0,0,0,0,0,0,0,11,0,0,0,0,0,0,0,0,0,0,0,62,51,0,0,0,80,8,50,0,0,11,9,0,0,0,0,47,0,0,0,0,0,44,35,180,254,20,44,51
"4bd01f90398375480101204bbcdd2ceb",439,1471,980,1334,1372,15,338,30,383,124,2810,1403,95,37,655,188,191,207,104,282,15,288,453,0,726,1524,979,1369,2193,299,605,2048,84,1564,393,503,2784,835,92,30,2215,686,48,1143,1822,1410,52,83,21,26,244,1594,97,1384,0,296,20,18,1612,2638,1870,18,13,747,34,724,56,1286,132,29,27,14,366,35,39,17,1533,413,13,483,337,1454,433,526,1286,1316,401,313,1511,2273,22,0,787,23,983,1496,40,0,30,30,382,575,221,501,432
"c97157e7c14e5c1bbe3c678b42407910",0,0,0,0,0,0,0,0,0,0,41,0,0,0,0,0,0,0,0,6,0,0,0,0,0,0,0,0,0,0,24,0,0,0,0,0,0,0,0,0,0,0,0,0,0,0,0,0,0,0,0,0,0,0,0,0,0,0,0,0,0,0,0,0,0,0,0,0,0,0,0,0,0,0,0,0,0,0,0,0,0,0,0,0,0,0,0,0,0,0,0,0,0,0,0,0,0,0,0,0,11,6,0,0,0
"df14354ec277348c54d0c9dd49eb4da0",17,0,0,35,46,0,357,15,45,23,81,81,44,0,289,277,0,11,79,0,0,7,2005,6,276,18,1155,0,342,0,0,1187,13,52,9,0,1546,341,18,0,80,0,106,0,62,133,12,10,13,10,82,218,0,16,0,13,0,0,72,112,13,0,0,11,11,15,9,1453,0,8,10,9,0,8,13,7,11,0,5,16,0,18,8,0,37,48,13,0,340,33,0,10,0,14,27,26,0,0,6,12,41,67,129,149,12
"d9eea834805833ac21a86fdabedd8556",25,1209,1166,480,602,21,2774,1056,660,26,1061,2580,34,17,199,209,388,16,615,238,548,6197,1833,35,385,1537,572,2025,938,755,698,1269,166,3622,1876,2012,3019,2415,32,137,1401,1032,75,4412,4039,3825,2732,422,32,16,301,104,2011,151,3007,65,13,19,593,1420,388,0,24,1695,126,461,282,441,46,127,195,67,2222,71,39,9,567,77,122,150,1667,81,21,29,342,501,384,235,2744,697,10,5,1376,24,3049,3260,59,0,29,26,1238,1049,224,234,25
"ce38580a4640cd2597fd77812b08c018",43,10,11,0,5,14,0,28,0,11,13,0,0,0,0,0,0,0,0,0,3,0,8,0,10,7,693,0,0,0,0,57,0,0,326,338,799,252,0,0,27,77,8,12,10,105,13,0,0,0,0,0,0,0,0,0,0,0,0,0,17,0,0,174,0,0,0,0,0,0,0,0,0,0,0,0,20,18,0,0,58,0,0,0,11,15,7,12,135,0,0,0,49,0,0,0,0,0,0,0,24,22,33,65,44
"9253986cb187c0fbf75771db44e985eb",0,6,0,0,0,0,0,0,0,0,10,0,23,11,0,0,0,0,0,0,0,0,12,0,0,0,0,0,0,0,0,0,0,0,0,0,0,0,0,0,0,0,0,0,0,0,9,0,0,0,0,0,0,0,0,0,0,0,0,0,0,0,0,0,0,0,0,0,0,0,0,0,0,0,0,0,0,0,0,0,0,0,0,0,0,0,0,0,0,0,0,0,0,0,34,74,0,0,0,0,26,0,0,0,0
"2489471b3729e885a2c1ddaa10774d8e",235,179,193,0,24,0,0,89,26,179,177,34,0,0,0,0,117,0,181,0,119,13,75,0,558,190,0,45,148,45,146,82,0,0,41,58,60,15,0,0,7,0,52,0,0,152,37,0,0,0,0,0,0,0,0,0,0,0,0,0,0,0,0,0,0,0,0,0,0,0,0,0,0,0,0,0,69,0,0,315,164,205,0,0,29,29,31,38,998,162,13,0,66,0,183,199,0,0,54,56,122,103,56,54,282
"7c3d7711fd15460714ece118b35c0576",0,0,21,0,9,103,0,15,0,0,0,5,27,15,0,0,0,0,0,0,0,0,0,0,38,10,12,0,0,0,50,0,0,8,44,43,58,88,0,0,0,0,0,0,0,0,14,0,0,9,0,0,0,0,0,0,0,0,0,0,24,0,0,0,0,0,0,0,0,0,0,0,0,0,0,0,0,85,0,66,0,31,124,125,0,11,0,0,0,0,0,0,0,0,0,0,0,0,0,16,0,0,0,0,0
"6e7dcdec78c483cd8d6666e4eedccd4f",31,20,13,21,13,0,7,28,25,38,42,27,0,0,12,0,11,0,13,11,17,0,33,0,90,16,35,0,0,7,0,37,0,33,0,9,101,52,0,22,0,7,12,71,98,19,18,7,0,0,0,0,0,0,0,0,0,0,0,0,0,0,0,0,0,0,0,17,0,0,0,0,5,0,0,0,0,34,0,0,0,4,0,0,0,0,0,0,0,0,0,0,8,0,7,0,0,0,0,0,24,0,0,0,27
"edd418053a744b62aa296a5a85039b3a",0,5,0,65,55,0,0,14,0,0,0,14,0,0,0,0,0,0,0,0,0,0,0,0,0,0,0,0,0,11,73,0,0,0,0,0,0,0,0,0,0,0,0,0,0,0,0,0,0,0,0,0,0,0,0,0,0,0,0,0,0,0,0,0,0,0,0,0,0,0,0,0,0,0,0,0,0,0,0,0,0,122,0,0,40,74,0,0,27,9,0,0,0,0,0,0,0,0,0,0,0,0,0,0,0
"b204a17b1a7f29074d81303d5ca68464",15,16,12,0,0,6,0,0,0,0,0,0,0,0,0,0,0,0,16,0,0,0,11,0,27,0,0,0,0,4,0,0,0,11,10,43,22,0,0,0,0,0,0,15,18,0,21,0,0,0,0,0,0,0,0,0,0,0,0,0,0,0,0,0,0,0,0,0,0,0,0,0,0,0,0,0,0,0,0,10,4,0,0,0,0,0,0,0,11,0,0,0,0,0,17,11,0,0,0,0,0,0,0,0,27
"70e1cbf5a781d1fd56913a209d394405",8,5,3,15,10,0,3,12,0,0,4,0,0,0,9,0,0,0,5,391,0,0,0,0,14,0,0,44,11,0,18,0,0,0,27,17,28,20,0,0,56,0,31,19,13,0,0,0,7,0,9,0,0,0,0,0,0,0,0,0,0,0,46,0,23,0,0,0,0,0,0,0,0,0,0,0,0,0,0,40,0,0,0,0,8,16,5,0,19,0,0,0,0,0,0,0,0,0,0,0,0,0,0,0,11
"8135beec331a8d558070c38b580e4b8e",2371,874,812,114,97,81,3866,129,7055,2418,6331,799,177,109,413,384,109,100,93,586,86,1375,10514,120,5581,18298,1355,4204,6626,11780,2747,3042,230,10551,1008,1458,4423,139,92,7206,57,676,1176,78,136,4080,1697,258,86,82,1380,566,72,88,961,179,75,79,699,2314,2947,75,50,264,42,330,62,516,208,2900,815,237,812,80,114,49,92,206,100,120,73,161,82,80,927,885,974,559,227,85,71,79,534,94,84,80,110,18,98,113,1631,861,1494,601,3526
"ad139328ba8ac39c2e5ccef543df2deb",270,252,188,235,214,11,322,213,93,297,311,414,128,78,116,85,58,62,102,153,50,278,278,20,316,297,234,232,2408,62,592,1263,571,206,275,324,1609,1442,13,208,179,580,16,483,636,582,602,287,359,559,62,0,0,0,0,18,0,0,11,53,15,6,0,26,0,32,0,22,0,35,0,6,73,0,0,19,65,12,11,169,56,41,29,53,56,30,65,57,90,28,16,22,38,0,30,21,11,0,38,79,44,16,31,24,269
"e367dacc4cf58de7164775e5899d4ab2",0,8,9,12,12,0,0,10,0,0,17,0,36,22,11,14,0,0,0,0,0,0,11,0,9,0,0,0,0,0,0,0,7,0,24,22,12,0,0,0,0,0,0,0,0,0,14,15,0,0,0,16,0,0,0,0,0,0,0,0,15,0,0,0,0,0,0,0,0,0,0,0,0,0,0,0,0,13,0,0,0,0,0,0,0,0,0,0,8,0,0,0,0,0,0,0,0,0,0,0,19,0,0,0,0
"41a479e6d73fddcd4fa5244ad3b6747a",169,326,275,4037,3744,0,151,169,487,121,599,431,112,46,346,213,65,19,103,497,136,460,132,0,347,755,116,152,325,161,1983,83,22,67,670,776,1841,1672,52,198,577,304,118,1014,1258,456,228,122,27,8,186,402,21,87,0,70,8,0,28,66,41,0,0,19,19,524,64,8112,0,18,18,6,39,0,0,0,106,77,12,174,112,322,894,979,388,498,43,36,784,845,26,30,98,0,114,207,0,0,59,95,119,110,82,194,181
"ff376ce6067337dd934fdebe0a3cf2eb",0,0,0,0,0,0,0,0,0,0,0,0,0,0,0,0,0,0,0,0,0,0,0,0,0,0,0,0,7,0,0,0,0,0,0,0,6,0,0,0,0,0,0,0,6,0,0,0,0,0,0,0,0,0,0,0,0,0,0,0,0,0,0,0,0,0,0,0,0,0,0,0,0,0,0,0,0,0,0,10,0,0,0,0,0,0,0,0,0,0,0,0,0,0,0,0,0,0,0,0,0,0,0,0,0
"cb908ae7d11351c78c0e4ce0d849c744",0,0,0,0,0,0,0,87,0,0,11,0,0,0,69,43,0,0,0,0,0,0,0,0,0,0,0,0,0,0,0,152,0,0,0,0,0,0,0,0,45,159,0,206,190,0,0,115,0,0,0,0,0,40,0,72,0,0,0,0,0,0,0,0,0,0,0,19,11,0,0,0,0,0,0,0,0,0,0,0,0,0,0,0,0,0,0,0,0,0,0,0,0,0,0,0,410,0,0,0,0,0,0,0,0
"9639a3291729a3758207b47715d9205f",1197,1880,1606,1502,1717,63,6549,85,2498,8785,5753,1346,117,75,880,783,2616,1377,1266,373,1223,4548,1373,79,4209,2868,1016,597,1473,1212,390,5231,95,3277,1297,1651,2350,949,56,743,768,854,1311,5349,4283,2894,1663,2189,84,69,1555,660,369,258,1710,213,58,54,1450,3349,667,824,1383,682,140,851,82,136,227,5405,1072,357,297,1534,467,305,1103,1891,729,2768,439,213,49,63,271,279,655,363,645,394,68,567,880,629,2938,1686,82,0,77,95,942,724,512,233,1492
"f5f5e0da89730462abaf6301a9557193",8279,11963,10646,5034,6813,215,17877,10292,7311,2632,8158,12523,6833,5499,4179,3423,14423,1976,13696,1117,11774,14337,17128,338,6300,7800,4223,800,7295,2008,351,21690,1835,10760,21735,27071,6500,3751,248,6515,9031,9572,2096,6988,12187,8584,16709,17134,179,185,12445,5955,6531,2915,6404,8657,168,162,4531,8910,6645,3200,4849,6875,1518,11035,2028,2415,5430,25780,7370,3985,6588,5029,4045,2770,9752,8265,8343,2314,4419,179,460,546,1398,1409,5251,2864,14722,9429,2978,20871,5379,2626,10203,10779,208,119,869,1050,31275,44423,3240,4262,10258
"f479c23321346918723839e33a3544f4",73,60,66,40,38,684,29,64,29,74,70,22,183,132,58,29,13,8,20,30,21,18,69,14,635,63,24,199,0,23,193,57,42,23,38,66,79,18,263,13,12,0,0,170,141,88,64,0,47,83,0,0,7,0,0,0,0,0,6,20,50,5,0,0,0,0,5,13,0,14,0,0,13,0,0,0,35,18,0,36,11,26,216,282,99,78,40,19,53,10,18,0,13,0,18,31,86,0,0,20,33,26,0,16,65
"ea00763b3eff28e6e109d14cb2cff8d5",0,0,0,0,0,0,0,0,0,0,0,0,20,11,0,0,0,0,0,18,0,0,0,0,0,0,0,0,0,0,8,0,0,0,0,0,0,0,0,0,0,0,0,0,0,0,0,0,0,0,0,0,0,0,0,0,0,0,0,0,0,0,0,0,0,0,0,0,0,0,0,0,0,0,0,0,0,22,0,0,0,0,0,0,0,0,0,0,0,0,0,0,0,0,0,0,0,0,0,0,0,0,0,0,12
"410e1eaa1468a3d40595898f671ba0b3",996,1888,1776,818,869,949,623,956,3928,675,1854,1546,905,555,1022,785,1514,1631,750,6470,674,1712,391,72,863,1912,2848,1372,2590,18486,2194,1460,438,1055,3085,3981,11430,6284,129,5451,1707,4661,277,2229,2155,8003,1759,1397,112,105,1021,1584,501,1012,939,748,39,40,1340,3191,1622,26,45,2133,367,1134,787,8228,579,293,271,158,1579,1174,602,23,5718,293,484,19643,1198,276,214,353,1746,1954,888,570,5446,2005,2590,67,1147,114,2247,2689,93,11,68,66,1872,1340,2906,3758,1263
"7231b9cf66d090ebe2628bec58bc7b58",0,0,0,8,14,0,0,0,11,0,65,0,0,0,0,0,0,0,0,0,0,12,0,0,0,0,0,0,34,0,20,0,0,29,87,87,0,0,0,0,29,0,0,20,0,0,0,0,0,0,0,0,0,0,0,0,0,0,0,0,0,0,0,0,0,0,0,0,0,0,0,0,0,0,0,0,0,0,0,0,0,25,15,11,12,29,0,0,5,0,0,0,0,0,0,0,0,0,0,0,0,0,0,0,0
"a45525385d9df2e95eb08d2f7acec93c",0,154,145,1294,1537,0,0,27,386,6,252,169,0,0,116,71,95,85,27,1316,0,314,35,7,4,150,80,655,483,37,353,136,18,33,35,33,1047,654,0,52,707,96,15,1332,1350,672,62,49,4,0,37,368,4,136,0,46,8,0,69,73,0,0,0,586,11,276,0,1830,20,0,0,4,8,4,0,0,488,68,3,66,63,57,14,42,2194,2456,39,21,605,162,0,0,105,0,0,0,0,0,0,14,19,47,16,49,0
"b0e56c25ca193e27096e8fb4eb560eee",0,0,0,0,0,143,0,140,0,8,0,0,47,25,0,0,0,0,0,0,0,0,18,0,34,0,109,0,43,0,243,40,0,46,52,58,50,41,3216,0,0,0,0,60,50,0,0,0,79,42,0,0,0,0,0,0,0,0,0,0,38,0,0,4,0,0,0,0,0,0,0,0,0,0,0,0,0,0,0,21,0,39,29,24,0,0,0,0,0,0,0,0,0,0,0,0,0,0,0,0,24,11,0,0,16
"2e4f2b53b856c4def6d021d01f5abb70",1049,1434,956,594,555,60,1342,1123,644,481,3035,640,1821,1331,1121,377,1501,1070,691,0,638,581,1155,870,2768,979,690,886,776,624,544,1521,1056,937,267,344,1674,666,19,206,371,967,935,1184,728,1479,578,496,1420,1248,89,446,463,168,316,461,11,23,178,672,455,289,1116,522,273,503,530,1229,83,329,767,204,483,1975,1362,515,1061,253,1118,843,685,10,55,59,439,411,984,341,1079,468,74,516,543,983,994,716,21,0,1647,2619,494,244,1192,523,1744
"c24e0e391aa836b5eae25567c7eb89ee",12,18,20,0,11,638,0,62,0,76,0,0,635,385,16,16,0,8,107,0,133,19,0,4060,56,0,42,0,35,0,170,49,0,13,68,62,0,0,0,0,0,18,160,0,0,81,0,7,14477,10309,10,0,0,7,293,0,365,484,0,0,20,0,0,0,0,0,0,33,0,274,17,0,12,30,32,85,0,17,18,0,14,54,16,16,0,18,16,0,88,0,1181,1052,40,189,14,11,9407,13,859,838,88,51,29,0,24
"87e734cd8f9a39413537d8389dfd6f0e",0,0,0,0,0,0,0,0,0,0,0,0,0,0,0,0,0,0,0,0,0,0,0,0,0,0,0,0,0,0,0,0,0,0,0,0,0,0,0,0,0,0,0,0,0,0,0,0,0,0,0,0,0,0,0,0,0,19,0,0,0,0,0,0,0,0,0,0,0,0,0,0,0,0,0,0,0,0,0,0,0,0,0,0,0,0,0,0,0,0,0,0,0,9,0,0,0,0,0,0,0,0,0,0,0
"2c9c1bda7f0dba2e630f91e4cfe5f6ef",0,0,0,0,0,0,0,0,0,0,0,0,0,0,0,0,0,0,0,0,0,0,0,0,0,0,0,0,0,0,0,0,0,0,0,0,0,0,0,0,0,0,0,0,0,0,0,0,0,0,0,0,0,0,0,0,0,0,0,0,0,0,0,0,0,0,0,0,0,0,0,0,0,0,0,0,55,0,0,0,0,0,0,0,0,0,0,0,0,0,0,0,0,0,0,0,0,0,0,0,0,0,0,0,0
"9feb85ed58ccb8c04d6cde111625e5a2",0,0,0,125,109,0,0,0,0,0,0,0,0,0,0,0,0,0,0,0,0,0,0,0,0,0,0,0,0,0,0,0,0,0,0,0,0,0,0,0,0,0,0,0,0,0,0,0,0,0,0,0,0,0,0,16,0,0,0,0,0,0,0,0,0,0,0,0,0,0,0,0,0,0,0,0,0,0,0,9,0,0,0,0,0,0,0,0,0,0,0,0,0,0,0,0,0,0,0,0,0,0,0,0,0
"b044a86e33a67caceb0a9f59149747ac",0,44,33,95,116,0,0,0,91,0,56,21,0,0,13,14,24,24,0,0,0,0,0,0,87,0,47,61,41,119,21,0,0,0,0,0,0,0,132,0,0,140,0,0,0,0,0,0,0,0,0,24,0,0,0,0,0,0,0,0,0,13,39,10,0,0,29,0,67,0,0,0,0,104,32,0,0,0,24,0,0,6,9,6,53,33,9,0,24,9,0,0,17,0,10,21,0,0,0,0,20,19,9,9,0
"8fea5f6915d06cb8c1a199c8895b1750",0,0,0,0,0,0,0,0,0,0,0,0,0,0,0,0,0,0,0,0,0,0,0,0,0,0,0,0,1409,0,0,0,0,0,0,0,0,0,0,0,0,0,0,0,0,0,0,0,0,0,33,0,0,0,0,0,0,0,0,0,0,0,0,0,0,0,0,0,0,0,0,0,0,0,0,0,0,0,0,0,0,0,0,0,0,0,0,0,0,0,0,0,0,0,0,0,0,0,0,0,0,0,0,0,0
"41763795f87aaa0989e0f7327024a298",0,0,0,0,0,0,0,0,0,0,0,40,0,0,0,0,19,11,0,0,0,0,0,0,0,0,0,0,0,0,0,0,0,0,0,0,0,0,0,0,28,0,0,0,0,0,0,0,0,0,0,0,0,0,0,0,0,0,0,0,0,0,0,0,0,0,0,0,0,0,0,0,0,0,0,0,0,0,0,0,0,0,0,0,0,0,0,0,0,0,0,0,0,0,0,0,0,0,0,0,0,0,0,0,0
"396ffa76286336a3eeb1ea420e60f86b",0,840,746,21,14,0,237,0,56,0,0,111,0,0,0,0,742,724,79,0,137,19,87,0,38,30,446,253,494,21,0,45,70,619,0,0,0,0,0,149,59,65,131,79,113,18,492,94,0,0,650,0,65,0,19,183,0,0,43,91,0,0,0,97,28,26,406,0,0,162,0,0,252,0,0,0,121,0,0,0,91,0,0,0,0,0,0,0,18,73,0,1845,78,0,1600,1502,0,0,0,0,0,0,289,227,0
"769723e5a9c6312f2ee3ab2781ac8ad6",0,0,0,26,29,0,0,18,13,0,67,81,0,0,11,0,0,0,0,0,0,0,0,0,0,0,0,0,0,0,0,0,0,0,0,0,0,0,0,0,0,0,0,0,0,7,0,25,0,0,0,0,0,0,0,0,0,0,0,0,0,0,0,0,0,0,0,0,0,0,0,0,0,0,0,0,0,0,0,0,0,0,0,0,0,0,0,0,0,0,0,0,0,0,0,0,0,0,0,0,0,0,0,0,0
"0e2573348777e55615736ca01785b7b4",0,32,19,0,0,0,0,0,0,0,0,0,0,0,0,0,0,0,0,0,0,0,0,0,0,0,0,0,0,0,0,0,0,0,0,0,0,0,0,0,0,0,0,0,0,0,0,0,0,0,0,0,0,0,0,0,0,0,0,0,22,0,0,0,0,0,0,0,0,0,0,0,0,0,0,0,0,0,0,0,0,0,0,0,0,0,0,0,0,0,0,0,0,0,0,0,0,0,0,0,0,0,0,0,0
"263e41ea2c25dc87bd2ff5910cf30d40",5980,1611,1476,650,780,424,1768,6307,975,713,8434,5827,7537,8514,680,695,11558,9339,2001,27,4225,3887,6899,169,7061,2102,1797,5357,442,1391,130,7921,1690,11337,20110,29135,1046,354,106,5126,2257,2120,1840,2542,2430,3523,5662,3191,1132,771,4667,3064,5902,1310,5476,5254,87,80,1653,3620,30917,2234,3667,2563,392,6609,6795,589,465,9020,1781,774,2276,1147,864,963,3374,140,4346,422,3662,101,73,102,261,315,4146,1928,1287,764,377,390,8863,14220,4538,4269,129,233,3371,3820,1006,1037,3520,2421,8355
"ec6732c2e0d4cf64b3d0350e7fe3defb",4960,845,897,153,119,503,1382,7794,87,9766,1021,283,125,42,497,422,2794,2100,8122,0,4332,1431,4684,15,336,965,2295,235,406,131,182,1158,1387,900,1340,1402,1644,446,137,1025,637,2304,3441,3859,3887,1142,2593,784,431,756,1118,247,0,1981,237,1767,16,13,166,589,266,69,105,866,512,664,2729,178,22,156,256,185,1669,799,540,336,1433,246,748,219,1852,1434,181,644,156,80,2699,1835,716,279,23,5869,3130,3639,1762,2201,10656,208,4020,4216,170,308,1801,2870,7117
"7ad394d61d61a814631950655009d828",0,0,0,0,0,0,0,0,0,84,9,0,62,68,0,0,0,0,0,0,0,7,0,0,0,0,0,0,0,0,0,0,0,12,0,0,208,83,0,0,0,0,0,0,0,8,0,0,0,0,0,0,0,0,0,0,0,0,0,0,0,0,0,0,0,0,0,0,0,0,0,0,0,0,0,0,0,0,0,0,0,22,0,0,0,0,0,0,0,0,0,0,0,0,0,0,0,0,0,0,45,15,0,0,0
"c59e293cf3c7278f4521bedf9a2405ef",0,0,0,0,0,213,0,0,0,152,0,0,0,0,0,0,0,0,0,0,0,0,0,0,0,0,0,0,97,0,212,173,48,0,0,0,0,0,11,0,0,0,71,0,0,0,0,0,0,0,0,0,0,0,0,0,0,0,0,0,0,0,0,0,0,0,0,0,0,0,0,0,0,0,0,0,0,0,0,0,0,19,0,0,0,0,0,0,0,0,0,0,0,0,0,0,0,0,0,0,0,0,0,0,0
"923fed1e3a5c67f886eb287b585a924a",62,37,35,20,13,0,382,43,33,57,40,29,35,31,16,7,69,13,44,0,69,293,84,0,49,39,106,23,45,0,20,201,9,80,49,25,0,7,0,61,26,37,0,133,103,69,45,15,0,0,17,59,0,17,28,18,0,0,21,41,0,0,0,53,0,31,0,15,0,34,0,0,97,30,16,0,59,20,31,0,12,15,0,0,12,27,0,19,35,15,0,0,0,10,45,52,0,0,8,0,60,88,28,37,88
"9f1c7313b24bc98241173ae7db699bd0",82,0,0,208,246,0,45,0,16,0,31,0,0,0,76,32,71,0,0,0,0,39,0,0,146,34,0,15,18,14,17,74,0,38,32,51,41,0,22,0,12,43,102,29,44,30,58,21,0,0,57,0,0,0,0,0,0,0,0,0,80,0,7,39,0,30,0,11,0,0,0,0,0,0,0,0,46,0,0,0,0,0,0,20,19,0,0,0,41,15,0,0,0,0,0,0,0,0,0,0,0,0,0,0,82
"33518e48b174ac428cb7be1a216c6c6e",430,376,203,450,498,288,1447,253,445,821,1704,192,2283,2090,1839,1362,310,290,570,0,160,2381,1715,1252,1624,318,229,831,1511,86,389,3084,200,683,79,116,683,455,27,216,263,985,4625,1428,996,500,326,195,2172,2105,691,100,21,96,80,180,27,27,35,76,42,173,357,221,764,16,80,601,40,964,155,46,692,38,35,451,101,137,4868,230,136,0,29,41,261,304,63,22,118,22,38,2290,89,121,108,81,77,5,109,100,138,101,143,75,570
"f50508546ae13143015f8c4cb976d0e4",0,3239,1875,1258,1803,0,8,0,183,0,580,0,0,0,0,0,377,359,204,0,152,5,0,8,0,1710,4057,0,0,209,0,0,88,11,6,10,17,0,0,0,0,87,0,0,0,0,4629,0,0,0,466,0,0,0,0,44,0,3,0,0,4,0,0,0,0,38,0,61,50,0,0,0,0,10,0,0,1513,0,0,0,38,55,0,0,22,0,34,19,2056,245,0,0,15,12,75,80,11,0,0,0,565,585,1624,2101,10
"6851a4ee264b56be2fff4686ce269907",1018,416,172,539,435,13,916,466,385,500,1982,724,842,808,525,410,475,445,226,0,336,580,946,290,878,788,595,1040,483,569,146,732,404,988,39,67,403,0,12,209,189,290,580,477,267,379,706,351,617,274,158,160,93,72,48,72,0,9,61,262,460,0,0,176,207,49,56,92,43,205,150,32,194,473,251,330,733,99,278,442,288,92,12,0,386,393,270,134,1226,87,76,282,210,132,728,552,0,0,123,159,664,635,263,195,1219
"973ca62579b1246f54829278d51475ea",0,376,247,110,138,0,0,115,11,0,116,2051,0,0,337,700,13,0,202,0,188,122,203,6,224,0,176,116,187,0,88,136,62,690,108,186,0,0,0,134,68,76,67,159,239,120,392,8,0,8,118,0,0,0,0,60,10,0,188,536,0,0,0,47,45,11,0,50,0,0,14,0,0,0,0,0,0,0,0,7,0,0,0,0,0,9,0,0,18,17,0,0,0,0,0,0,24,0,0,0,12,0,152,120,0
"208c0c43c7c5d4a6bb549e0c8365cd21",0,1473,1599,1914,2213,0,1481,365,206,440,343,1677,27,17,953,592,53,73,310,0,206,1218,304,12,378,1640,2108,0,499,37,15,934,0,1669,195,402,831,0,23,592,149,47,475,3297,3497,1555,0,0,18,0,311,58,683,13,117,768,0,0,210,896,21,0,0,557,674,177,257,0,65,16,0,0,61,36,33,0,0,449,348,0,510,14,0,0,608,758,276,290,1104,866,548,5642,146,6127,1611,1704,20,0,15,0,2600,1914,1693,678,19
"36d9ad396b85196c9b4cf68b81789585",459,412,223,1923,1941,632,792,527,61,228,255,878,29,0,244,79,1899,2248,168,0,471,2330,315,804,274,125,2828,2771,5281,1320,0,932,44,700,218,457,903,17,0,750,2263,1324,1133,1423,2142,0,1048,89,13,22,1756,116,0,11,1905,518,18,8,565,1372,292,0,0,1236,628,114,1397,48,878,772,1019,582,304,198,345,882,489,0,713,81,662,0,10,0,85,74,139,89,635,737,5,2642,593,1347,1949,2534,18252,0,560,327,406,946,1195,851,707
"0243b68c76049aa1b8c51a20333da950",300,1344,925,432,316,13,1234,737,183,1171,440,381,357,304,80,71,546,109,215,10,455,408,439,12,751,215,297,392,402,223,57,594,51,17,1131,1078,381,359,14,478,313,162,587,717,582,226,550,96,10,0,342,165,201,100,43,82,14,0,165,358,18,0,11,54,117,91,17,98,126,309,66,28,155,79,65,22,172,20,609,24,310,0,8,11,56,43,74,23,243,123,11,953,132,16,652,820,16,0,74,91,262,350,342,368,330
"3d9d7871378525ed69ebc822aabadc19",0,0,0,0,0,0,0,0,0,0,0,0,0,0,0,0,0,0,0,0,0,0,0,0,0,0,0,0,0,0,0,0,0,0,0,0,0,0,0,0,0,0,0,0,0,0,0,0,0,0,0,0,0,0,0,0,0,0,0,0,0,0,0,0,0,0,0,0,0,0,0,0,0,0,0,0,0,0,0,0,0,0,0,0,0,0,0,0,0,0,0,0,0,0,0,0,30,0,0,0,0,0,0,0,0
"421cbd1d71d34704c6d53377261e213c",245,0,0,226,312,0,139,377,127,195,0,330,139,125,30,19,206,0,210,0,172,42,244,0,221,428,933,16,117,155,0,214,16,188,54,99,1523,1047,0,30,0,0,617,639,491,37,247,0,0,0,98,24,0,0,15,21,0,0,21,68,0,0,0,17,0,47,22,0,11,28,35,11,19,528,1050,0,0,882,0,9,57,0,0,0,14,32,45,16,118,82,0,198,18,0,114,107,0,10,87,104,0,0,1415,1233,365
"7d2402f1612fe6c2f5c20bfda4a90aa0",76,130,110,0,0,0,123,105,51,51,135,50,0,0,126,66,217,91,22,0,62,140,144,0,144,59,147,0,75,29,33,188,0,22,66,47,6,0,0,96,29,84,367,35,88,60,89,16,0,0,24,17,0,0,0,51,0,0,0,28,0,0,0,27,0,55,37,17,0,0,24,0,59,0,0,32,79,0,27,0,48,0,0,0,0,17,54,24,22,17,0,0,67,39,172,196,0,0,0,0,60,88,79,86,86
"cf2291d2cc448ad6d8085c9496d3fad1",0,0,0,98,97,0,0,0,0,0,0,103,0,0,389,119,0,0,0,0,0,0,0,0,0,0,1828,0,142,0,0,0,0,0,0,0,0,0,0,0,0,0,0,0,0,0,0,0,0,0,0,0,0,0,0,0,0,0,0,0,0,0,0,0,0,0,0,0,0,0,0,0,0,0,0,0,0,0,0,0,0,0,0,0,227,229,0,0,0,0,0,0,0,0,0,0,0,0,0,0,0,0,0,0,0
"b4d07c2a22af0c99c73cf9722200d878",1046,2455,1845,707,990,85,3451,2080,935,6276,754,1299,66,26,872,426,1391,377,2178,124,926,6910,2611,38,1136,2107,2900,321,294,93,69,4843,525,1354,184,246,2377,1003,77,436,2325,571,1330,1115,1860,1143,1958,293,0,29,1078,338,66,1821,41,557,15,21,3366,5489,1731,0,25,452,277,496,423,2101,223,0,105,47,735,32,32,0,382,52,460,176,483,19,686,3221,463,399,1788,809,232,810,42,37,606,124,1370,1894,2262,0,45,63,1127,3001,668,1019,1226
"8b53c1e7c9d8c5c7f2478c690c456448",0,0,0,0,0,0,0,0,4,0,0,13,0,0,0,0,0,0,0,0,0,0,0,0,0,0,49,0,121,0,0,0,0,0,7,0,0,0,0,0,0,0,0,0,0,0,0,0,15,0,0,14,0,73,0,0,29,56,0,0,0,0,0,0,0,0,0,0,56,0,0,0,0,0,0,0,0,0,0,12,0,0,0,0,0,0,0,0,5,0,0,0,0,0,0,0,0,0,0,0,0,0,0,0,16
"e341d76ffa2250ed506c5fb284abdca6",0,0,0,12,0,0,0,0,0,0,0,0,0,0,0,0,0,0,0,0,0,0,0,0,0,0,0,0,18,0,0,0,0,0,0,0,0,0,0,0,0,0,0,0,0,0,0,0,0,0,0,0,0,0,0,10,14,0,0,0,0,0,0,0,0,0,0,0,0,0,0,0,0,0,0,0,0,0,0,0,0,0,0,0,0,0,0,0,9,0,0,0,0,0,0,0,0,0,0,0,0,0,0,0,0
"1eafd1521ed34517ba04ee3e47fdf7b4",0,0,0,0,0,0,0,0,0,0,0,0,0,0,0,0,0,0,0,0,0,0,0,0,0,0,0,0,0,0,15,0,0,0,0,0,0,0,0,0,0,0,0,0,0,0,0,0,0,0,0,0,0,0,0,0,0,0,0,0,0,0,0,0,0,0,0,0,0,0,0,0,0,0,0,0,0,0,0,0,0,0,0,0,0,0,0,0,0,0,0,0,0,0,0,0,0,0,0,0,0,0,0,0,0
"fbb584c0e26a937725fe5264705736ca",0,0,0,0,0,0,0,0,21,0,0,0,0,0,0,0,0,0,0,0,0,0,0,0,0,0,0,0,0,0,59,0,0,0,0,0,0,0,199,0,0,0,0,0,0,0,0,0,0,0,0,0,0,0,0,0,0,0,0,0,0,0,0,0,0,0,0,0,0,0,14,0,0,0,0,0,0,0,0,0,0,0,0,0,0,0,0,0,0,0,0,0,0,0,0,0,0,0,0,0,0,0,0,0,0
"243f5d013f67c144b215b5449c3f4dbc",0,0,0,0,0,0,0,0,0,0,0,0,0,0,0,0,0,0,0,0,0,0,0,0,0,0,0,0,0,0,0,0,0,0,0,0,0,0,0,0,0,0,0,0,0,0,0,0,0,6,0,0,0,0,0,0,0,0,0,0,0,0,0,0,0,0,0,0,0,0,0,0,0,0,0,0,0,0,0,0,0,0,0,0,0,0,0,0,0,0,0,0,0,0,0,0,0,0,0,0,0,0,0,0,0
"19715b1593c19aa6d35a4d1e3cd09374",261,684,462,13,0,0,1109,173,63,40,286,86,0,0,48,55,557,440,119,0,181,450,212,530,325,126,467,69,30,87,12,287,105,77,203,257,131,30,31,230,66,78,147,112,205,0,152,22,0,0,165,112,93,53,455,125,0,0,101,266,546,198,530,405,60,263,79,46,47,326,248,76,207,537,1265,256,142,614,328,248,60,297,0,0,31,44,233,114,292,197,56,596,56,52,453,357,0,0,37,29,512,740,146,249,380
"69b90707f6f3da7941026fbe6a1597ce",38,141,115,26,16,0,316,41,60,0,191,87,0,0,41,27,89,39,74,0,0,160,45,0,91,32,16,74,0,35,13,161,42,139,36,31,82,33,0,39,39,73,21,70,39,71,0,67,0,0,68,14,27,0,0,26,0,0,32,100,0,0,0,58,18,51,0,61,13,41,0,0,43,137,60,12,66,0,23,38,56,0,0,0,75,115,24,0,40,25,0,0,15,30,126,107,0,0,0,0,45,30,42,33,50
"f55d22a8e61d493b7f4c5e3f09326add",0,0,0,1296,1607,0,0,0,0,0,0,1057,0,0,0,0,0,0,0,69,0,68,0,0,0,0,4066,0,0,0,0,0,6,0,0,0,621,301,0,0,982,0,4381,5894,11261,0,0,0,0,0,1796,0,0,0,0,315,0,0,0,0,0,0,0,0,0,0,0,0,0,0,0,0,0,0,0,0,0,0,0,0,0,0,0,0,502,846,0,0,902,0,0,0,0,0,0,0,0,0,0,0,0,0,0,0,0
"119eea33cb9f505d6a20297d132e792a",676,515,360,86,122,611,799,261,136,523,278,157,262,152,177,105,866,174,465,0,437,374,172,0,633,150,551,492,73,207,161,564,369,531,0,0,580,150,263,190,172,149,638,79,123,62,686,70,1108,1261,230,129,102,18,98,91,0,0,185,347,307,505,826,234,22,114,178,72,36,130,100,53,122,100,111,508,751,158,1104,161,365,343,778,700,318,328,130,38,774,287,366,451,235,148,821,540,462,12,1586,2343,271,358,508,492,984
"a248d70e41d75f4773ef7c94e831a21a",42,79,52,58,46,0,72,28,10,58,43,27,116,55,47,20,49,17,36,0,0,29,74,767,0,33,41,60,14,42,88,68,53,35,0,0,131,55,0,0,32,0,145,202,141,27,57,0,3005,2040,0,0,52,0,0,12,0,0,0,32,89,0,0,0,0,0,0,0,0,36,23,0,0,50,0,0,0,0,33,345,0,0,0,0,121,79,48,22,42,16,13,0,0,0,72,70,1082,0,464,476,0,0,83,44,70
"2c0c62ea09b2efe01bacdcbcf558d2b8",695,611,289,156,239,3798,579,435,24,731,116,29,1918,1028,106,32,294,353,168,0,214,100,242,220,465,59,265,429,155,108,51,432,512,346,132,184,1273,359,787,105,47,97,852,111,190,75,744,33,139,139,137,43,598,0,253,0,405,581,61,124,827,178,786,65,58,44,52,107,0,79,201,82,113,1163,1126,1302,264,59,353,1010,62,265,243,292,102,156,66,0,77,31,52,206,38,87,106,40,203,0,47,78,111,99,244,198,1373
"da8644094f1d480f3b3a6a03a7027ab4",27,33,24,26,48,1527,0,41,0,0,0,0,0,0,0,0,0,0,0,0,0,0,0,16,306,23,0,0,325,0,207,0,15,0,13,32,53,19,814,0,0,0,59,23,33,0,0,0,0,0,0,0,0,0,34,0,0,0,0,0,75,18,24,0,0,0,0,0,0,0,0,0,0,0,0,0,0,74,0,36,0,398,340,401,49,50,0,0,44,10,0,0,0,0,11,0,75,0,10,14,25,18,0,0,20
"708b000c48dbefb1454b79108d2a1f70",1104,1417,944,276,274,1913,1030,878,174,1971,629,648,1580,928,330,142,352,171,244,0,444,422,574,1219,1200,575,807,260,229,90,286,1470,410,760,138,169,2143,618,0,170,613,340,752,235,290,140,560,92,10236,9184,216,397,148,166,57,16,0,8,127,364,631,17,9,165,44,100,128,189,0,379,170,28,127,229,110,252,341,97,413,176,344,553,66,33,428,414,246,72,927,354,460,274,226,211,1410,1579,1197,16,2243,2167,874,1053,933,818,1586
"58bd181f757283f5a4ceebdf90ff6243",0,63,68,0,0,192,0,0,0,50,0,0,113,77,0,0,0,0,0,0,0,0,41,0,0,0,0,0,0,0,0,0,11,0,0,0,16,0,0,0,0,0,83,0,0,0,0,0,0,0,0,0,0,0,0,0,0,0,0,0,18,0,0,0,0,0,0,0,0,0,0,0,0,0,0,0,0,0,0,0,24,0,0,0,0,0,0,0,0,0,0,47,64,0,0,0,314,0,0,0,0,0,0,0,0
"24646f903382ae52da1b45805982e09f",95,312,172,0,0,0,0,72,0,117,0,79,46,43,39,29,0,0,0,0,0,0,0,0,155,0,0,22,15,0,160,0,0,0,0,0,432,152,0,0,0,0,427,0,0,9,0,0,65,66,0,0,0,0,0,0,0,0,0,44,304,0,0,0,0,0,0,0,0,0,0,0,0,0,0,0,0,0,0,0,0,1088,24,42,0,0,0,0,0,0,0,0,16,0,26,21,0,0,406,472,0,0,0,0,122
"61535a40adb8221483821e3984d0b1ac",507,809,638,47,60,0,0,0,125,15,184,93,0,0,629,310,230,27,404,0,374,719,0,0,686,160,379,40,155,184,0,345,94,0,118,139,181,79,0,167,234,333,1386,415,400,33,0,118,1237,872,56,45,73,43,0,53,0,0,23,39,329,0,0,56,75,35,37,81,0,155,123,27,224,444,261,135,76,0,1097,40,0,0,0,0,241,215,143,59,19,93,642,0,143,152,565,424,0,0,112,159,320,195,275,151,729
"019e4cd4c464f2bc395e5c7830925669",0,0,0,0,0,0,0,0,0,0,0,14,0,0,0,0,0,0,0,0,0,0,0,0,0,0,0,0,0,0,0,0,0,0,0,0,0,0,0,0,0,0,0,0,0,0,0,0,0,0,0,0,0,0,0,0,0,0,0,0,0,0,0,0,0,0,0,0,0,0,0,0,0,0,0,0,0,0,0,0,0,25,0,0,0,0,0,0,0,0,0,0,0,0,0,0,0,0,0,0,0,0,0,0,0
"c6c3ab4e828fb40d6e05967b7aac9338",7307,6719,5225,2152,2243,6278,8246,7082,3178,7271,8787,4037,12595,11301,5167,2603,4667,739,6432,38,5452,6703,7338,7792,6987,5596,3095,2498,2421,1336,717,8986,2162,9286,3109,3431,6283,2085,164,1315,1513,1766,8398,3829,2745,4236,5339,1974,16085,9519,1066,1321,2577,798,1789,527,102,109,813,2207,1053,1881,3860,1044,570,1069,936,965,430,1821,1647,411,1562,3128,2063,863,2244,2065,3798,1641,2723,301,121,182,1554,1747,3044,1241,4475,1203,1331,1782,2148,1817,4995,3367,3522,141,9897,10415,3694,2106,3162,1328,9789
"4e2e6735331ad01a30c94d2f4c285dc2",654,0,0,95,89,0,618,0,25,0,518,112,502,414,23,16,0,0,252,0,403,546,0,0,378,316,70,0,0,0,0,1020,243,506,0,0,45,0,0,75,12,50,0,148,154,100,139,206,0,0,29,0,0,0,0,19,0,0,27,92,0,0,0,0,68,18,0,14,0,217,45,21,42,43,19,0,28,0,147,12,383,0,0,0,0,0,28,11,16,52,0,0,395,0,34,28,0,0,119,81,0,0,0,0,1095
"d76d59ec71de0e3b22da0c9cd564d41a",1311,2440,1379,461,389,36,1922,278,906,534,559,292,1272,1036,3034,1441,463,353,540,0,1597,947,1534,35,1731,98,307,1259,1463,403,30,3747,716,555,74,93,653,213,42,293,714,788,1471,4350,2884,630,482,738,1967,2488,337,70,90,100,25,43,18,26,59,166,205,60,187,122,51,99,77,39,44,1125,168,57,85,1124,890,77,242,31,385,45,228,33,22,28,83,73,121,31,295,64,55,2035,140,53,465,419,3220,0,891,876,200,193,88,62,1708
"bd5ef8f372e09bcf6ec35825be4f053c",950,1295,907,1164,1297,24,1260,977,837,414,1264,1505,2329,1554,1375,798,1426,951,1616,0,1048,1129,282,12,1430,808,725,1303,3149,391,254,2791,700,572,724,1141,2209,981,17,1466,1140,1898,2277,3543,3105,2290,611,934,578,615,1675,143,183,117,0,470,17,6,944,2895,123,0,0,666,585,239,708,557,102,22,653,286,363,50,69,109,1417,197,464,1953,1780,311,26,28,734,968,1136,738,3112,820,26,429,1081,549,2539,2598,40,0,10,24,590,522,2029,1927,1701
"7af6fc12809fdafab918881f836460f8",40,113,78,0,7,235,1062,538,0,339,0,0,334,228,0,0,0,0,0,0,568,784,146,1102,0,0,0,66,148,23,331,20,28,14,0,0,0,0,82,0,0,0,230,1173,624,0,156,0,1201,757,120,0,0,0,96,0,4,0,0,0,7,0,0,0,0,0,0,0,0,139,5,0,78,26,16,0,5,41,0,41,20,1035,7906,8769,72,60,3,0,0,22,71,874,0,0,24,36,2841,16,333,352,207,141,0,0,39
"4912cd4c1f9a773f88a73c258c25c825",0,0,0,14,22,23,0,27,0,0,0,49,0,0,0,0,0,0,0,0,0,0,0,0,168,0,21,0,0,0,19,0,0,16,0,0,36,0,35,0,0,0,0,40,0,0,0,0,0,0,0,0,0,0,0,0,0,0,0,0,0,0,0,15,0,0,0,0,0,0,0,0,0,0,0,0,0,0,0,0,0,0,41,48,0,0,0,0,0,0,0,0,0,0,0,0,0,0,0,0,0,0,0,0,0
"9e3226efaf559eb14a478f880462cb8a",1233,1651,1516,936,824,2277,1364,1248,460,605,1378,806,3074,2260,319,221,1205,119,501,0,1476,1228,940,44,3556,892,1008,1087,764,868,71,1929,1290,280,233,387,3351,1167,31,1029,1620,1037,2382,2427,2048,198,587,821,5905,4155,278,127,166,11,909,138,13,29,97,281,209,0,36,154,116,34,148,62,38,218,72,0,313,315,137,435,407,439,714,4337,509,653,1865,2510,1092,904,254,91,681,907,161,12,528,58,293,235,1161,15,1837,2061,519,437,217,172,2063
